<?xml version="1.0" encoding="UTF-8"?>
<pc:PcGts xmlns:pc="http://schema.primaresearch.org/PAGE/gts/pagecontent/2019-07-15" xmlns:xsi="http://www.w3.org/2001/XMLSchema-instance" xsi:schemaLocation="http://schema.primaresearch.org/PAGE/gts/pagecontent/2019-07-15 http://schema.primaresearch.org/PAGE/gts/pagecontent/2019-07-15/pagecontent.xsd" pcGtsId="OCR-D-OCR_0007">
    <pc:Metadata>
        <pc:Creator>OCR-D/core 2.30.0</pc:Creator>
        <pc:Created>2022-11-17T11:47:09.054680</pc:Created>
        <pc:LastChange>2022-11-17T11:47:09.054680</pc:LastChange>
        <pc:MetadataItem type="processingStep" name="layout/segmentation/region" value="ocrd-tesserocr-recognize">
            <pc:Labels externalModel="ocrd-tool" externalId="parameters">
                <pc:Label value="region" type="segmentation_level"/>
                <pc:Label value="word" type="textequiv_level"/>
                <pc:Label value="True" type="find_tables"/>
                <pc:Label value="Fraktur_GT4HistOCR" type="model"/>
                <pc:Label value="0" type="dpi"/>
                <pc:Label value="0" type="padding"/>
                <pc:Label value="False" type="overwrite_segments"/>
                <pc:Label value="True" type="overwrite_text"/>
                <pc:Label value="False" type="shrink_polygons"/>
                <pc:Label value="False" type="block_polygons"/>
                <pc:Label value="False" type="find_staves"/>
                <pc:Label value="False" type="sparse_text"/>
                <pc:Label value="False" type="raw_lines"/>
                <pc:Label value="" type="char_whitelist"/>
                <pc:Label value="" type="char_blacklist"/>
                <pc:Label value="" type="char_unblacklist"/>
                <pc:Label value="{}" type="tesseract_parameters"/>
                <pc:Label value="{}" type="xpath_parameters"/>
                <pc:Label value="{}" type="xpath_model"/>
                <pc:Label value="False" type="auto_model"/>
                <pc:Label value="DEFAULT" type="oem"/>
            </pc:Labels>
            <pc:Labels externalModel="ocrd-tool" externalId="version">
                <pc:Label value="0.13.6 (tesseract 5.0.1)" type="ocrd-tesserocr-recognize"/>
                <pc:Label value="2.30.0" type="ocrd/core"/>
            </pc:Labels>
        </pc:MetadataItem>
    </pc:Metadata>
    <pc:Page imageFilename="OCR-D-IMG/OCR-D-IMG_0007.tif" imageWidth="1116" imageHeight="1835">
        <pc:AlternativeImage filename="OCR-D-OCR/OCR-D-OCR_0007.IMG-BIN.png" comments=",binarized,clipped"/>
        <pc:ReadingOrder>
            <pc:OrderedGroup id="reading-order">
                <pc:RegionRefIndexed index="0" regionRef="region0000"/>
                <pc:RegionRefIndexed index="1" regionRef="region0001"/>
                <pc:RegionRefIndexed index="2" regionRef="region0002"/>
                <pc:RegionRefIndexed index="3" regionRef="region0003"/>
                <pc:RegionRefIndexed index="4" regionRef="region0004"/>
                <pc:RegionRefIndexed index="5" regionRef="region0005"/>
                <pc:RegionRefIndexed index="8" regionRef="region0008"/>
                <pc:RegionRefIndexed index="9" regionRef="region0009"/>
                <pc:RegionRefIndexed index="10" regionRef="region0010"/>
            </pc:OrderedGroup>
        </pc:ReadingOrder>
        <pc:TextRegion id="region0001" orientation="-0.293863206108966" readingDirection="left-to-right" textLineOrder="top-to-bottom">
            <pc:Coords points="102,177 875,177 875,413 102,413"/>
            <pc:TextLine id="region0001_line0000">
                <pc:Coords points="254,177 874,177 874,204 254,204"/>
                <pc:Word id="region0001_line0000_word0000">
                    <pc:Coords points="254,180 311,180 311,190 254,190"/>
                    <pc:TextEquiv conf="0.223313293457031">
                        <pc:Unicode>——</pc:Unicode>
                    </pc:TextEquiv>
                </pc:Word>
                <pc:Word id="region0001_line0000_word0001">
                    <pc:Coords points="686,192 701,192 701,195 686,195"/>
                    <pc:TextEquiv conf="0.075316162109375">
                        <pc:Unicode>—</pc:Unicode>
                    </pc:TextEquiv>
                </pc:Word>
                <pc:Word id="region0001_line0000_word0002">
                    <pc:Coords points="859,177 874,177 874,204 859,204"/>
                    <pc:TextEquiv conf="0.146283569335938">
                        <pc:Unicode>a</pc:Unicode>
                    </pc:TextEquiv>
                </pc:Word>
                <pc:TextEquiv conf="0.148304341634115">
                    <pc:Unicode>—— — a</pc:Unicode>
                </pc:TextEquiv>
            </pc:TextLine>
            <pc:TextLine id="region0001_line0001">
                <pc:Coords points="102,214 875,214 875,301 102,301"/>
                <pc:Word id="region0001_line0001_word0000">
                    <pc:Coords points="102,214 875,214 875,301 102,301"/>
                    <pc:TextEquiv conf="0.62889347076416">
                        <pc:Unicode>LEONISBAPTISTAE</pc:Unicode>
                    </pc:TextEquiv>
                </pc:Word>
                <pc:TextEquiv conf="0.62889347076416">
                    <pc:Unicode>LEONISBAPTISTAE</pc:Unicode>
                </pc:TextEquiv>
            </pc:TextLine>
            <pc:TextLine id="region0001_line0002">
                <pc:Coords points="128,325 851,325 851,366 128,366"/>
                <pc:Word id="region0001_line0002_word0000">
                    <pc:Coords points="128,325 496,325 496,358 128,358"/>
                    <pc:TextEquiv conf="0.856385955810547">
                        <pc:Unicode>DEALBERTIS,</pc:Unicode>
                    </pc:TextEquiv>
                </pc:Word>
                <pc:Word id="region0001_line0002_word0001">
                    <pc:Coords points="526,327 619,327 619,357 526,357"/>
                    <pc:TextEquiv conf="0.416429061889648">
                        <pc:Unicode>UIB.</pc:Unicode>
                    </pc:TextEquiv>
                </pc:Word>
                <pc:Word id="region0001_line0002_word0002">
                    <pc:Coords points="655,331 851,331 851,366 655,366"/>
                    <pc:TextEquiv conf="0.69005126953125">
                        <pc:Unicode>PRIMVS</pc:Unicode>
                    </pc:TextEquiv>
                </pc:Word>
                <pc:TextEquiv conf="0.654288762410482">
                    <pc:Unicode>DEALBERTIS, UIB. PRIMVS</pc:Unicode>
                </pc:TextEquiv>
            </pc:TextLine>
            <pc:TextLine id="region0001_line0003">
                <pc:Coords points="319,376 652,376 652,413 319,413"/>
                <pc:Word id="region0001_line0003_word0000">
                    <pc:Coords points="319,376 652,376 652,413 319,413"/>
                    <pc:TextEquiv conf="0.779461517333984">
                        <pc:Unicode>RVDIMENTA.</pc:Unicode>
                    </pc:TextEquiv>
                </pc:Word>
                <pc:TextEquiv conf="0.779461517333984">
                    <pc:Unicode>RVDIMENTA.</pc:Unicode>
                </pc:TextEquiv>
            </pc:TextLine>
            <pc:TextEquiv conf="0.552737023035685">
                <pc:Unicode>—— — a
LEONISBAPTISTAE
DEALBERTIS, UIB. PRIMVS
RVDIMENTA.</pc:Unicode>
            </pc:TextEquiv>
        </pc:TextRegion>
        <pc:TextRegion id="region0002" orientation="-0.293863206108966" readingDirection="left-to-right" textLineOrder="top-to-bottom">
            <pc:Coords points="100,444 875,444 875,768 100,768"/>
            <pc:TextLine id="region0002_line0000">
                <pc:Coords points="286,444 874,444 874,493 286,493"/>
                <pc:Word id="region0002_line0000_word0000">
                    <pc:Coords points="381,444 360,444 360,493 381,493"/>
                    <pc:TextEquiv conf="0.">
                        <pc:Unicode>s</pc:Unicode>
                    </pc:TextEquiv>
                </pc:Word>
                <pc:Word id="region0002_line0000_word0001">
                    <pc:Coords points="518,444 405,444 405,493 518,493"/>
                    <pc:TextEquiv conf="0.">
                        <pc:Unicode>ercer</pc:Unicode>
                    </pc:TextEquiv>
                </pc:Word>
                <pc:Word id="region0002_line0000_word0002">
                    <pc:Coords points="621,444 541,444 541,493 621,493"/>
                    <pc:TextEquiv conf="0.">
                        <pc:Unicode>vxRæa</pc:Unicode>
                    </pc:TextEquiv>
                </pc:Word>
                <pc:Word id="region0002_line0000_word0003">
                    <pc:Coords points="645,444 720,444 720,483 645,483"/>
                    <pc:TextEquiv conf="0.906923828125">
                        <pc:Unicode>his</pc:Unicode>
                    </pc:TextEquiv>
                </pc:Word>
                <pc:Word id="region0002_line0000_word0004">
                    <pc:Coords points="874,444 739,444 739,493 874,493"/>
                    <pc:TextEquiv conf="0.273074645996094">
                        <pc:Unicode>breuiſ</pc:Unicode>
                    </pc:TextEquiv>
                </pc:Word>
                <pc:TextEquiv conf="0.835999694824219">
                    <pc:Unicode>s ercer vxRæa his breuiſ</pc:Unicode>
                </pc:TextEquiv>
            </pc:TextLine>
            <pc:TextLine id="region0002_line0001">
                <pc:Coords points="371,491 874,491 874,546 371,546"/>
                <pc:Word id="region0002_line0001_word0000">
                    <pc:Coords points="474,540 474,491 371,491 371,540"/>
                    <pc:TextEquiv conf="0.331363983154297">
                        <pc:Unicode>ſimis</pc:Unicode>
                    </pc:TextEquiv>
                </pc:Word>
                <pc:Word id="region0002_line0001_word0001">
                    <pc:Coords points="485,499 774,499 774,546 485,546"/>
                    <pc:TextEquiv conf="0.754034729003906">
                        <pc:Unicode>commentarijs</pc:Unicode>
                    </pc:TextEquiv>
                </pc:Word>
                <pc:Word id="region0002_line0001_word0002">
                    <pc:Coords points="793,514 874,514 874,542 793,542"/>
                    <pc:TextEquiv conf="0.920012741088867">
                        <pc:Unicode>con</pc:Unicode>
                    </pc:TextEquiv>
                </pc:Word>
                <pc:TextEquiv conf="0.66847048441569">
                    <pc:Unicode>ſimis commentarijs con</pc:Unicode>
                </pc:TextEquiv>
            </pc:TextLine>
            <pc:TextLine id="region0002_line0002">
                <pc:Coords points="374,545 872,545 872,603 374,603"/>
                <pc:Word id="region0002_line0002_word0000">
                    <pc:Coords points="374,545 374,597 559,597 559,545"/>
                    <pc:TextEquiv conf="0.222500457763672">
                        <pc:Unicode>ſcripturi</pc:Unicode>
                    </pc:TextEquiv>
                </pc:Word>
                <pc:Word id="region0002_line0002_word0001">
                    <pc:Coords points="579,551 643,551 643,603 579,603"/>
                    <pc:TextEquiv conf="0.447115478515625">
                        <pc:Unicode>quò</pc:Unicode>
                    </pc:TextEquiv>
                </pc:Word>
                <pc:Word id="region0002_line0002_word0002">
                    <pc:Coords points="660,555 803,555 803,594 660,594"/>
                    <pc:TextEquiv conf="0.893298263549805">
                        <pc:Unicode>clarior</pc:Unicode>
                    </pc:TextEquiv>
                </pc:Word>
                <pc:Word id="region0002_line0002_word0003">
                    <pc:Coords points="815,570 872,570 872,595 815,595"/>
                    <pc:TextEquiv conf="0.893298263549805">
                        <pc:Unicode>no</pc:Unicode>
                    </pc:TextEquiv>
                </pc:Word>
                <pc:TextEquiv conf="0.614053115844727">
                    <pc:Unicode>ſcripturi quò clarior no</pc:Unicode>
                </pc:TextEquiv>
            </pc:TextLine>
            <pc:TextLine id="region0002_line0003">
                <pc:Coords points="365,598 875,598 875,649 365,649"/>
                <pc:Word id="region0002_line0003_word0000">
                    <pc:Coords points="448,598 365,598 365,649 448,649"/>
                    <pc:TextEquiv conf="0.849471435546875">
                        <pc:Unicode>ſtra</pc:Unicode>
                    </pc:TextEquiv>
                </pc:Word>
                <pc:Word id="region0002_line0003_word0001">
                    <pc:Coords points="463,598 507,598 507,639 463,639"/>
                    <pc:TextEquiv conf="0.92548942565918">
                        <pc:Unicode>ſit</pc:Unicode>
                    </pc:TextEquiv>
                </pc:Word>
                <pc:Word id="region0002_line0003_word0002">
                    <pc:Coords points="519,607 669,607 669,648 519,648"/>
                    <pc:TextEquiv conf="0.897689514160156">
                        <pc:Unicode>oratio,</pc:Unicode>
                    </pc:TextEquiv>
                </pc:Word>
                <pc:Word id="region0002_line0003_word0003">
                    <pc:Coords points="699,607 700,607 700,646 699,646"/>
                    <pc:TextEquiv conf="0.860417556762695">
                        <pc:Unicode>a</pc:Unicode>
                    </pc:TextEquiv>
                </pc:Word>
                <pc:Word id="region0002_line0003_word0004">
                    <pc:Coords points="711,609 875,609 875,649 711,649"/>
                    <pc:TextEquiv conf="0.720483932495117">
                        <pc:Unicode>Mathe⸗</pc:Unicode>
                    </pc:TextEquiv>
                </pc:Word>
                <pc:TextEquiv conf="0.850710372924805">
                    <pc:Unicode>ſtra ſit oratio, a Mathe⸗</pc:Unicode>
                </pc:TextEquiv>
            </pc:TextLine>
            <pc:TextLine id="region0002_line0004">
                <pc:Coords points="315,650 873,650 873,716 315,716"/>
                <pc:Word id="region0002_line0004_word0000">
                    <pc:Coords points="376,656 524,656 524,694 376,694"/>
                    <pc:TextEquiv conf="0.906735610961914">
                        <pc:Unicode>maticis</pc:Unicode>
                    </pc:TextEquiv>
                </pc:Word>
                <pc:Word id="region0002_line0004_word0001">
                    <pc:Coords points="533,670 576,670 576,696 533,696"/>
                    <pc:TextEquiv conf="0.895298156738281">
                        <pc:Unicode>ea</pc:Unicode>
                    </pc:TextEquiv>
                </pc:Word>
                <pc:Word id="region0002_line0004_word0002">
                    <pc:Coords points="774,650 611,650 611,716 774,716"/>
                    <pc:TextEquiv conf="0.35595329284668">
                        <pc:Unicode>primum,</pc:Unicode>
                    </pc:TextEquiv>
                </pc:Word>
                <pc:Word id="region0002_line0004_word0003">
                    <pc:Coords points="787,675 873,675 873,716 787,716"/>
                    <pc:TextEquiv conf="0.35595329284668">
                        <pc:Unicode>quæ</pc:Unicode>
                    </pc:TextEquiv>
                </pc:Word>
                <pc:TextEquiv conf="0.628485088348389">
                    <pc:Unicode>maticis ea primum, quæ</pc:Unicode>
                </pc:TextEquiv>
            </pc:TextLine>
            <pc:TextLine id="region0002_line0005">
                <pc:Coords points="100,700 873,700 873,768 100,768"/>
                <pc:Word id="region0002_line0005_word0000">
                    <pc:Coords points="100,700 152,700 152,738 100,738"/>
                    <pc:TextEquiv conf="0.93160758972168">
                        <pc:Unicode>ad</pc:Unicode>
                    </pc:TextEquiv>
                </pc:Word>
                <pc:Word id="region0002_line0005_word0001">
                    <pc:Coords points="162,714 245,714 245,741 162,741"/>
                    <pc:TextEquiv conf="0.93160758972168">
                        <pc:Unicode>rem</pc:Unicode>
                    </pc:TextEquiv>
                </pc:Word>
                <pc:Word id="region0002_line0005_word0002">
                    <pc:Coords points="256,708 449,708 449,757 256,757"/>
                    <pc:TextEquiv conf="0.921663436889648">
                        <pc:Unicode>pertinere</pc:Unicode>
                    </pc:TextEquiv>
                </pc:Word>
                <pc:Word id="region0002_line0005_word0003">
                    <pc:Coords points="460,711 700,711 700,752 460,752"/>
                    <pc:TextEquiv conf="0.532431259155273">
                        <pc:Unicode>uidebuntur</pc:Unicode>
                    </pc:TextEquiv>
                </pc:Word>
                <pc:Word id="region0002_line0005_word0004">
                    <pc:Coords points="709,720 787,720 787,754 709,754"/>
                    <pc:TextEquiv conf="0.">
                        <pc:Unicode>acci</pc:Unicode>
                    </pc:TextEquiv>
                </pc:Word>
                <pc:Word id="region0002_line0005_word0005">
                    <pc:Coords points="791,721 873,721 873,768 791,768"/>
                    <pc:TextEquiv conf="0.762548370361328">
                        <pc:Unicode>pie⸗</pc:Unicode>
                    </pc:TextEquiv>
                </pc:Word>
                <pc:TextEquiv conf="0.846643040974935">
                    <pc:Unicode>ad rem pertinere uidebuntur acci pie⸗</pc:Unicode>
                </pc:TextEquiv>
            </pc:TextLine>
            <pc:TextEquiv conf="0.740726966222127">
                <pc:Unicode>s ercer vxRæa his breuiſ
ſimis commentarijs con
ſcripturi quò clarior no
ſtra ſit oratio, a Mathe⸗
maticis ea primum, quæ
ad rem pertinere uidebuntur acci pie⸗</pc:Unicode>
            </pc:TextEquiv>
        </pc:TextRegion>
        <pc:TextRegion id="region0004" orientation="-0.293863206108966" type="floating" readingDirection="left-to-right" textLineOrder="top-to-bottom">
            <pc:Coords points="91,758 872,758 872,822 91,822"/>
            <pc:TextLine id="region0004_line0000">
                <pc:Coords points="91,758 872,758 872,822 91,822"/>
                <pc:Word id="region0004_line0000_word0000">
                    <pc:Coords points="91,767 206,767 206,804 91,804"/>
                    <pc:TextEquiv conf="0.761170501708984">
                        <pc:Unicode>mus.</pc:Unicode>
                    </pc:TextEquiv>
                </pc:Word>
                <pc:Word id="region0004_line0000_word0001">
                    <pc:Coords points="219,758 381,758 381,810 219,810"/>
                    <pc:TextEquiv conf="0.903208084106445">
                        <pc:Unicode>Quibus</pc:Unicode>
                    </pc:TextEquiv>
                </pc:Word>
                <pc:Word id="region0004_line0000_word0002">
                    <pc:Coords points="400,763 518,763 518,814 400,814"/>
                    <pc:TextEquiv conf="0.918332290649414">
                        <pc:Unicode>quidẽ</pc:Unicode>
                    </pc:TextEquiv>
                </pc:Word>
                <pc:Word id="region0004_line0000_word0003">
                    <pc:Coords points="726,758 541,758 541,822 726,822"/>
                    <pc:TextEquiv conf="0.219690780639648">
                        <pc:Unicode>cognitis,</pc:Unicode>
                    </pc:TextEquiv>
                </pc:Word>
                <pc:Word id="region0004_line0000_word0004">
                    <pc:Coords points="748,770 872,770 872,822 748,822"/>
                    <pc:TextEquiv conf="0.318385162353516">
                        <pc:Unicode>quoad</pc:Unicode>
                    </pc:TextEquiv>
                </pc:Word>
                <pc:TextEquiv conf="0.624157363891601">
                    <pc:Unicode>mus. Quibus quidẽ cognitis, quoad</pc:Unicode>
                </pc:TextEquiv>
            </pc:TextLine>
            <pc:TextEquiv conf="0.624157363891601">
                <pc:Unicode>mus. Quibus quidẽ cognitis, quoad</pc:Unicode>
            </pc:TextEquiv>
        </pc:TextRegion>
        <pc:TextRegion id="region0005" orientation="-0.293863206108966" readingDirection="left-to-right" textLineOrder="top-to-bottom">
            <pc:Coords points="97,809 871,809 871,1465 97,1465"/>
            <pc:TextLine id="region0005_line0000">
                <pc:Coords points="97,809 871,809 871,872 97,872"/>
                <pc:Word id="region0005_line0000_word0000">
                    <pc:Coords points="97,809 307,809 307,860 97,860"/>
                    <pc:TextEquiv conf="0.704207077026367">
                        <pc:Unicode>ingenium</pc:Unicode>
                    </pc:TextEquiv>
                </pc:Word>
                <pc:Word id="region0005_line0000_word0001">
                    <pc:Coords points="318,811 597,811 597,868 318,868"/>
                    <pc:TextEquiv conf="0.">
                        <pc:Unicode>ſuppeditabit</pc:Unicode>
                    </pc:TextEquiv>
                </pc:Word>
                <pc:Word id="region0005_line0000_word0002">
                    <pc:Coords points="610,821 805,821 805,872 610,872"/>
                    <pc:TextEquiv conf="0.915120468139648">
                        <pc:Unicode>picturam</pc:Unicode>
                    </pc:TextEquiv>
                </pc:Word>
                <pc:Word id="region0005_line0000_word0003">
                    <pc:Coords points="817,825 871,825 871,864 817,864"/>
                    <pc:TextEquiv conf="0.914638748168945">
                        <pc:Unicode>ab</pc:Unicode>
                    </pc:TextEquiv>
                </pc:Word>
                <pc:TextEquiv conf="0.88349157333374">
                    <pc:Unicode>ingenium ſuppeditabit picturam ab</pc:Unicode>
                </pc:TextEquiv>
            </pc:TextLine>
            <pc:TextLine id="region0005_line0001">
                <pc:Coords points="98,862 869,862 869,928 98,928"/>
                <pc:Word id="region0005_line0001_word0000">
                    <pc:Coords points="98,862 193,862 193,911 98,911"/>
                    <pc:TextEquiv conf="0.913172149658203">
                        <pc:Unicode>ipſis</pc:Unicode>
                    </pc:TextEquiv>
                </pc:Word>
                <pc:Word id="region0005_line0001_word0001">
                    <pc:Coords points="215,872 365,872 365,906 215,906"/>
                    <pc:TextEquiv conf="0.924516830444336">
                        <pc:Unicode>naturæ</pc:Unicode>
                    </pc:TextEquiv>
                </pc:Word>
                <pc:Word id="region0005_line0001_word0002">
                    <pc:Coords points="385,872 586,872 586,924 385,924"/>
                    <pc:TextEquiv conf="0.732151412963867">
                        <pc:Unicode>principijs</pc:Unicode>
                    </pc:TextEquiv>
                </pc:Word>
                <pc:Word id="region0005_line0001_word0003">
                    <pc:Coords points="604,888 869,888 869,928 604,928"/>
                    <pc:TextEquiv conf="0.436150817871094">
                        <pc:Unicode>cxponemus.</pc:Unicode>
                    </pc:TextEquiv>
                </pc:Word>
                <pc:TextEquiv conf="0.751497802734375">
                    <pc:Unicode>ipſis naturæ principijs cxponemus.</pc:Unicode>
                </pc:TextEquiv>
            </pc:TextLine>
            <pc:TextLine id="region0005_line0002">
                <pc:Coords points="99,912 870,912 870,988 99,988"/>
                <pc:Word id="region0005_line0002_word0000">
                    <pc:Coords points="99,912 177,912 177,953 99,953"/>
                    <pc:TextEquiv conf="0.808501281738281">
                        <pc:Unicode>ded</pc:Unicode>
                    </pc:TextEquiv>
                </pc:Word>
                <pc:Word id="region0005_line0002_word0001">
                    <pc:Coords points="188,919 230,919 230,954 188,954"/>
                    <pc:TextEquiv conf="0.919928283691406">
                        <pc:Unicode>in</pc:Unicode>
                    </pc:TextEquiv>
                </pc:Word>
                <pc:Word id="region0005_line0002_word0002">
                    <pc:Coords points="242,925 355,925 355,959 242,959"/>
                    <pc:TextEquiv conf="0.919928283691406">
                        <pc:Unicode>omni</pc:Unicode>
                    </pc:TextEquiv>
                </pc:Word>
                <pc:Word id="region0005_line0002_word0003">
                    <pc:Coords points="366,922 497,922 497,964 366,964"/>
                    <pc:TextEquiv conf="0.906734390258789">
                        <pc:Unicode>noſtra</pc:Unicode>
                    </pc:TextEquiv>
                </pc:Word>
                <pc:Word id="region0005_line0002_word0004">
                    <pc:Coords points="508,931 690,931 690,967 508,967"/>
                    <pc:TextEquiv conf="0.922422790527344">
                        <pc:Unicode>oratione</pc:Unicode>
                    </pc:TextEquiv>
                </pc:Word>
                <pc:Word id="region0005_line0002_word0005">
                    <pc:Coords points="705,924 870,924 870,988 705,988"/>
                    <pc:TextEquiv conf="0.878436279296875">
                        <pc:Unicode>ſpectari</pc:Unicode>
                    </pc:TextEquiv>
                </pc:Word>
                <pc:TextEquiv conf="0.892658551534017">
                    <pc:Unicode>ded in omni noſtra oratione ſpectari</pc:Unicode>
                </pc:TextEquiv>
            </pc:TextLine>
            <pc:TextLine id="region0005_line0003">
                <pc:Coords points="98,968 869,968 869,1042 98,1042"/>
                <pc:Word id="region0005_line0003_word0000">
                    <pc:Coords points="98,968 200,968 200,1008 98,1008"/>
                    <pc:TextEquiv conf="0.911534729003906">
                        <pc:Unicode>illud</pc:Unicode>
                    </pc:TextEquiv>
                </pc:Word>
                <pc:Word id="region0005_line0003_word0001">
                    <pc:Coords points="208,973 454,973 454,1016 208,1016"/>
                    <pc:TextEquiv conf="0.917020568847656">
                        <pc:Unicode>uehementer</pc:Unicode>
                    </pc:TextEquiv>
                </pc:Word>
                <pc:Word id="region0005_line0003_word0002">
                    <pc:Coords points="464,991 570,991 570,1030 464,1030"/>
                    <pc:TextEquiv conf="0.882298278808594">
                        <pc:Unicode>peto,</pc:Unicode>
                    </pc:TextEquiv>
                </pc:Word>
                <pc:Word id="region0005_line0003_word0003">
                    <pc:Coords points="584,983 640,983 640,1020 584,1020"/>
                    <pc:TextEquiv conf="0.902463226318359">
                        <pc:Unicode>nõ</pc:Unicode>
                    </pc:TextEquiv>
                </pc:Word>
                <pc:Word id="region0005_line0003_word0004">
                    <pc:Coords points="650,995 712,995 712,1021 650,1021"/>
                    <pc:TextEquiv conf="0.917872085571289">
                        <pc:Unicode>me</pc:Unicode>
                    </pc:TextEquiv>
                </pc:Word>
                <pc:Word id="region0005_line0003_word0005">
                    <pc:Coords points="722,982 771,982 771,1042 722,1042"/>
                    <pc:TextEquiv conf="0.900167770385742">
                        <pc:Unicode>ut</pc:Unicode>
                    </pc:TextEquiv>
                </pc:Word>
                <pc:Word id="region0005_line0003_word0006">
                    <pc:Coords points="793,982 869,982 869,1042 793,1042"/>
                    <pc:TextEquiv conf="0.808254776000977">
                        <pc:Unicode>Ma⸗</pc:Unicode>
                    </pc:TextEquiv>
                </pc:Word>
                <pc:TextEquiv conf="0.891373062133789">
                    <pc:Unicode>illud uehementer peto, nõ me ut Ma⸗</pc:Unicode>
                </pc:TextEquiv>
            </pc:TextLine>
            <pc:TextLine id="region0005_line0004">
                <pc:Coords points="101,1023 870,1023 870,1087 101,1087"/>
                <pc:Word id="region0005_line0004_word0000">
                    <pc:Coords points="101,1023 353,1023 353,1066 101,1066"/>
                    <pc:TextEquiv conf="0.896125869750977">
                        <pc:Unicode>thematicum,</pc:Unicode>
                    </pc:TextEquiv>
                </pc:Word>
                <pc:Word id="region0005_line0004_word0001">
                    <pc:Coords points="386,1029 447,1029 447,1069 386,1069"/>
                    <pc:TextEquiv conf="0.917902526855469">
                        <pc:Unicode>ſed</pc:Unicode>
                    </pc:TextEquiv>
                </pc:Word>
                <pc:Word id="region0005_line0004_word0002">
                    <pc:Coords points="459,1033 581,1033 581,1073 459,1073"/>
                    <pc:TextEquiv conf="0.099579620361328">
                        <pc:Unicode>ueluti</pc:Unicode>
                    </pc:TextEquiv>
                </pc:Word>
                <pc:Word id="region0005_line0004_word0003">
                    <pc:Coords points="598,1037 752,1037 752,1087 598,1087"/>
                    <pc:TextEquiv conf="0.903613052368164">
                        <pc:Unicode>pictorẽ</pc:Unicode>
                    </pc:TextEquiv>
                </pc:Word>
                <pc:Word id="region0005_line0004_word0004">
                    <pc:Coords points="767,1039 870,1039 870,1079 767,1079"/>
                    <pc:TextEquiv conf="0.293664703369141">
                        <pc:Unicode>ce</pc:Unicode>
                    </pc:TextEquiv>
                </pc:Word>
                <pc:TextEquiv conf="0.622177154541016">
                    <pc:Unicode>thematicum, ſed ueluti pictorẽ ce</pc:Unicode>
                </pc:TextEquiv>
            </pc:TextLine>
            <pc:TextLine id="region0005_line0005">
                <pc:Coords points="100,1077 869,1077 869,1138 100,1138"/>
                <pc:Word id="region0005_line0005_word0000">
                    <pc:Coords points="100,1077 150,1077 150,1123 100,1123"/>
                    <pc:TextEquiv conf="0.925603332519531">
                        <pc:Unicode>de</pc:Unicode>
                    </pc:TextEquiv>
                </pc:Word>
                <pc:Word id="region0005_line0005_word0001">
                    <pc:Coords points="159,1078 270,1078 270,1118 159,1118"/>
                    <pc:TextEquiv conf="0.922685699462891">
                        <pc:Unicode>rebus</pc:Unicode>
                    </pc:TextEquiv>
                </pc:Word>
                <pc:Word id="region0005_line0005_word0002">
                    <pc:Coords points="292,1137 392,1137 392,1077 292,1077"/>
                    <pc:TextEquiv conf="0.827180862426758">
                        <pc:Unicode>loqui</pc:Unicode>
                    </pc:TextEquiv>
                </pc:Word>
                <pc:Word id="region0005_line0005_word0003">
                    <pc:Coords points="416,1137 480,1137 480,1077 416,1077"/>
                    <pc:TextEquiv conf="0.763252105712891">
                        <pc:Unicode>Illi</pc:Unicode>
                    </pc:TextEquiv>
                </pc:Word>
                <pc:Word id="region0005_line0005_word0004">
                    <pc:Coords points="479,1091 585,1091 585,1127 479,1127"/>
                    <pc:TextEquiv conf="0.732167663574219">
                        <pc:Unicode>enim</pc:Unicode>
                    </pc:TextEquiv>
                </pc:Word>
                <pc:Word id="region0005_line0005_word0005">
                    <pc:Coords points="595,1088 679,1088 679,1129 595,1129"/>
                    <pc:TextEquiv conf="0.731588287353516">
                        <pc:Unicode>ſolo</pc:Unicode>
                    </pc:TextEquiv>
                </pc:Word>
                <pc:Word id="region0005_line0005_word0006">
                    <pc:Coords points="687,1093 869,1093 869,1138 687,1138"/>
                    <pc:TextEquiv conf="0.665500640869141">
                        <pc:Unicode>ingenio,</pc:Unicode>
                    </pc:TextEquiv>
                </pc:Word>
                <pc:TextEquiv conf="0.795425513131278">
                    <pc:Unicode>de rebus loqui Illi enim ſolo ingenio,</pc:Unicode>
                </pc:TextEquiv>
            </pc:TextLine>
            <pc:TextLine id="region0005_line0006">
                <pc:Coords points="99,1131 867,1131 867,1195 99,1195"/>
                <pc:Word id="region0005_line0006_word0000">
                    <pc:Coords points="99,1135 213,1135 213,1169 99,1169"/>
                    <pc:TextEquiv conf="0.841648101806641">
                        <pc:Unicode>omni</pc:Unicode>
                    </pc:TextEquiv>
                </pc:Word>
                <pc:Word id="region0005_line0006_word0001">
                    <pc:Coords points="393,1131 224,1131 224,1195 393,1195"/>
                    <pc:TextEquiv conf="0.908598709106445">
                        <pc:Unicode>ſeiuncta</pc:Unicode>
                    </pc:TextEquiv>
                </pc:Word>
                <pc:Word id="region0005_line0006_word0002">
                    <pc:Coords points="419,1135 565,1135 565,1182 419,1182"/>
                    <pc:TextEquiv conf="0.737948913574219">
                        <pc:Unicode>materia</pc:Unicode>
                    </pc:TextEquiv>
                </pc:Word>
                <pc:Word id="region0005_line0006_word0003">
                    <pc:Coords points="720,1131 590,1131 590,1195 720,1195"/>
                    <pc:TextEquiv conf="0.835750427246094">
                        <pc:Unicode>ſpecies</pc:Unicode>
                    </pc:TextEquiv>
                </pc:Word>
                <pc:Word id="region0005_line0006_word0004">
                    <pc:Coords points="756,1147 773,1147 773,1195 756,1195"/>
                    <pc:TextEquiv conf="0.921157379150391">
                        <pc:Unicode>&amp;</pc:Unicode>
                    </pc:TextEquiv>
                </pc:Word>
                <pc:Word id="region0005_line0006_word0005">
                    <pc:Coords points="783,1146 867,1146 867,1188 783,1188"/>
                    <pc:TextEquiv conf="0.">
                        <pc:Unicode>o⸗</pc:Unicode>
                    </pc:TextEquiv>
                </pc:Word>
                <pc:TextEquiv conf="0.874183921813965">
                    <pc:Unicode>omni ſeiuncta materia ſpecies &amp; o⸗</pc:Unicode>
                </pc:TextEquiv>
            </pc:TextLine>
            <pc:TextLine id="region0005_line0007">
                <pc:Coords points="99,1192 866,1192 866,1253 99,1253"/>
                <pc:Word id="region0005_line0007_word0000">
                    <pc:Coords points="99,1196 183,1196 183,1224 99,1224"/>
                    <pc:TextEquiv conf="0.281929626464844">
                        <pc:Unicode>mas</pc:Unicode>
                    </pc:TextEquiv>
                </pc:Word>
                <pc:Word id="region0005_line0007_word0001">
                    <pc:Coords points="194,1192 283,1192 283,1226 194,1226"/>
                    <pc:TextEquiv conf="0.923099975585937">
                        <pc:Unicode>rerũ</pc:Unicode>
                    </pc:TextEquiv>
                </pc:Word>
                <pc:Word id="region0005_line0007_word0002">
                    <pc:Coords points="295,1195 523,1195 523,1235 295,1235"/>
                    <pc:TextEquiv conf="0.917682876586914">
                        <pc:Unicode>metiuntur.</pc:Unicode>
                    </pc:TextEquiv>
                </pc:Word>
                <pc:Word id="region0005_line0007_word0003">
                    <pc:Coords points="540,1195 630,1195 630,1236 540,1236"/>
                    <pc:TextEquiv conf="0.908467788696289">
                        <pc:Unicode>Nos</pc:Unicode>
                    </pc:TextEquiv>
                </pc:Word>
                <pc:Word id="region0005_line0007_word0004">
                    <pc:Coords points="647,1199 738,1199 738,1239 647,1239"/>
                    <pc:TextEquiv conf="0.217447052001953">
                        <pc:Unicode>uero</pc:Unicode>
                    </pc:TextEquiv>
                </pc:Word>
                <pc:Word id="region0005_line0007_word0005">
                    <pc:Coords points="759,1200 866,1200 866,1253 759,1253"/>
                    <pc:TextEquiv conf="0.337417526245117">
                        <pc:Unicode>quod</pc:Unicode>
                    </pc:TextEquiv>
                </pc:Word>
                <pc:TextEquiv conf="0.597674140930176">
                    <pc:Unicode>mas rerũ metiuntur. Nos uero quod</pc:Unicode>
                </pc:TextEquiv>
            </pc:TextLine>
            <pc:TextLine id="region0005_line0008">
                <pc:Coords points="101,1236 864,1236 864,1304 101,1304"/>
                <pc:Word id="region0005_line0008_word0000">
                    <pc:Coords points="101,1236 168,1236 168,1276 101,1276"/>
                    <pc:TextEquiv conf="0.917527313232422">
                        <pc:Unicode>ſub</pc:Unicode>
                    </pc:TextEquiv>
                </pc:Word>
                <pc:Word id="region0005_line0008_word0001">
                    <pc:Coords points="181,1239 334,1239 334,1291 181,1291"/>
                    <pc:TextEquiv conf="0.92277458190918">
                        <pc:Unicode>aſpectu</pc:Unicode>
                    </pc:TextEquiv>
                </pc:Word>
                <pc:Word id="region0005_line0008_word0002">
                    <pc:Coords points="348,1258 431,1258 431,1286 348,1286"/>
                    <pc:TextEquiv conf="0.930393905639648">
                        <pc:Unicode>rem</pc:Unicode>
                    </pc:TextEquiv>
                </pc:Word>
                <pc:Word id="region0005_line0008_word0003">
                    <pc:Coords points="443,1245 515,1245 515,1287 443,1287"/>
                    <pc:TextEquiv conf="0.929750442504883">
                        <pc:Unicode>eſſe</pc:Unicode>
                    </pc:TextEquiv>
                </pc:Word>
                <pc:Word id="region0005_line0008_word0004">
                    <pc:Coords points="525,1249 650,1249 650,1300 525,1300"/>
                    <pc:TextEquiv conf="0.622202453613281">
                        <pc:Unicode>poſita</pc:Unicode>
                    </pc:TextEquiv>
                </pc:Word>
                <pc:Word id="region0005_line0008_word0005">
                    <pc:Coords points="660,1254 864,1254 864,1304 660,1304"/>
                    <pc:TextEquiv conf="0.037628631591797">
                        <pc:Unicode>olumus,</pc:Unicode>
                    </pc:TextEquiv>
                </pc:Word>
                <pc:TextEquiv conf="0.726712888081869">
                    <pc:Unicode>ſub aſpectu rem eſſe poſita olumus,</pc:Unicode>
                </pc:TextEquiv>
            </pc:TextLine>
            <pc:TextLine id="region0005_line0009">
                <pc:Coords points="97,1294 866,1294 866,1355 97,1355"/>
                <pc:Word id="region0005_line0009_word0000">
                    <pc:Coords points="97,1294 307,1294 307,1344 97,1344"/>
                    <pc:TextEquiv conf="0.904325408935547">
                        <pc:Unicode>pinguiore</pc:Unicode>
                    </pc:TextEquiv>
                </pc:Word>
                <pc:Word id="region0005_line0009_word0001">
                    <pc:Coords points="318,1300 485,1300 485,1345 318,1345"/>
                    <pc:TextEquiv conf="0.692097549438477">
                        <pc:Unicode>idcirco,</pc:Unicode>
                    </pc:TextEquiv>
                </pc:Word>
                <pc:Word id="region0005_line0009_word0002">
                    <pc:Coords points="496,1314 540,1314 540,1342 496,1342"/>
                    <pc:TextEquiv conf="0.926537475585937">
                        <pc:Unicode>ut</pc:Unicode>
                    </pc:TextEquiv>
                </pc:Word>
                <pc:Word id="region0005_line0009_word0003">
                    <pc:Coords points="551,1307 682,1307 682,1355 551,1355"/>
                    <pc:TextEquiv conf="0.920709381103516">
                        <pc:Unicode>aiunt,</pc:Unicode>
                    </pc:TextEquiv>
                </pc:Word>
                <pc:Word id="region0005_line0009_word0004">
                    <pc:Coords points="704,1309 866,1309 866,1349 704,1349"/>
                    <pc:TextEquiv conf="0.697818374633789">
                        <pc:Unicode>Miner</pc:Unicode>
                    </pc:TextEquiv>
                </pc:Word>
                <pc:TextEquiv conf="0.828297637939453">
                    <pc:Unicode>pinguiore idcirco, ut aiunt, Miner</pc:Unicode>
                </pc:TextEquiv>
            </pc:TextLine>
            <pc:TextLine id="region0005_line0010">
                <pc:Coords points="98,1347 867,1347 867,1416 98,1416"/>
                <pc:Word id="region0005_line0010_word0000">
                    <pc:Coords points="98,1357 143,1357 143,1383 98,1383"/>
                    <pc:TextEquiv conf="0.845475311279297">
                        <pc:Unicode>ua</pc:Unicode>
                    </pc:TextEquiv>
                </pc:Word>
                <pc:Word id="region0005_line0010_word0001">
                    <pc:Coords points="152,1347 358,1347 358,1394 152,1394"/>
                    <pc:TextEquiv conf="0.845475311279297">
                        <pc:Unicode>ſeribendo</pc:Unicode>
                    </pc:TextEquiv>
                </pc:Word>
                <pc:Word id="region0005_line0010_word0002">
                    <pc:Coords points="369,1367 542,1367 542,1405 369,1405"/>
                    <pc:TextEquiv conf="0.689298858642578">
                        <pc:Unicode>utemur.</pc:Unicode>
                    </pc:TextEquiv>
                </pc:Word>
                <pc:Word id="region0005_line0010_word0003">
                    <pc:Coords points="555,1357 620,1357 620,1397 555,1397"/>
                    <pc:TextEquiv conf="0.689298858642578">
                        <pc:Unicode>Ac</pc:Unicode>
                    </pc:TextEquiv>
                </pc:Word>
                <pc:Word id="region0005_line0010_word0004">
                    <pc:Coords points="628,1361 733,1361 733,1400 628,1400"/>
                    <pc:TextEquiv conf="0.810762481689453">
                        <pc:Unicode>recte</pc:Unicode>
                    </pc:TextEquiv>
                </pc:Word>
                <pc:Word id="region0005_line0010_word0005">
                    <pc:Coords points="741,1361 867,1361 867,1416 741,1416"/>
                    <pc:TextEquiv conf="0.918361968994141">
                        <pc:Unicode>quidẽ</pc:Unicode>
                    </pc:TextEquiv>
                </pc:Word>
                <pc:TextEquiv conf="0.799778798421224">
                    <pc:Unicode>ua ſeribendo utemur. Ac recte quidẽ</pc:Unicode>
                </pc:TextEquiv>
            </pc:TextLine>
            <pc:TextLine id="region0005_line0011">
                <pc:Coords points="99,1395 864,1395 864,1465 99,1465"/>
                <pc:Word id="region0005_line0011_word0000">
                    <pc:Coords points="99,1395 171,1395 171,1436 99,1436"/>
                    <pc:TextEquiv conf="0.918410186767578">
                        <pc:Unicode>eſſe</pc:Unicode>
                    </pc:TextEquiv>
                </pc:Word>
                <pc:Word id="region0005_line0011_word0001">
                    <pc:Coords points="190,1402 389,1402 389,1447 190,1447"/>
                    <pc:TextEquiv conf="0.91935432434082">
                        <pc:Unicode>nobiſcum</pc:Unicode>
                    </pc:TextEquiv>
                </pc:Word>
                <pc:Word id="region0005_line0011_word0002">
                    <pc:Coords points="408,1409 541,1409 541,1450 408,1450"/>
                    <pc:TextEquiv conf="0.8882666015625">
                        <pc:Unicode>actum</pc:Unicode>
                    </pc:TextEquiv>
                </pc:Word>
                <pc:Word id="region0005_line0011_word0003">
                    <pc:Coords points="563,1412 800,1412 800,1455 563,1455"/>
                    <pc:TextEquiv conf="0.">
                        <pc:Unicode>arbia</pc:Unicode>
                    </pc:TextEquiv>
                </pc:Word>
                <pc:Word id="region0005_line0011_word0004">
                    <pc:Coords points="810,1413 864,1413 864,1465 810,1465"/>
                    <pc:TextEquiv conf="0.096557006835938">
                        <pc:Unicode>ſa</pc:Unicode>
                    </pc:TextEquiv>
                </pc:Word>
                <pc:TextEquiv conf="0.764517623901367">
                    <pc:Unicode>eſſe nobiſcum actum arbia ſa</pc:Unicode>
                </pc:TextEquiv>
            </pc:TextLine>
            <pc:TextEquiv conf="0.785649055708022">
                <pc:Unicode>ingenium ſuppeditabit picturam ab
ipſis naturæ principijs cxponemus.
ded in omni noſtra oratione ſpectari
illud uehementer peto, nõ me ut Ma⸗
thematicum, ſed ueluti pictorẽ ce
de rebus loqui Illi enim ſolo ingenio,
omni ſeiuncta materia ſpecies &amp; o⸗
mas rerũ metiuntur. Nos uero quod
ſub aſpectu rem eſſe poſita olumus,
pinguiore idcirco, ut aiunt, Miner
ua ſeribendo utemur. Ac recte quidẽ
eſſe nobiſcum actum arbia ſa</pc:Unicode>
            </pc:TextEquiv>
        </pc:TextRegion>
        <pc:TextRegion id="region0008" orientation="-0.293863206108966" type="floating" readingDirection="left-to-right" textLineOrder="top-to-bottom">
            <pc:Coords points="88,1460 866,1460 866,1570 88,1570"/>
            <pc:TextLine id="region0008_line0000">
                <pc:Coords points="88,1460 866,1460 866,1518 88,1518"/>
                <pc:Word id="region0008_line0000_word0000">
                    <pc:Coords points="88,1460 263,1460 263,1506 88,1506"/>
                    <pc:TextEquiv conf="0.740160675048828">
                        <pc:Unicode>quoquo</pc:Unicode>
                    </pc:TextEquiv>
                </pc:Word>
                <pc:Word id="region0008_line0000_word0001">
                    <pc:Coords points="276,1461 393,1461 393,1510 276,1510"/>
                    <pc:TextEquiv conf="0.927397766113281">
                        <pc:Unicode>pacto</pc:Unicode>
                    </pc:TextEquiv>
                </pc:Word>
                <pc:Word id="region0008_line0000_word0002">
                    <pc:Coords points="404,1467 447,1467 447,1503 404,1503"/>
                    <pc:TextEquiv conf="0.917024078369141">
                        <pc:Unicode>in</pc:Unicode>
                    </pc:TextEquiv>
                </pc:Word>
                <pc:Word id="region0008_line0000_word0003">
                    <pc:Coords points="457,1465 529,1465 529,1504 457,1504"/>
                    <pc:TextEquiv conf="0.9139111328125">
                        <pc:Unicode>hac</pc:Unicode>
                    </pc:TextEquiv>
                </pc:Word>
                <pc:Word id="region0008_line0000_word0004">
                    <pc:Coords points="541,1461 657,1461 657,1518 541,1518"/>
                    <pc:TextEquiv conf="0.486607284545898">
                        <pc:Unicode>planè</pc:Unicode>
                    </pc:TextEquiv>
                </pc:Word>
                <pc:Word id="region0008_line0000_word0005">
                    <pc:Coords points="666,1463 818,1463 818,1509 666,1509"/>
                    <pc:TextEquiv conf="0.855895538330078">
                        <pc:Unicode>difficili</pc:Unicode>
                    </pc:TextEquiv>
                </pc:Word>
                <pc:Word id="region0008_line0000_word0006">
                    <pc:Coords points="827,1481 866,1481 866,1511 827,1511"/>
                    <pc:TextEquiv conf="0.928398971557617">
                        <pc:Unicode>et</pc:Unicode>
                    </pc:TextEquiv>
                </pc:Word>
                <pc:TextEquiv conf="0.824199349539621">
                    <pc:Unicode>quoquo pacto in hac planè difficili et</pc:Unicode>
                </pc:TextEquiv>
            </pc:TextLine>
            <pc:TextLine id="region0008_line0001">
                <pc:Coords points="99,1512 865,1512 865,1570 99,1570"/>
                <pc:Word id="region0008_line0001_word0000">
                    <pc:Coords points="99,1516 124,1516 124,1547 99,1547"/>
                    <pc:TextEquiv conf="0.908718872070313">
                        <pc:Unicode>a</pc:Unicode>
                    </pc:TextEquiv>
                </pc:Word>
                <pc:Word id="region0008_line0001_word0001">
                    <pc:Coords points="131,1512 295,1512 295,1565 131,1565"/>
                    <pc:TextEquiv conf="0.382328186035156">
                        <pc:Unicode>nemine</pc:Unicode>
                    </pc:TextEquiv>
                </pc:Word>
                <pc:Word id="region0008_line0001_word0002">
                    <pc:Coords points="305,1517 417,1517 417,1569 305,1569"/>
                    <pc:TextEquiv conf="0.663496398925781">
                        <pc:Unicode>quod</pc:Unicode>
                    </pc:TextEquiv>
                </pc:Word>
                <pc:Word id="region0008_line0001_word0003">
                    <pc:Coords points="429,1519 537,1519 537,1560 429,1560"/>
                    <pc:TextEquiv conf="0.522441024780273">
                        <pc:Unicode>uider</pc:Unicode>
                    </pc:TextEquiv>
                </pc:Word>
                <pc:Word id="region0008_line0001_word0004">
                    <pc:Coords points="607,1512 548,1512 548,1570 607,1570"/>
                    <pc:TextEquiv conf="0.44838623046875">
                        <pc:Unicode>im,</pc:Unicode>
                    </pc:TextEquiv>
                </pc:Word>
                <pc:Word id="region0008_line0001_word0005">
                    <pc:Coords points="629,1522 710,1522 710,1563 629,1563"/>
                    <pc:TextEquiv conf="0.922656478881836">
                        <pc:Unicode>alio</pc:Unicode>
                    </pc:TextEquiv>
                </pc:Word>
                <pc:Word id="region0008_line0001_word0006">
                    <pc:Coords points="721,1525 865,1525 865,1565 721,1565"/>
                    <pc:TextEquiv conf="0.926403045654297">
                        <pc:Unicode>tradita</pc:Unicode>
                    </pc:TextEquiv>
                </pc:Word>
                <pc:TextEquiv conf="0.682061462402344">
                    <pc:Unicode>a nemine quod uider im, alio tradita</pc:Unicode>
                </pc:TextEquiv>
            </pc:TextLine>
            <pc:TextEquiv conf="0.753130405970982">
                <pc:Unicode>quoquo pacto in hac planè difficili et
a nemine quod uider im, alio tradita</pc:Unicode>
            </pc:TextEquiv>
        </pc:TextRegion>
        <pc:TextRegion id="region0009" orientation="-0.293863206108966" readingDirection="left-to-right" textLineOrder="top-to-bottom">
            <pc:Coords points="539,1578 867,1578 867,1619 539,1619"/>
            <pc:TextLine id="region0009_line0000">
                <pc:Coords points="539,1578 867,1578 867,1619 539,1619"/>
                <pc:Word id="region0009_line0000_word0000">
                    <pc:Coords points="539,1586 644,1586 644,1617 539,1617"/>
                    <pc:TextEquiv conf="0.391185073852539">
                        <pc:Unicode>a</pc:Unicode>
                    </pc:TextEquiv>
                </pc:Word>
                <pc:Word id="region0009_line0000_word0001">
                    <pc:Coords points="738,1578 867,1578 867,1619 738,1619"/>
                    <pc:TextEquiv conf="0.89677360534668">
                        <pc:Unicode>literis</pc:Unicode>
                    </pc:TextEquiv>
                </pc:Word>
                <pc:TextEquiv conf="0.643979339599609">
                    <pc:Unicode>a literis</pc:Unicode>
                </pc:TextEquiv>
            </pc:TextLine>
            <pc:TextEquiv conf="0.643979339599609">
                <pc:Unicode>a literis</pc:Unicode>
            </pc:TextEquiv>
        </pc:TextRegion>
        <pc:ImageRegion id="region0000" orientation="-0.293863206108966">
            <pc:Coords points="0,1515 15,1515 15,1666 0,1666"/>
        </pc:ImageRegion>
        <pc:ImageRegion id="region0003" orientation="-0.293863206108966">
            <pc:Coords points="97,440 353,440 353,687 97,687"/>
        </pc:ImageRegion>
        <pc:ImageRegion id="region0010" orientation="-0.293863206108966">
            <pc:Coords points="1060,0 1116,0 1116,1835 1060,1835"/>
        </pc:ImageRegion>
        <pc:SeparatorRegion id="region0006">
            <pc:Coords points="421,1135 840,1135 840,1143 421,1143"/>
        </pc:SeparatorRegion>
        <pc:SeparatorRegion id="region0007">
            <pc:Coords points="102,1180 463,1180 463,1186 102,1186"/>
        </pc:SeparatorRegion>
    </pc:Page>
</pc:PcGts>
