<?xml version="1.0" encoding="UTF-8"?>
<pc:PcGts xmlns:pc="http://schema.primaresearch.org/PAGE/gts/pagecontent/2019-07-15" xmlns:xsi="http://www.w3.org/2001/XMLSchema-instance" xsi:schemaLocation="http://schema.primaresearch.org/PAGE/gts/pagecontent/2019-07-15 http://schema.primaresearch.org/PAGE/gts/pagecontent/2019-07-15/pagecontent.xsd" pcGtsId="OCR-D-OCR_0009">
    <pc:Metadata>
        <pc:Creator>OCR-D/core 2.30.0</pc:Creator>
        <pc:Created>2022-11-21T10:56:07.998022</pc:Created>
        <pc:LastChange>2022-11-21T10:56:07.998022</pc:LastChange>
        <pc:MetadataItem type="processingStep" name="layout/segmentation/region" value="ocrd-tesserocr-recognize">
            <pc:Labels externalModel="ocrd-tool" externalId="parameters">
                <pc:Label value="region" type="segmentation_level"/>
                <pc:Label value="word" type="textequiv_level"/>
                <pc:Label value="True" type="find_tables"/>
                <pc:Label value="Fraktur_GT4HistOCR" type="model"/>
                <pc:Label value="0" type="dpi"/>
                <pc:Label value="0" type="padding"/>
                <pc:Label value="False" type="overwrite_segments"/>
                <pc:Label value="True" type="overwrite_text"/>
                <pc:Label value="False" type="shrink_polygons"/>
                <pc:Label value="False" type="block_polygons"/>
                <pc:Label value="False" type="find_staves"/>
                <pc:Label value="False" type="sparse_text"/>
                <pc:Label value="False" type="raw_lines"/>
                <pc:Label value="" type="char_whitelist"/>
                <pc:Label value="" type="char_blacklist"/>
                <pc:Label value="" type="char_unblacklist"/>
                <pc:Label value="{}" type="tesseract_parameters"/>
                <pc:Label value="{}" type="xpath_parameters"/>
                <pc:Label value="{}" type="xpath_model"/>
                <pc:Label value="False" type="auto_model"/>
                <pc:Label value="DEFAULT" type="oem"/>
            </pc:Labels>
            <pc:Labels externalModel="ocrd-tool" externalId="version">
                <pc:Label value="0.13.6 (tesseract 5.0.1)" type="ocrd-tesserocr-recognize"/>
                <pc:Label value="2.30.0" type="ocrd/core"/>
            </pc:Labels>
        </pc:MetadataItem>
    </pc:Metadata>
    <pc:Page imageFilename="OCR-D-IMG/OCR-D-IMG_0009.tif" imageWidth="1124" imageHeight="1833">
        <pc:AlternativeImage filename="OCR-D-OCR/OCR-D-OCR_0009.IMG-BIN.png" comments=",binarized,clipped"/>
        <pc:ReadingOrder>
            <pc:OrderedGroup id="reading-order">
                <pc:RegionRefIndexed index="0" regionRef="region0000"/>
                <pc:RegionRefIndexed index="1" regionRef="region0001"/>
                <pc:RegionRefIndexed index="2" regionRef="region0002"/>
                <pc:RegionRefIndexed index="3" regionRef="region0003"/>
                <pc:RegionRefIndexed index="4" regionRef="region0004"/>
            </pc:OrderedGroup>
        </pc:ReadingOrder>
        <pc:TextRegion id="region0000" orientation="0.195773205251982" readingDirection="left-to-right" textLineOrder="top-to-bottom">
            <pc:Coords points="414,39 498,39 498,64 414,64"/>
            <pc:TextLine id="region0000_line0000">
                <pc:Coords points="414,39 498,39 498,50 414,50"/>
                <pc:Word id="region0000_line0000_word0000">
                    <pc:Coords points="414,39 464,39 464,48 414,48"/>
                    <pc:TextEquiv conf="0.14578254699707">
                        <pc:Unicode>D</pc:Unicode>
                    </pc:TextEquiv>
                </pc:Word>
                <pc:TextEquiv conf="0.14578254699707">
                    <pc:Unicode>D</pc:Unicode>
                </pc:TextEquiv>
            </pc:TextLine>
            <pc:TextLine id="region0000_line0001">
                <pc:Coords points="424,55 489,55 489,64 424,64"/>
                <pc:Word id="region0000_line0001_word0000">
                    <pc:Coords points="424,55 428,55 428,64 424,64"/>
                    <pc:TextEquiv conf="0.679482269287109">
                        <pc:Unicode>F</pc:Unicode>
                    </pc:TextEquiv>
                </pc:Word>
                <pc:TextEquiv conf="0.679482269287109">
                    <pc:Unicode>F</pc:Unicode>
                </pc:TextEquiv>
            </pc:TextLine>
            <pc:TextEquiv conf="0.41263240814209">
                <pc:Unicode>D
F</pc:Unicode>
            </pc:TextEquiv>
        </pc:TextRegion>
        <pc:TextRegion id="region0001" orientation="0.195773205251982" readingDirection="left-to-right" textLineOrder="top-to-bottom">
            <pc:Coords points="97,83 1046,83 1046,1087 97,1087"/>
            <pc:TextLine id="region0001_line0000">
                <pc:Coords points="318,83 886,83 886,160 318,160"/>
                <pc:Word id="region0001_line0000_word0000">
                    <pc:Coords points="318,122 441,122 441,155 318,155"/>
                    <pc:TextEquiv conf="0.621210174560547">
                        <pc:Unicode>LIB</pc:Unicode>
                    </pc:TextEquiv>
                </pc:Word>
                <pc:Word id="region0001_line0000_word0001">
                    <pc:Coords points="464,83 546,83 546,154 464,154"/>
                    <pc:TextEquiv conf="0.">
                        <pc:Unicode>*8</pc:Unicode>
                    </pc:TextEquiv>
                </pc:Word>
                <pc:Word id="region0001_line0000_word0002">
                    <pc:Coords points="599,125 625,125 625,156 599,156"/>
                    <pc:TextEquiv conf="0.663345642089844">
                        <pc:Unicode>J.</pc:Unicode>
                    </pc:TextEquiv>
                </pc:Word>
                <pc:TextEquiv conf="0.76151860555013">
                    <pc:Unicode>LIB *8 J.</pc:Unicode>
                </pc:TextEquiv>
            </pc:TextLine>
            <pc:TextLine id="region0001_line0001">
                <pc:Coords points="97,172 884,172 884,235 97,235"/>
                <pc:Word id="region0001_line0001_word0000">
                    <pc:Coords points="97,172 231,172 231,220 97,220"/>
                    <pc:TextEquiv conf="0.592114028930664">
                        <pc:Unicode>ficlem</pc:Unicode>
                    </pc:TextEquiv>
                </pc:Word>
                <pc:Word id="region0001_line0001_word0001">
                    <pc:Coords points="248,175 416,175 416,218 248,218"/>
                    <pc:TextEquiv conf="0.597142486572266">
                        <pc:Unicode>ducent·</pc:Unicode>
                    </pc:TextEquiv>
                </pc:Word>
                <pc:Word id="region0001_line0001_word0002">
                    <pc:Coords points="436,174 505,174 505,215 436,215"/>
                    <pc:TextEquiv conf="0.796294479370117">
                        <pc:Unicode>Eſt</pc:Unicode>
                    </pc:TextEquiv>
                </pc:Word>
                <pc:Word id="region0001_line0001_word0003">
                    <pc:Coords points="524,188 647,188 647,235 524,235"/>
                    <pc:TextEquiv conf="0.580348052978516">
                        <pc:Unicode>nanq;</pc:Unicode>
                    </pc:TextEquiv>
                </pc:Word>
                <pc:Word id="region0001_line0001_word0004">
                    <pc:Coords points="666,172 884,172 884,229 666,229"/>
                    <pc:TextEquiv conf="0.412806358337402">
                        <pc:Unicode>ſuperßcies</pc:Unicode>
                    </pc:TextEquiv>
                </pc:Word>
                <pc:TextEquiv conf="0.595741081237793">
                    <pc:Unicode>ficlem ducent· Eſt nanq; ſuperßcies</pc:Unicode>
                </pc:TextEquiv>
            </pc:TextLine>
            <pc:TextLine id="region0001_line0002">
                <pc:Coords points="99,231 1032,231 1032,284 99,284"/>
                <pc:Word id="region0001_line0002_word0000">
                    <pc:Coords points="99,243 281,243 281,271 99,271"/>
                    <pc:TextEquiv conf="0.80644157409668">
                        <pc:Unicode>extrema</pc:Unicode>
                    </pc:TextEquiv>
                </pc:Word>
                <pc:Word id="region0001_line0002_word0001">
                    <pc:Coords points="291,233 477,233 477,283 291,283"/>
                    <pc:TextEquiv conf="0.923546371459961">
                        <pc:Unicode>corporis</pc:Unicode>
                    </pc:TextEquiv>
                </pc:Word>
                <pc:Word id="region0001_line0002_word0002">
                    <pc:Coords points="495,244 590,244 590,283 495,283"/>
                    <pc:TextEquiv conf="0.923504257202148">
                        <pc:Unicode>pars,</pc:Unicode>
                    </pc:TextEquiv>
                </pc:Word>
                <pc:Word id="region0001_line0002_word0003">
                    <pc:Coords points="684,231 621,231 621,284 684,284"/>
                    <pc:TextEquiv conf="0.914745407104492">
                        <pc:Unicode>quæ</pc:Unicode>
                    </pc:TextEquiv>
                </pc:Word>
                <pc:Word id="region0001_line0002_word0004">
                    <pc:Coords points="695,243 782,243 782,270 695,270"/>
                    <pc:TextEquiv conf="0.926959762573242">
                        <pc:Unicode>non</pc:Unicode>
                    </pc:TextEquiv>
                </pc:Word>
                <pc:Word id="region0001_line0002_word0005">
                    <pc:Coords points="790,243 882,243 882,283 790,283"/>
                    <pc:TextEquiv conf="0.481848831176758">
                        <pc:Unicode>pro-</pc:Unicode>
                    </pc:TextEquiv>
                </pc:Word>
                <pc:Word id="region0001_line0002_word0006">
                    <pc:Coords points="903,231 1032,231 1032,282 903,282"/>
                    <pc:TextEquiv conf="0.877055816650391">
                        <pc:Unicode>Superſi⸗</pc:Unicode>
                    </pc:TextEquiv>
                </pc:Word>
                <pc:TextEquiv conf="0.836300288609096">
                    <pc:Unicode>extrema corporis pars, quæ non pro- Superſi⸗</pc:Unicode>
                </pc:TextEquiv>
            </pc:TextLine>
            <pc:TextLine id="region0001_line0003">
                <pc:Coords points="100,283 966,283 966,337 100,337"/>
                <pc:Word id="region0001_line0003_word0000">
                    <pc:Coords points="100,283 301,283 301,331 100,331"/>
                    <pc:TextEquiv conf="0.895677108764648">
                        <pc:Unicode>funditate</pc:Unicode>
                    </pc:TextEquiv>
                </pc:Word>
                <pc:Word id="region0001_line0003_word0001">
                    <pc:Coords points="316,284 471,284 471,337 316,337"/>
                    <pc:TextEquiv conf="0.917455215454102">
                        <pc:Unicode>aliqua,</pc:Unicode>
                    </pc:TextEquiv>
                </pc:Word>
                <pc:Word id="region0001_line0003_word0002">
                    <pc:Coords points="491,283 554,283 554,323 491,323"/>
                    <pc:TextEquiv conf="0.92641227722168">
                        <pc:Unicode>ſed</pc:Unicode>
                    </pc:TextEquiv>
                </pc:Word>
                <pc:Word id="region0001_line0003_word0003">
                    <pc:Coords points="570,284 778,284 778,323 570,323"/>
                    <pc:TextEquiv conf="0.920052261352539">
                        <pc:Unicode>latitudine</pc:Unicode>
                    </pc:TextEquiv>
                </pc:Word>
                <pc:Word id="region0001_line0003_word0004">
                    <pc:Coords points="798,296 881,296 881,324 798,324"/>
                    <pc:TextEquiv conf="0.883090057373047">
                        <pc:Unicode>tan-</pc:Unicode>
                    </pc:TextEquiv>
                </pc:Word>
                <pc:Word id="region0001_line0003_word0005">
                    <pc:Coords points="901,288 966,288 966,322 901,322"/>
                    <pc:TextEquiv conf="0.917120819091797">
                        <pc:Unicode>cies.</pc:Unicode>
                    </pc:TextEquiv>
                </pc:Word>
                <pc:TextEquiv conf="0.909967956542969">
                    <pc:Unicode>funditate aliqua, ſed latitudine tan- cies.</pc:Unicode>
                </pc:TextEquiv>
            </pc:TextLine>
            <pc:TextLine id="region0001_line0004">
                <pc:Coords points="101,336 882,336 882,395 101,395"/>
                <pc:Word id="region0001_line0004_word0000">
                    <pc:Coords points="101,348 193,348 193,378 101,378"/>
                    <pc:TextEquiv conf="0.904623413085938">
                        <pc:Unicode>tum</pc:Unicode>
                    </pc:TextEquiv>
                </pc:Word>
                <pc:Word id="region0001_line0004_word0001">
                    <pc:Coords points="205,336 524,336 524,395 205,395"/>
                    <pc:TextEquiv conf="0.158598480224609">
                        <pc:Unicode>longitudineq;</pc:Unicode>
                    </pc:TextEquiv>
                </pc:Word>
                <pc:Word id="region0001_line0004_word0002">
                    <pc:Coords points="533,350 612,350 612,395 533,395"/>
                    <pc:TextEquiv conf="0.762692413330078">
                        <pc:Unicode>atq;</pc:Unicode>
                    </pc:TextEquiv>
                </pc:Word>
                <pc:Word id="region0001_line0004_word0003">
                    <pc:Coords points="629,338 793,338 793,390 629,390"/>
                    <pc:TextEquiv conf="0.927395782470703">
                        <pc:Unicode>perinde</pc:Unicode>
                    </pc:TextEquiv>
                </pc:Word>
                <pc:Word id="region0001_line0004_word0004">
                    <pc:Coords points="807,337 882,337 882,378 807,378"/>
                    <pc:TextEquiv conf="0.918647766113281">
                        <pc:Unicode>ſuis</pc:Unicode>
                    </pc:TextEquiv>
                </pc:Word>
                <pc:TextEquiv conf="0.734391571044922">
                    <pc:Unicode>tum longitudineq; atq; perinde ſuis</pc:Unicode>
                </pc:TextEquiv>
            </pc:TextLine>
            <pc:TextLine id="region0001_line0005">
                <pc:Coords points="101,390 1046,390 1046,446 101,446"/>
                <pc:Word id="region0001_line0005_word0000">
                    <pc:Coords points="101,392 364,392 364,445 101,445"/>
                    <pc:TextEquiv conf="0.916909484863281">
                        <pc:Unicode>qualitatibus</pc:Unicode>
                    </pc:TextEquiv>
                </pc:Word>
                <pc:Word id="region0001_line0005_word0001">
                    <pc:Coords points="381,390 667,390 667,446 381,446"/>
                    <pc:TextEquiv conf="0.676810455322266">
                        <pc:Unicode>cognoſcatur.</pc:Unicode>
                    </pc:TextEquiv>
                </pc:Word>
                <pc:Word id="region0001_line0005_word0002">
                    <pc:Coords points="691,391 876,391 876,443 691,443"/>
                    <pc:TextEquiv conf="0.463823127746582">
                        <pc:Unicode>Qualita-</pc:Unicode>
                    </pc:TextEquiv>
                </pc:Word>
                <pc:Word id="region0001_line0005_word0003">
                    <pc:Coords points="901,393 1046,393 1046,439 901,439"/>
                    <pc:TextEquiv conf="0.773176651000977">
                        <pc:Unicode>Qualitas.</pc:Unicode>
                    </pc:TextEquiv>
                </pc:Word>
                <pc:TextEquiv conf="0.707679929733276">
                    <pc:Unicode>qualitatibus cognoſcatur. Qualita- Qualitas.</pc:Unicode>
                </pc:TextEquiv>
            </pc:TextLine>
            <pc:TextLine id="region0001_line0006">
                <pc:Coords points="102,443 883,443 883,497 102,497"/>
                <pc:Word id="region0001_line0006_word0000">
                    <pc:Coords points="102,457 194,457 194,486 102,486"/>
                    <pc:TextEquiv conf="0.919455032348633">
                        <pc:Unicode>tum</pc:Unicode>
                    </pc:TextEquiv>
                </pc:Word>
                <pc:Word id="region0001_line0006_word0001">
                    <pc:Coords points="209,445 296,445 296,485 209,485"/>
                    <pc:TextEquiv conf="0.922400817871094">
                        <pc:Unicode>aliæ</pc:Unicode>
                    </pc:TextEquiv>
                </pc:Word>
                <pc:Word id="region0001_line0006_word0002">
                    <pc:Coords points="309,448 364,448 364,485 309,485"/>
                    <pc:TextEquiv conf="0.920694351196289">
                        <pc:Unicode>ita</pc:Unicode>
                    </pc:TextEquiv>
                </pc:Word>
                <pc:Word id="region0001_line0006_word0003">
                    <pc:Coords points="379,443 592,443 592,497 379,497"/>
                    <pc:TextEquiv conf="0.908501434326172">
                        <pc:Unicode>ſuperficiei</pc:Unicode>
                    </pc:TextEquiv>
                </pc:Word>
                <pc:Word id="region0001_line0006_word0004">
                    <pc:Coords points="610,445 826,445 826,494 610,494"/>
                    <pc:TextEquiv conf="0.904505004882812">
                        <pc:Unicode>inhærent,</pc:Unicode>
                    </pc:TextEquiv>
                </pc:Word>
                <pc:Word id="region0001_line0006_word0005">
                    <pc:Coords points="838,458 883,458 883,485 838,485"/>
                    <pc:TextEquiv conf="0.925896911621094">
                        <pc:Unicode>ut</pc:Unicode>
                    </pc:TextEquiv>
                </pc:Word>
                <pc:TextEquiv conf="0.916908925374349">
                    <pc:Unicode>tum aliæ ita ſuperficiei inhærent, ut</pc:Unicode>
                </pc:TextEquiv>
            </pc:TextLine>
            <pc:TextLine id="region0001_line0007">
                <pc:Coords points="102,495 882,495 882,550 102,550"/>
                <pc:Word id="region0001_line0007_word0000">
                    <pc:Coords points="102,497 180,497 180,538 102,538"/>
                    <pc:TextEquiv conf="0.915441589355469">
                        <pc:Unicode>niſi</pc:Unicode>
                    </pc:TextEquiv>
                </pc:Word>
                <pc:Word id="region0001_line0007_word0001">
                    <pc:Coords points="196,497 355,497 355,550 196,550"/>
                    <pc:TextEquiv conf="0.923015975952148">
                        <pc:Unicode>prorſus</pc:Unicode>
                    </pc:TextEquiv>
                </pc:Word>
                <pc:Word id="region0001_line0007_word0002">
                    <pc:Coords points="372,497 533,497 533,537 372,537"/>
                    <pc:TextEquiv conf="0.917962875366211">
                        <pc:Unicode>alterata</pc:Unicode>
                    </pc:TextEquiv>
                </pc:Word>
                <pc:Word id="region0001_line0007_word0003">
                    <pc:Coords points="553,495 751,495 751,550 553,550"/>
                    <pc:TextEquiv conf="0.891505661010742">
                        <pc:Unicode>ſuperficie</pc:Unicode>
                    </pc:TextEquiv>
                </pc:Word>
                <pc:Word id="region0001_line0007_word0004">
                    <pc:Coords points="766,502 882,502 882,538 766,538"/>
                    <pc:TextEquiv conf="0.91926628112793">
                        <pc:Unicode>mini-</pc:Unicode>
                    </pc:TextEquiv>
                </pc:Word>
                <pc:TextEquiv conf="0.9134384765625">
                    <pc:Unicode>niſi prorſus alterata ſuperficie mini-</pc:Unicode>
                </pc:TextEquiv>
            </pc:TextLine>
            <pc:TextLine id="region0001_line0008">
                <pc:Coords points="102,549 839,549 839,605 102,605"/>
                <pc:Word id="region0001_line0008_word0000">
                    <pc:Coords points="102,565 170,565 170,592 102,592"/>
                    <pc:TextEquiv conf="0.922523345947266">
                        <pc:Unicode>me</pc:Unicode>
                    </pc:TextEquiv>
                </pc:Word>
                <pc:Word id="region0001_line0008_word0001">
                    <pc:Coords points="190,550 227,550 227,590 190,590"/>
                    <pc:TextEquiv conf="0.896909637451172">
                        <pc:Unicode>ſe</pc:Unicode>
                    </pc:TextEquiv>
                </pc:Word>
                <pc:Word id="region0001_line0008_word0002">
                    <pc:Coords points="239,553 396,553 396,591 239,591"/>
                    <pc:TextEquiv conf="0.889303970336914">
                        <pc:Unicode>moueri,</pc:Unicode>
                    </pc:TextEquiv>
                </pc:Word>
                <pc:Word id="region0001_line0008_word0003">
                    <pc:Coords points="427,562 497,562 497,590 427,590"/>
                    <pc:TextEquiv conf="0.925118408203125">
                        <pc:Unicode>aut</pc:Unicode>
                    </pc:TextEquiv>
                </pc:Word>
                <pc:Word id="region0001_line0008_word0004">
                    <pc:Coords points="512,549 663,549 663,604 512,604"/>
                    <pc:TextEquiv conf="0.916388778686523">
                        <pc:Unicode>ſeiungi</pc:Unicode>
                    </pc:TextEquiv>
                </pc:Word>
                <pc:Word id="region0001_line0008_word0005">
                    <pc:Coords points="678,564 839,564 839,605 678,605"/>
                    <pc:TextEquiv conf="0.906727294921875">
                        <pc:Unicode>queant.</pc:Unicode>
                    </pc:TextEquiv>
                </pc:Word>
                <pc:TextEquiv conf="0.909495239257812">
                    <pc:Unicode>me ſe moueri, aut ſeiungi queant.</pc:Unicode>
                </pc:TextEquiv>
            </pc:TextLine>
            <pc:TextLine id="region0001_line0009">
                <pc:Coords points="178,602 882,602 882,657 178,657"/>
                <pc:Word id="region0001_line0009_word0000">
                    <pc:Coords points="178,603 293,603 293,644 178,644"/>
                    <pc:TextEquiv conf="0.840769653320313">
                        <pc:Unicode>Alias</pc:Unicode>
                    </pc:TextEquiv>
                </pc:Word>
                <pc:Word id="region0001_line0009_word0001">
                    <pc:Coords points="312,602 408,602 408,643 312,643"/>
                    <pc:TextEquiv conf="0.777903442382813">
                        <pc:Unicode>verò</pc:Unicode>
                    </pc:TextEquiv>
                </pc:Word>
                <pc:Word id="region0001_line0009_word0002">
                    <pc:Coords points="426,605 633,605 633,657 426,657"/>
                    <pc:TextEquiv conf="0.910257339477539">
                        <pc:Unicode>qualitates</pc:Unicode>
                    </pc:TextEquiv>
                </pc:Word>
                <pc:Word id="region0001_line0009_word0003">
                    <pc:Coords points="654,604 882,604 882,645 654,645"/>
                    <pc:TextEquiv conf="0.791521606445313">
                        <pc:Unicode>huiuſmodi</pc:Unicode>
                    </pc:TextEquiv>
                </pc:Word>
                <pc:TextEquiv conf="0.830113010406494">
                    <pc:Unicode>Alias verò qualitates huiuſmodi</pc:Unicode>
                </pc:TextEquiv>
            </pc:TextLine>
            <pc:TextLine id="region0001_line0010">
                <pc:Coords points="101,655 880,655 880,710 101,710"/>
                <pc:Word id="region0001_line0010_word0000">
                    <pc:Coords points="101,655 253,655 253,706 101,706"/>
                    <pc:TextEquiv conf="0.869494934082031">
                        <pc:Unicode>ſunt,</pc:Unicode>
                    </pc:TextEquiv>
                </pc:Word>
                <pc:Word id="region0001_line0010_word0001">
                    <pc:Coords points="263,655 226,655 226,710 263,710"/>
                    <pc:TextEquiv conf="0.909168167114258">
                        <pc:Unicode>ut</pc:Unicode>
                    </pc:TextEquiv>
                </pc:Word>
                <pc:Word id="region0001_line0010_word0002">
                    <pc:Coords points="260,658 396,658 396,698 260,698"/>
                    <pc:TextEquiv conf="0.909168167114258">
                        <pc:Unicode>eadem</pc:Unicode>
                    </pc:TextEquiv>
                </pc:Word>
                <pc:Word id="region0001_line0010_word0003">
                    <pc:Coords points="406,656 501,656 501,697 406,697"/>
                    <pc:TextEquiv conf="0.889087600708008">
                        <pc:Unicode>facie</pc:Unicode>
                    </pc:TextEquiv>
                </pc:Word>
                <pc:Word id="region0001_line0010_word0004">
                    <pc:Coords points="511,655 724,655 724,710 511,710"/>
                    <pc:TextEquiv conf="0.283778991699219">
                        <pc:Unicode>ſuperficie</pc:Unicode>
                    </pc:TextEquiv>
                </pc:Word>
                <pc:Word id="region0001_line0010_word0005">
                    <pc:Coords points="734,672 880,672 880,699 734,699"/>
                    <pc:TextEquiv conf="0.908402481079102">
                        <pc:Unicode>manen</pc:Unicode>
                    </pc:TextEquiv>
                </pc:Word>
                <pc:TextEquiv conf="0.794850056966146">
                    <pc:Unicode>ſunt, ut eadem facie ſuperficie manen</pc:Unicode>
                </pc:TextEquiv>
            </pc:TextLine>
            <pc:TextLine id="region0001_line0011">
                <pc:Coords points="102,711 881,711 881,764 102,764"/>
                <pc:Word id="region0001_line0011_word0000">
                    <pc:Coords points="102,722 155,722 155,760 102,760"/>
                    <pc:TextEquiv conf="0.922198944091797">
                        <pc:Unicode>te,</pc:Unicode>
                    </pc:TextEquiv>
                </pc:Word>
                <pc:Word id="region0001_line0011_word0001">
                    <pc:Coords points="167,715 222,715 222,750 167,750"/>
                    <pc:TextEquiv conf="0.921607971191406">
                        <pc:Unicode>ita</pc:Unicode>
                    </pc:TextEquiv>
                </pc:Word>
                <pc:Word id="region0001_line0011_word0002">
                    <pc:Coords points="230,711 299,711 299,752 230,752"/>
                    <pc:TextEquiv conf="0.921199493408203">
                        <pc:Unicode>ſub</pc:Unicode>
                    </pc:TextEquiv>
                </pc:Word>
                <pc:Word id="region0001_line0011_word0003">
                    <pc:Coords points="308,711 464,711 464,764 308,764"/>
                    <pc:TextEquiv conf="0.923341751098633">
                        <pc:Unicode>aſpectu</pc:Unicode>
                    </pc:TextEquiv>
                </pc:Word>
                <pc:Word id="region0001_line0011_word0004">
                    <pc:Coords points="475,723 608,723 608,750 475,750"/>
                    <pc:TextEquiv conf="0.93033088684082">
                        <pc:Unicode>tamen</pc:Unicode>
                    </pc:TextEquiv>
                </pc:Word>
                <pc:Word id="region0001_line0011_word0005">
                    <pc:Coords points="619,715 829,715 829,761 619,761"/>
                    <pc:TextEquiv conf="0.905293350219727">
                        <pc:Unicode>iaceant,</pc:Unicode>
                    </pc:TextEquiv>
                </pc:Word>
                <pc:Word id="region0001_line0011_word0006">
                    <pc:Coords points="827,711 791,711 791,764 827,764"/>
                    <pc:TextEquiv conf="0.924439086914063">
                        <pc:Unicode>ut</pc:Unicode>
                    </pc:TextEquiv>
                </pc:Word>
                <pc:Word id="region0001_line0011_word0007">
                    <pc:Coords points="839,711 881,711 881,763 839,763"/>
                    <pc:TextEquiv conf="0.924439086914063">
                        <pc:Unicode>ſu</pc:Unicode>
                    </pc:TextEquiv>
                </pc:Word>
                <pc:TextEquiv conf="0.921606321334839">
                    <pc:Unicode>te, ita ſub aſpectu tamen iaceant, ut ſu</pc:Unicode>
                </pc:TextEquiv>
            </pc:TextLine>
            <pc:TextLine id="region0001_line0012">
                <pc:Coords points="102,762 880,762 880,817 102,817"/>
                <pc:Word id="region0001_line0012_word0000">
                    <pc:Coords points="102,762 278,762 278,817 102,817"/>
                    <pc:TextEquiv conf="0.814422607421875">
                        <pc:Unicode>perficies</pc:Unicode>
                    </pc:TextEquiv>
                </pc:Word>
                <pc:Word id="region0001_line0012_word0001">
                    <pc:Coords points="290,765 502,765 502,809 290,809"/>
                    <pc:TextEquiv conf="0.914564819335937">
                        <pc:Unicode>uiſentibus</pc:Unicode>
                    </pc:TextEquiv>
                </pc:Word>
                <pc:Word id="region0001_line0012_word0002">
                    <pc:Coords points="508,766 673,766 673,806 508,806"/>
                    <pc:TextEquiv conf="0.912173385620117">
                        <pc:Unicode>alterata</pc:Unicode>
                    </pc:TextEquiv>
                </pc:Word>
                <pc:Word id="region0001_line0012_word0003">
                    <pc:Coords points="683,764 755,764 755,804 683,804"/>
                    <pc:TextEquiv conf="0.925749053955078">
                        <pc:Unicode>eſſe</pc:Unicode>
                    </pc:TextEquiv>
                </pc:Word>
                <pc:Word id="region0001_line0012_word0004">
                    <pc:Coords points="766,765 880,765 880,817 766,817"/>
                    <pc:TextEquiv conf="0.928199996948242">
                        <pc:Unicode>uidea</pc:Unicode>
                    </pc:TextEquiv>
                </pc:Word>
                <pc:TextEquiv conf="0.89902197265625">
                    <pc:Unicode>perficies uiſentibus alterata eſſe uidea</pc:Unicode>
                </pc:TextEquiv>
            </pc:TextLine>
            <pc:TextLine id="region0001_line0013">
                <pc:Coords points="102,816 878,816 878,872 102,872"/>
                <pc:Word id="region0001_line0013_word0000">
                    <pc:Coords points="102,830 191,830 191,861 102,861"/>
                    <pc:TextEquiv conf="0.581203460693359">
                        <pc:Unicode>tur.</pc:Unicode>
                    </pc:TextEquiv>
                </pc:Word>
                <pc:Word id="region0001_line0013_word0001">
                    <pc:Coords points="215,817 419,817 419,862 215,862"/>
                    <pc:TextEquiv conf="0.856696395874023">
                        <pc:Unicode>Perpetuæ</pc:Unicode>
                    </pc:TextEquiv>
                </pc:Word>
                <pc:Word id="region0001_line0013_word0002">
                    <pc:Coords points="436,829 567,829 567,858 436,858"/>
                    <pc:TextEquiv conf="0.930829162597656">
                        <pc:Unicode>autem</pc:Unicode>
                    </pc:TextEquiv>
                </pc:Word>
                <pc:Word id="region0001_line0013_word0003">
                    <pc:Coords points="587,816 878,816 878,872 587,872"/>
                    <pc:TextEquiv conf="0.836723251342773">
                        <pc:Unicode>ſuperficierum</pc:Unicode>
                    </pc:TextEquiv>
                </pc:Word>
                <pc:TextEquiv conf="0.801363067626953">
                    <pc:Unicode>tur. Perpetuæ autem ſuperficierum</pc:Unicode>
                </pc:TextEquiv>
            </pc:TextLine>
            <pc:TextLine id="region0001_line0014">
                <pc:Coords points="101,871 878,871 878,928 101,928"/>
                <pc:Word id="region0001_line0014_word0000">
                    <pc:Coords points="101,872 306,872 306,924 101,924"/>
                    <pc:TextEquiv conf="0.91480224609375">
                        <pc:Unicode>qualitates</pc:Unicode>
                    </pc:TextEquiv>
                </pc:Word>
                <pc:Word id="region0001_line0014_word0001">
                    <pc:Coords points="315,885 488,885 488,928 315,928"/>
                    <pc:TextEquiv conf="0.792950820922852">
                        <pc:Unicode>geminæ</pc:Unicode>
                    </pc:TextEquiv>
                </pc:Word>
                <pc:Word id="region0001_line0014_word0002">
                    <pc:Coords points="497,871 596,871 596,912 497,912"/>
                    <pc:TextEquiv conf="0.911189422607422">
                        <pc:Unicode>ſunt.</pc:Unicode>
                    </pc:TextEquiv>
                </pc:Word>
                <pc:Word id="region0001_line0014_word0003">
                    <pc:Coords points="609,872 706,872 706,913 609,913"/>
                    <pc:TextEquiv conf="0.919616012573242">
                        <pc:Unicode>Vna</pc:Unicode>
                    </pc:TextEquiv>
                </pc:Word>
                <pc:Word id="region0001_line0014_word0004">
                    <pc:Coords points="713,874 878,874 878,926 713,926"/>
                    <pc:TextEquiv conf="0.920346221923828">
                        <pc:Unicode>quidem</pc:Unicode>
                    </pc:TextEquiv>
                </pc:Word>
                <pc:TextEquiv conf="0.891780944824219">
                    <pc:Unicode>qualitates geminæ ſunt. Vna quidem</pc:Unicode>
                </pc:TextEquiv>
            </pc:TextLine>
            <pc:TextLine id="region0001_line0015">
                <pc:Coords points="101,926 875,926 875,981 101,981"/>
                <pc:Word id="region0001_line0015_word0000">
                    <pc:Coords points="101,938 194,938 194,978 101,978"/>
                    <pc:TextEquiv conf="0.915961608886719">
                        <pc:Unicode>quæ</pc:Unicode>
                    </pc:TextEquiv>
                </pc:Word>
                <pc:Word id="region0001_line0015_word0001">
                    <pc:Coords points="208,936 278,936 278,978 208,978"/>
                    <pc:TextEquiv conf="0.920666885375977">
                        <pc:Unicode>per</pc:Unicode>
                    </pc:TextEquiv>
                </pc:Word>
                <pc:Word id="region0001_line0015_word0002">
                    <pc:Coords points="281,926 511,926 511,981 281,981"/>
                    <pc:TextEquiv conf="0.915440521240234">
                        <pc:Unicode>extremum</pc:Unicode>
                    </pc:TextEquiv>
                </pc:Word>
                <pc:Word id="region0001_line0015_word0003">
                    <pc:Coords points="530,927 646,927 646,978 530,978"/>
                    <pc:TextEquiv conf="0.91466682434082">
                        <pc:Unicode>illum</pc:Unicode>
                    </pc:TextEquiv>
                </pc:Word>
                <pc:Word id="region0001_line0015_word0004">
                    <pc:Coords points="663,929 875,929 875,978 663,978"/>
                    <pc:TextEquiv conf="0.910486602783203">
                        <pc:Unicode>ambitum,</pc:Unicode>
                    </pc:TextEquiv>
                </pc:Word>
                <pc:TextEquiv conf="0.915444488525391">
                    <pc:Unicode>quæ per extremum illum ambitum,</pc:Unicode>
                </pc:TextEquiv>
            </pc:TextLine>
            <pc:TextLine id="region0001_line0016">
                <pc:Coords points="101,978 877,978 877,1033 101,1033"/>
                <pc:Word id="region0001_line0016_word0000">
                    <pc:Coords points="101,992 188,992 188,1032 101,1032"/>
                    <pc:TextEquiv conf="0.915720977783203">
                        <pc:Unicode>quo</pc:Unicode>
                    </pc:TextEquiv>
                </pc:Word>
                <pc:Word id="region0001_line0016_word0001">
                    <pc:Coords points="213,978 430,978 430,1033 213,1033"/>
                    <pc:TextEquiv conf="0.858203582763672">
                        <pc:Unicode>ſuperficies</pc:Unicode>
                    </pc:TextEquiv>
                </pc:Word>
                <pc:Word id="region0001_line0016_word0002">
                    <pc:Coords points="452,981 672,981 672,1029 452,1029"/>
                    <pc:TextEquiv conf="0.894803161621094">
                        <pc:Unicode>clauditur,</pc:Unicode>
                    </pc:TextEquiv>
                </pc:Word>
                <pc:Word id="region0001_line0016_word0003">
                    <pc:Coords points="685,980 877,980 877,1032 685,1032"/>
                    <pc:TextEquiv conf="0.29467658996582">
                        <pc:Unicode>noteſcat,</pc:Unicode>
                    </pc:TextEquiv>
                </pc:Word>
                <pc:TextEquiv conf="0.740851078033447">
                    <pc:Unicode>quo ſuperficies clauditur, noteſcat,</pc:Unicode>
                </pc:TextEquiv>
            </pc:TextLine>
            <pc:TextLine id="region0001_line0017">
                <pc:Coords points="102,1033 883,1033 883,1087 102,1087"/>
                <pc:Word id="region0001_line0017_word0000">
                    <pc:Coords points="102,1045 224,1045 224,1084 102,1084"/>
                    <pc:TextEquiv conf="0.927463989257812">
                        <pc:Unicode>quem</pc:Unicode>
                    </pc:TextEquiv>
                </pc:Word>
                <pc:Word id="region0001_line0017_word0001">
                    <pc:Coords points="233,1033 395,1033 395,1086 233,1086"/>
                    <pc:TextEquiv conf="0.927734146118164">
                        <pc:Unicode>quidem</pc:Unicode>
                    </pc:TextEquiv>
                </pc:Word>
                <pc:Word id="region0001_line0017_word0002">
                    <pc:Coords points="403,1035 601,1035 601,1073 403,1073"/>
                    <pc:TextEquiv conf="0.922784423828125">
                        <pc:Unicode>ambitum</pc:Unicode>
                    </pc:TextEquiv>
                </pc:Word>
                <pc:Word id="region0001_line0017_word0003">
                    <pc:Coords points="796,1033 615,1033 615,1087 796,1087"/>
                    <pc:TextEquiv conf="0.921294631958008">
                        <pc:Unicode>nonnulli</pc:Unicode>
                    </pc:TextEquiv>
                </pc:Word>
                <pc:Word id="region0001_line0017_word0004">
                    <pc:Coords points="814,1087 883,1087 883,1033 814,1033"/>
                    <pc:TextEquiv conf="0.884729766845703">
                        <pc:Unicode>ori</pc:Unicode>
                    </pc:TextEquiv>
                </pc:Word>
                <pc:TextEquiv conf="0.916801391601562">
                    <pc:Unicode>quem quidem ambitum nonnulli ori</pc:Unicode>
                </pc:TextEquiv>
            </pc:TextLine>
            <pc:TextEquiv conf="0.833181911438231">
                <pc:Unicode>LIB *8 J.
ficlem ducent· Eſt nanq; ſuperßcies
extrema corporis pars, quæ non pro- Superſi⸗
funditate aliqua, ſed latitudine tan- cies.
tum longitudineq; atq; perinde ſuis
qualitatibus cognoſcatur. Qualita- Qualitas.
tum aliæ ita ſuperficiei inhærent, ut
niſi prorſus alterata ſuperficie mini-
me ſe moueri, aut ſeiungi queant.
Alias verò qualitates huiuſmodi
ſunt, ut eadem facie ſuperficie manen
te, ita ſub aſpectu tamen iaceant, ut ſu
perficies uiſentibus alterata eſſe uidea
tur. Perpetuæ autem ſuperficierum
qualitates geminæ ſunt. Vna quidem
quæ per extremum illum ambitum,
quo ſuperficies clauditur, noteſcat,
quem quidem ambitum nonnulli ori</pc:Unicode>
            </pc:TextEquiv>
        </pc:TextRegion>
        <pc:TextRegion id="region0002" orientation="0.195773205251982" type="floating" readingDirection="left-to-right" textLineOrder="top-to-bottom">
            <pc:Coords points="103,1086 1027,1086 1027,1140 103,1140"/>
            <pc:TextLine id="region0002_line0000">
                <pc:Coords points="103,1086 1027,1086 1027,1140 103,1140"/>
                <pc:Word id="region0002_line0000_word0000">
                    <pc:Coords points="103,1098 269,1098 269,1126 103,1126"/>
                    <pc:TextEquiv conf="0.560572204589844">
                        <pc:Unicode>Zontem</pc:Unicode>
                    </pc:TextEquiv>
                </pc:Word>
                <pc:Word id="region0002_line0000_word0001">
                    <pc:Coords points="281,1099 528,1099 528,1140 281,1140"/>
                    <pc:TextEquiv conf="0.891063232421875">
                        <pc:Unicode>nuncupant.</pc:Unicode>
                    </pc:TextEquiv>
                </pc:Word>
                <pc:Word id="region0002_line0000_word0002">
                    <pc:Coords points="541,1086 633,1086 633,1128 541,1128"/>
                    <pc:TextEquiv conf="0.901467437744141">
                        <pc:Unicode>Nos</pc:Unicode>
                    </pc:TextEquiv>
                </pc:Word>
                <pc:Word id="region0002_line0000_word0003">
                    <pc:Coords points="646,1087 672,1087 672,1127 646,1127"/>
                    <pc:TextEquiv conf="0.918315124511719">
                        <pc:Unicode>ſi</pc:Unicode>
                    </pc:TextEquiv>
                </pc:Word>
                <pc:Word id="region0002_line0000_word0004">
                    <pc:Coords points="683,1089 809,1089 809,1140 683,1140"/>
                    <pc:TextEquiv conf="0.920558929443359">
                        <pc:Unicode>liceat,</pc:Unicode>
                    </pc:TextEquiv>
                </pc:Word>
                <pc:Word id="region0002_line0000_word0005">
                    <pc:Coords points="820,1088 874,1088 874,1132 820,1132"/>
                    <pc:TextEquiv conf="0.641407623291016">
                        <pc:Unicode>la-</pc:Unicode>
                    </pc:TextEquiv>
                </pc:Word>
                <pc:Word id="region0002_line0000_word0006">
                    <pc:Coords points="895,1091 1027,1091 1027,1133 895,1133"/>
                    <pc:TextEquiv conf="0.861362915039062">
                        <pc:Unicode>orixon.</pc:Unicode>
                    </pc:TextEquiv>
                </pc:Word>
                <pc:TextEquiv conf="0.813535352434431">
                    <pc:Unicode>Zontem nuncupant. Nos ſi liceat, la- orixon.</pc:Unicode>
                </pc:TextEquiv>
            </pc:TextLine>
            <pc:TextEquiv conf="0.813535352434431">
                <pc:Unicode>Zontem nuncupant. Nos ſi liceat, la- orixon.</pc:Unicode>
            </pc:TextEquiv>
        </pc:TextRegion>
        <pc:TextRegion id="region0003" orientation="0.195773205251982" readingDirection="left-to-right" textLineOrder="top-to-bottom">
            <pc:Coords points="101,1139 1023,1139 1023,1568 101,1568"/>
            <pc:TextLine id="region0003_line0000">
                <pc:Coords points="103,1139 966,1139 966,1195 103,1195"/>
                <pc:Word id="region0003_line0000_word0000">
                    <pc:Coords points="103,1143 194,1143 194,1179 103,1179"/>
                    <pc:TextEquiv conf="0.909833984375">
                        <pc:Unicode>tino</pc:Unicode>
                    </pc:TextEquiv>
                </pc:Word>
                <pc:Word id="region0003_line0000_word0001">
                    <pc:Coords points="213,1141 408,1141 408,1180 213,1180"/>
                    <pc:TextEquiv conf="0.903002700805664">
                        <pc:Unicode>uocabulo</pc:Unicode>
                    </pc:TextEquiv>
                </pc:Word>
                <pc:Word id="region0003_line0000_word0002">
                    <pc:Coords points="426,1139 683,1139 683,1192 426,1192"/>
                    <pc:TextEquiv conf="0.908375625610352">
                        <pc:Unicode>ſimilitudine</pc:Unicode>
                    </pc:TextEquiv>
                </pc:Word>
                <pc:Word id="region0003_line0000_word0003">
                    <pc:Coords points="700,1143 874,1143 874,1195 700,1195"/>
                    <pc:TextEquiv conf="0.920524139404297">
                        <pc:Unicode>quadam</pc:Unicode>
                    </pc:TextEquiv>
                </pc:Word>
                <pc:Word id="region0003_line0000_word0004">
                    <pc:Coords points="893,1151 966,1151 966,1179 893,1179"/>
                    <pc:TextEquiv conf="0.843384246826172">
                        <pc:Unicode>ora.</pc:Unicode>
                    </pc:TextEquiv>
                </pc:Word>
                <pc:TextEquiv conf="0.897024139404297">
                    <pc:Unicode>tino uocabulo ſimilitudine quadam ora.</pc:Unicode>
                </pc:TextEquiv>
            </pc:TextLine>
            <pc:TextLine id="region0003_line0001">
                <pc:Coords points="101,1194 1023,1194 1023,1246 101,1246"/>
                <pc:Word id="region0003_line0001_word0000">
                    <pc:Coords points="101,1194 343,1194 343,1246 101,1246"/>
                    <pc:TextEquiv conf="0.912658386230469">
                        <pc:Unicode>appellemus</pc:Unicode>
                    </pc:TextEquiv>
                </pc:Word>
                <pc:Word id="region0003_line0001_word0001">
                    <pc:Coords points="363,1207 509,1207 509,1243 363,1243"/>
                    <pc:TextEquiv conf="0.842852783203125">
                        <pc:Unicode>oram:</pc:Unicode>
                    </pc:TextEquiv>
                </pc:Word>
                <pc:Word id="region0003_line0001_word0002">
                    <pc:Coords points="528,1207 614,1207 614,1243 528,1243"/>
                    <pc:TextEquiv conf="0.889845733642578">
                        <pc:Unicode>aut,</pc:Unicode>
                    </pc:TextEquiv>
                </pc:Word>
                <pc:Word id="region0003_line0001_word0003">
                    <pc:Coords points="634,1197 731,1197 731,1243 634,1243"/>
                    <pc:TextEquiv conf="0.919907989501953">
                        <pc:Unicode>dum</pc:Unicode>
                    </pc:TextEquiv>
                </pc:Word>
                <pc:Word id="region0003_line0001_word0004">
                    <pc:Coords points="749,1199 804,1199 804,1234 749,1234"/>
                    <pc:TextEquiv conf="0.894626312255859">
                        <pc:Unicode>ita</pc:Unicode>
                    </pc:TextEquiv>
                </pc:Word>
                <pc:Word id="region0003_line0001_word0005">
                    <pc:Coords points="820,1196 874,1196 874,1234 820,1234"/>
                    <pc:TextEquiv conf="0.828655548095703">
                        <pc:Unicode>li-</pc:Unicode>
                    </pc:TextEquiv>
                </pc:Word>
                <pc:Word id="region0003_line0001_word0006">
                    <pc:Coords points="894,1200 1023,1200 1023,1246 894,1246"/>
                    <pc:TextEquiv conf="0.802435302734375">
                        <pc:Unicode>Fimbria.</pc:Unicode>
                    </pc:TextEquiv>
                </pc:Word>
                <pc:TextEquiv conf="0.870140293666295">
                    <pc:Unicode>appellemus oram: aut, dum ita li- Fimbria.</pc:Unicode>
                </pc:TextEquiv>
            </pc:TextLine>
            <pc:TextLine id="region0003_line0002">
                <pc:Coords points="102,1245 877,1245 877,1309 102,1309"/>
                <pc:Word id="region0003_line0002_word0000">
                    <pc:Coords points="202,1245 102,1245 102,1309 202,1309"/>
                    <pc:TextEquiv conf="0.919753036499023">
                        <pc:Unicode>beat,</pc:Unicode>
                    </pc:TextEquiv>
                </pc:Word>
                <pc:Word id="region0003_line0002_word0001">
                    <pc:Coords points="413,1245 219,1245 219,1309 413,1309"/>
                    <pc:TextEquiv conf="0.92086555480957">
                        <pc:Unicode>fimbriam.</pc:Unicode>
                    </pc:TextEquiv>
                </pc:Word>
                <pc:Word id="region0003_line0002_word0002">
                    <pc:Coords points="433,1248 564,1248 564,1309 433,1309"/>
                    <pc:TextEquiv conf="0.63039306640625">
                        <pc:Unicode>Eritq́;</pc:Unicode>
                    </pc:TextEquiv>
                </pc:Word>
                <pc:Word id="region0003_line0002_word0003">
                    <pc:Coords points="593,1249 611,1249 611,1289 593,1289"/>
                    <pc:TextEquiv conf="0.915894088745117">
                        <pc:Unicode>&amp;</pc:Unicode>
                    </pc:TextEquiv>
                </pc:Word>
                <pc:Word id="region0003_line0002_word0004">
                    <pc:Coords points="631,1248 726,1248 726,1302 631,1302"/>
                    <pc:TextEquiv conf="0.89757194519043">
                        <pc:Unicode>ipſa</pc:Unicode>
                    </pc:TextEquiv>
                </pc:Word>
                <pc:Word id="region0003_line0002_word0005">
                    <pc:Coords points="720,1245 877,1245 877,1291 720,1291"/>
                    <pc:TextEquiv conf="0.746481170654297">
                        <pc:Unicode>fimbria</pc:Unicode>
                    </pc:TextEquiv>
                </pc:Word>
                <pc:TextEquiv conf="0.838493143717448">
                    <pc:Unicode>beat, fimbriam. Eritq́; &amp; ipſa fimbria</pc:Unicode>
                </pc:TextEquiv>
            </pc:TextLine>
            <pc:TextLine id="region0003_line0003">
                <pc:Coords points="103,1299 876,1299 876,1357 103,1357"/>
                <pc:Word id="region0003_line0003_word0000">
                    <pc:Coords points="103,1312 174,1312 174,1341 103,1341"/>
                    <pc:TextEquiv conf="0.90466796875">
                        <pc:Unicode>aut</pc:Unicode>
                    </pc:TextEquiv>
                </pc:Word>
                <pc:Word id="region0003_line0003_word0001">
                    <pc:Coords points="191,1306 303,1306 303,1342 191,1342"/>
                    <pc:TextEquiv conf="0.922514419555664">
                        <pc:Unicode>unica</pc:Unicode>
                    </pc:TextEquiv>
                </pc:Word>
                <pc:Word id="region0003_line0003_word0002">
                    <pc:Coords points="319,1303 446,1303 446,1349 319,1349"/>
                    <pc:TextEquiv conf="0.913237609863281">
                        <pc:Unicode>linea,</pc:Unicode>
                    </pc:TextEquiv>
                </pc:Word>
                <pc:Word id="region0003_line0003_word0003">
                    <pc:Coords points="463,1315 532,1315 532,1354 463,1354"/>
                    <pc:TextEquiv conf="0.926886825561523">
                        <pc:Unicode>aut</pc:Unicode>
                    </pc:TextEquiv>
                </pc:Word>
                <pc:Word id="region0003_line0003_word0004">
                    <pc:Coords points="731,1299 561,1299 561,1357 731,1357"/>
                    <pc:TextEquiv conf="0.829433822631836">
                        <pc:Unicode>pluribus</pc:Unicode>
                    </pc:TextEquiv>
                </pc:Word>
                <pc:Word id="region0003_line0003_word0005">
                    <pc:Coords points="876,1299 754,1299 754,1357 876,1357"/>
                    <pc:TextEquiv conf="0.92451774597168">
                        <pc:Unicode>lineis</pc:Unicode>
                    </pc:TextEquiv>
                </pc:Word>
                <pc:TextEquiv conf="0.903543065388997">
                    <pc:Unicode>aut unica linea, aut pluribus lineis</pc:Unicode>
                </pc:TextEquiv>
            </pc:TextLine>
            <pc:TextLine id="region0003_line0004">
                <pc:Coords points="105,1352 876,1352 876,1409 105,1409"/>
                <pc:Word id="region0003_line0004_word0000">
                    <pc:Coords points="105,1352 297,1352 297,1405 105,1405"/>
                    <pc:TextEquiv conf="0.901784591674805">
                        <pc:Unicode>perfinita.</pc:Unicode>
                    </pc:TextEquiv>
                </pc:Word>
                <pc:Word id="region0003_line0004_word0001">
                    <pc:Coords points="317,1355 453,1355 453,1398 317,1398"/>
                    <pc:TextEquiv conf="0.843300704956055">
                        <pc:Unicode>Vnica</pc:Unicode>
                    </pc:TextEquiv>
                </pc:Word>
                <pc:Word id="region0003_line0004_word0002">
                    <pc:Coords points="483,1368 529,1368 529,1398 483,1398"/>
                    <pc:TextEquiv conf="0.843300704956055">
                        <pc:Unicode>ut</pc:Unicode>
                    </pc:TextEquiv>
                </pc:Word>
                <pc:Word id="region0003_line0004_word0003">
                    <pc:Coords points="540,1358 740,1358 740,1406 540,1406"/>
                    <pc:TextEquiv conf="0.828398971557617">
                        <pc:Unicode>circulari,</pc:Unicode>
                    </pc:TextEquiv>
                </pc:Word>
                <pc:Word id="region0003_line0004_word0004">
                    <pc:Coords points="751,1357 876,1357 876,1409 751,1409"/>
                    <pc:TextEquiv conf="0.860747451782227">
                        <pc:Unicode>pluri-</pc:Unicode>
                    </pc:TextEquiv>
                </pc:Word>
                <pc:TextEquiv conf="0.855506484985352">
                    <pc:Unicode>perfinita. Vnica ut circulari, pluri-</pc:Unicode>
                </pc:TextEquiv>
            </pc:TextLine>
            <pc:TextLine id="region0003_line0005">
                <pc:Coords points="104,1407 877,1407 877,1460 104,1460"/>
                <pc:Word id="region0003_line0005_word0000">
                    <pc:Coords points="104,1407 179,1407 179,1446 104,1446"/>
                    <pc:TextEquiv conf="0.912047119140625">
                        <pc:Unicode>bus</pc:Unicode>
                    </pc:TextEquiv>
                </pc:Word>
                <pc:Word id="region0003_line0005_word0001">
                    <pc:Coords points="194,1421 260,1421 260,1450 194,1450"/>
                    <pc:TextEquiv conf="0.914925384521484">
                        <pc:Unicode>aut</pc:Unicode>
                    </pc:TextEquiv>
                </pc:Word>
                <pc:Word id="region0003_line0005_word0002">
                    <pc:Coords points="277,1409 397,1409 397,1450 277,1450"/>
                    <pc:TextEquiv conf="0.912551956176758">
                        <pc:Unicode>altera</pc:Unicode>
                    </pc:TextEquiv>
                </pc:Word>
                <pc:Word id="region0003_line0005_word0003">
                    <pc:Coords points="408,1409 529,1409 529,1460 408,1460"/>
                    <pc:TextEquiv conf="0.904846572875977">
                        <pc:Unicode>flexa</pc:Unicode>
                    </pc:TextEquiv>
                </pc:Word>
                <pc:Word id="region0003_line0005_word0004">
                    <pc:Coords points="539,1411 662,1411 662,1451 539,1451"/>
                    <pc:TextEquiv conf="0.904846572875977">
                        <pc:Unicode>altera</pc:Unicode>
                    </pc:TextEquiv>
                </pc:Word>
                <pc:Word id="region0003_line0005_word0005">
                    <pc:Coords points="673,1411 779,1411 779,1450 673,1450"/>
                    <pc:TextEquiv conf="0.88049446105957">
                        <pc:Unicode>recta,</pc:Unicode>
                    </pc:TextEquiv>
                </pc:Word>
                <pc:Word id="region0003_line0005_word0006">
                    <pc:Coords points="788,1423 877,1423 877,1452 788,1452"/>
                    <pc:TextEquiv conf="0.92240478515625">
                        <pc:Unicode>aut</pc:Unicode>
                    </pc:TextEquiv>
                </pc:Word>
                <pc:TextEquiv conf="0.907445264543806">
                    <pc:Unicode>bus aut altera flexa altera recta, aut</pc:Unicode>
                </pc:TextEquiv>
            </pc:TextLine>
            <pc:TextLine id="region0003_line0006">
                <pc:Coords points="105,1463 876,1463 876,1519 105,1519"/>
                <pc:Word id="region0003_line0006_word0000">
                    <pc:Coords points="105,1463 222,1463 222,1503 105,1503"/>
                    <pc:TextEquiv conf="0.908289031982422">
                        <pc:Unicode>etiam</pc:Unicode>
                    </pc:TextEquiv>
                </pc:Word>
                <pc:Word id="region0003_line0006_word0001">
                    <pc:Coords points="243,1475 332,1475 332,1519 243,1519"/>
                    <pc:TextEquiv conf="0.917689056396484">
                        <pc:Unicode>quæ</pc:Unicode>
                    </pc:TextEquiv>
                </pc:Word>
                <pc:Word id="region0003_line0006_word0002">
                    <pc:Coords points="359,1465 548,1465 548,1518 359,1518"/>
                    <pc:TextEquiv conf="0.917689056396484">
                        <pc:Unicode>pluribus</pc:Unicode>
                    </pc:TextEquiv>
                </pc:Word>
                <pc:Word id="region0003_line0006_word0003">
                    <pc:Coords points="575,1464 692,1464 692,1517 575,1517"/>
                    <pc:TextEquiv conf="0.920341186523438">
                        <pc:Unicode>rectis</pc:Unicode>
                    </pc:TextEquiv>
                </pc:Word>
                <pc:Word id="region0003_line0006_word0004">
                    <pc:Coords points="716,1463 876,1463 876,1518 716,1518"/>
                    <pc:TextEquiv conf="0.863299713134766">
                        <pc:Unicode>flexisue</pc:Unicode>
                    </pc:TextEquiv>
                </pc:Word>
                <pc:TextEquiv conf="0.905461608886719">
                    <pc:Unicode>etiam quæ pluribus rectis flexisue</pc:Unicode>
                </pc:TextEquiv>
            </pc:TextLine>
            <pc:TextLine id="region0003_line0007">
                <pc:Coords points="491,1517 880,1517 880,1568 491,1568"/>
                <pc:Word id="region0003_line0007_word0000">
                    <pc:Coords points="491,1517 880,1517 880,1568 491,1568"/>
                    <pc:TextEquiv conf="0.">
                        <pc:Unicode>bVbVoinei⸗</pc:Unicode>
                    </pc:TextEquiv>
                </pc:Word>
                <pc:TextEquiv conf="1.">
                    <pc:Unicode>bVbVoinei⸗</pc:Unicode>
                </pc:TextEquiv>
            </pc:TextLine>
            <pc:TextEquiv conf="0.897201750074114">
                <pc:Unicode>tino uocabulo ſimilitudine quadam ora.
appellemus oram: aut, dum ita li- Fimbria.
beat, fimbriam. Eritq́; &amp; ipſa fimbria
aut unica linea, aut pluribus lineis
perfinita. Vnica ut circulari, pluri-
bus aut altera flexa altera recta, aut
etiam quæ pluribus rectis flexisue
bVbVoinei⸗</pc:Unicode>
            </pc:TextEquiv>
        </pc:TextRegion>
        <pc:ImageRegion id="region0004" orientation="0.195773205251982">
            <pc:Coords points="1062,0 1124,0 1124,1833 1062,1833"/>
        </pc:ImageRegion>
    </pc:Page>
</pc:PcGts>
