<?xml version="1.0" encoding="UTF-8"?>
<pc:PcGts xmlns:pc="http://schema.primaresearch.org/PAGE/gts/pagecontent/2019-07-15" xmlns:xsi="http://www.w3.org/2001/XMLSchema-instance" xsi:schemaLocation="http://schema.primaresearch.org/PAGE/gts/pagecontent/2019-07-15 http://schema.primaresearch.org/PAGE/gts/pagecontent/2019-07-15/pagecontent.xsd" pcGtsId="OCR-D-OCR_0008">
    <pc:Metadata>
        <pc:Creator>OCR-D/core 2.30.0</pc:Creator>
        <pc:Created>2022-11-14T12:38:34.744713</pc:Created>
        <pc:LastChange>2022-11-14T12:38:34.744713</pc:LastChange>
        <pc:MetadataItem type="processingStep" name="layout/segmentation/region" value="ocrd-tesserocr-recognize">
            <pc:Labels externalModel="ocrd-tool" externalId="parameters">
                <pc:Label value="region" type="segmentation_level"/>
                <pc:Label value="word" type="textequiv_level"/>
                <pc:Label value="True" type="find_tables"/>
                <pc:Label value="Fraktur_GT4HistOCR" type="model"/>
                <pc:Label value="0" type="dpi"/>
                <pc:Label value="0" type="padding"/>
                <pc:Label value="False" type="overwrite_segments"/>
                <pc:Label value="True" type="overwrite_text"/>
                <pc:Label value="False" type="shrink_polygons"/>
                <pc:Label value="False" type="block_polygons"/>
                <pc:Label value="False" type="find_staves"/>
                <pc:Label value="False" type="sparse_text"/>
                <pc:Label value="False" type="raw_lines"/>
                <pc:Label value="" type="char_whitelist"/>
                <pc:Label value="" type="char_blacklist"/>
                <pc:Label value="" type="char_unblacklist"/>
                <pc:Label value="{}" type="tesseract_parameters"/>
                <pc:Label value="{}" type="xpath_parameters"/>
                <pc:Label value="{}" type="xpath_model"/>
                <pc:Label value="False" type="auto_model"/>
                <pc:Label value="DEFAULT" type="oem"/>
            </pc:Labels>
            <pc:Labels externalModel="ocrd-tool" externalId="version">
                <pc:Label value="0.13.6 (tesseract 5.0.1)" type="ocrd-tesserocr-recognize"/>
                <pc:Label value="2.30.0" type="ocrd/core"/>
            </pc:Labels>
        </pc:MetadataItem>
    </pc:Metadata>
    <pc:Page imageFilename="OCR-D-IMG/OCR-D-IMG_0008.tif" imageWidth="1118" imageHeight="1837">
        <pc:AlternativeImage filename="OCR-D-OCR/OCR-D-OCR_0008.IMG-BIN.png" comments=",binarized,clipped"/>
        <pc:ReadingOrder>
            <pc:OrderedGroup id="reading-order">
                <pc:RegionRefIndexed index="0" regionRef="region0000"/>
                <pc:RegionRefIndexed index="1" regionRef="region0001"/>
                <pc:RegionRefIndexed index="2" regionRef="region0002"/>
                <pc:RegionRefIndexed index="3" regionRef="region0003"/>
                <pc:RegionRefIndexed index="4" regionRef="region0004"/>
                <pc:RegionRefIndexed index="5" regionRef="region0005"/>
                <pc:RegionRefIndexed index="6" regionRef="region0006"/>
            </pc:OrderedGroup>
        </pc:ReadingOrder>
        <pc:TextRegion id="region0001" orientation="0.361335123103231" readingDirection="left-to-right" textLineOrder="top-to-bottom">
            <pc:Coords points="82,464 224,464 224,501 82,501"/>
            <pc:TextLine id="region0001_line0000">
                <pc:Coords points="82,464 224,464 224,501 82,501"/>
                <pc:Word id="region0001_line0000_word0000">
                    <pc:Coords points="82,464 224,464 224,501 82,501"/>
                    <pc:TextEquiv conf="0.60673282623291">
                        <pc:Unicode>puncium.</pc:Unicode>
                    </pc:TextEquiv>
                </pc:Word>
                <pc:TextEquiv conf="0.60673282623291">
                    <pc:Unicode>puncium.</pc:Unicode>
                </pc:TextEquiv>
            </pc:TextLine>
            <pc:TextEquiv conf="0.60673282623291">
                <pc:Unicode>puncium.</pc:Unicode>
            </pc:TextEquiv>
        </pc:TextRegion>
        <pc:TextRegion id="region0002" orientation="0.361335123103231" readingDirection="left-to-right" textLineOrder="top-to-bottom">
            <pc:Coords points="98,573 222,573 222,617 98,617"/>
            <pc:TextLine id="region0002_line0000">
                <pc:Coords points="98,573 222,573 222,617 98,617"/>
                <pc:Word id="region0002_line0000_word0000">
                    <pc:Coords points="98,573 222,573 222,617 98,617"/>
                    <pc:TextEquiv conf="0.894510192871094">
                        <pc:Unicode>Signum.</pc:Unicode>
                    </pc:TextEquiv>
                </pc:Word>
                <pc:TextEquiv conf="0.894510192871094">
                    <pc:Unicode>Signum.</pc:Unicode>
                </pc:TextEquiv>
            </pc:TextLine>
            <pc:TextEquiv conf="0.894510192871094">
                <pc:Unicode>Signum.</pc:Unicode>
            </pc:TextEquiv>
        </pc:TextRegion>
        <pc:TextRegion id="region0003" orientation="0.361335123103231" readingDirection="left-to-right" textLineOrder="top-to-bottom">
            <pc:Coords points="131,1001 228,1001 228,1040 131,1040"/>
            <pc:TextLine id="region0003_line0000">
                <pc:Coords points="131,1001 228,1001 228,1040 131,1040"/>
                <pc:Word id="region0003_line0000_word0000">
                    <pc:Coords points="131,1001 228,1001 228,1040 131,1040"/>
                    <pc:TextEquiv conf="0.33560173034668">
                        <pc:Unicode>Linea.</pc:Unicode>
                    </pc:TextEquiv>
                </pc:Word>
                <pc:TextEquiv conf="0.33560173034668">
                    <pc:Unicode>Linea.</pc:Unicode>
                </pc:TextEquiv>
            </pc:TextLine>
            <pc:TextEquiv conf="0.33560173034668">
                <pc:Unicode>Linea.</pc:Unicode>
            </pc:TextEquiv>
        </pc:TextRegion>
        <pc:TextRegion id="region0004" orientation="0.361335123103231" readingDirection="left-to-right" textLineOrder="top-to-bottom">
            <pc:Coords points="594,97 617,97 617,121 594,121"/>
            <pc:TextLine id="region0004_line0000">
                <pc:Coords points="594,97 617,97 617,121 594,121"/>
                <pc:Word id="region0004_line0000_word0000">
                    <pc:Coords points="594,97 617,97 617,121 594,121"/>
                    <pc:TextEquiv conf="0.136269989013672">
                        <pc:Unicode>2</pc:Unicode>
                    </pc:TextEquiv>
                </pc:Word>
                <pc:TextEquiv conf="0.136269989013672">
                    <pc:Unicode>2</pc:Unicode>
                </pc:TextEquiv>
            </pc:TextLine>
            <pc:TextEquiv conf="0.136269989013672">
                <pc:Unicode>2</pc:Unicode>
            </pc:TextEquiv>
        </pc:TextRegion>
        <pc:TextRegion id="region0005" orientation="0.361335123103231" type="floating" readingDirection="left-to-right" textLineOrder="top-to-bottom">
            <pc:Coords points="224,173 872,173 872,229 224,229"/>
            <pc:TextLine id="region0005_line0000">
                <pc:Coords points="224,173 872,173 872,229 224,229"/>
                <pc:Word id="region0005_line0000_word0000">
                    <pc:Coords points="224,186 253,186 253,229 224,229"/>
                    <pc:TextEquiv conf="0.924079360961914">
                        <pc:Unicode>4</pc:Unicode>
                    </pc:TextEquiv>
                </pc:Word>
                <pc:Word id="region0005_line0000_word0001">
                    <pc:Coords points="401,173 872,173 872,217 401,217"/>
                    <pc:TextEquiv conf="0.266197357177734">
                        <pc:Unicode>BEICTVRKA</pc:Unicode>
                    </pc:TextEquiv>
                </pc:Word>
                <pc:TextEquiv conf="0.595138359069824">
                    <pc:Unicode>4 BEICTVRKA</pc:Unicode>
                </pc:TextEquiv>
            </pc:TextLine>
            <pc:TextEquiv conf="0.595138359069824">
                <pc:Unicode>4 BEICTVRKA</pc:Unicode>
            </pc:TextEquiv>
        </pc:TextRegion>
        <pc:TextRegion id="region0006" orientation="0.361335123103231" readingDirection="left-to-right" textLineOrder="top-to-bottom">
            <pc:Coords points="248,229 1044,229 1044,1613 248,1613"/>
            <pc:TextLine id="region0006_line0000">
                <pc:Coords points="248,229 1031,229 1031,285 248,285"/>
                <pc:Word id="region0006_line0000_word0000">
                    <pc:Coords points="248,243 373,243 373,284 248,284"/>
                    <pc:TextEquiv conf="0.904330215454102">
                        <pc:Unicode>literis</pc:Unicode>
                    </pc:TextEquiv>
                </pc:Word>
                <pc:Word id="region0006_line0000_word0001">
                    <pc:Coords points="384,241 568,241 568,285 384,285"/>
                    <pc:TextEquiv conf="0.848707733154297">
                        <pc:Unicode>materia</pc:Unicode>
                    </pc:TextEquiv>
                </pc:Word>
                <pc:Word id="region0006_line0000_word0002">
                    <pc:Coords points="580,247 656,247 656,273 580,273"/>
                    <pc:TextEquiv conf="0.848707733154297">
                        <pc:Unicode>nos</pc:Unicode>
                    </pc:TextEquiv>
                </pc:Word>
                <pc:Word id="region0006_line0000_word0003">
                    <pc:Coords points="669,233 840,233 840,285 669,285"/>
                    <pc:TextEquiv conf="0.918194580078125">
                        <pc:Unicode>legentes</pc:Unicode>
                    </pc:TextEquiv>
                </pc:Word>
                <pc:Word id="region0006_line0000_word0004">
                    <pc:Coords points="879,229 1031,229 1031,270 879,270"/>
                    <pc:TextEquiv conf="0.911391983032227">
                        <pc:Unicode>pictores</pc:Unicode>
                    </pc:TextEquiv>
                </pc:Word>
                <pc:TextEquiv conf="0.886266448974609">
                    <pc:Unicode>literis materia nos legentes pictores</pc:Unicode>
                </pc:TextEquiv>
            </pc:TextLine>
            <pc:TextLine id="region0006_line0001">
                <pc:Coords points="248,288 1033,288 1033,342 248,342"/>
                <pc:Word id="region0006_line0001_word0000">
                    <pc:Coords points="248,294 527,294 527,337 248,337"/>
                    <pc:TextEquiv conf="0.898203811645508">
                        <pc:Unicode>intellexerint.</pc:Unicode>
                    </pc:TextEquiv>
                </pc:Word>
                <pc:Word id="region0006_line0001_word0001">
                    <pc:Coords points="540,288 640,288 640,329 540,329"/>
                    <pc:TextEquiv conf="0.918910522460938">
                        <pc:Unicode>Peto</pc:Unicode>
                    </pc:TextEquiv>
                </pc:Word>
                <pc:Word id="region0006_line0001_word0002">
                    <pc:Coords points="656,289 779,289 779,342 656,342"/>
                    <pc:TextEquiv conf="0.91732307434082">
                        <pc:Unicode>igitur</pc:Unicode>
                    </pc:TextEquiv>
                </pc:Word>
                <pc:Word id="region0006_line0001_word0003">
                    <pc:Coords points="791,298 923,298 923,327 791,327"/>
                    <pc:TextEquiv conf="0.912037582397461">
                        <pc:Unicode>noſtra</pc:Unicode>
                    </pc:TextEquiv>
                </pc:Word>
                <pc:Word id="region0006_line0001_word0004">
                    <pc:Coords points="940,294 1033,294 1033,322 940,322"/>
                    <pc:TextEquiv conf="0.923958511352539">
                        <pc:Unicode>non</pc:Unicode>
                    </pc:TextEquiv>
                </pc:Word>
                <pc:TextEquiv conf="0.914086700439453">
                    <pc:Unicode>intellexerint. Peto igitur noſtra non</pc:Unicode>
                </pc:TextEquiv>
            </pc:TextLine>
            <pc:TextLine id="region0006_line0002">
                <pc:Coords points="249,335 1034,335 1034,401 249,401"/>
                <pc:Word id="region0006_line0002_word0000">
                    <pc:Coords points="249,361 296,361 296,390 249,390"/>
                    <pc:TextEquiv conf="0.">
                        <pc:Unicode>ut</pc:Unicode>
                    </pc:TextEquiv>
                </pc:Word>
                <pc:Word id="region0006_line0002_word0001">
                    <pc:Coords points="312,357 418,357 418,401 312,401"/>
                    <pc:TextEquiv conf="0.918950347900391">
                        <pc:Unicode>puro</pc:Unicode>
                    </pc:TextEquiv>
                </pc:Word>
                <pc:Word id="region0006_line0002_word0002">
                    <pc:Coords points="453,347 458,347 458,386 453,386"/>
                    <pc:TextEquiv conf="0.662786636352539">
                        <pc:Unicode>à</pc:Unicode>
                    </pc:TextEquiv>
                </pc:Word>
                <pc:Word id="region0006_line0002_word0003">
                    <pc:Coords points="474,344 788,344 788,387 474,387"/>
                    <pc:TextEquiv conf="0.75040168762207">
                        <pc:Unicode>Mathematico,</pc:Unicode>
                    </pc:TextEquiv>
                </pc:Word>
                <pc:Word id="region0006_line0002_word0004">
                    <pc:Coords points="799,338 861,338 861,379 799,379"/>
                    <pc:TextEquiv conf="0.932452239990234">
                        <pc:Unicode>ſed</pc:Unicode>
                    </pc:TextEquiv>
                </pc:Word>
                <pc:Word id="region0006_line0002_word0005">
                    <pc:Coords points="870,335 1034,335 1034,379 870,379"/>
                    <pc:TextEquiv conf="0.896213836669922">
                        <pc:Unicode>ueluti</pc:Unicode>
                    </pc:TextEquiv>
                </pc:Word>
                <pc:Word id="region0006_line0002_word0006">
                    <pc:Coords points="1012,401 1034,401 1034,335 1012,335"/>
                    <pc:TextEquiv conf="0.682873001098633">
                        <pc:Unicode>a</pc:Unicode>
                    </pc:TextEquiv>
                </pc:Word>
                <pc:TextEquiv conf="0.834811107090541">
                    <pc:Unicode>ut puro à Mathematico, ſed ueluti a</pc:Unicode>
                </pc:TextEquiv>
            </pc:TextLine>
            <pc:TextLine id="region0006_line0003">
                <pc:Coords points="250,397 1031,397 1031,458 250,458"/>
                <pc:Word id="region0006_line0003_word0000">
                    <pc:Coords points="250,403 407,403 407,458 250,458"/>
                    <pc:TextEquiv conf="0.924125442504883">
                        <pc:Unicode>pictore</pc:Unicode>
                    </pc:TextEquiv>
                </pc:Word>
                <pc:Word id="region0006_line0003_word0001">
                    <pc:Coords points="422,404 533,404 533,440 422,440"/>
                    <pc:TextEquiv conf="0.924763870239258">
                        <pc:Unicode>tantũ</pc:Unicode>
                    </pc:TextEquiv>
                </pc:Word>
                <pc:Word id="region0006_line0003_word0002">
                    <pc:Coords points="546,397 687,397 687,449 546,449"/>
                    <pc:TextEquiv conf="0.914128494262695">
                        <pc:Unicode>ſcripta</pc:Unicode>
                    </pc:TextEquiv>
                </pc:Word>
                <pc:Word id="region0006_line0003_word0003">
                    <pc:Coords points="703,399 1031,399 1031,446 703,446"/>
                    <pc:TextEquiv conf="0.881409912109375">
                        <pc:Unicode>interpretentur.</pc:Unicode>
                    </pc:TextEquiv>
                </pc:Word>
                <pc:TextEquiv conf="0.911106929779053">
                    <pc:Unicode>pictore tantũ ſcripta interpretentur.</pc:Unicode>
                </pc:TextEquiv>
            </pc:TextLine>
            <pc:TextLine id="region0006_line0004">
                <pc:Coords points="252,443 1031,443 1031,513 252,513"/>
                <pc:Word id="region0006_line0004_word0000">
                    <pc:Coords points="252,457 351,457 351,513 252,513"/>
                    <pc:TextEquiv conf="0.1747509765625">
                        <pc:Unicode>ltaq;</pc:Unicode>
                    </pc:TextEquiv>
                </pc:Word>
                <pc:Word id="region0006_line0004_word0001">
                    <pc:Coords points="363,456 565,456 565,508 363,508"/>
                    <pc:TextEquiv conf="0.913038101196289">
                        <pc:Unicode>principio</pc:Unicode>
                    </pc:TextEquiv>
                </pc:Word>
                <pc:Word id="region0006_line0004_word0002">
                    <pc:Coords points="576,447 727,447 727,489 576,489"/>
                    <pc:TextEquiv conf="0.925018005371094">
                        <pc:Unicode>nouiſſe</pc:Unicode>
                    </pc:TextEquiv>
                </pc:Word>
                <pc:Word id="region0006_line0004_word0003">
                    <pc:Coords points="734,456 907,456 907,500 734,500"/>
                    <pc:TextEquiv conf="0.616659278869629">
                        <pc:Unicode>oporiet,</pc:Unicode>
                    </pc:TextEquiv>
                </pc:Word>
                <pc:Word id="region0006_line0004_word0004">
                    <pc:Coords points="916,443 1031,443 1031,483 916,483"/>
                    <pc:TextEquiv conf="0.870388946533203">
                        <pc:Unicode>Pun-</pc:Unicode>
                    </pc:TextEquiv>
                </pc:Word>
                <pc:TextEquiv conf="0.699971061706543">
                    <pc:Unicode>ltaq; principio nouiſſe oporiet, Pun-</pc:Unicode>
                </pc:TextEquiv>
            </pc:TextLine>
            <pc:TextLine id="region0006_line0005">
                <pc:Coords points="252,495 1034,495 1034,559 252,559"/>
                <pc:Word id="region0006_line0005_word0000">
                    <pc:Coords points="252,511 363,511 363,551 252,551"/>
                    <pc:TextEquiv conf="0.217637710571289">
                        <pc:Unicode>Qua</pc:Unicode>
                    </pc:TextEquiv>
                </pc:Word>
                <pc:Word id="region0006_line0005_word0001">
                    <pc:Coords points="376,506 449,506 449,548 376,548"/>
                    <pc:TextEquiv conf="0.908517074584961">
                        <pc:Unicode>eſſe</pc:Unicode>
                    </pc:TextEquiv>
                </pc:Word>
                <pc:Word id="region0006_line0005_word0002">
                    <pc:Coords points="486,518 630,518 630,559 486,559"/>
                    <pc:TextEquiv conf="0.342585296630859">
                        <pc:Unicode>ſignum,</pc:Unicode>
                    </pc:TextEquiv>
                </pc:Word>
                <pc:Word id="region0006_line0005_word0003">
                    <pc:Coords points="640,514 686,514 686,542 640,542"/>
                    <pc:TextEquiv conf="0.922287750244141">
                        <pc:Unicode>ut</pc:Unicode>
                    </pc:TextEquiv>
                </pc:Word>
                <pc:Word id="region0006_line0005_word0004">
                    <pc:Coords points="757,495 698,495 698,559 757,559"/>
                    <pc:TextEquiv conf="0.920922393798828">
                        <pc:Unicode>ita</pc:Unicode>
                    </pc:TextEquiv>
                </pc:Word>
                <pc:Word id="region0006_line0005_word0005">
                    <pc:Coords points="898,495 774,495 774,559 898,559"/>
                    <pc:TextEquiv conf="0.759664154052734">
                        <pc:Unicode>loquar</pc:Unicode>
                    </pc:TextEquiv>
                </pc:Word>
                <pc:Word id="region0006_line0005_word0006">
                    <pc:Coords points="927,495 1034,495 1034,550 927,550"/>
                    <pc:TextEquiv conf="0.811760330200195">
                        <pc:Unicode>quod</pc:Unicode>
                    </pc:TextEquiv>
                </pc:Word>
                <pc:TextEquiv conf="0.697624958583287">
                    <pc:Unicode>Qua eſſe ſignum, ut ita loquar quod</pc:Unicode>
                </pc:TextEquiv>
            </pc:TextLine>
            <pc:TextLine id="region0006_line0006">
                <pc:Coords points="252,551 1034,551 1034,616 252,616"/>
                <pc:Word id="region0006_line0006_word0000">
                    <pc:Coords points="252,556 420,556 420,616 252,616"/>
                    <pc:TextEquiv conf="0.202626266479492">
                        <pc:Unicode>minimẽ</pc:Unicode>
                    </pc:TextEquiv>
                </pc:Word>
                <pc:Word id="region0006_line0006_word0001">
                    <pc:Coords points="429,565 472,565 472,600 429,600"/>
                    <pc:TextEquiv conf="0.920021514892578">
                        <pc:Unicode>in</pc:Unicode>
                    </pc:TextEquiv>
                </pc:Word>
                <pc:Word id="region0006_line0006_word0002">
                    <pc:Coords points="482,570 613,570 613,613 482,613"/>
                    <pc:TextEquiv conf="0.926097106933594">
                        <pc:Unicode>partes</pc:Unicode>
                    </pc:TextEquiv>
                </pc:Word>
                <pc:Word id="region0006_line0006_word0003">
                    <pc:Coords points="624,564 742,564 742,609 624,609"/>
                    <pc:TextEquiv conf="0.905679244995117">
                        <pc:Unicode>queat</pc:Unicode>
                    </pc:TextEquiv>
                </pc:Word>
                <pc:Word id="region0006_line0006_word0004">
                    <pc:Coords points="750,554 887,554 887,593 750,593"/>
                    <pc:TextEquiv conf="0.504300880432129">
                        <pc:Unicode>diuidi.</pc:Unicode>
                    </pc:TextEquiv>
                </pc:Word>
                <pc:Word id="region0006_line0006_word0005">
                    <pc:Coords points="898,551 1034,551 1034,604 898,604"/>
                    <pc:TextEquiv conf="0.504300880432129">
                        <pc:Unicode>Signũ</pc:Unicode>
                    </pc:TextEquiv>
                </pc:Word>
                <pc:TextEquiv conf="0.660504315694173">
                    <pc:Unicode>minimẽ in partes queat diuidi. Signũ</pc:Unicode>
                </pc:TextEquiv>
            </pc:TextLine>
            <pc:TextLine id="region0006_line0007">
                <pc:Coords points="253,599 1036,599 1036,667 253,667"/>
                <pc:Word id="region0006_line0007_word0000">
                    <pc:Coords points="253,620 328,620 328,658 253,658"/>
                    <pc:TextEquiv conf="0.553525886535644">
                        <pc:Unicode>hloc</pc:Unicode>
                    </pc:TextEquiv>
                </pc:Word>
                <pc:Word id="region0006_line0007_word0001">
                    <pc:Coords points="338,617 430,617 430,656 338,656"/>
                    <pc:TextEquiv conf="0.752596740722656">
                        <pc:Unicode>loco</pc:Unicode>
                    </pc:TextEquiv>
                </pc:Word>
                <pc:Word id="region0006_line0007_word0002">
                    <pc:Coords points="442,613 623,613 623,667 442,667"/>
                    <pc:TextEquiv conf="0.908503494262695">
                        <pc:Unicode>appello,</pc:Unicode>
                    </pc:TextEquiv>
                </pc:Word>
                <pc:Word id="region0006_line0007_word0003">
                    <pc:Coords points="665,608 827,608 827,661 665,661"/>
                    <pc:TextEquiv conf="0.926792678833008">
                        <pc:Unicode>quicquid</pc:Unicode>
                    </pc:TextEquiv>
                </pc:Word>
                <pc:Word id="region0006_line0007_word0004">
                    <pc:Coords points="836,611 879,611 879,646 836,646"/>
                    <pc:TextEquiv conf="0.905180358886719">
                        <pc:Unicode>in</pc:Unicode>
                    </pc:TextEquiv>
                </pc:Word>
                <pc:Word id="region0006_line0007_word0005">
                    <pc:Coords points="888,604 926,604 926,646 888,646"/>
                    <pc:TextEquiv conf="0.356984405517578">
                        <pc:Unicode>ſo</pc:Unicode>
                    </pc:TextEquiv>
                </pc:Word>
                <pc:Word id="region0006_line0007_word0006">
                    <pc:Coords points="933,599 1036,599 1036,658 933,658"/>
                    <pc:TextEquiv conf="0.644761505126953">
                        <pc:Unicode>per</pc:Unicode>
                    </pc:TextEquiv>
                </pc:Word>
                <pc:Word id="region0006_line0007_word0007">
                    <pc:Coords points="1004,667 1036,667 1036,599 1004,599"/>
                    <pc:TextEquiv conf="0.664111404418945">
                        <pc:Unicode>ſi</pc:Unicode>
                    </pc:TextEquiv>
                </pc:Word>
                <pc:TextEquiv conf="0.714057059288025">
                    <pc:Unicode>hloc loco appello, quicquid in ſo per ſi</pc:Unicode>
                </pc:TextEquiv>
            </pc:TextLine>
            <pc:TextLine id="region0006_line0008">
                <pc:Coords points="253,659 1033,659 1033,718 253,718"/>
                <pc:Word id="region0006_line0008_word0000">
                    <pc:Coords points="253,676 311,676 311,711 253,711"/>
                    <pc:TextEquiv conf="0.922044830322266">
                        <pc:Unicode>cie</pc:Unicode>
                    </pc:TextEquiv>
                </pc:Word>
                <pc:Word id="region0006_line0008_word0001">
                    <pc:Coords points="328,674 384,674 384,710 328,710"/>
                    <pc:TextEquiv conf="0.917256927490234">
                        <pc:Unicode>ita</pc:Unicode>
                    </pc:TextEquiv>
                </pc:Word>
                <pc:Word id="region0006_line0008_word0002">
                    <pc:Coords points="398,667 555,667 555,711 398,711"/>
                    <pc:TextEquiv conf="0.">
                        <pc:Unicode>inſit,</pc:Unicode>
                    </pc:TextEquiv>
                </pc:Word>
                <pc:Word id="region0006_line0008_word0003">
                    <pc:Coords points="568,659 529,659 529,718 568,718"/>
                    <pc:TextEquiv conf="0.712350006103516">
                        <pc:Unicode>ut</pc:Unicode>
                    </pc:TextEquiv>
                </pc:Word>
                <pc:Word id="region0006_line0008_word0004">
                    <pc:Coords points="569,667 685,667 685,718 569,718"/>
                    <pc:TextEquiv conf="0.905410232543945">
                        <pc:Unicode>poſſit</pc:Unicode>
                    </pc:TextEquiv>
                </pc:Word>
                <pc:Word id="region0006_line0008_word0005">
                    <pc:Coords points="705,660 824,660 824,702 705,702"/>
                    <pc:TextEquiv conf="0.931062698364258">
                        <pc:Unicode>oculo</pc:Unicode>
                    </pc:TextEquiv>
                </pc:Word>
                <pc:Word id="region0006_line0008_word0006">
                    <pc:Coords points="838,659 1033,659 1033,710 838,710"/>
                    <pc:TextEquiv conf="0.924698867797852">
                        <pc:Unicode>conſpici:</pc:Unicode>
                    </pc:TextEquiv>
                </pc:Word>
                <pc:TextEquiv conf="0.901831937517439">
                    <pc:Unicode>cie ita inſit, ut poſſit oculo conſpici:</pc:Unicode>
                </pc:TextEquiv>
            </pc:TextLine>
            <pc:TextLine id="region0006_line0009">
                <pc:Coords points="254,715 1037,715 1037,779 254,779"/>
                <pc:Word id="region0006_line0009_word0000">
                    <pc:Coords points="254,737 346,737 346,779 254,779"/>
                    <pc:TextEquiv conf="0.906573333740234">
                        <pc:Unicode>quæ</pc:Unicode>
                    </pc:TextEquiv>
                </pc:Word>
                <pc:Word id="region0006_line0009_word0001">
                    <pc:Coords points="357,721 453,721 453,764 357,764"/>
                    <pc:TextEquiv conf="0.864956207275391">
                        <pc:Unicode>uerò</pc:Unicode>
                    </pc:TextEquiv>
                </pc:Word>
                <pc:Word id="region0006_line0009_word0002">
                    <pc:Coords points="464,723 655,723 655,771 464,771"/>
                    <pc:TextEquiv conf="0.915952911376953">
                        <pc:Unicode>intuitum</pc:Unicode>
                    </pc:TextEquiv>
                </pc:Word>
                <pc:Word id="region0006_line0009_word0003">
                    <pc:Coords points="666,728 752,728 752,755 666,755"/>
                    <pc:TextEquiv conf="0.924494247436523">
                        <pc:Unicode>non</pc:Unicode>
                    </pc:TextEquiv>
                </pc:Word>
                <pc:Word id="region0006_line0009_word0004">
                    <pc:Coords points="763,715 977,715 977,767 763,767"/>
                    <pc:TextEquiv conf="0.91759147644043">
                        <pc:Unicode>recipiunt,</pc:Unicode>
                    </pc:TextEquiv>
                </pc:Word>
                <pc:Word id="region0006_line0009_word0005">
                    <pc:Coords points="992,723 1037,723 1037,748 992,748"/>
                    <pc:TextEquiv conf="0.86785530090332">
                        <pc:Unicode>ea</pc:Unicode>
                    </pc:TextEquiv>
                </pc:Word>
                <pc:TextEquiv conf="0.899570579528809">
                    <pc:Unicode>quæ uerò intuitum non recipiunt, ea</pc:Unicode>
                </pc:TextEquiv>
            </pc:TextLine>
            <pc:TextLine id="region0006_line0010">
                <pc:Coords points="255,769 1034,769 1034,828 255,828"/>
                <pc:Word id="region0006_line0010_word0000">
                    <pc:Coords points="255,791 378,791 378,819 255,819"/>
                    <pc:TextEquiv conf="0.273492279052734">
                        <pc:Unicode>nemo</pc:Unicode>
                    </pc:TextEquiv>
                </pc:Word>
                <pc:Word id="region0006_line0010_word0001">
                    <pc:Coords points="396,777 446,777 446,816 396,816"/>
                    <pc:TextEquiv conf="0.925439224243164">
                        <pc:Unicode>ad</pc:Unicode>
                    </pc:TextEquiv>
                </pc:Word>
                <pc:Word id="region0006_line0010_word0002">
                    <pc:Coords points="458,769 616,769 616,828 458,828"/>
                    <pc:TextEquiv conf="0.922202072143555">
                        <pc:Unicode>pictorẽ</pc:Unicode>
                    </pc:TextEquiv>
                </pc:Word>
                <pc:Word id="region0006_line0010_word0003">
                    <pc:Coords points="633,769 732,769 732,810 633,810"/>
                    <pc:TextEquiv conf="0.920238800048828">
                        <pc:Unicode>nihil</pc:Unicode>
                    </pc:TextEquiv>
                </pc:Word>
                <pc:Word id="region0006_line0010_word0004">
                    <pc:Coords points="749,773 950,773 950,822 749,822"/>
                    <pc:TextEquiv conf="0.914617538452148">
                        <pc:Unicode>pertinere</pc:Unicode>
                    </pc:TextEquiv>
                </pc:Word>
                <pc:Word id="region0006_line0010_word0005">
                    <pc:Coords points="966,777 1034,777 1034,803 966,803"/>
                    <pc:TextEquiv conf="0.916328277587891">
                        <pc:Unicode>ne-</pc:Unicode>
                    </pc:TextEquiv>
                </pc:Word>
                <pc:TextEquiv conf="0.812053031921387">
                    <pc:Unicode>nemo ad pictorẽ nihil pertinere ne-</pc:Unicode>
                </pc:TextEquiv>
            </pc:TextLine>
            <pc:TextLine id="region0006_line0011">
                <pc:Coords points="256,819 1036,819 1036,885 256,885"/>
                <pc:Word id="region0006_line0011_word0000">
                    <pc:Coords points="256,844 336,844 336,885 256,885"/>
                    <pc:TextEquiv conf="0.881648483276367">
                        <pc:Unicode>gat.</pc:Unicode>
                    </pc:TextEquiv>
                </pc:Word>
                <pc:Word id="region0006_line0011_word0001">
                    <pc:Coords points="356,831 464,831 464,871 356,871"/>
                    <pc:TextEquiv conf="0.918356170654297">
                        <pc:Unicode>Nam</pc:Unicode>
                    </pc:TextEquiv>
                </pc:Word>
                <pc:Word id="region0006_line0011_word0002">
                    <pc:Coords points="479,842 523,842 523,867 479,867"/>
                    <pc:TextEquiv conf="0.80740119934082">
                        <pc:Unicode>ea</pc:Unicode>
                    </pc:TextEquiv>
                </pc:Word>
                <pc:Word id="region0006_line0011_word0003">
                    <pc:Coords points="650,819 538,819 538,885 650,885"/>
                    <pc:TextEquiv conf="0.926456985473633">
                        <pc:Unicode>ſolum</pc:Unicode>
                    </pc:TextEquiv>
                </pc:Word>
                <pc:Word id="region0006_line0011_word0004">
                    <pc:Coords points="669,825 812,825 812,863 669,863"/>
                    <pc:TextEquiv conf="0.625341110229492">
                        <pc:Unicode>imiiari</pc:Unicode>
                    </pc:TextEquiv>
                </pc:Word>
                <pc:Word id="region0006_line0011_word0005">
                    <pc:Coords points="824,820 953,820 953,862 824,862"/>
                    <pc:TextEquiv conf="0.923012084960937">
                        <pc:Unicode>ſtudet</pc:Unicode>
                    </pc:TextEquiv>
                </pc:Word>
                <pc:Word id="region0006_line0011_word0006">
                    <pc:Coords points="970,819 1036,819 1036,871 970,871"/>
                    <pc:TextEquiv conf="0.74210075378418">
                        <pc:Unicode>pi⸗</pc:Unicode>
                    </pc:TextEquiv>
                </pc:Word>
                <pc:TextEquiv conf="0.832045255388532">
                    <pc:Unicode>gat. Nam ea ſolum imiiari ſtudet pi⸗</pc:Unicode>
                </pc:TextEquiv>
            </pc:TextLine>
            <pc:TextLine id="region0006_line0012">
                <pc:Coords points="256,866 1038,866 1038,937 256,937"/>
                <pc:Word id="region0006_line0012_word0000">
                    <pc:Coords points="256,886 361,886 361,934 256,934"/>
                    <pc:TextEquiv conf="0.401502685546875">
                        <pc:Unicode>or,</pc:Unicode>
                    </pc:TextEquiv>
                </pc:Word>
                <pc:Word id="region0006_line0012_word0001">
                    <pc:Coords points="371,896 461,896 461,937 371,937"/>
                    <pc:TextEquiv conf="0.898416976928711">
                        <pc:Unicode>quæ</pc:Unicode>
                    </pc:TextEquiv>
                </pc:Word>
                <pc:Word id="region0006_line0012_word0002">
                    <pc:Coords points="470,881 536,881 536,921 470,921"/>
                    <pc:TextEquiv conf="0.911620254516602">
                        <pc:Unicode>ſub</pc:Unicode>
                    </pc:TextEquiv>
                </pc:Word>
                <pc:Word id="region0006_line0012_word0003">
                    <pc:Coords points="545,881 630,881 630,919 545,919"/>
                    <pc:TextEquiv conf="0.905319061279297">
                        <pc:Unicode>luce</pc:Unicode>
                    </pc:TextEquiv>
                </pc:Word>
                <pc:Word id="region0006_line0012_word0004">
                    <pc:Coords points="638,866 871,866 871,928 638,928"/>
                    <pc:TextEquiv conf="0.383784637451172">
                        <pc:Unicode>uideantur.</pc:Unicode>
                    </pc:TextEquiv>
                </pc:Word>
                <pc:Word id="region0006_line0012_word0005">
                    <pc:Coords points="893,866 1038,866 1038,928 893,928"/>
                    <pc:TextEquiv conf="0.848053131103516">
                        <pc:Unicode>Puncta</pc:Unicode>
                    </pc:TextEquiv>
                </pc:Word>
                <pc:TextEquiv conf="0.724782791137695">
                    <pc:Unicode>or, quæ ſub luce uideantur. Puncta</pc:Unicode>
                </pc:TextEquiv>
            </pc:TextLine>
            <pc:TextLine id="region0006_line0013">
                <pc:Coords points="258,928 1034,928 1034,993 258,993"/>
                <pc:Word id="region0006_line0013_word0000">
                    <pc:Coords points="258,939 434,939 434,993 258,993"/>
                    <pc:TextEquiv conf="0.901482620239258">
                        <pc:Unicode>quidem,</pc:Unicode>
                    </pc:TextEquiv>
                </pc:Word>
                <pc:Word id="region0006_line0013_word0001">
                    <pc:Coords points="445,935 472,935 472,975 445,975"/>
                    <pc:TextEquiv conf="0.908244018554688">
                        <pc:Unicode>ſi</pc:Unicode>
                    </pc:TextEquiv>
                </pc:Word>
                <pc:Word id="region0006_line0013_word0002">
                    <pc:Coords points="481,933 728,933 728,975 481,975"/>
                    <pc:TextEquiv conf="0.91970703125">
                        <pc:Unicode>continenter</pc:Unicode>
                    </pc:TextEquiv>
                </pc:Word>
                <pc:Word id="region0006_line0013_word0003">
                    <pc:Coords points="736,933 780,933 780,968 736,968"/>
                    <pc:TextEquiv conf="0.91970703125">
                        <pc:Unicode>in</pc:Unicode>
                    </pc:TextEquiv>
                </pc:Word>
                <pc:Word id="region0006_line0013_word0004">
                    <pc:Coords points="792,928 934,928 934,967 792,967"/>
                    <pc:TextEquiv conf="0.912185516357422">
                        <pc:Unicode>ordine</pc:Unicode>
                    </pc:TextEquiv>
                </pc:Word>
                <pc:Word id="region0006_line0013_word0005">
                    <pc:Coords points="944,928 1034,928 1034,965 944,965"/>
                    <pc:TextEquiv conf="0.903061141967773">
                        <pc:Unicode>iun-</pc:Unicode>
                    </pc:TextEquiv>
                </pc:Word>
                <pc:TextEquiv conf="0.91073122660319">
                    <pc:Unicode>quidem, ſi continenter in ordine iun-</pc:Unicode>
                </pc:TextEquiv>
            </pc:TextLine>
            <pc:TextLine id="region0006_line0014">
                <pc:Coords points="260,976 1040,976 1040,1048 260,1048"/>
                <pc:Word id="region0006_line0014_word0000">
                    <pc:Coords points="260,1005 422,1005 422,1048 260,1048"/>
                    <pc:TextEquiv conf="0.819880447387695">
                        <pc:Unicode>gantur,</pc:Unicode>
                    </pc:TextEquiv>
                </pc:Word>
                <pc:Word id="region0006_line0014_word0001">
                    <pc:Coords points="434,986 776,986 776,1041 434,1041"/>
                    <pc:TextEquiv conf="0.700855407714844">
                        <pc:Unicode>linealextendent,</pc:Unicode>
                    </pc:TextEquiv>
                </pc:Word>
                <pc:Word id="region0006_line0014_word0002">
                    <pc:Coords points="789,978 916,978 916,1038 789,1038"/>
                    <pc:TextEquiv conf="0.881063232421875">
                        <pc:Unicode>Eritq;</pc:Unicode>
                    </pc:TextEquiv>
                </pc:Word>
                <pc:Word id="region0006_line0014_word0003">
                    <pc:Coords points="928,976 1040,976 1040,1031 928,1031"/>
                    <pc:TextEquiv conf="0.906953506469727">
                        <pc:Unicode>apud</pc:Unicode>
                    </pc:TextEquiv>
                </pc:Word>
                <pc:TextEquiv conf="0.827188148498535">
                    <pc:Unicode>gantur, linealextendent, Eritq; apud</pc:Unicode>
                </pc:TextEquiv>
            </pc:TextLine>
            <pc:TextLine id="region0006_line0015">
                <pc:Coords points="258,1025 1038,1025 1038,1114 258,1114"/>
                <pc:Word id="region0006_line0015_word0000">
                    <pc:Coords points="258,1041 323,1041 323,1114 258,1114"/>
                    <pc:TextEquiv conf="0.899174194335937">
                        <pc:Unicode>nos</pc:Unicode>
                    </pc:TextEquiv>
                </pc:Word>
                <pc:Word id="region0006_line0015_word0001">
                    <pc:Coords points="345,1045 448,1045 448,1110 345,1110"/>
                    <pc:TextEquiv conf="0.916044845581055">
                        <pc:Unicode>linea</pc:Unicode>
                    </pc:TextEquiv>
                </pc:Word>
                <pc:Word id="region0006_line0015_word0002">
                    <pc:Coords points="460,1042 614,1042 614,1106 460,1106"/>
                    <pc:TextEquiv conf="0.509613075256348">
                        <pc:Unicode>ſgnum</pc:Unicode>
                    </pc:TextEquiv>
                </pc:Word>
                <pc:Word id="region0006_line0015_word0003">
                    <pc:Coords points="649,1051 759,1051 759,1101 649,1101"/>
                    <pc:TextEquiv conf="0.50550952911377">
                        <pc:Unicode>cuius</pc:Unicode>
                    </pc:TextEquiv>
                </pc:Word>
                <pc:Word id="region0006_line0015_word0004">
                    <pc:Coords points="769,1030 939,1030 939,1102 769,1102"/>
                    <pc:TextEquiv conf="0.591144027709961">
                        <pc:Unicode>longitu</pc:Unicode>
                    </pc:TextEquiv>
                </pc:Word>
                <pc:Word id="region0006_line0015_word0005">
                    <pc:Coords points="931,1025 978,1025 978,1087 931,1087"/>
                    <pc:TextEquiv conf="0.311482467651367">
                        <pc:Unicode>do</pc:Unicode>
                    </pc:TextEquiv>
                </pc:Word>
                <pc:Word id="region0006_line0015_word0006">
                    <pc:Coords points="1000,1029 1038,1029 1038,1069 1000,1069"/>
                    <pc:TextEquiv conf="0.925448989868164">
                        <pc:Unicode>ſa</pc:Unicode>
                    </pc:TextEquiv>
                </pc:Word>
                <pc:TextEquiv conf="0.665488161359515">
                    <pc:Unicode>nos linea ſgnum cuius longitu do ſa</pc:Unicode>
                </pc:TextEquiv>
            </pc:TextLine>
            <pc:TextLine id="region0006_line0016">
                <pc:Coords points="258,1078 1005,1078 1005,1155 258,1155"/>
                <pc:Word id="region0006_line0016_word0000">
                    <pc:Coords points="258,1115 307,1115 307,1155 258,1155"/>
                    <pc:TextEquiv conf="0.382301292419434">
                        <pc:Unicode>ne</pc:Unicode>
                    </pc:TextEquiv>
                </pc:Word>
                <pc:Word id="region0006_line0016_word0001">
                    <pc:Coords points="316,1112 358,1112 358,1139 316,1139"/>
                    <pc:TextEquiv conf="0.382301292419434">
                        <pc:Unicode>in</pc:Unicode>
                    </pc:TextEquiv>
                </pc:Word>
                <pc:Word id="region0006_line0016_word0002">
                    <pc:Coords points="368,1109 496,1109 496,1152 368,1152"/>
                    <pc:TextEquiv conf="0.876106643676758">
                        <pc:Unicode>partes</pc:Unicode>
                    </pc:TextEquiv>
                </pc:Word>
                <pc:Word id="region0006_line0016_word0003">
                    <pc:Coords points="509,1094 632,1094 632,1134 509,1134"/>
                    <pc:TextEquiv conf="0.655860443115234">
                        <pc:Unicode>diuidi</pc:Unicode>
                    </pc:TextEquiv>
                </pc:Word>
                <pc:Word id="region0006_line0016_word0004">
                    <pc:Coords points="645,1087 858,1087 858,1145 645,1145"/>
                    <pc:TextEquiv conf="0.384293594360352">
                        <pc:Unicode>poſſit.</pc:Unicode>
                    </pc:TextEquiv>
                </pc:Word>
                <pc:Word id="region0006_line0016_word0005">
                    <pc:Coords points="848,1083 790,1083 790,1155 848,1155"/>
                    <pc:TextEquiv conf="0.384293594360352">
                        <pc:Unicode>Sed</pc:Unicode>
                    </pc:TextEquiv>
                </pc:Word>
                <pc:Word id="region0006_line0016_word0006">
                    <pc:Coords points="868,1099 945,1099 945,1127 868,1127"/>
                    <pc:TextEquiv conf="0.858738861083984">
                        <pc:Unicode>erit</pc:Unicode>
                    </pc:TextEquiv>
                </pc:Word>
                <pc:Word id="region0006_line0016_word0007">
                    <pc:Coords points="954,1078 1005,1078 1005,1143 954,1143"/>
                    <pc:TextEquiv conf="0.346156921386719">
                        <pc:Unicode>uſe</pc:Unicode>
                    </pc:TextEquiv>
                </pc:Word>
                <pc:TextEquiv conf="0.533756580352783">
                    <pc:Unicode>ne in partes diuidi poſſit. Sed erit uſe</pc:Unicode>
                </pc:TextEquiv>
            </pc:TextLine>
            <pc:TextLine id="region0006_line0017">
                <pc:Coords points="259,1143 1039,1143 1039,1195 259,1195"/>
                <pc:Word id="region0006_line0017_word0000">
                    <pc:Coords points="354,1143 259,1143 259,1195 354,1195"/>
                    <pc:TextEquiv conf="0.586574172973633">
                        <pc:Unicode>Aeo</pc:Unicode>
                    </pc:TextEquiv>
                </pc:Word>
                <pc:Word id="region0006_line0017_word0001">
                    <pc:Coords points="595,1143 381,1143 381,1195 595,1195"/>
                    <pc:TextEquiv conf="0.570214653015137">
                        <pc:Unicode>Ltitudine</pc:Unicode>
                    </pc:TextEquiv>
                </pc:Word>
                <pc:Word id="region0006_line0017_word0002">
                    <pc:Coords points="616,1143 864,1143 864,1192 616,1192"/>
                    <pc:TextEquiv conf="0.911647338867188">
                        <pc:Unicode>tenuiſſima,</pc:Unicode>
                    </pc:TextEquiv>
                </pc:Word>
                <pc:Word id="region0006_line0017_word0003">
                    <pc:Coords points="881,1152 930,1152 930,1181 881,1181"/>
                    <pc:TextEquiv conf="0.921288604736328">
                        <pc:Unicode>ut</pc:Unicode>
                    </pc:TextEquiv>
                </pc:Word>
                <pc:Word id="region0006_line0017_word0004">
                    <pc:Coords points="946,1143 1039,1143 1039,1179 946,1179"/>
                    <pc:TextEquiv conf="0.422780303955078">
                        <pc:Unicode>nuſ⸗</pc:Unicode>
                    </pc:TextEquiv>
                </pc:Word>
                <pc:TextEquiv conf="0.682501014709473">
                    <pc:Unicode>Aeo Ltitudine tenuiſſima, ut nuſ⸗</pc:Unicode>
                </pc:TextEquiv>
            </pc:TextLine>
            <pc:TextLine id="region0006_line0018">
                <pc:Coords points="260,1195 1044,1195 1044,1260 260,1260"/>
                <pc:Word id="region0006_line0018_word0000">
                    <pc:Coords points="260,1207 380,1207 380,1260 260,1260"/>
                    <pc:TextEquiv conf="0.923157119750977">
                        <pc:Unicode>quam</pc:Unicode>
                    </pc:TextEquiv>
                </pc:Word>
                <pc:Word id="region0006_line0018_word0001">
                    <pc:Coords points="392,1203 491,1203 491,1245 392,1245"/>
                    <pc:TextEquiv conf="0.744702835083008">
                        <pc:Unicode>findi</pc:Unicode>
                    </pc:TextEquiv>
                </pc:Word>
                <pc:Word id="region0006_line0018_word0002">
                    <pc:Coords points="503,1212 646,1212 646,1256 503,1256"/>
                    <pc:TextEquiv conf="0.649567489624023">
                        <pc:Unicode>quæat.</pc:Unicode>
                    </pc:TextEquiv>
                </pc:Word>
                <pc:Word id="region0006_line0018_word0003">
                    <pc:Coords points="661,1201 880,1201 880,1240 661,1240"/>
                    <pc:TextEquiv conf="0.649567489624023">
                        <pc:Unicode>Linearum</pc:Unicode>
                    </pc:TextEquiv>
                </pc:Word>
                <pc:Word id="region0006_line0018_word0004">
                    <pc:Coords points="964,1195 881,1195 881,1260 964,1260"/>
                    <pc:TextEquiv conf="0.905930023193359">
                        <pc:Unicode>alia</pc:Unicode>
                    </pc:TextEquiv>
                </pc:Word>
                <pc:Word id="region0006_line0018_word0005">
                    <pc:Coords points="981,1260 1044,1260 1044,1195 981,1195"/>
                    <pc:TextEquiv conf="0.68226676940918">
                        <pc:Unicode>re-</pc:Unicode>
                    </pc:TextEquiv>
                </pc:Word>
                <pc:TextEquiv conf="0.759198621114095">
                    <pc:Unicode>quam findi quæat. Linearum alia re-</pc:Unicode>
                </pc:TextEquiv>
            </pc:TextLine>
            <pc:TextLine id="region0006_line0019">
                <pc:Coords points="260,1248 1039,1248 1039,1314 260,1314"/>
                <pc:Word id="region0006_line0019_word0000">
                    <pc:Coords points="260,1263 344,1263 344,1314 260,1314"/>
                    <pc:TextEquiv conf="0.375941543579102">
                        <pc:Unicode>a</pc:Unicode>
                    </pc:TextEquiv>
                </pc:Word>
                <pc:Word id="region0006_line0019_word0001">
                    <pc:Coords points="346,1261 420,1261 420,1312 346,1312"/>
                    <pc:TextEquiv conf="0.375941543579102">
                        <pc:Unicode>alia</pc:Unicode>
                    </pc:TextEquiv>
                </pc:Word>
                <pc:Word id="region0006_line0019_word0002">
                    <pc:Coords points="434,1258 546,1258 546,1308 434,1308"/>
                    <pc:TextEquiv conf="0.679807739257812">
                        <pc:Unicode>flexa.</pc:Unicode>
                    </pc:TextEquiv>
                </pc:Word>
                <pc:Word id="region0006_line0019_word0003">
                    <pc:Coords points="561,1254 691,1254 691,1295 561,1295"/>
                    <pc:TextEquiv conf="0.892013854980469">
                        <pc:Unicode>Recta</pc:Unicode>
                    </pc:TextEquiv>
                </pc:Word>
                <pc:Word id="region0006_line0019_word0004">
                    <pc:Coords points="700,1254 804,1254 804,1292 700,1292"/>
                    <pc:TextEquiv conf="0.92112190246582">
                        <pc:Unicode>linea</pc:Unicode>
                    </pc:TextEquiv>
                </pc:Word>
                <pc:Word id="region0006_line0019_word0005">
                    <pc:Coords points="816,1249 868,1249 868,1291 816,1291"/>
                    <pc:TextEquiv conf="0.897387924194336">
                        <pc:Unicode>eſt</pc:Unicode>
                    </pc:TextEquiv>
                </pc:Word>
                <pc:Word id="region0006_line0019_word0006">
                    <pc:Coords points="877,1248 1039,1248 1039,1302 877,1302"/>
                    <pc:TextEquiv conf="0.897387924194336">
                        <pc:Unicode>ſignum</pc:Unicode>
                    </pc:TextEquiv>
                </pc:Word>
                <pc:TextEquiv conf="0.719943204607282">
                    <pc:Unicode>a alia flexa. Recta linea eſt ſignum</pc:Unicode>
                </pc:TextEquiv>
            </pc:TextLine>
            <pc:TextLine id="region0006_line0020">
                <pc:Coords points="260,1302 1024,1302 1024,1368 260,1368"/>
                <pc:Word id="region0006_line0020_word0000">
                    <pc:Coords points="260,1313 446,1313 446,1368 260,1368"/>
                    <pc:TextEquiv conf="0.752123413085938">
                        <pc:Unicode>puncto</pc:Unicode>
                    </pc:TextEquiv>
                </pc:Word>
                <pc:Word id="region0006_line0020_word0001">
                    <pc:Coords points="459,1312 509,1312 509,1351 459,1351"/>
                    <pc:TextEquiv conf="0.927661361694336">
                        <pc:Unicode>ad</pc:Unicode>
                    </pc:TextEquiv>
                </pc:Word>
                <pc:Word id="region0006_line0020_word0002">
                    <pc:Coords points="516,1309 713,1309 713,1363 516,1363"/>
                    <pc:TextEquiv conf="0.928722991943359">
                        <pc:Unicode>punctum</pc:Unicode>
                    </pc:TextEquiv>
                </pc:Word>
                <pc:Word id="region0006_line0020_word0003">
                    <pc:Coords points="730,1304 879,1304 879,1346 730,1346"/>
                    <pc:TextEquiv conf="0.908086547851563">
                        <pc:Unicode>directe</pc:Unicode>
                    </pc:TextEquiv>
                </pc:Word>
                <pc:Word id="region0006_line0020_word0004">
                    <pc:Coords points="893,1307 938,1307 938,1342 893,1342"/>
                    <pc:TextEquiv conf="0.910679931640625">
                        <pc:Unicode>in</pc:Unicode>
                    </pc:TextEquiv>
                </pc:Word>
                <pc:Word id="region0006_line0020_word0005">
                    <pc:Coords points="948,1302 1024,1302 1024,1341 948,1341"/>
                    <pc:TextEquiv conf="0.927400131225586">
                        <pc:Unicode>lon</pc:Unicode>
                    </pc:TextEquiv>
                </pc:Word>
                <pc:TextEquiv conf="0.892445729573568">
                    <pc:Unicode>puncto ad punctum directe in lon</pc:Unicode>
                </pc:TextEquiv>
            </pc:TextLine>
            <pc:TextLine id="region0006_line0021">
                <pc:Coords points="261,1355 1041,1355 1041,1422 261,1422"/>
                <pc:Word id="region0006_line0021_word0000">
                    <pc:Coords points="261,1382 360,1382 360,1422 261,1422"/>
                    <pc:TextEquiv conf="0.288316955566406">
                        <pc:Unicode>güùm</pc:Unicode>
                    </pc:TextEquiv>
                </pc:Word>
                <pc:Word id="region0006_line0021_word0001">
                    <pc:Coords points="371,1364 615,1364 615,1420 371,1420"/>
                    <pc:TextEquiv conf="0.898831176757813">
                        <pc:Unicode>protenſum.</pc:Unicode>
                    </pc:TextEquiv>
                </pc:Word>
                <pc:Word id="region0006_line0021_word0002">
                    <pc:Coords points="628,1363 752,1363 752,1404 628,1404"/>
                    <pc:TextEquiv conf="0.912592239379883">
                        <pc:Unicode>Flexa</pc:Unicode>
                    </pc:TextEquiv>
                </pc:Word>
                <pc:Word id="region0006_line0021_word0003">
                    <pc:Coords points="762,1358 814,1358 814,1398 762,1398"/>
                    <pc:TextEquiv conf="0.920790939331055">
                        <pc:Unicode>eſt</pc:Unicode>
                    </pc:TextEquiv>
                </pc:Word>
                <pc:Word id="region0006_line0021_word0004">
                    <pc:Coords points="822,1370 912,1370 912,1411 822,1411"/>
                    <pc:TextEquiv conf="0.915018768310547">
                        <pc:Unicode>quæ</pc:Unicode>
                    </pc:TextEquiv>
                </pc:Word>
                <pc:Word id="region0006_line0021_word0005">
                    <pc:Coords points="923,1355 944,1355 944,1396 923,1396"/>
                    <pc:TextEquiv conf="0.700494918823242">
                        <pc:Unicode>à</pc:Unicode>
                    </pc:TextEquiv>
                </pc:Word>
                <pc:Word id="region0006_line0021_word0006">
                    <pc:Coords points="953,1364 1041,1364 1041,1408 953,1408"/>
                    <pc:TextEquiv conf="0.832720031738281">
                        <pc:Unicode>pun</pc:Unicode>
                    </pc:TextEquiv>
                </pc:Word>
                <pc:TextEquiv conf="0.781252147129604">
                    <pc:Unicode>güùm protenſum. Flexa eſt quæ à pun</pc:Unicode>
                </pc:TextEquiv>
            </pc:TextLine>
            <pc:TextLine id="region0006_line0022">
                <pc:Coords points="262,1407 1041,1407 1041,1474 262,1474"/>
                <pc:Word id="region0006_line0022_word0000">
                    <pc:Coords points="262,1423 330,1423 330,1463 262,1463"/>
                    <pc:TextEquiv conf="0.677548294067383">
                        <pc:Unicode>Ao</pc:Unicode>
                    </pc:TextEquiv>
                </pc:Word>
                <pc:Word id="region0006_line0022_word0001">
                    <pc:Coords points="342,1422 389,1422 389,1461 342,1461"/>
                    <pc:TextEquiv conf="0.894095993041992">
                        <pc:Unicode>ad</pc:Unicode>
                    </pc:TextEquiv>
                </pc:Word>
                <pc:Word id="region0006_line0022_word0002">
                    <pc:Coords points="403,1418 599,1418 599,1474 403,1474"/>
                    <pc:TextEquiv conf="0.926852798461914">
                        <pc:Unicode>punctum</pc:Unicode>
                    </pc:TextEquiv>
                </pc:Word>
                <pc:Word id="region0006_line0022_word0003">
                    <pc:Coords points="610,1429 696,1429 696,1455 610,1455"/>
                    <pc:TextEquiv conf="0.897966003417969">
                        <pc:Unicode>non</pc:Unicode>
                    </pc:TextEquiv>
                </pc:Word>
                <pc:Word id="region0006_line0022_word0004">
                    <pc:Coords points="709,1413 819,1413 819,1453 709,1453"/>
                    <pc:TextEquiv conf="0.904191741943359">
                        <pc:Unicode>recto</pc:Unicode>
                    </pc:TextEquiv>
                </pc:Word>
                <pc:Word id="region0006_line0022_word0005">
                    <pc:Coords points="830,1407 1041,1407 1041,1465 830,1465"/>
                    <pc:TextEquiv conf="0.818331146240234">
                        <pc:Unicode>greſſu,</pc:Unicode>
                    </pc:TextEquiv>
                </pc:Word>
                <pc:Word id="region0006_line0022_word0006">
                    <pc:Coords points="984,1474 1041,1474 1041,1407 984,1407"/>
                    <pc:TextEquiv conf="0.864770889282227">
                        <pc:Unicode>ſed</pc:Unicode>
                    </pc:TextEquiv>
                </pc:Word>
                <pc:TextEquiv conf="0.854822409493583">
                    <pc:Unicode>Ao ad punctum non recto greſſu, ſed</pc:Unicode>
                </pc:TextEquiv>
            </pc:TextLine>
            <pc:TextLine id="region0006_line0023">
                <pc:Coords points="260,1459 1043,1459 1043,1520 260,1520"/>
                <pc:Word id="region0006_line0023_word0000">
                    <pc:Coords points="260,1475 370,1475 370,1518 260,1518"/>
                    <pc:TextEquiv conf="0.427010040283203">
                        <pc:Unicode>Ao</pc:Unicode>
                    </pc:TextEquiv>
                </pc:Word>
                <pc:Word id="region0006_line0023_word0001">
                    <pc:Coords points="378,1473 463,1473 463,1514 378,1514"/>
                    <pc:TextEquiv conf="0.606902465820312">
                        <pc:Unicode>ſinu</pc:Unicode>
                    </pc:TextEquiv>
                </pc:Word>
                <pc:Word id="region0006_line0023_word0002">
                    <pc:Coords points="653,1459 479,1459 479,1520 653,1520"/>
                    <pc:TextEquiv conf="0.850553283691406">
                        <pc:Unicode>fluxerit.</pc:Unicode>
                    </pc:TextEquiv>
                </pc:Word>
                <pc:Word id="region0006_line0023_word0003">
                    <pc:Coords points="777,1459 671,1459 671,1520 777,1520"/>
                    <pc:TextEquiv conf="0.844280090332031">
                        <pc:Unicode>Lineę</pc:Unicode>
                    </pc:TextEquiv>
                </pc:Word>
                <pc:Word id="region0006_line0023_word0004">
                    <pc:Coords points="788,1466 924,1466 924,1519 788,1519"/>
                    <pc:TextEquiv conf="0.913078384399414">
                        <pc:Unicode>plures</pc:Unicode>
                    </pc:TextEquiv>
                </pc:Word>
                <pc:Word id="region0006_line0023_word0005">
                    <pc:Coords points="932,1459 1043,1459 1043,1517 932,1517"/>
                    <pc:TextEquiv conf="0.914114303588867">
                        <pc:Unicode>quaſi</pc:Unicode>
                    </pc:TextEquiv>
                </pc:Word>
                <pc:TextEquiv conf="0.759323094685872">
                    <pc:Unicode>Ao ſinu fluxerit. Lineę plures quaſi</pc:Unicode>
                </pc:TextEquiv>
            </pc:TextLine>
            <pc:TextLine id="region0006_line0024">
                <pc:Coords points="262,1516 1043,1516 1043,1576 262,1576"/>
                <pc:Word id="region0006_line0024_word0000">
                    <pc:Coords points="262,1528 329,1528 329,1572 262,1572"/>
                    <pc:TextEquiv conf="0.079382171630859">
                        <pc:Unicode>ſla</pc:Unicode>
                    </pc:TextEquiv>
                </pc:Word>
                <pc:Word id="region0006_line0024_word0001">
                    <pc:Coords points="339,1532 384,1532 384,1571 339,1571"/>
                    <pc:TextEquiv conf="0.929267654418945">
                        <pc:Unicode>in</pc:Unicode>
                    </pc:TextEquiv>
                </pc:Word>
                <pc:Word id="region0006_line0024_word0002">
                    <pc:Coords points="393,1524 517,1524 517,1576 393,1576"/>
                    <pc:TextEquiv conf="0.194374694824219">
                        <pc:Unicode>tela,</pc:Unicode>
                    </pc:TextEquiv>
                </pc:Word>
                <pc:Word id="region0006_line0024_word0003">
                    <pc:Coords points="530,1516 495,1516 495,1576 530,1576"/>
                    <pc:TextEquiv conf="0.360055122375488">
                        <pc:Unicode>ſi</pc:Unicode>
                    </pc:TextEquiv>
                </pc:Word>
                <pc:Word id="region0006_line0024_word0004">
                    <pc:Coords points="524,1523 663,1523 663,1568 524,1568"/>
                    <pc:TextEquiv conf="0.919355621337891">
                        <pc:Unicode>adacta</pc:Unicode>
                    </pc:TextEquiv>
                </pc:Word>
                <pc:Word id="region0006_line0024_word0005">
                    <pc:Coords points="910,1516 697,1516 697,1576 910,1576"/>
                    <pc:TextEquiv conf="0.323167724609375">
                        <pc:Unicode>cohæreant.</pc:Unicode>
                    </pc:TextEquiv>
                </pc:Word>
                <pc:Word id="region0006_line0024_word0006">
                    <pc:Coords points="1043,1516 926,1516 926,1576 1043,1576"/>
                    <pc:TextEquiv conf="0.44472843170166">
                        <pc:Unicode>ſuper-</pc:Unicode>
                    </pc:TextEquiv>
                </pc:Word>
                <pc:TextEquiv conf="0.464333060128348">
                    <pc:Unicode>ſla in tela, ſi adacta cohæreant. ſuper-</pc:Unicode>
                </pc:TextEquiv>
            </pc:TextLine>
            <pc:TextLine id="region0006_line0025">
                <pc:Coords points="901,1568 1033,1568 1033,1613 901,1613"/>
                <pc:Word id="region0006_line0025_word0000">
                    <pc:Coords points="901,1568 1033,1568 1033,1613 901,1613"/>
                    <pc:TextEquiv conf="0.708531188964844">
                        <pc:Unicode>ficiem</pc:Unicode>
                    </pc:TextEquiv>
                </pc:Word>
                <pc:TextEquiv conf="0.708531188964844">
                    <pc:Unicode>ficiem</pc:Unicode>
                </pc:TextEquiv>
            </pc:TextLine>
            <pc:TextEquiv conf="0.771085644779624">
                <pc:Unicode>literis materia nos legentes pictores
intellexerint. Peto igitur noſtra non
ut puro à Mathematico, ſed ueluti a
pictore tantũ ſcripta interpretentur.
ltaq; principio nouiſſe oporiet, Pun-
Qua eſſe ſignum, ut ita loquar quod
minimẽ in partes queat diuidi. Signũ
hloc loco appello, quicquid in ſo per ſi
cie ita inſit, ut poſſit oculo conſpici:
quæ uerò intuitum non recipiunt, ea
nemo ad pictorẽ nihil pertinere ne-
gat. Nam ea ſolum imiiari ſtudet pi⸗
or, quæ ſub luce uideantur. Puncta
quidem, ſi continenter in ordine iun-
gantur, linealextendent, Eritq; apud
nos linea ſgnum cuius longitu do ſa
ne in partes diuidi poſſit. Sed erit uſe
Aeo Ltitudine tenuiſſima, ut nuſ⸗
quam findi quæat. Linearum alia re-
a alia flexa. Recta linea eſt ſignum
puncto ad punctum directe in lon
güùm protenſum. Flexa eſt quæ à pun
Ao ad punctum non recto greſſu, ſed
Ao ſinu fluxerit. Lineę plures quaſi
ſla in tela, ſi adacta cohæreant. ſuper-
ficiem</pc:Unicode>
            </pc:TextEquiv>
        </pc:TextRegion>
        <pc:ImageRegion id="region0000" orientation="0.361335123103231">
            <pc:Coords points="0,0 1118,0 1118,1657 0,1657"/>
        </pc:ImageRegion>
    </pc:Page>
</pc:PcGts>
