<?xml version="1.0" encoding="UTF-8"?>
<pc:PcGts xmlns:pc="http://schema.primaresearch.org/PAGE/gts/pagecontent/2019-07-15" xmlns:xsi="http://www.w3.org/2001/XMLSchema-instance" xsi:schemaLocation="http://schema.primaresearch.org/PAGE/gts/pagecontent/2019-07-15 http://schema.primaresearch.org/PAGE/gts/pagecontent/2019-07-15/pagecontent.xsd" pcGtsId="OCR-D-OCR_0003">
    <pc:Metadata>
        <pc:Creator>OCR-D/core 2.30.0</pc:Creator>
        <pc:Created>2022-11-14T12:41:16.236541</pc:Created>
        <pc:LastChange>2022-11-14T12:41:16.236541</pc:LastChange>
        <pc:MetadataItem type="processingStep" name="layout/segmentation/region" value="ocrd-tesserocr-recognize">
            <pc:Labels externalModel="ocrd-tool" externalId="parameters">
                <pc:Label value="region" type="segmentation_level"/>
                <pc:Label value="word" type="textequiv_level"/>
                <pc:Label value="True" type="find_tables"/>
                <pc:Label value="Fraktur_GT4HistOCR" type="model"/>
                <pc:Label value="0" type="dpi"/>
                <pc:Label value="0" type="padding"/>
                <pc:Label value="False" type="overwrite_segments"/>
                <pc:Label value="True" type="overwrite_text"/>
                <pc:Label value="False" type="shrink_polygons"/>
                <pc:Label value="False" type="block_polygons"/>
                <pc:Label value="False" type="find_staves"/>
                <pc:Label value="False" type="sparse_text"/>
                <pc:Label value="False" type="raw_lines"/>
                <pc:Label value="" type="char_whitelist"/>
                <pc:Label value="" type="char_blacklist"/>
                <pc:Label value="" type="char_unblacklist"/>
                <pc:Label value="{}" type="tesseract_parameters"/>
                <pc:Label value="{}" type="xpath_parameters"/>
                <pc:Label value="{}" type="xpath_model"/>
                <pc:Label value="False" type="auto_model"/>
                <pc:Label value="DEFAULT" type="oem"/>
            </pc:Labels>
            <pc:Labels externalModel="ocrd-tool" externalId="version">
                <pc:Label value="0.13.6 (tesseract 5.0.1)" type="ocrd-tesserocr-recognize"/>
                <pc:Label value="2.30.0" type="ocrd/core"/>
            </pc:Labels>
        </pc:MetadataItem>
    </pc:Metadata>
    <pc:Page imageFilename="OCR-D-IMG/OCR-D-IMG_0003.tif" imageWidth="1699" imageHeight="2687">
        <pc:AlternativeImage filename="OCR-D-OCR/OCR-D-OCR_0003.IMG-BIN.png" comments=",binarized,clipped"/>
        <pc:ReadingOrder>
            <pc:OrderedGroup id="reading-order">
                <pc:RegionRefIndexed index="0" regionRef="region0000"/>
                <pc:RegionRefIndexed index="1" regionRef="region0001"/>
                <pc:RegionRefIndexed index="2" regionRef="region0002"/>
                <pc:RegionRefIndexed index="4" regionRef="region0004"/>
                <pc:RegionRefIndexed index="7" regionRef="region0007"/>
                <pc:RegionRefIndexed index="9" regionRef="region0009"/>
                <pc:RegionRefIndexed index="12" regionRef="region0012"/>
                <pc:RegionRefIndexed index="13" regionRef="region0013"/>
            </pc:OrderedGroup>
        </pc:ReadingOrder>
        <pc:TextRegion id="region0000" orientation="-1.166772401052725" readingDirection="left-to-right" textLineOrder="top-to-bottom">
            <pc:Coords points="636,61 1160,61 1160,79 636,79"/>
            <pc:TextLine id="region0000_line0000">
                <pc:Coords points="636,61 1160,61 1160,79 636,79"/>
                <pc:Word id="region0000_line0000_word0000">
                    <pc:Coords points="636,61 778,61 778,73 636,73"/>
                    <pc:TextEquiv conf="0.582549285888672">
                        <pc:Unicode>—</pc:Unicode>
                    </pc:TextEquiv>
                </pc:Word>
                <pc:Word id="region0000_line0000_word0001">
                    <pc:Coords points="922,62 1000,62 1000,78 922,78"/>
                    <pc:TextEquiv conf="0.">
                        <pc:Unicode>—</pc:Unicode>
                    </pc:TextEquiv>
                </pc:Word>
                <pc:Word id="region0000_line0000_word0002">
                    <pc:Coords points="1004,61 999,61 999,79 1004,79"/>
                    <pc:TextEquiv conf="0.106914443969727">
                        <pc:Unicode>—</pc:Unicode>
                    </pc:TextEquiv>
                </pc:Word>
                <pc:Word id="region0000_line0000_word0003">
                    <pc:Coords points="1030,70 1033,70 1033,74 1030,74"/>
                    <pc:TextEquiv conf="0.29105354309082">
                        <pc:Unicode>—</pc:Unicode>
                    </pc:TextEquiv>
                </pc:Word>
                <pc:Word id="region0000_line0000_word0004">
                    <pc:Coords points="1118,66 1160,66 1160,79 1118,79"/>
                    <pc:TextEquiv conf="0.348170928955078">
                        <pc:Unicode>—</pc:Unicode>
                    </pc:TextEquiv>
                </pc:Word>
                <pc:TextEquiv conf="0.465737640380859">
                    <pc:Unicode>— — — — —</pc:Unicode>
                </pc:TextEquiv>
            </pc:TextLine>
            <pc:TextEquiv conf="0.465737640380859">
                <pc:Unicode>— — — — —</pc:Unicode>
            </pc:TextEquiv>
        </pc:TextRegion>
        <pc:TextRegion id="region0001" orientation="-1.166772401052725" readingDirection="left-to-right" textLineOrder="top-to-bottom">
            <pc:Coords points="287,369 979,369 979,406 287,406"/>
            <pc:TextLine id="region0001_line0000">
                <pc:Coords points="287,369 979,369 979,406 287,406"/>
                <pc:Word id="region0001_line0000_word0000">
                    <pc:Coords points="287,371 362,371 362,399 287,399"/>
                    <pc:TextEquiv conf="0.923428649902344">
                        <pc:Unicode>Vom</pc:Unicode>
                    </pc:TextEquiv>
                </pc:Word>
                <pc:Word id="region0001_line0000_word0001">
                    <pc:Coords points="385,372 510,372 510,406 385,406"/>
                    <pc:TextEquiv conf="0.903435897827148">
                        <pc:Unicode>Gerippe</pc:Unicode>
                    </pc:TextEquiv>
                </pc:Word>
                <pc:Word id="region0001_line0000_word0002">
                    <pc:Coords points="533,372 582,372 582,397 533,397"/>
                    <pc:TextEquiv conf="0.865164489746094">
                        <pc:Unicode>der</pc:Unicode>
                    </pc:TextEquiv>
                </pc:Word>
                <pc:Word id="region0001_line0000_word0003">
                    <pc:Coords points="601,369 795,369 795,405 601,405"/>
                    <pc:TextEquiv conf="0.865164489746094">
                        <pc:Unicode>Saugethiere.</pc:Unicode>
                    </pc:TextEquiv>
                </pc:Word>
                <pc:Word id="region0001_line0000_word0004">
                    <pc:Coords points="933,372 979,372 979,404 933,404"/>
                    <pc:TextEquiv conf="0.753071136474609">
                        <pc:Unicode>2</pc:Unicode>
                    </pc:TextEquiv>
                </pc:Word>
                <pc:TextEquiv conf="0.862052932739258">
                    <pc:Unicode>Vom Gerippe der Saugethiere. 2</pc:Unicode>
                </pc:TextEquiv>
            </pc:TextLine>
            <pc:TextEquiv conf="0.862052932739258">
                <pc:Unicode>Vom Gerippe der Saugethiere. 2</pc:Unicode>
            </pc:TextEquiv>
        </pc:TextRegion>
        <pc:TextRegion id="region0002" orientation="-1.166772401052725" readingDirection="left-to-right" textLineOrder="top-to-bottom">
            <pc:Coords points="97,447 978,447 978,755 97,755"/>
            <pc:TextLine id="region0002_line0000">
                <pc:Coords points="103,447 978,447 978,496 103,496"/>
                <pc:Word id="region0002_line0000_word0000">
                    <pc:Coords points="103,450 334,450 334,492 103,492"/>
                    <pc:TextEquiv conf="0.864631500244141">
                        <pc:Unicode>Menschen,</pc:Unicode>
                    </pc:TextEquiv>
                </pc:Word>
                <pc:Word id="region0002_line0000_word0001">
                    <pc:Coords points="373,451 540,451 540,496 373,496"/>
                    <pc:TextEquiv conf="0.124259948730469">
                        <pc:Unicode>doppelt</pc:Unicode>
                    </pc:TextEquiv>
                </pc:Word>
                <pc:Word id="region0002_line0000_word0002">
                    <pc:Coords points="624,447 773,447 773,483 624,483"/>
                    <pc:TextEquiv conf="0.887103729248047">
                        <pc:Unicode>Meines</pc:Unicode>
                    </pc:TextEquiv>
                </pc:Word>
                <pc:Word id="region0002_line0000_word0003">
                    <pc:Coords points="809,452 978,452 978,488 809,488"/>
                    <pc:TextEquiv conf="0.887103729248047">
                        <pc:Unicode>Wissens</pc:Unicode>
                    </pc:TextEquiv>
                </pc:Word>
                <pc:TextEquiv conf="0.690774726867676">
                    <pc:Unicode>Menschen, doppelt Meines Wissens</pc:Unicode>
                </pc:TextEquiv>
            </pc:TextLine>
            <pc:TextLine id="region0002_line0001">
                <pc:Coords points="101,512 978,512 978,560 101,560"/>
                <pc:Word id="region0002_line0001_word0000">
                    <pc:Coords points="101,512 186,512 186,546 101,546"/>
                    <pc:TextEquiv conf="0.617244873046875">
                        <pc:Unicode>sĩnd</pc:Unicode>
                    </pc:TextEquiv>
                </pc:Word>
                <pc:Word id="region0002_line0001_word0001">
                    <pc:Coords points="200,514 251,514 251,547 200,547"/>
                    <pc:TextEquiv conf="0.85718505859375">
                        <pc:Unicode>sie</pc:Unicode>
                    </pc:TextEquiv>
                </pc:Word>
                <pc:Word id="region0002_line0001_word0002">
                    <pc:Coords points="264,514 332,514 332,558 264,558"/>
                    <pc:TextEquiv conf="0.923614807128906">
                        <pc:Unicode>bey</pc:Unicode>
                    </pc:TextEquiv>
                </pc:Word>
                <pc:Word id="region0002_line0001_word0003">
                    <pc:Coords points="351,514 421,514 421,548 351,548"/>
                    <pc:TextEquiv conf="0.917507247924805">
                        <pc:Unicode>den</pc:Unicode>
                    </pc:TextEquiv>
                </pc:Word>
                <pc:Word id="region0002_line0001_word0004">
                    <pc:Coords points="435,513 712,513 712,560 435,560"/>
                    <pc:TextEquiv conf="0.363170776367187">
                        <pc:Unicode>Quadrupeden</pc:Unicode>
                    </pc:TextEquiv>
                </pc:Word>
                <pc:Word id="region0002_line0001_word0005">
                    <pc:Coords points="724,512 816,512 816,548 724,548"/>
                    <pc:TextEquiv conf="0.067787094116211">
                        <pc:Unicode>veit</pc:Unicode>
                    </pc:TextEquiv>
                </pc:Word>
                <pc:Word id="region0002_line0001_word0006">
                    <pc:Coords points="833,515 978,515 978,560 833,560"/>
                    <pc:TextEquiv conf="0.645562973022461">
                        <pc:Unicode>gröſser</pc:Unicode>
                    </pc:TextEquiv>
                </pc:Word>
                <pc:TextEquiv conf="0.627438975742885">
                    <pc:Unicode>sĩnd sie bey den Quadrupeden veit gröſser</pc:Unicode>
                </pc:TextEquiv>
            </pc:TextLine>
            <pc:TextLine id="region0002_line0002">
                <pc:Coords points="98,577 976,577 976,624 98,624"/>
                <pc:Word id="region0002_line0002_word0000">
                    <pc:Coords points="98,577 151,577 151,609 98,609"/>
                    <pc:TextEquiv conf="0.928533325195313">
                        <pc:Unicode>als</pc:Unicode>
                    </pc:TextEquiv>
                </pc:Word>
                <pc:Word id="region0002_line0002_word0001">
                    <pc:Coords points="178,577 292,577 292,620 178,620"/>
                    <pc:TextEquiv conf="0.859283905029297">
                        <pc:Unicode>beym</pc:Unicode>
                    </pc:TextEquiv>
                </pc:Word>
                <pc:Word id="region0002_line0002_word0002">
                    <pc:Coords points="313,577 544,577 544,619 313,619"/>
                    <pc:TextEquiv conf="0.886501541137695">
                        <pc:Unicode>Menschen,</pc:Unicode>
                    </pc:TextEquiv>
                </pc:Word>
                <pc:Word id="region0002_line0002_word0003">
                    <pc:Coords points="569,579 698,579 698,612 569,612"/>
                    <pc:TextEquiv conf="0.878790893554688">
                        <pc:Unicode>zumal</pc:Unicode>
                    </pc:TextEquiv>
                </pc:Word>
                <pc:Word id="region0002_line0002_word0004">
                    <pc:Coords points="725,578 795,578 795,622 725,622"/>
                    <pc:TextEquiv conf="0.81591552734375">
                        <pc:Unicode>bey</pc:Unicode>
                    </pc:TextEquiv>
                </pc:Word>
                <pc:Word id="region0002_line0002_word0005">
                    <pc:Coords points="821,579 892,579 892,612 821,612"/>
                    <pc:TextEquiv conf="0.824151763916016">
                        <pc:Unicode>den</pc:Unicode>
                    </pc:TextEquiv>
                </pc:Word>
                <pc:Word id="region0002_line0002_word0006">
                    <pc:Coords points="915,591 976,591 976,624 915,624"/>
                    <pc:TextEquiv conf="0.353181610107422">
                        <pc:Unicode>pe⸗</pc:Unicode>
                    </pc:TextEquiv>
                </pc:Word>
                <pc:TextEquiv conf="0.792336938040597">
                    <pc:Unicode>als beym Menschen, zumal bey den pe⸗</pc:Unicode>
                </pc:TextEquiv>
            </pc:TextLine>
            <pc:TextLine id="region0002_line0003">
                <pc:Coords points="99,631 975,631 975,692 99,692"/>
                <pc:Word id="region0002_line0003_word0000">
                    <pc:Coords points="99,639 240,639 240,674 99,674"/>
                    <pc:TextEquiv conf="0.889799041748047">
                        <pc:Unicode>coribus</pc:Unicode>
                    </pc:TextEquiv>
                </pc:Word>
                <pc:Word id="region0002_line0003_word0001">
                    <pc:Coords points="254,652 331,652 331,673 254,673"/>
                    <pc:TextEquiv conf="0.908123626708984">
                        <pc:Unicode>von</pc:Unicode>
                    </pc:TextEquiv>
                </pc:Word>
                <pc:Word id="region0002_line0003_word0002">
                    <pc:Coords points="347,631 590,631 590,674 347,674"/>
                    <pc:TextEquiv conf="0.868547058105469">
                        <pc:Unicode>auffallender</pc:Unicode>
                    </pc:TextEquiv>
                </pc:Word>
                <pc:Word id="region0002_line0003_word0003">
                    <pc:Coords points="602,644 733,644 733,689 602,689"/>
                    <pc:TextEquiv conf="0.156929626464844">
                        <pc:Unicode>Lãnge</pc:Unicode>
                    </pc:TextEquiv>
                </pc:Word>
                <pc:Word id="region0002_line0003_word0004">
                    <pc:Coords points="748,642 826,642 826,690 748,690"/>
                    <pc:TextEquiv conf="0.907656402587891">
                        <pc:Unicode>und</pc:Unicode>
                    </pc:TextEquiv>
                </pc:Word>
                <pc:Word id="region0002_line0003_word0005">
                    <pc:Coords points="837,642 975,642 975,692 837,692"/>
                    <pc:TextEquiv conf="0.63793830871582">
                        <pc:Unicode>Weite.</pc:Unicode>
                    </pc:TextEquiv>
                </pc:Word>
                <pc:TextEquiv conf="0.728165677388509">
                    <pc:Unicode>coribus von auffallender Lãnge und Weite.</pc:Unicode>
                </pc:TextEquiv>
            </pc:TextLine>
            <pc:TextLine id="region0002_line0004">
                <pc:Coords points="97,696 792,696 792,755 97,755"/>
                <pc:Word id="region0002_line0004_word0000">
                    <pc:Coords points="97,703 145,703 145,736 97,736"/>
                    <pc:TextEquiv conf="0.155075836181641">
                        <pc:Unicode>so</pc:Unicode>
                    </pc:TextEquiv>
                </pc:Word>
                <pc:Word id="region0002_line0004_word0001">
                    <pc:Coords points="170,702 265,702 265,735 170,735"/>
                    <pc:TextEquiv conf="0.902363357543945">
                        <pc:Unicode>auch</pc:Unicode>
                    </pc:TextEquiv>
                </pc:Word>
                <pc:Word id="region0002_line0004_word0002">
                    <pc:Coords points="293,701 348,701 348,736 293,736"/>
                    <pc:TextEquiv conf="0.23736457824707">
                        <pc:Unicode>im</pc:Unicode>
                    </pc:TextEquiv>
                </pc:Word>
                <pc:Word id="region0002_line0004_word0003">
                    <pc:Coords points="373,704 719,704 719,755 373,755"/>
                    <pc:TextEquiv conf="0.880649719238281">
                        <pc:Unicode>Hasengeschlecht</pc:Unicode>
                    </pc:TextEquiv>
                </pc:Word>
                <pc:TextEquiv conf="0.543863372802734">
                    <pc:Unicode>so auch im Hasengeschlecht</pc:Unicode>
                </pc:TextEquiv>
            </pc:TextLine>
            <pc:TextEquiv conf="0.67651593816848">
                <pc:Unicode>Menschen, doppelt Meines Wissens
sĩnd sie bey den Quadrupeden veit gröſser
als beym Menschen, zumal bey den pe⸗
coribus von auffallender Lãnge und Weite.
so auch im Hasengeschlecht</pc:Unicode>
            </pc:TextEquiv>
        </pc:TextRegion>
        <pc:TextRegion id="region0004" orientation="-1.166772401052725" readingDirection="left-to-right" textLineOrder="top-to-bottom">
            <pc:Coords points="87,826 975,826 975,1602 87,1602"/>
            <pc:TextLine id="region0004_line0000">
                <pc:Coords points="463,826 596,826 596,874 463,874"/>
                <pc:Word id="region0004_line0000_word0000">
                    <pc:Coords points="463,826 596,826 596,874 463,874"/>
                    <pc:TextEquiv conf="0.416149063110352">
                        <pc:Unicode>616.</pc:Unicode>
                    </pc:TextEquiv>
                </pc:Word>
                <pc:TextEquiv conf="0.416149063110352">
                    <pc:Unicode>616.</pc:Unicode>
                </pc:TextEquiv>
            </pc:TextLine>
            <pc:TextLine id="region0004_line0001">
                <pc:Coords points="176,877 975,877 975,962 176,962"/>
                <pc:Word id="region0004_line0001_word0000">
                    <pc:Coords points="176,881 386,881 386,936 176,936"/>
                    <pc:TextEquiv conf="0.798332595825195">
                        <pc:Unicode>Besonders</pc:Unicode>
                    </pc:TextEquiv>
                </pc:Word>
                <pc:Word id="region0004_line0001_word0001">
                    <pc:Coords points="403,886 559,886 559,954 403,954"/>
                    <pc:TextEquiv conf="0.566298484802246">
                        <pc:Unicode>merkyx</pc:Unicode>
                    </pc:TextEquiv>
                </pc:Word>
                <pc:Word id="region0004_line0001_word0002">
                    <pc:Coords points="566,902 676,902 676,952 566,952"/>
                    <pc:TextEquiv conf="0.919572677612305">
                        <pc:Unicode>ürdig</pc:Unicode>
                    </pc:TextEquiv>
                </pc:Word>
                <pc:Word id="region0004_line0001_word0003">
                    <pc:Coords points="699,877 794,877 794,945 699,945"/>
                    <pc:TextEquiv conf="0.">
                        <pc:Unicode>S53</pc:Unicode>
                    </pc:TextEquiv>
                </pc:Word>
                <pc:Word id="region0004_line0001_word0004">
                    <pc:Coords points="807,880 901,880 901,962 807,962"/>
                    <pc:TextEquiv conf="0.">
                        <pc:Unicode>bey</pc:Unicode>
                    </pc:TextEquiv>
                </pc:Word>
                <pc:Word id="region0004_line0001_word0005">
                    <pc:Coords points="900,905 975,905 975,941 900,941"/>
                    <pc:TextEquiv conf="0.922383728027344">
                        <pc:Unicode>den</pc:Unicode>
                    </pc:TextEquiv>
                </pc:Word>
                <pc:TextEquiv conf="0.867764581044515">
                    <pc:Unicode>Besonders merkyx ürdig S53 bey den</pc:Unicode>
                </pc:TextEquiv>
            </pc:TextLine>
            <pc:TextLine id="region0004_line0002">
                <pc:Coords points="97,956 975,956 975,1023 97,1023"/>
                <pc:Word id="region0004_line0002_word0000">
                    <pc:Coords points="97,964 260,964 260,1012 97,1012"/>
                    <pc:TextEquiv conf="0.884158020019531">
                        <pc:Unicode>meisten</pc:Unicode>
                    </pc:TextEquiv>
                </pc:Word>
                <pc:Word id="region0004_line0002_word0001">
                    <pc:Coords points="284,967 472,967 472,1013 284,1013"/>
                    <pc:TextEquiv conf="0.859161529541016">
                        <pc:Unicode>pecoribus</pc:Unicode>
                    </pc:TextEquiv>
                </pc:Word>
                <pc:Word id="region0004_line0002_word0002">
                    <pc:Coords points="495,1001 554,1001 554,956 495,956"/>
                    <pc:TextEquiv conf="0.882531051635742">
                        <pc:Unicode>die</pc:Unicode>
                    </pc:TextEquiv>
                </pc:Word>
                <pc:Word id="region0004_line0002_word0003">
                    <pc:Coords points="577,981 623,981 623,1002 577,1002"/>
                    <pc:TextEquiv conf="0.903961029052734">
                        <pc:Unicode>an</pc:Unicode>
                    </pc:TextEquiv>
                </pc:Word>
                <pc:Word id="region0004_line0002_word0004">
                    <pc:Coords points="648,969 713,969 713,1003 648,1003"/>
                    <pc:TextEquiv conf="0.282301788330078">
                        <pc:Unicode>der</pc:Unicode>
                    </pc:TextEquiv>
                </pc:Word>
                <pc:Word id="region0004_line0002_word0005">
                    <pc:Coords points="734,956 975,956 975,1023 734,1023"/>
                    <pc:TextEquiv conf="0.">
                        <pc:Unicode>Aulzengeite</pc:Unicode>
                    </pc:TextEquiv>
                </pc:Word>
                <pc:TextEquiv conf="0.802018903096517">
                    <pc:Unicode>meisten pecoribus die an der Aulzengeite</pc:Unicode>
                </pc:TextEquiv>
            </pc:TextLine>
            <pc:TextLine id="region0004_line0003">
                <pc:Coords points="94,1013 973,1013 973,1085 94,1085"/>
                <pc:Word id="region0004_line0003_word0000">
                    <pc:Coords points="94,1027 159,1027 159,1061 94,1061"/>
                    <pc:TextEquiv conf="0.892641906738281">
                        <pc:Unicode>der</pc:Unicode>
                    </pc:TextEquiv>
                </pc:Word>
                <pc:Word id="region0004_line0003_word0001">
                    <pc:Coords points="192,1028 412,1028 412,1077 192,1077"/>
                    <pc:TextEquiv conf="0.833885345458984">
                        <pc:Unicode>Oberkiefer</pc:Unicode>
                    </pc:TextEquiv>
                </pc:Word>
                <pc:Word id="region0004_line0003_word0002">
                    <pc:Coords points="446,1032 565,1032 565,1071 446,1071"/>
                    <pc:TextEquiv conf="0.799745941162109">
                        <pc:Unicode>neben</pc:Unicode>
                    </pc:TextEquiv>
                </pc:Word>
                <pc:Word id="region0004_line0003_word0003">
                    <pc:Coords points="603,1031 689,1031 689,1072 603,1072"/>
                    <pc:TextEquiv conf="0.853242340087891">
                        <pc:Unicode>den</pc:Unicode>
                    </pc:TextEquiv>
                </pc:Word>
                <pc:Word id="region0004_line0003_word0004">
                    <pc:Coords points="707,1013 804,1013 804,1085 707,1085"/>
                    <pc:TextEquiv conf="0.720013046264648">
                        <pc:Unicode>Nase</pc:Unicode>
                    </pc:TextEquiv>
                </pc:Word>
                <pc:Word id="region0004_line0003_word0005">
                    <pc:Coords points="823,1016 973,1016 973,1085 823,1085"/>
                    <pc:TextEquiv conf="0.086225128173828">
                        <pc:Unicode>vbeinen</pc:Unicode>
                    </pc:TextEquiv>
                </pc:Word>
                <pc:TextEquiv conf="0.697625617980957">
                    <pc:Unicode>der Oberkiefer neben den Nase vbeinen</pc:Unicode>
                </pc:TextEquiv>
            </pc:TextLine>
            <pc:TextLine id="region0004_line0004">
                <pc:Coords points="94,1070 972,1070 972,1148 94,1148"/>
                <pc:Word id="region0004_line0004_word0000">
                    <pc:Coords points="94,1086 349,1086 349,1139 94,1139"/>
                    <pc:TextEquiv conf="0.556877136230469">
                        <pc:Unicode>befindlichen</pc:Unicode>
                    </pc:TextEquiv>
                </pc:Word>
                <pc:Word id="region0004_line0004_word0001">
                    <pc:Coords points="383,1070 721,1070 721,1148 383,1148"/>
                    <pc:TextEquiv conf="0.427080154418945">
                        <pc:Unicode>grubenformigen</pc:Unicode>
                    </pc:TextEquiv>
                </pc:Word>
                <pc:Word id="region0004_line0004_word0002">
                    <pc:Coords points="743,1075 972,1075 972,1138 743,1138"/>
                    <pc:TextEquiv conf="0.128150939941406">
                        <pc:Unicode>——</pc:Unicode>
                    </pc:TextEquiv>
                </pc:Word>
                <pc:TextEquiv conf="0.370702743530273">
                    <pc:Unicode>befindlichen grubenformigen ——</pc:Unicode>
                </pc:TextEquiv>
            </pc:TextLine>
            <pc:TextLine id="region0004_line0005">
                <pc:Coords points="94,1149 972,1149 972,1218 94,1218"/>
                <pc:Word id="region0004_line0005_word0000">
                    <pc:Coords points="94,1169 181,1169 181,1206 94,1206"/>
                    <pc:TextEquiv conf="0.712477874755859">
                        <pc:Unicode>yon</pc:Unicode>
                    </pc:TextEquiv>
                </pc:Word>
                <pc:Word id="region0004_line0005_word0001">
                    <pc:Coords points="210,1158 282,1158 282,1193 210,1193"/>
                    <pc:TextEquiv conf="0.712477874755859">
                        <pc:Unicode>den</pc:Unicode>
                    </pc:TextEquiv>
                </pc:Word>
                <pc:Word id="region0004_line0005_word0002">
                    <pc:Coords points="304,1158 449,1158 449,1200 304,1200"/>
                    <pc:TextEquiv conf="0.239639663696289">
                        <pc:Unicode>auſſgen</pc:Unicode>
                    </pc:TextEquiv>
                </pc:Word>
                <pc:Word id="region0004_line0005_word0003">
                    <pc:Coords points="482,1160 598,1160 598,1211 482,1211"/>
                    <pc:TextEquiv conf="0.847397537231445">
                        <pc:Unicode>daran</pc:Unicode>
                    </pc:TextEquiv>
                </pc:Word>
                <pc:Word id="region0004_line0005_word0004">
                    <pc:Coords points="633,1159 832,1159 832,1212 633,1212"/>
                    <pc:TextEquiv conf="0.482560691833496">
                        <pc:Unicode>legenden</pc:Unicode>
                    </pc:TextEquiv>
                </pc:Word>
                <pc:Word id="region0004_line0005_word0005">
                    <pc:Coords points="864,1149 972,1149 972,1218 864,1218"/>
                    <pc:TextEquiv conf="0.">
                        <pc:Unicode>xoge-</pc:Unicode>
                    </pc:TextEquiv>
                </pc:Word>
                <pc:TextEquiv conf="0.665758940378825">
                    <pc:Unicode>yon den auſſgen daran legenden xoge-</pc:Unicode>
                </pc:TextEquiv>
            </pc:TextLine>
            <pc:TextLine id="region0004_line0006">
                <pc:Coords points="94,1219 970,1219 970,1282 94,1282"/>
                <pc:Word id="region0004_line0006_word0000">
                    <pc:Coords points="94,1230 264,1230 264,1272 94,1272"/>
                    <pc:TextEquiv conf="0.099219436645508">
                        <pc:Unicode>nannten</pc:Unicode>
                    </pc:TextEquiv>
                </pc:Word>
                <pc:Word id="region0004_line0006_word0001">
                    <pc:Coords points="291,1222 424,1222 424,1275 291,1275"/>
                    <pc:TextEquiv conf="0.">
                        <pc:Unicode>inibus</pc:Unicode>
                    </pc:TextEquiv>
                </pc:Word>
                <pc:Word id="region0004_line0006_word0002">
                    <pc:Coords points="447,1224 707,1224 707,1275 447,1275"/>
                    <pc:TextEquiv conf="0.133595199584961">
                        <pc:Unicode>gebaceis.</pc:Unicode>
                    </pc:TextEquiv>
                </pc:Word>
                <pc:Word id="region0004_line0006_word0003">
                    <pc:Coords points="732,1223 854,1223 854,1276 732,1276"/>
                    <pc:TextEquiv conf="0.888688430786133">
                        <pc:Unicode>Beym</pc:Unicode>
                    </pc:TextEquiv>
                </pc:Word>
                <pc:Word id="region0004_line0006_word0004">
                    <pc:Coords points="881,1219 970,1219 970,1282 881,1282"/>
                    <pc:TextEquiv conf="0.551006889343262">
                        <pc:Unicode>Ha⸗</pc:Unicode>
                    </pc:TextEquiv>
                </pc:Word>
                <pc:TextEquiv conf="0.534501991271973">
                    <pc:Unicode>nannten inibus gebaceis. Beym Ha⸗</pc:Unicode>
                </pc:TextEquiv>
            </pc:TextLine>
            <pc:TextLine id="region0004_line0007">
                <pc:Coords points="92,1285 968,1285 968,1331 92,1331"/>
                <pc:Word id="region0004_line0007_word0000">
                    <pc:Coords points="92,1298 178,1298 178,1328 92,1328"/>
                    <pc:TextEquiv conf="0.368495140075684">
                        <pc:Unicode>sen,</pc:Unicode>
                    </pc:TextEquiv>
                </pc:Word>
                <pc:Word id="region0004_line0007_word0001">
                    <pc:Coords points="209,1285 274,1285 274,1320 209,1320"/>
                    <pc:TextEquiv conf="0.922996215820313">
                        <pc:Unicode>der</pc:Unicode>
                    </pc:TextEquiv>
                </pc:Word>
                <pc:Word id="region0004_line0007_word0002">
                    <pc:Coords points="299,1287 393,1287 393,1320 299,1320"/>
                    <pc:TextEquiv conf="0.596527252197266">
                        <pc:Unicode>auch</pc:Unicode>
                    </pc:TextEquiv>
                </pc:Word>
                <pc:Word id="region0004_line0007_word0003">
                    <pc:Coords points="421,1288 562,1288 562,1331 421,1331"/>
                    <pc:TextEquiv conf="0.890878982543945">
                        <pc:Unicode>hierin,</pc:Unicode>
                    </pc:TextEquiv>
                </pc:Word>
                <pc:Word id="region0004_line0007_word0004">
                    <pc:Coords points="570,1301 636,1301 636,1330 570,1330"/>
                    <pc:TextEquiv conf="0.845024719238281">
                        <pc:Unicode>so</pc:Unicode>
                    </pc:TextEquiv>
                </pc:Word>
                <pc:Word id="region0004_line0007_word0005">
                    <pc:Coords points="664,1288 737,1288 737,1323 664,1323"/>
                    <pc:TextEquiv conf="0.897664642333984">
                        <pc:Unicode>wie</pc:Unicode>
                    </pc:TextEquiv>
                </pc:Word>
                <pc:Word id="region0004_line0007_word0006">
                    <pc:Coords points="809,1288 763,1288 763,1331 809,1331"/>
                    <pc:TextEquiv conf="0.897664642333984">
                        <pc:Unicode>in</pc:Unicode>
                    </pc:TextEquiv>
                </pc:Word>
                <pc:Word id="region0004_line0007_word0007">
                    <pc:Coords points="867,1301 825,1301 825,1331 867,1331"/>
                    <pc:TextEquiv conf="0.702127380371094">
                        <pc:Unicode>80</pc:Unicode>
                    </pc:TextEquiv>
                </pc:Word>
                <pc:Word id="region0004_line0007_word0008">
                    <pc:Coords points="893,1290 968,1290 968,1325 893,1325"/>
                    <pc:TextEquiv conf="0.704051208496094">
                        <pc:Unicode>vie-</pc:Unicode>
                    </pc:TextEquiv>
                </pc:Word>
                <pc:TextEquiv conf="0.758381131490072">
                    <pc:Unicode>sen, der auch hierin, so wie in 80 vie-</pc:Unicode>
                </pc:TextEquiv>
            </pc:TextLine>
            <pc:TextLine id="region0004_line0008">
                <pc:Coords points="90,1352 967,1352 967,1410 90,1410"/>
                <pc:Word id="region0004_line0008_word0000">
                    <pc:Coords points="90,1352 152,1352 152,1398 90,1398"/>
                    <pc:TextEquiv conf="0.845118255615234">
                        <pc:Unicode>len</pc:Unicode>
                    </pc:TextEquiv>
                </pc:Word>
                <pc:Word id="region0004_line0008_word0001">
                    <pc:Coords points="183,1353 324,1353 324,1387 183,1387"/>
                    <pc:TextEquiv conf="0.899770965576172">
                        <pc:Unicode>andern</pc:Unicode>
                    </pc:TextEquiv>
                </pc:Word>
                <pc:Word id="region0004_line0008_word0002">
                    <pc:Coords points="353,1353 531,1353 531,1392 353,1392"/>
                    <pc:TextEquiv conf="0.789513854980469">
                        <pc:Unicode>Stücken</pc:Unicode>
                    </pc:TextEquiv>
                </pc:Word>
                <pc:Word id="region0004_line0008_word0003">
                    <pc:Coords points="552,1354 675,1354 675,1389 552,1389"/>
                    <pc:TextEquiv conf="0.843866424560547">
                        <pc:Unicode>seines</pc:Unicode>
                    </pc:TextEquiv>
                </pc:Word>
                <pc:Word id="region0004_line0008_word0004">
                    <pc:Coords points="703,1357 842,1357 842,1410 703,1410"/>
                    <pc:TextEquiv conf="0.903604431152344">
                        <pc:Unicode>Baues,</pc:Unicode>
                    </pc:TextEquiv>
                </pc:Word>
                <pc:Word id="region0004_line0008_word0005">
                    <pc:Coords points="882,1355 967,1355 967,1391 882,1391"/>
                    <pc:TextEquiv conf="0.896816787719727">
                        <pc:Unicode>eine</pc:Unicode>
                    </pc:TextEquiv>
                </pc:Word>
                <pc:TextEquiv conf="0.863115119934082">
                    <pc:Unicode>len andern Stücken seines Baues, eine</pc:Unicode>
                </pc:TextEquiv>
            </pc:TextLine>
            <pc:TextLine id="region0004_line0009">
                <pc:Coords points="89,1403 963,1403 963,1470 89,1470"/>
                <pc:Word id="region0004_line0009_word0000">
                    <pc:Coords points="89,1428 131,1428 131,1450 89,1450"/>
                    <pc:TextEquiv conf="0.612371253967285">
                        <pc:Unicode>so</pc:Unicode>
                    </pc:TextEquiv>
                </pc:Word>
                <pc:Word id="region0004_line0009_word0001">
                    <pc:Coords points="182,1414 409,1414 409,1460 182,1460"/>
                    <pc:TextEquiv conf="0.38221263885498">
                        <pc:Unicode>auffallende</pc:Unicode>
                    </pc:TextEquiv>
                </pc:Word>
                <pc:Word id="region0004_line0009_word0002">
                    <pc:Coords points="454,1403 726,1403 726,1454 454,1454"/>
                    <pc:TextEquiv conf="0.">
                        <pc:Unicode>ehruenreit</pc:Unicode>
                    </pc:TextEquiv>
                </pc:Word>
                <pc:Word id="region0004_line0009_word0003">
                    <pc:Coords points="755,1407 841,1407 841,1470 755,1470"/>
                    <pc:TextEquiv conf="0.792399597167969">
                        <pc:Unicode>mit</pc:Unicode>
                    </pc:TextEquiv>
                </pc:Word>
                <pc:Word id="region0004_line0009_word0004">
                    <pc:Coords points="889,1422 963,1422 963,1458 889,1458"/>
                    <pc:TextEquiv conf="0.927815170288086">
                        <pc:Unicode>den</pc:Unicode>
                    </pc:TextEquiv>
                </pc:Word>
                <pc:TextEquiv conf="0.742959732055664">
                    <pc:Unicode>so auffallende ehruenreit mit den</pc:Unicode>
                </pc:TextEquiv>
            </pc:TextLine>
            <pc:TextLine id="region0004_line0010">
                <pc:Coords points="87,1480 963,1480 963,1537 87,1537"/>
                <pc:Word id="region0004_line0010_word0000">
                    <pc:Coords points="87,1480 429,1480 429,1525 87,1525"/>
                    <pc:TextEquiv conf="0.864394836425781">
                        <pc:Unicode>wiederkauenden</pc:Unicode>
                    </pc:TextEquiv>
                </pc:Word>
                <pc:Word id="region0004_line0010_word0001">
                    <pc:Coords points="458,1483 621,1483 621,1519 458,1519"/>
                    <pc:TextEquiv conf="0.869859924316406">
                        <pc:Unicode>Thieren</pc:Unicode>
                    </pc:TextEquiv>
                </pc:Word>
                <pc:Word id="region0004_line0010_word0002">
                    <pc:Coords points="649,1484 752,1484 752,1528 649,1528"/>
                    <pc:TextEquiv conf="0.908665618896484">
                        <pc:Unicode>jener</pc:Unicode>
                    </pc:TextEquiv>
                </pc:Word>
                <pc:Word id="region0004_line0010_word0003">
                    <pc:Coords points="777,1488 963,1488 963,1537 777,1537"/>
                    <pc:TextEquiv conf="0.815980987548828">
                        <pc:Unicode>Ordnung</pc:Unicode>
                    </pc:TextEquiv>
                </pc:Word>
                <pc:TextEquiv conf="0.864725341796875">
                    <pc:Unicode>wiederkauenden Thieren jener Ordnung</pc:Unicode>
                </pc:TextEquiv>
            </pc:TextLine>
            <pc:TextLine id="region0004_line0011">
                <pc:Coords points="832,1555 966,1555 966,1602 832,1602"/>
                <pc:Word id="region0004_line0011_word0000">
                    <pc:Coords points="832,1555 966,1555 966,1602 832,1602"/>
                    <pc:TextEquiv conf="0.33228889465332">
                        <pc:Unicode>zeigt,</pc:Unicode>
                    </pc:TextEquiv>
                </pc:Word>
                <pc:TextEquiv conf="0.33228889465332">
                    <pc:Unicode>zeigt,</pc:Unicode>
                </pc:TextEquiv>
            </pc:TextLine>
            <pc:TextEquiv conf="0.659666005028619">
                <pc:Unicode>616.
Besonders merkyx ürdig S53 bey den
meisten pecoribus die an der Aulzengeite
der Oberkiefer neben den Nase vbeinen
befindlichen grubenformigen ——
yon den auſſgen daran legenden xoge-
nannten inibus gebaceis. Beym Ha⸗
sen, der auch hierin, so wie in 80 vie-
len andern Stücken seines Baues, eine
so auffallende ehruenreit mit den
wiederkauenden Thieren jener Ordnung
zeigt,</pc:Unicode>
            </pc:TextEquiv>
        </pc:TextRegion>
        <pc:TextRegion id="region0007" orientation="-1.166772401052725" readingDirection="left-to-right" textLineOrder="top-to-bottom">
            <pc:Coords points="149,1637 955,1637 955,1766 149,1766"/>
            <pc:TextLine id="region0007_line0000">
                <pc:Coords points="437,1637 839,1637 839,1668 437,1668"/>
                <pc:Word id="region0007_line0000_word0000">
                    <pc:Coords points="437,1637 442,1637 442,1639 437,1639"/>
                    <pc:TextEquiv conf="0.563209533691406">
                        <pc:Unicode>J</pc:Unicode>
                    </pc:TextEquiv>
                </pc:Word>
                <pc:Word id="region0007_line0000_word0001">
                    <pc:Coords points="539,1651 541,1651 541,1654 539,1654"/>
                    <pc:TextEquiv conf="0.058656921386719">
                        <pc:Unicode>—</pc:Unicode>
                    </pc:TextEquiv>
                </pc:Word>
                <pc:Word id="region0007_line0000_word0002">
                    <pc:Coords points="672,1652 703,1652 703,1668 672,1668"/>
                    <pc:TextEquiv conf="0.51613525390625">
                        <pc:Unicode>14</pc:Unicode>
                    </pc:TextEquiv>
                </pc:Word>
                <pc:Word id="region0007_line0000_word0003">
                    <pc:Coords points="809,1657 839,1657 839,1664 809,1664"/>
                    <pc:TextEquiv conf="0.">
                        <pc:Unicode>—W</pc:Unicode>
                    </pc:TextEquiv>
                </pc:Word>
                <pc:TextEquiv conf="0.534500427246094">
                    <pc:Unicode>J — 14 —W</pc:Unicode>
                </pc:TextEquiv>
            </pc:TextLine>
            <pc:TextLine id="region0007_line0001">
                <pc:Coords points="149,1662 955,1662 955,1710 149,1710"/>
                <pc:Word id="region0007_line0001_word0000">
                    <pc:Coords points="205,1662 271,1662 271,1701 205,1701"/>
                    <pc:TextEquiv conf="0.90629508972168">
                        <pc:Unicode>Bey</pc:Unicode>
                    </pc:TextEquiv>
                </pc:Word>
                <pc:Word id="region0007_line0001_word0001">
                    <pc:Coords points="295,1664 472,1664 472,1702 295,1702"/>
                    <pc:TextEquiv conf="0.741556777954102">
                        <pc:Unicode>mauchen,</pc:Unicode>
                    </pc:TextEquiv>
                </pc:Word>
                <pc:Word id="region0007_line0001_word0002">
                    <pc:Coords points="503,1667 567,1667 567,1697 503,1697"/>
                    <pc:TextEquiv conf="0.83619873046875">
                        <pc:Unicode>wie</pc:Unicode>
                    </pc:TextEquiv>
                </pc:Word>
                <pc:Word id="region0007_line0001_word0003">
                    <pc:Coords points="589,1678 617,1678 617,1699 589,1699"/>
                    <pc:TextEquiv conf="0.672081832885742">
                        <pc:Unicode>2.</pc:Unicode>
                    </pc:TextEquiv>
                </pc:Word>
                <pc:Word id="region0007_line0001_word0004">
                    <pc:Coords points="636,1669 674,1669 674,1701 636,1701"/>
                    <pc:TextEquiv conf="0.080482330322266">
                        <pc:Unicode>E.</pc:Unicode>
                    </pc:TextEquiv>
                </pc:Word>
                <pc:Word id="region0007_line0001_word0005">
                    <pc:Coords points="696,1670 793,1670 793,1710 696,1710"/>
                    <pc:TextEquiv conf="0.894379119873047">
                        <pc:Unicode>beym</pc:Unicode>
                    </pc:TextEquiv>
                </pc:Word>
                <pc:Word id="region0007_line0001_word0006">
                    <pc:Coords points="817,1671 955,1671 955,1710 817,1710"/>
                    <pc:TextEquiv conf="0.864929656982422">
                        <pc:Unicode>Löwen,</pc:Unicode>
                    </pc:TextEquiv>
                </pc:Word>
                <pc:TextEquiv conf="0.713703362601144">
                    <pc:Unicode>Bey mauchen, wie 2. E. beym Löwen,</pc:Unicode>
                </pc:TextEquiv>
            </pc:TextLine>
            <pc:TextLine id="region0007_line0002">
                <pc:Coords points="199,1718 954,1718 954,1766 199,1766"/>
                <pc:Word id="region0007_line0002_word0000">
                    <pc:Coords points="199,1718 273,1718 273,1747 199,1747"/>
                    <pc:TextEquiv conf="0.370241165161133">
                        <pc:Unicode>sind</pc:Unicode>
                    </pc:TextEquiv>
                </pc:Word>
                <pc:Word id="region0007_line0002_word0001">
                    <pc:Coords points="304,1719 357,1719 357,1749 304,1749"/>
                    <pc:TextEquiv conf="0.910937805175781">
                        <pc:Unicode>die</pc:Unicode>
                    </pc:TextEquiv>
                </pc:Word>
                <pc:Word id="region0007_line0002_word0002">
                    <pc:Coords points="389,1722 558,1722 558,1763 389,1763"/>
                    <pc:TextEquiv conf="0.813837127685547">
                        <pc:Unicode>Ausgange</pc:Unicode>
                    </pc:TextEquiv>
                </pc:Word>
                <pc:Word id="region0007_line0002_word0003">
                    <pc:Coords points="583,1725 690,1725 690,1755 583,1755"/>
                    <pc:TextEquiv conf="0.688207550048828">
                        <pc:Unicode>dieser</pc:Unicode>
                    </pc:TextEquiv>
                </pc:Word>
                <pc:Word id="region0007_line0002_word0004">
                    <pc:Coords points="846,1718 720,1718 720,1766 846,1766"/>
                    <pc:TextEquiv conf="0.">
                        <pc:Unicode>groftsen</pc:Unicode>
                    </pc:TextEquiv>
                </pc:Word>
                <pc:Word id="region0007_line0002_word0005">
                    <pc:Coords points="954,1718 870,1718 870,1766 954,1766"/>
                    <pc:TextEquiv conf="0.">
                        <pc:Unicode>Oett</pc:Unicode>
                    </pc:TextEquiv>
                </pc:Word>
                <pc:TextEquiv conf="0.797203941345215">
                    <pc:Unicode>sind die Ausgange dieser groftsen Oett</pc:Unicode>
                </pc:TextEquiv>
            </pc:TextLine>
            <pc:TextEquiv conf="0.681802577064151">
                <pc:Unicode>J — 14 —W
Bey mauchen, wie 2. E. beym Löwen,
sind die Ausgange dieser groftsen Oett</pc:Unicode>
            </pc:TextEquiv>
        </pc:TextRegion>
        <pc:TextRegion id="region0009" orientation="-1.166772401052725" readingDirection="left-to-right" textLineOrder="top-to-bottom">
            <pc:Coords points="179,1778 953,1778 953,1984 179,1984"/>
            <pc:TextLine id="region0009_line0000">
                <pc:Coords points="198,1778 953,1778 953,1821 198,1821"/>
                <pc:Word id="region0009_line0000_word0000">
                    <pc:Coords points="198,1784 331,1784 331,1813 198,1813"/>
                    <pc:TextEquiv conf="0.849173278808594">
                        <pc:Unicode>nungen</pc:Unicode>
                    </pc:TextEquiv>
                </pc:Word>
                <pc:Word id="region0009_line0000_word0001">
                    <pc:Coords points="355,1786 406,1786 406,1805 355,1805"/>
                    <pc:TextEquiv conf="0.903383636474609">
                        <pc:Unicode>am</pc:Unicode>
                    </pc:TextEquiv>
                </pc:Word>
                <pc:Word id="region0009_line0000_word0002">
                    <pc:Coords points="426,1778 569,1778 569,1808 426,1808"/>
                    <pc:TextEquiv conf="0.880744094848633">
                        <pc:Unicode>Gaumen</pc:Unicode>
                    </pc:TextEquiv>
                </pc:Word>
                <pc:Word id="region0009_line0000_word0003">
                    <pc:Coords points="593,1790 686,1790 686,1819 593,1819"/>
                    <pc:TextEquiv conf="0.90140625">
                        <pc:Unicode>sogar</pc:Unicode>
                    </pc:TextEquiv>
                </pc:Word>
                <pc:Word id="region0009_line0000_word0004">
                    <pc:Coords points="703,1782 796,1782 796,1821 703,1821"/>
                    <pc:TextEquiv conf="0.91935676574707">
                        <pc:Unicode>beym</pc:Unicode>
                    </pc:TextEquiv>
                </pc:Word>
                <pc:Word id="region0009_line0000_word0005">
                    <pc:Coords points="816,1784 953,1784 953,1814 816,1814"/>
                    <pc:TextEquiv conf="0.880694580078125">
                        <pc:Unicode>lebendi-</pc:Unicode>
                    </pc:TextEquiv>
                </pc:Word>
                <pc:TextEquiv conf="0.889126434326172">
                    <pc:Unicode>nungen am Gaumen sogar beym lebendi-</pc:Unicode>
                </pc:TextEquiv>
            </pc:TextLine>
            <pc:TextLine id="region0009_line0001">
                <pc:Coords points="196,1830 950,1830 950,1875 196,1875"/>
                <pc:Word id="region0009_line0001_word0000">
                    <pc:Coords points="196,1839 258,1839 258,1866 196,1866"/>
                    <pc:TextEquiv conf="0.834794769287109">
                        <pc:Unicode>gen</pc:Unicode>
                    </pc:TextEquiv>
                </pc:Word>
                <pc:Word id="region0009_line0001_word0001">
                    <pc:Coords points="283,1830 403,1830 403,1861 283,1861"/>
                    <pc:TextEquiv conf="0.863398056030273">
                        <pc:Unicode>Thiere</pc:Unicode>
                    </pc:TextEquiv>
                </pc:Word>
                <pc:Word id="region0009_line0001_word0002">
                    <pc:Coords points="431,1834 505,1834 505,1863 431,1863"/>
                    <pc:TextEquiv conf="0.858850479125977">
                        <pc:Unicode>sehr</pc:Unicode>
                    </pc:TextEquiv>
                </pc:Word>
                <pc:Word id="region0009_line0001_word0003">
                    <pc:Coords points="534,1835 693,1835 693,1873 534,1873"/>
                    <pc:TextEquiv conf="0.52238826751709">
                        <pc:Unicode>sichtlich.</pc:Unicode>
                    </pc:TextEquiv>
                </pc:Word>
                <pc:Word id="region0009_line0001_word0004">
                    <pc:Coords points="719,1853 760,1853 760,1861 719,1861"/>
                    <pc:TextEquiv conf="0.90598274230957">
                        <pc:Unicode>—</pc:Unicode>
                    </pc:TextEquiv>
                </pc:Word>
                <pc:Word id="region0009_line0001_word0005">
                    <pc:Coords points="795,1849 875,1849 875,1870 795,1870"/>
                    <pc:TextEquiv conf="0.">
                        <pc:Unicode>6..</pc:Unicode>
                    </pc:TextEquiv>
                </pc:Word>
                <pc:Word id="region0009_line0001_word0006">
                    <pc:Coords points="950,1830 890,1830 890,1875 950,1875"/>
                    <pc:TextEquiv conf="0.">
                        <pc:Unicode>Er.</pc:Unicode>
                    </pc:TextEquiv>
                </pc:Word>
                <pc:TextEquiv conf="0.85505918775286">
                    <pc:Unicode>gen Thiere sehr sichtlich. — 6.. Er.</pc:Unicode>
                </pc:TextEquiv>
            </pc:TextLine>
            <pc:TextLine id="region0009_line0002">
                <pc:Coords points="179,1885 950,1885 950,1931 179,1931"/>
                <pc:Word id="region0009_line0002_word0000">
                    <pc:Coords points="179,1885 402,1885 402,1927 179,1927"/>
                    <pc:TextEquiv conf="0.">
                        <pc:Unicode>Aidoens</pc:Unicode>
                    </pc:TextEquiv>
                </pc:Word>
                <pc:Word id="region0009_line0002_word0001">
                    <pc:Coords points="436,1890 621,1890 621,1931 436,1931"/>
                    <pc:TextEquiv conf="0.556788597106934">
                        <pc:Unicode>Abbildung</pc:Unicode>
                    </pc:TextEquiv>
                </pc:Word>
                <pc:Word id="region0009_line0002_word0002">
                    <pc:Coords points="649,1892 705,1892 705,1922 649,1922"/>
                    <pc:TextEquiv conf="0.92521858215332">
                        <pc:Unicode>des</pc:Unicode>
                    </pc:TextEquiv>
                </pc:Word>
                <pc:Word id="region0009_line0002_word0003">
                    <pc:Coords points="728,1894 862,1894 862,1929 728,1929"/>
                    <pc:TextEquiv conf="0.258666381835937">
                        <pc:Unicode>2zahmnen</pc:Unicode>
                    </pc:TextEquiv>
                </pc:Word>
                <pc:Word id="region0009_line0002_word0004">
                    <pc:Coords points="889,1897 950,1897 950,1926 889,1926"/>
                    <pc:TextEquiv conf="0.773165893554687">
                        <pc:Unicode>Lö-</pc:Unicode>
                    </pc:TextEquiv>
                </pc:Word>
                <pc:TextEquiv conf="0.702767890930176">
                    <pc:Unicode>Aidoens Abbildung des 2zahmnen Lö-</pc:Unicode>
                </pc:TextEquiv>
            </pc:TextLine>
            <pc:TextLine id="region0009_line0003">
                <pc:Coords points="181,1944 949,1944 949,1984 181,1984"/>
                <pc:Word id="region0009_line0003_word0000">
                    <pc:Coords points="181,1951 290,1951 290,1981 181,1981"/>
                    <pc:TextEquiv conf="0.">
                        <pc:Unicode>wen,</pc:Unicode>
                    </pc:TextEquiv>
                </pc:Word>
                <pc:Word id="region0009_line0003_word0001">
                    <pc:Coords points="313,1944 371,1944 371,1974 313,1974"/>
                    <pc:TextEquiv conf="0.886802673339844">
                        <pc:Unicode>der</pc:Unicode>
                    </pc:TextEquiv>
                </pc:Word>
                <pc:Word id="region0009_line0003_word0002">
                    <pc:Coords points="386,1947 476,1947 476,1981 386,1981"/>
                    <pc:TextEquiv conf="0.880185546875">
                        <pc:Unicode>1760.</pc:Unicode>
                    </pc:TextEquiv>
                </pc:Word>
                <pc:Word id="region0009_line0003_word0003">
                    <pc:Coords points="498,1947 534,1947 534,1976 498,1976"/>
                    <pc:TextEquiv conf="0.893404769897461">
                        <pc:Unicode>ĩn</pc:Unicode>
                    </pc:TextEquiv>
                </pc:Word>
                <pc:Word id="region0009_line0003_word0004">
                    <pc:Coords points="556,1947 779,1947 779,1980 556,1980"/>
                    <pc:TextEquiv conf="0.682719573974609">
                        <pc:Unicode>Deutschlaud</pc:Unicode>
                    </pc:TextEquiv>
                </pc:Word>
                <pc:Word id="region0009_line0003_word0005">
                    <pc:Coords points="795,1961 834,1961 834,1984 795,1984"/>
                    <pc:TextEquiv conf="0.693993682861328">
                        <pc:Unicode>au</pc:Unicode>
                    </pc:TextEquiv>
                </pc:Word>
                <pc:Word id="region0009_line0003_word0006">
                    <pc:Coords points="845,1951 949,1951 949,1982 845,1982"/>
                    <pc:TextEquiv conf="0.094264297485352">
                        <pc:Unicode>behen</pc:Unicode>
                    </pc:TextEquiv>
                </pc:Word>
                <pc:TextEquiv conf="0.733052934919085">
                    <pc:Unicode>wen, der 1760. ĩn Deutschlaud au behen</pc:Unicode>
                </pc:TextEquiv>
            </pc:TextLine>
            <pc:TextEquiv conf="0.795001611982073">
                <pc:Unicode>nungen am Gaumen sogar beym lebendi-
gen Thiere sehr sichtlich. — 6.. Er.
Aidoens Abbildung des 2zahmnen Lö-
wen, der 1760. ĩn Deutschlaud au behen</pc:Unicode>
            </pc:TextEquiv>
        </pc:TextRegion>
        <pc:TextRegion id="region0012" orientation="-1.166772401052725" readingDirection="left-to-right" textLineOrder="top-to-bottom">
            <pc:Coords points="194,2003 714,2003 714,2043 194,2043"/>
            <pc:TextLine id="region0012_line0000">
                <pc:Coords points="194,2003 714,2003 714,2043 194,2043"/>
                <pc:Word id="region0012_line0000_word0000">
                    <pc:Coords points="194,2009 356,2009 356,2039 194,2039"/>
                    <pc:TextEquiv conf="0.">
                        <pc:Unicode>geweseni</pc:Unicode>
                    </pc:TextEquiv>
                </pc:Word>
                <pc:Word id="region0012_line0000_word0001">
                    <pc:Coords points="379,2011 428,2011 428,2043 379,2043"/>
                    <pc:TextEquiv conf="0.292936859130859">
                        <pc:Unicode>gr</pc:Unicode>
                    </pc:TextEquiv>
                </pc:Word>
                <pc:Word id="region0012_line0000_word0002">
                    <pc:Coords points="443,2003 511,2003 511,2034 443,2034"/>
                    <pc:TextEquiv conf="0.609188423156738">
                        <pc:Unicode>Fol.</pc:Unicode>
                    </pc:TextEquiv>
                </pc:Word>
                <pc:Word id="region0012_line0000_word0003">
                    <pc:Coords points="646,2023 714,2023 714,2037 646,2037"/>
                    <pc:TextEquiv conf="0.513260459899902">
                        <pc:Unicode>84</pc:Unicode>
                    </pc:TextEquiv>
                </pc:Word>
                <pc:TextEquiv conf="0.603846435546875">
                    <pc:Unicode>geweseni gr Fol. 84</pc:Unicode>
                </pc:TextEquiv>
            </pc:TextLine>
            <pc:TextEquiv conf="0.603846435546875">
                <pc:Unicode>geweseni gr Fol. 84</pc:Unicode>
            </pc:TextEquiv>
        </pc:TextRegion>
        <pc:ImageRegion id="region0013" orientation="-1.166772401052725">
            <pc:Coords points="1359,0 1699,0 1699,2681 1359,2681"/>
        </pc:ImageRegion>
        <pc:SeparatorRegion id="region0003">
            <pc:Coords points="1398,147 1426,147 1426,735 1398,735"/>
        </pc:SeparatorRegion>
        <pc:SeparatorRegion id="region0005">
            <pc:Coords points="1468,153 1512,153 1512,961 1468,961"/>
        </pc:SeparatorRegion>
        <pc:SeparatorRegion id="region0006">
            <pc:Coords points="1427,873 1443,873 1443,1215 1427,1215"/>
        </pc:SeparatorRegion>
        <pc:SeparatorRegion id="region0008">
            <pc:Coords points="1384,135 1461,135 1461,1805 1384,1805"/>
        </pc:SeparatorRegion>
        <pc:SeparatorRegion id="region0010">
            <pc:Coords points="1412,1487 1436,1487 1436,2023 1412,2023"/>
        </pc:SeparatorRegion>
        <pc:SeparatorRegion id="region0011">
            <pc:Coords points="1414,1487 1436,1487 1436,2023 1414,2023"/>
        </pc:SeparatorRegion>
    </pc:Page>
</pc:PcGts>
