<?xml version="1.0" encoding="UTF-8"?>
<pc:PcGts xmlns:pc="http://schema.primaresearch.org/PAGE/gts/pagecontent/2019-07-15" xmlns:xsi="http://www.w3.org/2001/XMLSchema-instance" xsi:schemaLocation="http://schema.primaresearch.org/PAGE/gts/pagecontent/2019-07-15 http://schema.primaresearch.org/PAGE/gts/pagecontent/2019-07-15/pagecontent.xsd" pcGtsId="OCR-D-OCR_0002">
    <pc:Metadata>
        <pc:Creator>OCR-D/core 2.30.0</pc:Creator>
        <pc:Created>2022-11-14T12:41:12.088495</pc:Created>
        <pc:LastChange>2022-11-14T12:41:12.088495</pc:LastChange>
        <pc:MetadataItem type="processingStep" name="layout/segmentation/region" value="ocrd-tesserocr-recognize">
            <pc:Labels externalModel="ocrd-tool" externalId="parameters">
                <pc:Label value="region" type="segmentation_level"/>
                <pc:Label value="word" type="textequiv_level"/>
                <pc:Label value="True" type="find_tables"/>
                <pc:Label value="Fraktur_GT4HistOCR" type="model"/>
                <pc:Label value="0" type="dpi"/>
                <pc:Label value="0" type="padding"/>
                <pc:Label value="False" type="overwrite_segments"/>
                <pc:Label value="True" type="overwrite_text"/>
                <pc:Label value="False" type="shrink_polygons"/>
                <pc:Label value="False" type="block_polygons"/>
                <pc:Label value="False" type="find_staves"/>
                <pc:Label value="False" type="sparse_text"/>
                <pc:Label value="False" type="raw_lines"/>
                <pc:Label value="" type="char_whitelist"/>
                <pc:Label value="" type="char_blacklist"/>
                <pc:Label value="" type="char_unblacklist"/>
                <pc:Label value="{}" type="tesseract_parameters"/>
                <pc:Label value="{}" type="xpath_parameters"/>
                <pc:Label value="{}" type="xpath_model"/>
                <pc:Label value="False" type="auto_model"/>
                <pc:Label value="DEFAULT" type="oem"/>
            </pc:Labels>
            <pc:Labels externalModel="ocrd-tool" externalId="version">
                <pc:Label value="0.13.6 (tesseract 5.0.1)" type="ocrd-tesserocr-recognize"/>
                <pc:Label value="2.30.0" type="ocrd/core"/>
            </pc:Labels>
        </pc:MetadataItem>
    </pc:Metadata>
    <pc:Page imageFilename="OCR-D-IMG/OCR-D-IMG_0002.tif" imageWidth="1700" imageHeight="2686">
        <pc:AlternativeImage filename="OCR-D-OCR/OCR-D-OCR_0002.IMG-BIN.png" comments=",binarized,clipped"/>
        <pc:ReadingOrder>
            <pc:OrderedGroup id="reading-order">
                <pc:RegionRefIndexed index="0" regionRef="region0000"/>
                <pc:RegionRefIndexed index="1" regionRef="region0001"/>
                <pc:RegionRefIndexed index="2" regionRef="region0002"/>
                <pc:RegionRefIndexed index="3" regionRef="region0003"/>
                <pc:RegionRefIndexed index="4" regionRef="region0004"/>
                <pc:RegionRefIndexed index="5" regionRef="region0005"/>
                <pc:RegionRefIndexed index="6" regionRef="region0006"/>
                <pc:RegionRefIndexed index="8" regionRef="region0008"/>
                <pc:RegionRefIndexed index="9" regionRef="region0009"/>
                <pc:RegionRefIndexed index="10" regionRef="region0010"/>
            </pc:OrderedGroup>
        </pc:ReadingOrder>
        <pc:TextRegion id="region0001" orientation="-0.228055880920635" readingDirection="left-to-right" textLineOrder="top-to-bottom">
            <pc:Coords points="1045,443 1270,443 1270,472 1045,472"/>
            <pc:TextLine id="region0001_line0000">
                <pc:Coords points="1045,443 1270,443 1270,472 1045,472"/>
                <pc:Word id="region0001_line0000_word0000">
                    <pc:Coords points="1045,448 1084,448 1084,472 1045,472"/>
                    <pc:TextEquiv conf="0.925598220825195">
                        <pc:Unicode>II.</pc:Unicode>
                    </pc:TextEquiv>
                </pc:Word>
                <pc:Word id="region0001_line0000_word0001">
                    <pc:Coords points="1104,443 1270,443 1270,472 1104,472"/>
                    <pc:TextEquiv conf="0.882489471435547">
                        <pc:Unicode>Abschnitt.</pc:Unicode>
                    </pc:TextEquiv>
                </pc:Word>
                <pc:TextEquiv conf="0.904043846130371">
                    <pc:Unicode>II. Abschnitt.</pc:Unicode>
                </pc:TextEquiv>
            </pc:TextLine>
            <pc:TextEquiv conf="0.904043846130371">
                <pc:Unicode>II. Abschnitt.</pc:Unicode>
            </pc:TextEquiv>
        </pc:TextRegion>
        <pc:TextRegion id="region0003" orientation="-0.228055880920635" readingDirection="left-to-right" textLineOrder="top-to-bottom">
            <pc:Coords points="304,530 1588,530 1588,774 304,774"/>
            <pc:TextLine id="region0003_line0000">
                <pc:Coords points="1089,530 1215,530 1215,567 1089,567"/>
                <pc:Word id="region0003_line0000_word0000">
                    <pc:Coords points="1089,530 1215,530 1215,567 1089,567"/>
                    <pc:TextEquiv conf="0.011126861572266">
                        <pc:Unicode>—A——</pc:Unicode>
                    </pc:TextEquiv>
                </pc:Word>
                <pc:TextEquiv conf="0.011126861572266">
                    <pc:Unicode>—A——</pc:Unicode>
                </pc:TextEquiv>
            </pc:TextLine>
            <pc:TextLine id="region0003_line0001">
                <pc:Coords points="790,599 1587,599 1587,648 790,648"/>
                <pc:Word id="region0003_line0001_word0000">
                    <pc:Coords points="790,602 866,602 866,637 790,637"/>
                    <pc:TextEquiv conf="0.900766677856445">
                        <pc:Unicode>Die</pc:Unicode>
                    </pc:TextEquiv>
                </pc:Word>
                <pc:Word id="region0003_line0001_word0001">
                    <pc:Coords points="908,601 1001,601 1001,635 908,635"/>
                    <pc:TextEquiv conf="0.822539901733398">
                        <pc:Unicode>eben</pc:Unicode>
                    </pc:TextEquiv>
                </pc:Word>
                <pc:Word id="region0003_line0001_word0002">
                    <pc:Coords points="1043,601 1248,601 1248,646 1043,646"/>
                    <pc:TextEquiv conf="0.901553726196289">
                        <pc:Unicode>gedachten</pc:Unicode>
                    </pc:TextEquiv>
                </pc:Word>
                <pc:Word id="region0003_line0001_word0003">
                    <pc:Coords points="1283,600 1443,600 1443,634 1283,634"/>
                    <pc:TextEquiv conf="0.920021591186523">
                        <pc:Unicode>vordern</pc:Unicode>
                    </pc:TextEquiv>
                </pc:Word>
                <pc:Word id="region0003_line0001_word0004">
                    <pc:Coords points="1475,599 1587,599 1587,648 1475,648"/>
                    <pc:TextEquiv conf="0.234449615478516">
                        <pc:Unicode>ford-</pc:Unicode>
                    </pc:TextEquiv>
                </pc:Word>
                <pc:TextEquiv conf="0.755866302490234">
                    <pc:Unicode>Die eben gedachten vordern ford-</pc:Unicode>
                </pc:TextEquiv>
            </pc:TextLine>
            <pc:TextLine id="region0003_line0002">
                <pc:Coords points="717,664 1588,664 1588,711 717,711"/>
                <pc:Word id="region0003_line0002_word0000">
                    <pc:Coords points="717,669 815,669 815,703 717,703"/>
                    <pc:TextEquiv conf="0.859157485961914">
                        <pc:Unicode>mina</pc:Unicode>
                    </pc:TextEquiv>
                </pc:Word>
                <pc:Word id="region0003_line0002_word0001">
                    <pc:Coords points="853,665 1015,665 1015,711 853,711"/>
                    <pc:TextEquiv conf="0.814355926513672">
                        <pc:Unicode>palatina</pc:Unicode>
                    </pc:TextEquiv>
                </pc:Word>
                <pc:Word id="region0003_line0002_word0002">
                    <pc:Coords points="1052,664 1159,664 1159,707 1052,707"/>
                    <pc:TextEquiv conf="0.9002685546875">
                        <pc:Unicode>(oder</pc:Unicode>
                    </pc:TextEquiv>
                </pc:Word>
                <pc:Word id="region0003_line0002_word0003">
                    <pc:Coords points="1197,666 1357,666 1357,708 1197,708"/>
                    <pc:TextEquiv conf="0.071188049316406">
                        <pc:Unicode>incisiuq)</pc:Unicode>
                    </pc:TextEquiv>
                </pc:Word>
                <pc:Word id="region0003_line0002_word0004">
                    <pc:Coords points="1394,664 1480,664 1480,698 1394,698"/>
                    <pc:TextEquiv conf="0.901960220336914">
                        <pc:Unicode>sind</pc:Unicode>
                    </pc:TextEquiv>
                </pc:Word>
                <pc:Word id="region0003_line0002_word0005">
                    <pc:Coords points="1515,666 1588,666 1588,709 1515,709"/>
                    <pc:TextEquiv conf="0.718662338256836">
                        <pc:Unicode>bey</pc:Unicode>
                    </pc:TextEquiv>
                </pc:Word>
                <pc:TextEquiv conf="0.71093209584554">
                    <pc:Unicode>mina palatina (oder incisiuq) sind bey</pc:Unicode>
                </pc:TextEquiv>
            </pc:TextLine>
            <pc:TextLine id="region0003_line0003">
                <pc:Coords points="304,726 1588,726 1588,774 304,774"/>
                <pc:Word id="region0003_line0003_word0000">
                    <pc:Coords points="304,730 343,730 343,768 304,768"/>
                    <pc:TextEquiv conf="0.127363662719727">
                        <pc:Unicode>4</pc:Unicode>
                    </pc:TextEquiv>
                </pc:Word>
                <pc:Word id="region0003_line0003_word0001">
                    <pc:Coords points="717,732 791,732 791,764 717,764"/>
                    <pc:TextEquiv conf="0.917583389282227">
                        <pc:Unicode>den</pc:Unicode>
                    </pc:TextEquiv>
                </pc:Word>
                <pc:Word id="region0003_line0003_word0002">
                    <pc:Coords points="805,729 997,729 997,763 805,763"/>
                    <pc:TextEquiv conf="0.882123336791992">
                        <pc:Unicode>mehrsten</pc:Unicode>
                    </pc:TextEquiv>
                </pc:Word>
                <pc:Word id="region0003_line0003_word0003">
                    <pc:Coords points="1016,726 1297,726 1297,774 1016,774"/>
                    <pc:TextEquiv conf="0.860438232421875">
                        <pc:Unicode>Saugethieren,</pc:Unicode>
                    </pc:TextEquiv>
                </pc:Word>
                <pc:Word id="region0003_line0003_word0004">
                    <pc:Coords points="1312,741 1353,741 1353,762 1312,762"/>
                    <pc:TextEquiv conf="0.907824935913086">
                        <pc:Unicode>so</pc:Unicode>
                    </pc:TextEquiv>
                </pc:Word>
                <pc:Word id="region0003_line0003_word0005">
                    <pc:Coords points="1378,729 1450,729 1450,762 1378,762"/>
                    <pc:TextEquiv conf="0.915154037475586">
                        <pc:Unicode>wie</pc:Unicode>
                    </pc:TextEquiv>
                </pc:Word>
                <pc:Word id="region0003_line0003_word0006">
                    <pc:Coords points="1474,728 1588,728 1588,771 1474,771"/>
                    <pc:TextEquiv conf="0.919650421142578">
                        <pc:Unicode>beym</pc:Unicode>
                    </pc:TextEquiv>
                </pc:Word>
                <pc:TextEquiv conf="0.790019716535296">
                    <pc:Unicode>4 den mehrsten Saugethieren, so wie beym</pc:Unicode>
                </pc:TextEquiv>
            </pc:TextLine>
            <pc:TextEquiv conf="0.566986244110834">
                <pc:Unicode>—A——
Die eben gedachten vordern ford-
mina palatina (oder incisiuq) sind bey
4 den mehrsten Saugethieren, so wie beym</pc:Unicode>
            </pc:TextEquiv>
        </pc:TextRegion>
        <pc:TextRegion id="region0004" orientation="-0.228055880920635" readingDirection="left-to-right" textLineOrder="top-to-bottom">
            <pc:Coords points="1360,793 1584,793 1584,835 1360,835"/>
            <pc:TextLine id="region0004_line0000">
                <pc:Coords points="1360,793 1584,793 1584,835 1360,835"/>
                <pc:Word id="region0004_line0000_word0000">
                    <pc:Coords points="1360,793 1584,793 1584,835 1360,835"/>
                    <pc:TextEquiv conf="0.668521118164062">
                        <pc:Unicode>Menschen,</pc:Unicode>
                    </pc:TextEquiv>
                </pc:Word>
                <pc:TextEquiv conf="0.668521118164062">
                    <pc:Unicode>Menschen,</pc:Unicode>
                </pc:TextEquiv>
            </pc:TextLine>
            <pc:TextEquiv conf="0.668521118164062">
                <pc:Unicode>Menschen,</pc:Unicode>
            </pc:TextEquiv>
        </pc:TextRegion>
        <pc:TextRegion id="region0005" orientation="-0.228055880920635" readingDirection="left-to-right" textLineOrder="top-to-bottom">
            <pc:Coords points="830,910 1584,910 1584,1003 830,1003"/>
            <pc:TextLine id="region0005_line0000">
                <pc:Coords points="830,910 1584,910 1584,952 830,952"/>
                <pc:Word id="region0005_line0000_word0000">
                    <pc:Coords points="830,916 910,916 910,947 830,947"/>
                    <pc:TextEquiv conf="0.912534332275391">
                        <pc:Unicode>Man</pc:Unicode>
                    </pc:TextEquiv>
                </pc:Word>
                <pc:Word id="region0005_line0000_word0001">
                    <pc:Coords points="928,912 1041,912 1041,944 928,944"/>
                    <pc:TextEquiv conf="0.337754364013672">
                        <pc:Unicode>müũſste</pc:Unicode>
                    </pc:TextEquiv>
                </pc:Word>
                <pc:Word id="region0005_line0000_word0002">
                    <pc:Coords points="1059,912 1147,912 1147,941 1059,941"/>
                    <pc:TextEquiv conf="0.923614501953125">
                        <pc:Unicode>denn</pc:Unicode>
                    </pc:TextEquiv>
                </pc:Word>
                <pc:Word id="region0005_line0000_word0003">
                    <pc:Coords points="1164,911 1359,911 1359,946 1164,946"/>
                    <pc:TextEquiv conf="0.910508728027344">
                        <pc:Unicode>annehmen,</pc:Unicode>
                    </pc:TextEquiv>
                </pc:Word>
                <pc:Word id="region0005_line0000_word0004">
                    <pc:Coords points="1383,910 1449,910 1449,941 1383,941"/>
                    <pc:TextEquiv conf="0.483445281982422">
                        <pc:Unicode>dals</pc:Unicode>
                    </pc:TextEquiv>
                </pc:Word>
                <pc:Word id="region0005_line0000_word0005">
                    <pc:Coords points="1469,923 1502,923 1502,943 1469,943"/>
                    <pc:TextEquiv conf="0.931094207763672">
                        <pc:Unicode>er</pc:Unicode>
                    </pc:TextEquiv>
                </pc:Word>
                <pc:Word id="region0005_line0000_word0006">
                    <pc:Coords points="1521,912 1584,912 1584,952 1521,952"/>
                    <pc:TextEquiv conf="0.918755416870117">
                        <pc:Unicode>bey</pc:Unicode>
                    </pc:TextEquiv>
                </pc:Word>
                <pc:TextEquiv conf="0.773958118983678">
                    <pc:Unicode>Man müũſste denn annehmen, dals er bey</pc:Unicode>
                </pc:TextEquiv>
            </pc:TextLine>
            <pc:TextLine id="region0005_line0001">
                <pc:Coords points="830,969 1580,969 1580,1003 830,1003"/>
                <pc:Word id="region0005_line0001_word0000">
                    <pc:Coords points="830,974 914,974 914,1003 830,1003"/>
                    <pc:TextEquiv conf="0.88963249206543">
                        <pc:Unicode>allen</pc:Unicode>
                    </pc:TextEquiv>
                </pc:Word>
                <pc:Word id="region0005_line0001_word0001">
                    <pc:Coords points="937,972 1049,972 1049,1000 937,1000"/>
                    <pc:TextEquiv conf="0.920774688720703">
                        <pc:Unicode>diesen</pc:Unicode>
                    </pc:TextEquiv>
                </pc:Word>
                <pc:Word id="region0005_line0001_word0002">
                    <pc:Coords points="1059,969 1205,969 1205,998 1059,998"/>
                    <pc:TextEquiv conf="0.665181427001953">
                        <pc:Unicode>Thieren</pc:Unicode>
                    </pc:TextEquiv>
                </pc:Word>
                <pc:Word id="region0005_line0001_word0003">
                    <pc:Coords points="1222,969 1324,969 1324,999 1222,999"/>
                    <pc:TextEquiv conf="0.912247848510742">
                        <pc:Unicode>schon</pc:Unicode>
                    </pc:TextEquiv>
                </pc:Word>
                <pc:Word id="region0005_line0001_word0004">
                    <pc:Coords points="1346,969 1380,969 1380,998 1346,998"/>
                    <pc:TextEquiv conf="0.924631729125977">
                        <pc:Unicode>in</pc:Unicode>
                    </pc:TextEquiv>
                </pc:Word>
                <pc:Word id="region0005_line0001_word0005">
                    <pc:Coords points="1396,969 1502,969 1502,998 1396,998"/>
                    <pc:TextEquiv conf="0.917077178955078">
                        <pc:Unicode>ihrem</pc:Unicode>
                    </pc:TextEquiv>
                </pc:Word>
                <pc:Word id="region0005_line0001_word0006">
                    <pc:Coords points="1520,980 1580,980 1580,999 1520,999"/>
                    <pc:TextEquiv conf="0.918338623046875">
                        <pc:Unicode>un-</pc:Unicode>
                    </pc:TextEquiv>
                </pc:Word>
                <pc:TextEquiv conf="0.878269141060965">
                    <pc:Unicode>allen diesen Thieren schon in ihrem un-</pc:Unicode>
                </pc:TextEquiv>
            </pc:TextLine>
            <pc:TextEquiv conf="0.826113630022321">
                <pc:Unicode>Man müũſste denn annehmen, dals er bey
allen diesen Thieren schon in ihrem un-</pc:Unicode>
            </pc:TextEquiv>
        </pc:TextRegion>
        <pc:TextRegion id="region0006" orientation="-0.228055880920635" readingDirection="left-to-right" textLineOrder="top-to-bottom">
            <pc:Coords points="349,1025 1581,1025 1581,1365 349,1365"/>
            <pc:TextLine id="region0006_line0000">
                <pc:Coords points="831,1025 1580,1025 1580,1066 831,1066"/>
                <pc:Word id="region0006_line0000_word0000">
                    <pc:Coords points="831,1029 935,1029 935,1060 831,1060"/>
                    <pc:TextEquiv conf="0.89568229675293">
                        <pc:Unicode>reifen</pc:Unicode>
                    </pc:TextEquiv>
                </pc:Word>
                <pc:Word id="region0006_line0000_word0001">
                    <pc:Coords points="976,1028 1065,1028 1065,1057 976,1057"/>
                    <pc:TextEquiv conf="0.898318634033203">
                        <pc:Unicode>Alter</pc:Unicode>
                    </pc:TextEquiv>
                </pc:Word>
                <pc:Word id="region0006_line0000_word0002">
                    <pc:Coords points="1106,1036 1186,1036 1186,1066 1106,1066"/>
                    <pc:TextEquiv conf="0.864215393066406">
                        <pc:Unicode>ganz</pc:Unicode>
                    </pc:TextEquiv>
                </pc:Word>
                <pc:Word id="region0006_line0000_word0003">
                    <pc:Coords points="1228,1025 1438,1025 1438,1055 1228,1055"/>
                    <pc:TextEquiv conf="0.887010498046875">
                        <pc:Unicode>verwachsen</pc:Unicode>
                    </pc:TextEquiv>
                </pc:Word>
                <pc:Word id="region0006_line0000_word0004">
                    <pc:Coords points="1482,1030 1580,1030 1580,1061 1482,1061"/>
                    <pc:TextEquiv conf="0.881330337524414">
                        <pc:Unicode>wäre,</pc:Unicode>
                    </pc:TextEquiv>
                </pc:Word>
                <pc:TextEquiv conf="0.885311431884766">
                    <pc:Unicode>reifen Alter ganz verwachsen wäre,</pc:Unicode>
                </pc:TextEquiv>
            </pc:TextLine>
            <pc:TextLine id="region0006_line0001">
                <pc:Coords points="830,1081 1581,1081 1581,1126 830,1126"/>
                <pc:Word id="region0006_line0001_word0000">
                    <pc:Coords points="830,1098 928,1098 928,1118 830,1118"/>
                    <pc:TextEquiv conf="0.726876068115234">
                        <pc:Unicode>wenn</pc:Unicode>
                    </pc:TextEquiv>
                </pc:Word>
                <pc:Word id="region0006_line0001_word0001">
                    <pc:Coords points="947,1084 1052,1084 1052,1126 947,1126"/>
                    <pc:TextEquiv conf="0.89880729675293">
                        <pc:Unicode>gleich</pc:Unicode>
                    </pc:TextEquiv>
                </pc:Word>
                <pc:Word id="region0006_line0001_word0002">
                    <pc:Coords points="1066,1083 1118,1083 1118,1112 1066,1112"/>
                    <pc:TextEquiv conf="0.924365615844727">
                        <pc:Unicode>die</pc:Unicode>
                    </pc:TextEquiv>
                </pc:Word>
                <pc:Word id="region0006_line0001_word0003">
                    <pc:Coords points="1139,1082 1275,1082 1275,1122 1139,1122"/>
                    <pc:TextEquiv conf="0.915719604492187">
                        <pc:Unicode>übrigen</pc:Unicode>
                    </pc:TextEquiv>
                </pc:Word>
                <pc:Word id="region0006_line0001_word0004">
                    <pc:Coords points="1291,1081 1581,1081 1581,1112 1291,1112"/>
                    <pc:TextEquiv conf="0.906440353393555">
                        <pc:Unicode>Schedelknochen</pc:Unicode>
                    </pc:TextEquiv>
                </pc:Word>
                <pc:TextEquiv conf="0.874441787719727">
                    <pc:Unicode>wenn gleich die übrigen Schedelknochen</pc:Unicode>
                </pc:TextEquiv>
            </pc:TextLine>
            <pc:TextLine id="region0006_line0002">
                <pc:Coords points="829,1139 1581,1139 1581,1175 829,1175"/>
                <pc:Word id="region0006_line0002_word0000">
                    <pc:Coords points="829,1145 915,1145 915,1175 829,1175"/>
                    <pc:TextEquiv conf="0.393231925964355">
                        <pc:Unicode>noch</pc:Unicode>
                    </pc:TextEquiv>
                </pc:Word>
                <pc:Word id="region0006_line0002_word0001">
                    <pc:Coords points="940,1142 1011,1142 1011,1172 940,1172"/>
                    <pc:TextEquiv conf="0.850629348754883">
                        <pc:Unicode>aufs</pc:Unicode>
                    </pc:TextEquiv>
                </pc:Word>
                <pc:Word id="region0006_line0002_word0002">
                    <pc:Coords points="1034,1140 1227,1140 1227,1170 1034,1170"/>
                    <pc:TextEquiv conf="0.691121292114258">
                        <pc:Unicode>deutlichstte</pc:Unicode>
                    </pc:TextEquiv>
                </pc:Word>
                <pc:Word id="region0006_line0002_word0003">
                    <pc:Coords points="1261,1139 1331,1139 1331,1169 1261,1169"/>
                    <pc:TextEquiv conf="0.917267684936523">
                        <pc:Unicode>ihre</pc:Unicode>
                    </pc:TextEquiv>
                </pc:Word>
                <pc:Word id="region0006_line0002_word0004">
                    <pc:Coords points="1361,1139 1503,1139 1503,1168 1361,1168"/>
                    <pc:TextEquiv conf="0.925764999389648">
                        <pc:Unicode>Suturen</pc:Unicode>
                    </pc:TextEquiv>
                </pc:Word>
                <pc:Word id="region0006_line0002_word0005">
                    <pc:Coords points="1533,1148 1581,1148 1581,1168 1533,1168"/>
                    <pc:TextEquiv conf="0.907210845947266">
                        <pc:Unicode>er-</pc:Unicode>
                    </pc:TextEquiv>
                </pc:Word>
                <pc:TextEquiv conf="0.780871016184489">
                    <pc:Unicode>noch aufs deutlichstte ihre Suturen er-</pc:Unicode>
                </pc:TextEquiv>
            </pc:TextLine>
            <pc:TextLine id="region0006_line0003">
                <pc:Coords points="825,1198 1080,1198 1080,1230 825,1230"/>
                <pc:Word id="region0006_line0003_word0000">
                    <pc:Coords points="825,1201 935,1201 935,1230 825,1230"/>
                    <pc:TextEquiv conf="0.929458694458008">
                        <pc:Unicode>halten</pc:Unicode>
                    </pc:TextEquiv>
                </pc:Word>
                <pc:Word id="region0006_line0003_word0001">
                    <pc:Coords points="956,1198 1080,1198 1080,1225 956,1225"/>
                    <pc:TextEquiv conf="0.865518035888672">
                        <pc:Unicode>hatten.</pc:Unicode>
                    </pc:TextEquiv>
                </pc:Word>
                <pc:TextEquiv conf="0.89748836517334">
                    <pc:Unicode>halten hatten.</pc:Unicode>
                </pc:TextEquiv>
            </pc:TextLine>
            <pc:TextLine id="region0006_line0004">
                <pc:Coords points="882,1249 1577,1249 1577,1290 882,1290"/>
                <pc:Word id="region0006_line0004_word0000">
                    <pc:Coords points="882,1253 978,1253 978,1285 882,1285"/>
                    <pc:TextEquiv conf="0.92416748046875">
                        <pc:Unicode>Auch</pc:Unicode>
                    </pc:TextEquiv>
                </pc:Word>
                <pc:Word id="region0006_line0004_word0001">
                    <pc:Coords points="995,1253 1058,1253 1058,1290 995,1290"/>
                    <pc:TextEquiv conf="0.880483932495117">
                        <pc:Unicode>bey</pc:Unicode>
                    </pc:TextEquiv>
                </pc:Word>
                <pc:Word id="region0006_line0004_word0002">
                    <pc:Coords points="1079,1249 1315,1249 1315,1280 1079,1280"/>
                    <pc:TextEquiv conf="0.899089813232422">
                        <pc:Unicode>verschiednen</pc:Unicode>
                    </pc:TextEquiv>
                </pc:Word>
                <pc:Word id="region0006_line0004_word0003">
                    <pc:Coords points="1340,1250 1577,1250 1577,1290 1340,1290"/>
                    <pc:TextEquiv conf="0.704811782836914">
                        <pc:Unicode>Säugethieren</pc:Unicode>
                    </pc:TextEquiv>
                </pc:Word>
                <pc:TextEquiv conf="0.852138252258301">
                    <pc:Unicode>Auch bey verschiednen Säugethieren</pc:Unicode>
                </pc:TextEquiv>
            </pc:TextLine>
            <pc:TextEquiv conf="0.858050170644124">
                <pc:Unicode>reifen Alter ganz verwachsen wäre,
wenn gleich die übrigen Schedelknochen
noch aufs deutlichstte ihre Suturen er-
halten hatten.
Auch bey verschiednen Säugethieren</pc:Unicode>
            </pc:TextEquiv>
        </pc:TextRegion>
        <pc:TextRegion id="region0008" orientation="-0.228055880920635" readingDirection="left-to-right" textLineOrder="top-to-bottom">
            <pc:Coords points="813,1307 1576,1307 1576,2092 813,2092"/>
            <pc:TextLine id="region0008_line0000">
                <pc:Coords points="825,1307 1576,1307 1576,1345 825,1345"/>
                <pc:Word id="region0008_line0000_word0000">
                    <pc:Coords points="825,1323 880,1323 880,1342 825,1342"/>
                    <pc:TextEquiv conf="0.925402679443359">
                        <pc:Unicode>aus</pc:Unicode>
                    </pc:TextEquiv>
                </pc:Word>
                <pc:Word id="region0008_line0000_word0001">
                    <pc:Coords points="906,1310 1029,1310 1029,1340 906,1340"/>
                    <pc:TextEquiv conf="0.800089721679688">
                        <pc:Unicode>andern</pc:Unicode>
                    </pc:TextEquiv>
                </pc:Word>
                <pc:Word id="region0008_line0000_word0002">
                    <pc:Coords points="1041,1307 1264,1307 1264,1345 1041,1345"/>
                    <pc:TextEquiv conf="0.91280403137207">
                        <pc:Unicode>Ordnungen,</pc:Unicode>
                    </pc:TextEquiv>
                </pc:Word>
                <pc:Word id="region0008_line0000_word0003">
                    <pc:Coords points="1283,1308 1483,1308 1483,1337 1283,1337"/>
                    <pc:TextEquiv conf="0.900789184570313">
                        <pc:Unicode>namentlich</pc:Unicode>
                    </pc:TextEquiv>
                </pc:Word>
                <pc:Word id="region0008_line0000_word0004">
                    <pc:Coords points="1500,1308 1576,1308 1576,1337 1500,1337"/>
                    <pc:TextEquiv conf="0.926535949707031">
                        <pc:Unicode>dem</pc:Unicode>
                    </pc:TextEquiv>
                </pc:Word>
                <pc:TextEquiv conf="0.893124313354492">
                    <pc:Unicode>aus andern Ordnungen, namentlich dem</pc:Unicode>
                </pc:TextEquiv>
            </pc:TextLine>
            <pc:TextLine id="region0008_line0001">
                <pc:Coords points="824,1363 1575,1363 1575,1408 824,1408"/>
                <pc:Word id="region0008_line0001_word0000">
                    <pc:Coords points="824,1368 1002,1368 1002,1408 824,1408"/>
                    <pc:TextEquiv conf="0.797968597412109">
                        <pc:Unicode>Bradypus</pc:Unicode>
                    </pc:TextEquiv>
                </pc:Word>
                <pc:Word id="region0008_line0001_word0001">
                    <pc:Coords points="1035,1363 1232,1363 1232,1402 1035,1402"/>
                    <pc:TextEquiv conf="0.797910003662109">
                        <pc:Unicode>tridactylus</pc:Unicode>
                    </pc:TextEquiv>
                </pc:Word>
                <pc:Word id="region0008_line0001_word0002">
                    <pc:Coords points="1267,1365 1333,1365 1333,1393 1267,1393"/>
                    <pc:TextEquiv conf="0.914564971923828">
                        <pc:Unicode>und</pc:Unicode>
                    </pc:TextEquiv>
                </pc:Word>
                <pc:Word id="region0008_line0001_word0003">
                    <pc:Coords points="1376,1364 1575,1364 1575,1401 1376,1401"/>
                    <pc:TextEquiv conf="0.256632690429688">
                        <pc:Unicode>Vegcpertilio</pc:Unicode>
                    </pc:TextEquiv>
                </pc:Word>
                <pc:TextEquiv conf="0.691769065856934">
                    <pc:Unicode>Bradypus tridactylus und Vegcpertilio</pc:Unicode>
                </pc:TextEquiv>
            </pc:TextLine>
            <pc:TextLine id="region0008_line0002">
                <pc:Coords points="816,1421 1575,1421 1575,1470 816,1470"/>
                <pc:Word id="region0008_line0002_word0000">
                    <pc:Coords points="816,1423 949,1423 949,1470 816,1470"/>
                    <pc:TextEquiv conf="0.900990982055664">
                        <pc:Unicode>ferrum</pc:Unicode>
                    </pc:TextEquiv>
                </pc:Word>
                <pc:Word id="region0008_line0002_word0001">
                    <pc:Coords points="971,1422 1138,1422 1138,1463 971,1463"/>
                    <pc:TextEquiv conf="0.91824462890625">
                        <pc:Unicode>equinum,</pc:Unicode>
                    </pc:TextEquiv>
                </pc:Word>
                <pc:Word id="region0008_line0002_word0002">
                    <pc:Coords points="1163,1421 1286,1421 1286,1449 1163,1449"/>
                    <pc:TextEquiv conf="0.909820709228516">
                        <pc:Unicode>konnte</pc:Unicode>
                    </pc:TextEquiv>
                </pc:Word>
                <pc:Word id="region0008_line0002_word0003">
                    <pc:Coords points="1304,1421 1386,1421 1386,1450 1304,1450"/>
                    <pc:TextEquiv conf="0.900906372070313">
                        <pc:Unicode>Herr</pc:Unicode>
                    </pc:TextEquiv>
                </pc:Word>
                <pc:Word id="region0008_line0002_word0004">
                    <pc:Coords points="1401,1421 1575,1421 1575,1451 1401,1451"/>
                    <pc:TextEquiv conf="0.916855773925781">
                        <pc:Unicode>Bibliothe-</pc:Unicode>
                    </pc:TextEquiv>
                </pc:Word>
                <pc:TextEquiv conf="0.909363693237305">
                    <pc:Unicode>ferrum equinum, konnte Herr Bibliothe-</pc:Unicode>
                </pc:TextEquiv>
            </pc:TextLine>
            <pc:TextLine id="region0008_line0003">
                <pc:Coords points="822,1476 1574,1476 1574,1517 822,1517"/>
                <pc:Word id="region0008_line0003_word0000">
                    <pc:Coords points="822,1487 878,1487 878,1514 822,1514"/>
                    <pc:TextEquiv conf="0.900375900268555">
                        <pc:Unicode>kar</pc:Unicode>
                    </pc:TextEquiv>
                </pc:Word>
                <pc:Word id="region0008_line0003_word0001">
                    <pc:Coords points="901,1482 1047,1482 1047,1511 901,1511"/>
                    <pc:TextEquiv conf="0.008963012695312">
                        <pc:Unicode>Fiscunk</pc:Unicode>
                    </pc:TextEquiv>
                </pc:Word>
                <pc:Word id="region0008_line0003_word0002">
                    <pc:Coords points="1070,1477 1166,1477 1166,1507 1070,1507"/>
                    <pc:TextEquiv conf="0.90931884765625">
                        <pc:Unicode>keine</pc:Unicode>
                    </pc:TextEquiv>
                </pc:Word>
                <pc:Word id="region0008_line0003_word0003">
                    <pc:Coords points="1189,1476 1272,1476 1272,1517 1189,1517"/>
                    <pc:TextEquiv conf="0.929136505126953">
                        <pc:Unicode>Spur</pc:Unicode>
                    </pc:TextEquiv>
                </pc:Word>
                <pc:Word id="region0008_line0003_word0004">
                    <pc:Coords points="1293,1477 1348,1477 1348,1507 1293,1507"/>
                    <pc:TextEquiv conf="0.923843231201172">
                        <pc:Unicode>des</pc:Unicode>
                    </pc:TextEquiv>
                </pc:Word>
                <pc:Word id="region0008_line0003_word0005">
                    <pc:Coords points="1372,1477 1574,1477 1574,1506 1372,1506"/>
                    <pc:TextEquiv conf="0.891786117553711">
                        <pc:Unicode>Intermaxil-</pc:Unicode>
                    </pc:TextEquiv>
                </pc:Word>
                <pc:TextEquiv conf="0.760570602416992">
                    <pc:Unicode>kar Fiscunk keine Spur des Intermaxil-</pc:Unicode>
                </pc:TextEquiv>
            </pc:TextLine>
            <pc:TextLine id="region0008_line0004">
                <pc:Coords points="821,1534 1573,1534 1573,1571 821,1571"/>
                <pc:Word id="region0008_line0004_word0000">
                    <pc:Coords points="821,1538 1056,1538 1056,1571 821,1571"/>
                    <pc:TextEquiv conf="0.42588508605957">
                        <pc:Unicode>lar⸗KRnochen</pc:Unicode>
                    </pc:TextEquiv>
                </pc:Word>
                <pc:Word id="region0008_line0004_word0001">
                    <pc:Coords points="1080,1534 1258,1534 1258,1566 1080,1566"/>
                    <pc:TextEquiv conf="0.7418896484375">
                        <pc:Unicode>auffinden.</pc:Unicode>
                    </pc:TextEquiv>
                </pc:Word>
                <pc:Word id="region0008_line0004_word0002">
                    <pc:Coords points="1311,1545 1334,1545 1334,1565 1311,1565"/>
                    <pc:TextEquiv conf="0.342889709472656">
                        <pc:Unicode>s.</pc:Unicode>
                    </pc:TextEquiv>
                </pc:Word>
                <pc:Word id="region0008_line0004_word0003">
                    <pc:Coords points="1366,1534 1458,1534 1458,1566 1366,1566"/>
                    <pc:TextEquiv conf="0.899833679199219">
                        <pc:Unicode>Dess.</pc:Unicode>
                    </pc:TextEquiv>
                </pc:Word>
                <pc:Word id="region0008_line0004_word0004">
                    <pc:Coords points="1488,1534 1573,1534 1573,1565 1488,1565"/>
                    <pc:TextEquiv conf="0.915093536376953">
                        <pc:Unicode>oben</pc:Unicode>
                    </pc:TextEquiv>
                </pc:Word>
                <pc:TextEquiv conf="0.66511833190918">
                    <pc:Unicode>lar⸗KRnochen auffinden. s. Dess. oben</pc:Unicode>
                </pc:TextEquiv>
            </pc:TextLine>
            <pc:TextLine id="region0008_line0005">
                <pc:Coords points="819,1591 1571,1591 1571,1639 819,1639"/>
                <pc:Word id="region0008_line0005_word0000">
                    <pc:Coords points="819,1596 1013,1596 1013,1639 819,1639"/>
                    <pc:TextEquiv conf="0.52724967956543">
                        <pc:Unicode>angefuhrte</pc:Unicode>
                    </pc:TextEquiv>
                </pc:Word>
                <pc:Word id="region0008_line0005_word0001">
                    <pc:Coords points="1036,1591 1260,1591 1260,1624 1036,1624"/>
                    <pc:TextEquiv conf="0.47109260559082">
                        <pc:Unicode>meélsterhafte</pc:Unicode>
                    </pc:TextEquiv>
                </pc:Word>
                <pc:Word id="region0008_line0005_word0002">
                    <pc:Coords points="1279,1591 1516,1591 1516,1631 1279,1631"/>
                    <pc:TextEquiv conf="0.912374801635742">
                        <pc:Unicode>Monographie</pc:Unicode>
                    </pc:TextEquiv>
                </pc:Word>
                <pc:Word id="region0008_line0005_word0003">
                    <pc:Coords points="1539,1591 1571,1591 1571,1621 1539,1621"/>
                    <pc:TextEquiv conf="0.244715423583984">
                        <pc:Unicode>8.</pc:Unicode>
                    </pc:TextEquiv>
                </pc:Word>
                <pc:TextEquiv conf="0.538858127593994">
                    <pc:Unicode>angefuhrte meélsterhafte Monographie 8.</pc:Unicode>
                </pc:TextEquiv>
            </pc:TextLine>
            <pc:TextLine id="region0008_line0006">
                <pc:Coords points="822,1647 1573,1647 1573,1694 822,1694"/>
                <pc:Word id="region0008_line0006_word0000">
                    <pc:Coords points="822,1666 872,1666 872,1694 822,1694"/>
                    <pc:TextEquiv conf="0.609751358032227">
                        <pc:Unicode>47</pc:Unicode>
                    </pc:TextEquiv>
                </pc:Word>
                <pc:Word id="region0008_line0006_word0001">
                    <pc:Coords points="892,1659 941,1659 941,1692 892,1692"/>
                    <pc:TextEquiv conf="0.707203521728516">
                        <pc:Unicode>89.</pc:Unicode>
                    </pc:TextEquiv>
                </pc:Word>
                <pc:Word id="region0008_line0006_word0002">
                    <pc:Coords points="986,1653 1080,1653 1080,1683 986,1683"/>
                    <pc:TextEquiv conf="0.926264495849609">
                        <pc:Unicode>Doch</pc:Unicode>
                    </pc:TextEquiv>
                </pc:Word>
                <pc:Word id="region0008_line0006_word0003">
                    <pc:Coords points="1104,1652 1192,1652 1192,1690 1104,1690"/>
                    <pc:TextEquiv conf="0.746137237548828">
                        <pc:Unicode>giebt</pc:Unicode>
                    </pc:TextEquiv>
                </pc:Word>
                <pc:Word id="region0008_line0006_word0004">
                    <pc:Coords points="1219,1659 1253,1659 1253,1678 1219,1678"/>
                    <pc:TextEquiv conf="0.746137237548828">
                        <pc:Unicode>er</pc:Unicode>
                    </pc:TextEquiv>
                </pc:Word>
                <pc:Word id="region0008_line0006_word0005">
                    <pc:Coords points="1275,1649 1376,1649 1376,1677 1275,1677"/>
                    <pc:TextEquiv conf="0.779587936401367">
                        <pc:Unicode>selbst</pc:Unicode>
                    </pc:TextEquiv>
                </pc:Word>
                <pc:Word id="region0008_line0006_word0006">
                    <pc:Coords points="1399,1648 1452,1648 1452,1675 1399,1675"/>
                    <pc:TextEquiv conf="0.908713836669922">
                        <pc:Unicode>die</pc:Unicode>
                    </pc:TextEquiv>
                </pc:Word>
                <pc:Word id="region0008_line0006_word0007">
                    <pc:Coords points="1479,1647 1573,1647 1573,1687 1479,1687"/>
                    <pc:TextEquiv conf="0.878467102050781">
                        <pc:Unicode>Mög-</pc:Unicode>
                    </pc:TextEquiv>
                </pc:Word>
                <pc:TextEquiv conf="0.78778284072876">
                    <pc:Unicode>47 89. Doch giebt er selbst die Mög-</pc:Unicode>
                </pc:TextEquiv>
            </pc:TextLine>
            <pc:TextLine id="region0008_line0007">
                <pc:Coords points="819,1703 1571,1703 1571,1744 819,1744"/>
                <pc:Word id="region0008_line0007_word0000">
                    <pc:Coords points="819,1712 951,1712 951,1742 819,1742"/>
                    <pc:TextEquiv conf="0.466616287231445">
                        <pc:Unicode>lichkéit</pc:Unicode>
                    </pc:TextEquiv>
                </pc:Word>
                <pc:Word id="region0008_line0007_word0001">
                    <pc:Coords points="971,1721 1030,1721 1030,1744 971,1744"/>
                    <pc:TextEquiv conf="0.693927688598633">
                        <pc:Unicode>zu,</pc:Unicode>
                    </pc:TextEquiv>
                </pc:Word>
                <pc:Word id="region0008_line0007_word0002">
                    <pc:Coords points="1053,1707 1120,1707 1120,1737 1053,1737"/>
                    <pc:TextEquiv conf="0.619548645019531">
                        <pc:Unicode>daſs</pc:Unicode>
                    </pc:TextEquiv>
                </pc:Word>
                <pc:Word id="region0008_line0007_word0003">
                    <pc:Coords points="1145,1705 1345,1705 1345,1744 1145,1744"/>
                    <pc:TextEquiv conf="0.874001159667969">
                        <pc:Unicode>wonigstens</pc:Unicode>
                    </pc:TextEquiv>
                </pc:Word>
                <pc:Word id="region0008_line0007_word0004">
                    <pc:Coords points="1367,1704 1462,1704 1462,1742 1367,1742"/>
                    <pc:TextEquiv conf="0.899405975341797">
                        <pc:Unicode>beym</pc:Unicode>
                    </pc:TextEquiv>
                </pc:Word>
                <pc:Word id="region0008_line0007_word0005">
                    <pc:Coords points="1482,1703 1571,1703 1571,1733 1482,1733"/>
                    <pc:TextEquiv conf="0.906802215576172">
                        <pc:Unicode>Faul-</pc:Unicode>
                    </pc:TextEquiv>
                </pc:Word>
                <pc:TextEquiv conf="0.743383661905924">
                    <pc:Unicode>lichkéit zu, daſs wonigstens beym Faul-</pc:Unicode>
                </pc:TextEquiv>
            </pc:TextLine>
            <pc:TextLine id="region0008_line0008">
                <pc:Coords points="819,1760 1569,1760 1569,1804 819,1804"/>
                <pc:Word id="region0008_line0008_word0000">
                    <pc:Coords points="819,1769 905,1769 905,1797 819,1797"/>
                    <pc:TextEquiv conf="0.538081893920898">
                        <pc:Unicode>thier</pc:Unicode>
                    </pc:TextEquiv>
                </pc:Word>
                <pc:Word id="region0008_line0008_word0001">
                    <pc:Coords points="938,1768 1028,1768 1028,1804 938,1804"/>
                    <pc:TextEquiv conf="0.924478759765625">
                        <pc:Unicode>jener</pc:Unicode>
                    </pc:TextEquiv>
                </pc:Word>
                <pc:Word id="region0008_line0008_word0002">
                    <pc:Coords points="1058,1763 1220,1763 1220,1794 1058,1794"/>
                    <pc:TextEquiv conf="0.897468414306641">
                        <pc:Unicode>Knochen</pc:Unicode>
                    </pc:TextEquiv>
                </pc:Word>
                <pc:Word id="region0008_line0008_word0003">
                    <pc:Coords points="1248,1760 1471,1760 1471,1800 1248,1800"/>
                    <pc:TextEquiv conf="0.763215179443359">
                        <pc:Unicode>loſsgestoſsen</pc:Unicode>
                    </pc:TextEquiv>
                </pc:Word>
                <pc:Word id="region0008_line0008_word0004">
                    <pc:Coords points="1501,1761 1569,1761 1569,1790 1501,1790"/>
                    <pc:TextEquiv conf="0.878841094970703">
                        <pc:Unicode>und</pc:Unicode>
                    </pc:TextEquiv>
                </pc:Word>
                <pc:TextEquiv conf="0.800417068481445">
                    <pc:Unicode>thier jener Knochen loſsgestoſsen und</pc:Unicode>
                </pc:TextEquiv>
            </pc:TextLine>
            <pc:TextLine id="region0008_line0009">
                <pc:Coords points="817,1818 1568,1818 1568,1862 817,1862"/>
                <pc:Word id="region0008_line0009_word0000">
                    <pc:Coords points="817,1825 970,1825 970,1855 817,1855"/>
                    <pc:TextEquiv conf="0.914059219360352">
                        <pc:Unicode>verloren</pc:Unicode>
                    </pc:TextEquiv>
                </pc:Word>
                <pc:Word id="region0008_line0009_word0001">
                    <pc:Coords points="988,1830 1153,1830 1153,1862 988,1862"/>
                    <pc:TextEquiv conf="0.192411041259766">
                        <pc:Unicode>gegapgen</pc:Unicode>
                    </pc:TextEquiv>
                </pc:Word>
                <pc:Word id="region0008_line0009_word0002">
                    <pc:Coords points="1176,1829 1255,1829 1255,1858 1176,1858"/>
                    <pc:TextEquiv conf="0.895949401855469">
                        <pc:Unicode>seyn</pc:Unicode>
                    </pc:TextEquiv>
                </pc:Word>
                <pc:Word id="region0008_line0009_word0003">
                    <pc:Coords points="1275,1820 1395,1820 1395,1848 1275,1848"/>
                    <pc:TextEquiv conf="0.8966357421875">
                        <pc:Unicode>könne.</pc:Unicode>
                    </pc:TextEquiv>
                </pc:Word>
                <pc:Word id="region0008_line0009_word0004">
                    <pc:Coords points="1411,1835 1447,1835 1447,1839 1411,1839"/>
                    <pc:TextEquiv conf="0.854531784057617">
                        <pc:Unicode>—</pc:Unicode>
                    </pc:TextEquiv>
                </pc:Word>
                <pc:Word id="region0008_line0009_word0005">
                    <pc:Coords points="1465,1818 1568,1818 1568,1853 1465,1853"/>
                    <pc:TextEquiv conf="0.888113174438477">
                        <pc:Unicode>Kurz,</pc:Unicode>
                    </pc:TextEquiv>
                </pc:Word>
                <pc:TextEquiv conf="0.773616727193197">
                    <pc:Unicode>verloren gegapgen seyn könne. — Kurz,</pc:Unicode>
                </pc:TextEquiv>
            </pc:TextLine>
            <pc:TextLine id="region0008_line0010">
                <pc:Coords points="817,1874 1567,1874 1567,1917 817,1917"/>
                <pc:Word id="region0008_line0010_word0000">
                    <pc:Coords points="817,1883 879,1883 879,1913 817,1913"/>
                    <pc:TextEquiv conf="0.886016082763672">
                        <pc:Unicode>alle</pc:Unicode>
                    </pc:TextEquiv>
                </pc:Word>
                <pc:Word id="region0008_line0010_word0001">
                    <pc:Coords points="895,1880 948,1880 948,1909 895,1909"/>
                    <pc:TextEquiv conf="0.893672866821289">
                        <pc:Unicode>die</pc:Unicode>
                    </pc:TextEquiv>
                </pc:Word>
                <pc:Word id="region0008_line0010_word0002">
                    <pc:Coords points="960,1876 1176,1876 1176,1917 960,1917"/>
                    <pc:TextEquiv conf="0.364401168823242">
                        <pc:Unicode>angeführten</pc:Unicode>
                    </pc:TextEquiv>
                </pc:Word>
                <pc:Word id="region0008_line0010_word0003">
                    <pc:Coords points="1188,1876 1396,1876 1396,1907 1188,1907"/>
                    <pc:TextEquiv conf="0.874061889648437">
                        <pc:Unicode>Ausnahmen</pc:Unicode>
                    </pc:TextEquiv>
                </pc:Word>
                <pc:Word id="region0008_line0010_word0004">
                    <pc:Coords points="1407,1874 1567,1874 1567,1903 1407,1903"/>
                    <pc:TextEquiv conf="0.871278076171875">
                        <pc:Unicode>bedürfen</pc:Unicode>
                    </pc:TextEquiv>
                </pc:Word>
                <pc:TextEquiv conf="0.777886016845703">
                    <pc:Unicode>alle die angeführten Ausnahmen bedürfen</pc:Unicode>
                </pc:TextEquiv>
            </pc:TextLine>
            <pc:TextLine id="region0008_line0011">
                <pc:Coords points="818,1930 1568,1930 1568,1973 818,1973"/>
                <pc:Word id="region0008_line0011_word0000">
                    <pc:Coords points="818,1945 884,1945 884,1968 818,1968"/>
                    <pc:TextEquiv conf="0.869059600830078">
                        <pc:Unicode>erst</pc:Unicode>
                    </pc:TextEquiv>
                </pc:Word>
                <pc:Word id="region0008_line0011_word0001">
                    <pc:Coords points="899,1936 983,1936 983,1967 899,1967"/>
                    <pc:TextEquiv conf="0.928156890869141">
                        <pc:Unicode>noch</pc:Unicode>
                    </pc:TextEquiv>
                </pc:Word>
                <pc:Word id="region0008_line0011_word0002">
                    <pc:Coords points="994,1933 1143,1933 1143,1963 994,1963"/>
                    <pc:TextEquiv conf="0.908663635253906">
                        <pc:Unicode>weiterer</pc:Unicode>
                    </pc:TextEquiv>
                </pc:Word>
                <pc:Word id="region0008_line0011_word0003">
                    <pc:Coords points="1159,1942 1298,1942 1298,1973 1159,1973"/>
                    <pc:TextEquiv conf="0.91675651550293">
                        <pc:Unicode>genauer</pc:Unicode>
                    </pc:TextEquiv>
                </pc:Word>
                <pc:Word id="region0008_line0011_word0004">
                    <pc:Coords points="1314,1930 1568,1930 1568,1970 1314,1970"/>
                    <pc:TextEquiv conf="0.904120254516602">
                        <pc:Unicode>Untersuchung</pc:Unicode>
                    </pc:TextEquiv>
                </pc:Word>
                <pc:TextEquiv conf="0.905351379394531">
                    <pc:Unicode>erst noch weiterer genauer Untersuchung</pc:Unicode>
                </pc:TextEquiv>
            </pc:TextLine>
            <pc:TextLine id="region0008_line0012">
                <pc:Coords points="813,1988 1566,1988 1566,2030 813,2030"/>
                <pc:Word id="region0008_line0012_word0000">
                    <pc:Coords points="813,2008 855,2008 855,2030 813,2030"/>
                    <pc:TextEquiv conf="0.828720855712891">
                        <pc:Unicode>an</pc:Unicode>
                    </pc:TextEquiv>
                </pc:Word>
                <pc:Word id="region0008_line0012_word0001">
                    <pc:Coords points="886,1994 1041,1994 1041,2024 886,2024"/>
                    <pc:TextEquiv conf="0.895735092163086">
                        <pc:Unicode>mehrern</pc:Unicode>
                    </pc:TextEquiv>
                </pc:Word>
                <pc:Word id="region0008_line0012_word0002">
                    <pc:Coords points="1067,1990 1157,1990 1157,2020 1067,2020"/>
                    <pc:TextEquiv conf="0.898689193725586">
                        <pc:Unicode>recht</pc:Unicode>
                    </pc:TextEquiv>
                </pc:Word>
                <pc:Word id="region0008_line0012_word0003">
                    <pc:Coords points="1188,1988 1427,1988 1427,2026 1188,2026"/>
                    <pc:TextEquiv conf="0.898689193725586">
                        <pc:Unicode>vollständigen</pc:Unicode>
                    </pc:TextEquiv>
                </pc:Word>
                <pc:Word id="region0008_line0012_word0004">
                    <pc:Coords points="1454,1988 1566,1988 1566,2016 1454,2016"/>
                    <pc:TextEquiv conf="0.916160736083984">
                        <pc:Unicode>Exem-</pc:Unicode>
                    </pc:TextEquiv>
                </pc:Word>
                <pc:TextEquiv conf="0.887599014282227">
                    <pc:Unicode>an mehrern recht vollständigen Exem-</pc:Unicode>
                </pc:TextEquiv>
            </pc:TextLine>
            <pc:TextLine id="region0008_line0013">
                <pc:Coords points="813,2044 1567,2044 1567,2092 813,2092"/>
                <pc:Word id="region0008_line0013_word0000">
                    <pc:Coords points="813,2054 924,2054 924,2092 813,2092"/>
                    <pc:TextEquiv conf="0.921654739379883">
                        <pc:Unicode>plaren</pc:Unicode>
                    </pc:TextEquiv>
                </pc:Word>
                <pc:Word id="region0008_line0013_word0001">
                    <pc:Coords points="961,2060 1016,2060 1016,2080 961,2080"/>
                    <pc:TextEquiv conf="0.923070068359375">
                        <pc:Unicode>aus</pc:Unicode>
                    </pc:TextEquiv>
                </pc:Word>
                <pc:Word id="region0008_line0013_word0002">
                    <pc:Coords points="1057,2047 1293,2047 1293,2079 1057,2079"/>
                    <pc:TextEquiv conf="0.886907958984375">
                        <pc:Unicode>verschiednen</pc:Unicode>
                    </pc:TextEquiv>
                </pc:Word>
                <pc:Word id="region0008_line0013_word0003">
                    <pc:Coords points="1331,2044 1567,2044 1567,2084 1331,2084"/>
                    <pc:TextEquiv conf="0.893942413330078">
                        <pc:Unicode>Lebensperio-</pc:Unicode>
                    </pc:TextEquiv>
                </pc:Word>
                <pc:TextEquiv conf="0.906393795013428">
                    <pc:Unicode>plaren aus verschiednen Lebensperio-</pc:Unicode>
                </pc:TextEquiv>
            </pc:TextLine>
            <pc:TextEquiv conf="0.788659617015294">
                <pc:Unicode>aus andern Ordnungen, namentlich dem
Bradypus tridactylus und Vegcpertilio
ferrum equinum, konnte Herr Bibliothe-
kar Fiscunk keine Spur des Intermaxil-
lar⸗KRnochen auffinden. s. Dess. oben
angefuhrte meélsterhafte Monographie 8.
47 89. Doch giebt er selbst die Mög-
lichkéit zu, daſs wonigstens beym Faul-
thier jener Knochen loſsgestoſsen und
verloren gegapgen seyn könne. — Kurz,
alle die angeführten Ausnahmen bedürfen
erst noch weiterer genauer Untersuchung
an mehrern recht vollständigen Exem-
plaren aus verschiednen Lebensperio-</pc:Unicode>
            </pc:TextEquiv>
        </pc:TextRegion>
        <pc:TextRegion id="region0009" orientation="-0.228055880920635" readingDirection="left-to-right" textLineOrder="top-to-bottom">
            <pc:Coords points="807,2108 1017,2108 1017,2140 807,2140"/>
            <pc:TextLine id="region0009_line0000">
                <pc:Coords points="807,2108 1017,2108 1017,2140 807,2140"/>
                <pc:Word id="region0009_line0000_word0000">
                    <pc:Coords points="807,2108 869,2108 869,2139 807,2139"/>
                    <pc:TextEquiv conf="0.862182693481445">
                        <pc:Unicode>den</pc:Unicode>
                    </pc:TextEquiv>
                </pc:Word>
                <pc:Word id="region0009_line0000_word0001">
                    <pc:Coords points="888,2119 916,2119 916,2140 888,2140"/>
                    <pc:TextEquiv conf="0.770559768676758">
                        <pc:Unicode>u.</pc:Unicode>
                    </pc:TextEquiv>
                </pc:Word>
                <pc:Word id="region0009_line0000_word0002">
                    <pc:Coords points="933,2118 957,2118 957,2139 933,2139"/>
                    <pc:TextEquiv conf="0.770559768676758">
                        <pc:Unicode>s.</pc:Unicode>
                    </pc:TextEquiv>
                </pc:Word>
                <pc:Word id="region0009_line0000_word0003">
                    <pc:Coords points="976,2116 1017,2116 1017,2138 976,2138"/>
                    <pc:TextEquiv conf="0.640307083129883">
                        <pc:Unicode>W.</pc:Unicode>
                    </pc:TextEquiv>
                </pc:Word>
                <pc:TextEquiv conf="0.760902328491211">
                    <pc:Unicode>den u. s. W.</pc:Unicode>
                </pc:TextEquiv>
            </pc:TextLine>
            <pc:TextEquiv conf="0.760902328491211">
                <pc:Unicode>den u. s. W.</pc:Unicode>
            </pc:TextEquiv>
        </pc:TextRegion>
        <pc:ImageRegion id="region0000" orientation="-0.228055880920635">
            <pc:Coords points="0,0 1700,0 1700,486 0,486"/>
        </pc:ImageRegion>
        <pc:ImageRegion id="region0002" orientation="-0.228055880920635">
            <pc:Coords points="0,429 1700,429 1700,2156 0,2156"/>
        </pc:ImageRegion>
        <pc:ImageRegion id="region0010" orientation="-0.228055880920635">
            <pc:Coords points="0,2111 1700,2111 1700,2686 0,2686"/>
        </pc:ImageRegion>
        <pc:SeparatorRegion id="region0007">
            <pc:Coords points="323,961 336,961 336,1278 323,1278"/>
        </pc:SeparatorRegion>
    </pc:Page>
</pc:PcGts>
