<mets:mets xmlns:mets="http://www.loc.gov/METS/" xmlns:xlink="http://www.w3.org/1999/xlink" xmlns:xsi="http://www.w3.org/2001/XMLSchema-instance" xmlns:DV="http://dfg-viewer.de/" xmlns:pre="http://www.loc.gov/premis/v3" xmlns:gt="http://www.ocr-d.de/GT/" xsi:schemaLocation="info:lc/xmlns/premis-v2 http://www.loc.gov/standards/premis/v2/premis-v2-0.xsd http://www.loc.gov/mods/v3 http://www.loc.gov/standards/mods/v3/mods-3-6.xsd http://www.loc.gov/METS/ http://www.loc.gov/standards/mets/version17/mets.v1-7.xsd http://www.loc.gov/mix/v10 http://www.loc.gov/standards/mix/mix10/mix10.xsd">
  <mets:metsHdr CREATEDDATE="2022-09-22T08:38:51+0100">
    <mets:agent TYPE="OTHER" OTHERTYPE="SOFTWARE" ROLE="CREATOR">
      <mets:name>DFG-Koordinierungsprojekt zur Weiterentwicklung von Verfahren der Optical
        Character Recognition (OCR-D)</mets:name>
      <mets:note>OCR-D</mets:note>
    </mets:agent>
    <mets:agent TYPE="OTHER" OTHERTYPE="SOFTWARE" ROLE="OTHER" OTHERROLE="layout/segmentation/region">
      <mets:name>ocrd-tesserocr-recognize v0.13.6 (tesseract 5.0.1)</mets:name>
      <mets:note xmlns:ocrd="https://ocr-d.de" ocrd:option="input-file-grp">OCR-D-IMG</mets:note>
      <mets:note xmlns:ocrd="https://ocr-d.de" ocrd:option="output-file-grp">OCR-D-OCR</mets:note>
      <mets:note xmlns:ocrd="https://ocr-d.de" ocrd:option="parameter">{"segmentation_level": "region", "textequiv_level": "word", "find_tables": true, "model": "Fraktur_GT4HistOCR", "dpi": 0, "padding": 0, "overwrite_segments": false, "overwrite_text": true, "shrink_polygons": false, "block_polygons": false, "find_staves": false, "sparse_text": false, "raw_lines": false, "char_whitelist": "", "char_blacklist": "", "char_unblacklist": "", "tesseract_parameters": {}, "xpath_parameters": {}, "xpath_model": {}, "auto_model": false, "oem": "DEFAULT"}</mets:note>
      <mets:note xmlns:ocrd="https://ocr-d.de" ocrd:option="page-id"/>
    </mets:agent>
  </mets:metsHdr>
  <mets:dmdSec ID="DMDLOG_0001">
    <mets:mdWrap MDTYPE="MODS">
      <mets:xmlData>
        <mods:mods xmlns:mods="http://www.loc.gov/mods/v3">
          <mods:identifier type="purl">16_frak_simple</mods:identifier>
          <mods:titleInfo>
            <mods:title>Textzusammenstellung für das 16. Jh., Fraktur, einfaches Layout</mods:title>
          </mods:titleInfo>
        </mods:mods>
      </mets:xmlData>
    </mets:mdWrap>
  </mets:dmdSec>
  <mets:amdSec ID="amdSec_0001">
    <mets:rightsMD ID="rights_0001">
      <mets:mdWrap MDTYPE="OTHER" OTHERMDTYPE="DVRIGHTS" MIMETYPE="text/xml">
        <mets:xmlData>
          <DV:rights>
            <DV:owner>Koordinierte Förderinitiative zur Weiterentwicklung von Verfahren für die
              Optical-Character-Recognition OCR-D</DV:owner>
            <DV:ownerLogo>http://ocr-d.de/sites/default/files/Header1-Text-gold_3.png</DV:ownerLogo>
            <DV:ownerSiteURL>http://ocr-d.de/</DV:ownerSiteURL>
            <DV:ownerContact>mailto:ocrd@bbaw.de</DV:ownerContact>
          </DV:rights>
        </mets:xmlData>
      </mets:mdWrap>
    </mets:rightsMD>
    <mets:rightsMD ID="rights_0002">
      <mets:mdWrap MDTYPE="PREMIS:RIGHTS">
        <mets:xmlData>
          <pre:rightsStatement>
            <pre:rightsBasis>license</pre:rightsBasis>
            <pre:licenseInformation>
              <pre:licenseDocumentationIdentifier>
                <pre:licenseDocumentationIdentifierValue>http://creativecommons.org/publicdomain/mark/1.0/</pre:licenseDocumentationIdentifierValue>
              </pre:licenseDocumentationIdentifier>
            </pre:licenseInformation>
          </pre:rightsStatement>
        </mets:xmlData>
      </mets:mdWrap>
    </mets:rightsMD>
  </mets:amdSec>
  <mets:fileSec>
    <mets:fileGrp USE="OCR-D-IMG">
      <mets:file MIMETYPE="image/tiff" ID="OCR-D-IMG_0001">
        <mets:FLocat LOCTYPE="OTHER" xlink:href="OCR-D-IMG/OCR-D-IMG_0001.tif" OTHERLOCTYPE="FILE"/>
      </mets:file>
      <mets:file MIMETYPE="image/tiff" ID="OCR-D-IMG_0002">
        <mets:FLocat LOCTYPE="OTHER" xlink:href="OCR-D-IMG/OCR-D-IMG_0002.tif" OTHERLOCTYPE="FILE"/>
      </mets:file>
      <mets:file MIMETYPE="image/tiff" ID="OCR-D-IMG_0007">
        <mets:FLocat LOCTYPE="OTHER" OTHERLOCTYPE="FILE" xlink:href="OCR-D-IMG/OCR-D-IMG_0007.tif"/>
      </mets:file>
      <mets:file MIMETYPE="image/tiff" ID="OCR-D-IMG_0021">
        <mets:FLocat LOCTYPE="OTHER" OTHERLOCTYPE="FILE" xlink:href="OCR-D-IMG/OCR-D-IMG_0021.tif"/>
      </mets:file>
      <mets:file MIMETYPE="image/tiff" ID="OCR-D-IMG_0003">
        <mets:FLocat LOCTYPE="OTHER" OTHERLOCTYPE="FILE" xlink:href="OCR-D-IMG/OCR-D-IMG_0003.tif"/>
      </mets:file>
      <mets:file MIMETYPE="image/tiff" ID="OCR-D-IMG_0029">
        <mets:FLocat LOCTYPE="OTHER" OTHERLOCTYPE="FILE" xlink:href="OCR-D-IMG/OCR-D-IMG_0029.tif"/>
      </mets:file>
    </mets:fileGrp>
    <mets:fileGrp USE="OCR-D-GT-SEG-PAGE">
      <mets:file MIMETYPE="application/vnd.prima.page+xml" ID="OCR-D-GT-SEG-PAGE_0001">
        <mets:FLocat LOCTYPE="OTHER" xlink:href="OCR-D-GT-SEG-PAGE/OCR-D-GT-SEG-PAGE_0001.xml" OTHERLOCTYPE="FILE"/>
      </mets:file>
      <mets:file MIMETYPE="application/vnd.prima.page+xml" ID="OCR-D-GT-SEG-PAGE_0002">
        <mets:FLocat LOCTYPE="OTHER" xlink:href="OCR-D-GT-SEG-PAGE/OCR-D-GT-SEG-PAGE_0002.xml" OTHERLOCTYPE="FILE"/>
      </mets:file>
      <mets:file MIMETYPE="application/vnd.prima.page+xml" ID="OCR-D-GT-SEG-PAGE_0007">
        <mets:FLocat LOCTYPE="OTHER" OTHERLOCTYPE="FILE" xlink:href="OCR-D-GT-SEG-PAGE/OCR-D-GT-SEG-PAGE_0007.xml"/>
      </mets:file>
      <mets:file MIMETYPE="application/vnd.prima.page+xml" ID="OCR-D-GT-SEG-PAGE_0021">
        <mets:FLocat LOCTYPE="OTHER" OTHERLOCTYPE="FILE" xlink:href="OCR-D-GT-SEG-PAGE/OCR-D-GT-SEG-PAGE_0021.xml"/>
      </mets:file>
      <mets:file MIMETYPE="application/vnd.prima.page+xml" ID="OCR-D-GT-SEG-PAGE_0003">
        <mets:FLocat LOCTYPE="OTHER" OTHERLOCTYPE="FILE" xlink:href="OCR-D-GT-SEG-PAGE/OCR-D-GT-SEG-PAGE_0003.xml"/>
      </mets:file>
      <mets:file MIMETYPE="application/vnd.prima.page+xml" ID="OCR-D-GT-SEG-PAGE_0029">
        <mets:FLocat LOCTYPE="OTHER" OTHERLOCTYPE="FILE" xlink:href="OCR-D-GT-SEG-PAGE/OCR-D-GT-SEG-PAGE_0029.xml"/>
      </mets:file>
    </mets:fileGrp>
    <mets:fileGrp USE="OCR-D-GT-SEG-BLOCK">
      <mets:file MIMETYPE="application/vnd.prima.page+xml" ID="OCR-D-GT-SEG-BLOCK_0001">
        <mets:FLocat LOCTYPE="OTHER" xlink:href="OCR-D-GT-SEG-BLOCK/OCR-D-GT-SEG-BLOCK_0001.xml" OTHERLOCTYPE="FILE"/>
      </mets:file>
      <mets:file MIMETYPE="application/vnd.prima.page+xml" ID="OCR-D-GT-SEG-BLOCK_0002">
        <mets:FLocat LOCTYPE="OTHER" xlink:href="OCR-D-GT-SEG-BLOCK/OCR-D-GT-SEG-BLOCK_0002.xml" OTHERLOCTYPE="FILE"/>
      </mets:file>
      <mets:file MIMETYPE="application/vnd.prima.page+xml" ID="OCR-D-GT-SEG-BLOCK_0007">
        <mets:FLocat LOCTYPE="OTHER" OTHERLOCTYPE="FILE" xlink:href="OCR-D-GT-SEG-BLOCK/OCR-D-GT-SEG-BLOCK_0007.xml"/>
      </mets:file>
      <mets:file MIMETYPE="application/vnd.prima.page+xml" ID="OCR-D-GT-SEG-BLOCK_0021">
        <mets:FLocat LOCTYPE="OTHER" OTHERLOCTYPE="FILE" xlink:href="OCR-D-GT-SEG-BLOCK/OCR-D-GT-SEG-BLOCK_0021.xml"/>
      </mets:file>
      <mets:file MIMETYPE="application/vnd.prima.page+xml" ID="OCR-D-GT-SEG-BLOCK_0003">
        <mets:FLocat LOCTYPE="OTHER" OTHERLOCTYPE="FILE" xlink:href="OCR-D-GT-SEG-BLOCK/OCR-D-GT-SEG-BLOCK_0003.xml"/>
      </mets:file>
      <mets:file MIMETYPE="application/vnd.prima.page+xml" ID="OCR-D-GT-SEG-BLOCK_0029">
        <mets:FLocat LOCTYPE="OTHER" OTHERLOCTYPE="FILE" xlink:href="OCR-D-GT-SEG-BLOCK/OCR-D-GT-SEG-BLOCK_0029.xml"/>
      </mets:file>
    </mets:fileGrp>
    <mets:fileGrp USE="OCR-D-GT-SEG-LINE">
      <mets:file MIMETYPE="application/vnd.prima.page+xml" ID="OCR-D-GT-SEG-LINE_0001">
        <mets:FLocat LOCTYPE="OTHER" xlink:href="OCR-D-GT-SEG-LINE/OCR-D-GT-SEG-LINE_0001.xml" OTHERLOCTYPE="FILE"/>
      </mets:file>
      <mets:file MIMETYPE="application/vnd.prima.page+xml" ID="OCR-D-GT-SEG-LINE_0002">
        <mets:FLocat LOCTYPE="OTHER" xlink:href="OCR-D-GT-SEG-LINE/OCR-D-GT-SEG-LINE_0002.xml" OTHERLOCTYPE="FILE"/>
      </mets:file>
      <mets:file MIMETYPE="application/vnd.prima.page+xml" ID="OCR-D-GT-SEG-LINE_0007">
        <mets:FLocat LOCTYPE="OTHER" OTHERLOCTYPE="FILE" xlink:href="OCR-D-GT-SEG-LINE/OCR-D-GT-SEG-LINE_0007.xml"/>
      </mets:file>
      <mets:file MIMETYPE="application/vnd.prima.page+xml" ID="OCR-D-GT-SEG-LINE_0021">
        <mets:FLocat LOCTYPE="OTHER" OTHERLOCTYPE="FILE" xlink:href="OCR-D-GT-SEG-LINE/OCR-D-GT-SEG-LINE_0021.xml"/>
      </mets:file>
      <mets:file MIMETYPE="application/vnd.prima.page+xml" ID="OCR-D-GT-SEG-LINE_0003">
        <mets:FLocat LOCTYPE="OTHER" OTHERLOCTYPE="FILE" xlink:href="OCR-D-GT-SEG-LINE/OCR-D-GT-SEG-LINE_0003.xml"/>
      </mets:file>
      <mets:file MIMETYPE="application/vnd.prima.page+xml" ID="OCR-D-GT-SEG-LINE_0029">
        <mets:FLocat LOCTYPE="OTHER" OTHERLOCTYPE="FILE" xlink:href="OCR-D-GT-SEG-LINE/OCR-D-GT-SEG-LINE_0029.xml"/>
      </mets:file>
    </mets:fileGrp>
    <mets:fileGrp USE="OCR-D-OCR">
      <mets:file ID="OCR-D-OCR_0001.IMG-BIN" MIMETYPE="image/png">
        <mets:FLocat LOCTYPE="OTHER" OTHERLOCTYPE="FILE" xlink:href="OCR-D-OCR/OCR-D-OCR_0001.IMG-BIN.png"/>
      </mets:file>
      <mets:file ID="OCR-D-OCR_0001" MIMETYPE="application/vnd.prima.page+xml">
        <mets:FLocat LOCTYPE="OTHER" OTHERLOCTYPE="FILE" xlink:href="OCR-D-OCR/OCR-D-OCR_0001.xml"/>
      </mets:file>
      <mets:file ID="OCR-D-OCR_0002.IMG-BIN" MIMETYPE="image/png">
        <mets:FLocat LOCTYPE="OTHER" OTHERLOCTYPE="FILE" xlink:href="OCR-D-OCR/OCR-D-OCR_0002.IMG-BIN.png"/>
      </mets:file>
      <mets:file ID="OCR-D-OCR_0002" MIMETYPE="application/vnd.prima.page+xml">
        <mets:FLocat LOCTYPE="OTHER" OTHERLOCTYPE="FILE" xlink:href="OCR-D-OCR/OCR-D-OCR_0002.xml"/>
      </mets:file>
      <mets:file ID="OCR-D-OCR_0007.IMG-BIN" MIMETYPE="image/png">
        <mets:FLocat LOCTYPE="OTHER" OTHERLOCTYPE="FILE" xlink:href="OCR-D-OCR/OCR-D-OCR_0007.IMG-BIN.png"/>
      </mets:file>
      <mets:file ID="OCR-D-OCR_0007" MIMETYPE="application/vnd.prima.page+xml">
        <mets:FLocat LOCTYPE="OTHER" OTHERLOCTYPE="FILE" xlink:href="OCR-D-OCR/OCR-D-OCR_0007.xml"/>
      </mets:file>
      <mets:file ID="OCR-D-OCR_0021.IMG-BIN" MIMETYPE="image/png">
        <mets:FLocat LOCTYPE="OTHER" OTHERLOCTYPE="FILE" xlink:href="OCR-D-OCR/OCR-D-OCR_0021.IMG-BIN.png"/>
      </mets:file>
      <mets:file ID="OCR-D-OCR_0021" MIMETYPE="application/vnd.prima.page+xml">
        <mets:FLocat LOCTYPE="OTHER" OTHERLOCTYPE="FILE" xlink:href="OCR-D-OCR/OCR-D-OCR_0021.xml"/>
      </mets:file>
      <mets:file ID="OCR-D-OCR_0003.IMG-BIN" MIMETYPE="image/png">
        <mets:FLocat LOCTYPE="OTHER" OTHERLOCTYPE="FILE" xlink:href="OCR-D-OCR/OCR-D-OCR_0003.IMG-BIN.png"/>
      </mets:file>
      <mets:file ID="OCR-D-OCR_0003" MIMETYPE="application/vnd.prima.page+xml">
        <mets:FLocat LOCTYPE="OTHER" OTHERLOCTYPE="FILE" xlink:href="OCR-D-OCR/OCR-D-OCR_0003.xml"/>
      </mets:file>
      <mets:file ID="OCR-D-OCR_0029.IMG-BIN" MIMETYPE="image/png">
        <mets:FLocat LOCTYPE="OTHER" OTHERLOCTYPE="FILE" xlink:href="OCR-D-OCR/OCR-D-OCR_0029.IMG-BIN.png"/>
      </mets:file>
      <mets:file ID="OCR-D-OCR_0029" MIMETYPE="application/vnd.prima.page+xml">
        <mets:FLocat LOCTYPE="OTHER" OTHERLOCTYPE="FILE" xlink:href="OCR-D-OCR/OCR-D-OCR_0029.xml"/>
      </mets:file>
    </mets:fileGrp>
  </mets:fileSec>
  <mets:structMap TYPE="PHYSICAL">
    <mets:div TYPE="physSequence">
      <mets:div TYPE="page" ORDER="1" ID="phys_0001">
        <mets:fptr FILEID="OCR-D-GT-SEG-PAGE_0001"/>
        <mets:fptr FILEID="OCR-D-GT-SEG-BLOCK_0001"/>
        <mets:fptr FILEID="OCR-D-GT-SEG-LINE_0001"/>
        <mets:fptr FILEID="OCR-D-IMG_0001"/>
        <mets:fptr FILEID="OCR-D-OCR_0001.IMG-BIN"/>
        <mets:fptr FILEID="OCR-D-OCR_0001"/>
      </mets:div>
      <mets:div TYPE="page" ORDER="2" ID="phys_0002">
        <mets:fptr FILEID="OCR-D-GT-SEG-PAGE_0002"/>
        <mets:fptr FILEID="OCR-D-GT-SEG-BLOCK_0002"/>
        <mets:fptr FILEID="OCR-D-GT-SEG-LINE_0002"/>
        <mets:fptr FILEID="OCR-D-IMG_0002"/>
        <mets:fptr FILEID="OCR-D-OCR_0002.IMG-BIN"/>
        <mets:fptr FILEID="OCR-D-OCR_0002"/>
      </mets:div>
      <mets:div TYPE="page" ID="phys_0007">
        <mets:fptr FILEID="OCR-D-IMG_0007"/>
        <mets:fptr FILEID="OCR-D-GT-SEG-PAGE_0007"/>
        <mets:fptr FILEID="OCR-D-GT-SEG-BLOCK_0007"/>
        <mets:fptr FILEID="OCR-D-GT-SEG-LINE_0007"/>
        <mets:fptr FILEID="OCR-D-OCR_0007.IMG-BIN"/>
        <mets:fptr FILEID="OCR-D-OCR_0007"/>
      </mets:div>
      <mets:div TYPE="page" ID="phys_0021">
        <mets:fptr FILEID="OCR-D-IMG_0021"/>
        <mets:fptr FILEID="OCR-D-GT-SEG-PAGE_0021"/>
        <mets:fptr FILEID="OCR-D-GT-SEG-BLOCK_0021"/>
        <mets:fptr FILEID="OCR-D-GT-SEG-LINE_0021"/>
        <mets:fptr FILEID="OCR-D-OCR_0021.IMG-BIN"/>
        <mets:fptr FILEID="OCR-D-OCR_0021"/>
      </mets:div>
      <mets:div TYPE="page" ID="phys_0003">
        <mets:fptr FILEID="OCR-D-IMG_0003"/>
        <mets:fptr FILEID="OCR-D-GT-SEG-PAGE_0003"/>
        <mets:fptr FILEID="OCR-D-GT-SEG-BLOCK_0003"/>
        <mets:fptr FILEID="OCR-D-GT-SEG-LINE_0003"/>
        <mets:fptr FILEID="OCR-D-OCR_0003.IMG-BIN"/>
        <mets:fptr FILEID="OCR-D-OCR_0003"/>
      </mets:div>
      <mets:div TYPE="page" ID="phys_0029">
        <mets:fptr FILEID="OCR-D-IMG_0029"/>
        <mets:fptr FILEID="OCR-D-GT-SEG-PAGE_0029"/>
        <mets:fptr FILEID="OCR-D-GT-SEG-BLOCK_0029"/>
        <mets:fptr FILEID="OCR-D-GT-SEG-LINE_0029"/>
        <mets:fptr FILEID="OCR-D-OCR_0029.IMG-BIN"/>
        <mets:fptr FILEID="OCR-D-OCR_0029"/>
      </mets:div>
    </mets:div>
  </mets:structMap>
</mets:mets>
