<mets:mets xmlns:xlink="http://www.w3.org/1999/xlink" xmlns:DC="http://purl.org/dc/elements/1.1/" xmlns:mods="http://www.loc.gov/mods/v3" xmlns:mets="http://www.loc.gov/METS/" xmlns:DV="http://dfg-viewer.de/" xmlns:xsi="http://www.w3.org/2001/XMLSchema-instance" xmlns:xd="http://www.oxygenxml.com/ns/doc/xsl" xmlns:gt="http://www.ocr-d.de/GT/" xmlns:pre="http://www.loc.gov/premis/v3" xsi:schemaLocation="http://www.loc.gov/mods/v3 https://www.loc.gov/standards/mods/mods-3-7.xsd http://www.loc.gov/mets/ http://www.loc.gov/standards/mets/version111/mets.xsd http://www.loc.gov/standards/premis/premis.xsd">
  <mets:metsHdr CREATEDATE="2019-02-22T17:19:40.196+01:00">
    <mets:agent OTHERTYPE="SOFTWARE" ROLE="CREATOR" TYPE="OTHER">
      <mets:name>DFG-Koordinierungsprojekt zur Weiterentwicklung von Verfahren der Optical
          Character Recognition (OCR-D)</mets:name>
      <mets:note>OCR-D</mets:note>
    </mets:agent>
    <mets:agent TYPE="OTHER" OTHERTYPE="SOFTWARE" ROLE="OTHER" OTHERROLE="layout/segmentation/region">
      <mets:name>ocrd-tesserocr-recognize v0.13.6 (tesseract 5.0.1)</mets:name>
      <mets:note xmlns:ocrd="https://ocr-d.de" ocrd:option="input-file-grp">OCR-D-IMG</mets:note>
      <mets:note xmlns:ocrd="https://ocr-d.de" ocrd:option="output-file-grp">OCR-D-OCR</mets:note>
      <mets:note xmlns:ocrd="https://ocr-d.de" ocrd:option="parameter">{"segmentation_level": "region", "textequiv_level": "word", "find_tables": true, "model": "Fraktur_GT4HistOCR", "dpi": 0, "padding": 0, "overwrite_segments": false, "overwrite_text": true, "shrink_polygons": false, "block_polygons": false, "find_staves": false, "sparse_text": false, "raw_lines": false, "char_whitelist": "", "char_blacklist": "", "char_unblacklist": "", "tesseract_parameters": {}, "xpath_parameters": {}, "xpath_model": {}, "auto_model": false, "oem": "DEFAULT"}</mets:note>
      <mets:note xmlns:ocrd="https://ocr-d.de" ocrd:option="page-id"/>
    </mets:agent>
    <mets:agent TYPE="OTHER" OTHERTYPE="SOFTWARE" ROLE="OTHER" OTHERROLE="recognition/text-recognition">
      <mets:name>ocrd-dinglehopper vNone</mets:name>
      <mets:note xmlns:ocrd="https://ocr-d.de" ocrd:option="input-file-grp">OCR-D-GT-SEG-BLOCK,OCR-D-OCR</mets:note>
      <mets:note xmlns:ocrd="https://ocr-d.de" ocrd:option="output-file-grp">OCR-D-EVAL-SEG-BLOCK</mets:note>
      <mets:note xmlns:ocrd="https://ocr-d.de" ocrd:option="parameter">{"metrics": true, "textequiv_level": "region"}</mets:note>
      <mets:note xmlns:ocrd="https://ocr-d.de" ocrd:option="page-id"/>
    </mets:agent>
    <mets:agent TYPE="OTHER" OTHERTYPE="SOFTWARE" ROLE="OTHER" OTHERROLE="recognition/text-recognition">
      <mets:name>ocrd-dinglehopper vNone</mets:name>
      <mets:note xmlns:ocrd="https://ocr-d.de" ocrd:option="input-file-grp">OCR-D-GT-SEG-LINE,OCR-D-OCR</mets:note>
      <mets:note xmlns:ocrd="https://ocr-d.de" ocrd:option="output-file-grp">OCR-D-EVAL-SEG-LINE</mets:note>
      <mets:note xmlns:ocrd="https://ocr-d.de" ocrd:option="parameter">{"metrics": true, "textequiv_level": "region"}</mets:note>
      <mets:note xmlns:ocrd="https://ocr-d.de" ocrd:option="page-id"/>
    </mets:agent>
    <mets:agent TYPE="OTHER" OTHERTYPE="SOFTWARE" ROLE="OTHER" OTHERROLE="recognition/text-recognition">
      <mets:name>ocrd-dinglehopper vNone</mets:name>
      <mets:note xmlns:ocrd="https://ocr-d.de" ocrd:option="input-file-grp">OCR-D-GT-SEG-PAGE,OCR-D-OCR</mets:note>
      <mets:note xmlns:ocrd="https://ocr-d.de" ocrd:option="output-file-grp">OCR-D-EVAL-SEG-PAGE</mets:note>
      <mets:note xmlns:ocrd="https://ocr-d.de" ocrd:option="parameter">{"metrics": true, "textequiv_level": "region"}</mets:note>
      <mets:note xmlns:ocrd="https://ocr-d.de" ocrd:option="page-id"/>
    </mets:agent>
  </mets:metsHdr>
  <mets:dmdSec ID="dmdSec_0001">
    <mets:mdWrap MDTYPE="MODS">
      <mets:xmlData>
        <mods:mods>
          <mods:location>
            <mods:physicalLocation>Universitäts- und Landesbibliothek Halle</mods:physicalLocation>
            <mods:shelfLocator>ULB Halle, Pon IIk 3854 (1/2)</mods:shelfLocator>
            <mods:url/>
          </mods:location>
          <mods:originInfo>
            <mods:place>
              <mods:placeTerm type="text">Frankfurt (Main)</mods:placeTerm>
            </mods:place>
            <mods:dateIssued encoding="w3cdtf" keyDate="yes">1627</mods:dateIssued>
            <mods:publisher>
                     Fitzer
                  </mods:publisher>
          </mods:originInfo>
          <mods:originInfo>
            <mods:dateCaptured encoding="w3cdtf">2018-05-15T18:07:49Z</mods:dateCaptured>
            <mods:edition>[Electronic ed.]</mods:edition>
          </mods:originInfo>
          <mods:classification authority="DTA">Belletristik</mods:classification>
          <mods:classification authority="DTA">Prosa</mods:classification>
          <mods:identifier type="urn">urn:nbn:de:kobv:b4-200905197520</mods:identifier>
          <mods:identifier type="purl">http://www.deutschestextarchiv.de/calvi_beutelschneider01_1627</mods:identifier>
          <mods:identifier type="dtaid">20100</mods:identifier>
          <mods:titleInfo>
            <mods:title>Beutelschneider/ Oder Neue/ warhaffte/ vnd eigentliche Beschreibung Der Diebs Historien</mods:title>
            <mods:subTitle>Darinnen Der Beutelschneider/ Diebe vnd Rauber Arglistigkeit/ Verschlagenheit/ Bossen/ Rencke vnd Tücke/ auch was sie für wunderbarliche seltzame Diebsgriffe/ Practicken vnd Fündlein erdacht/ gebraucht/ vnd sonsten für erschreckliche Mordthaten in Franckreich gestifftet vnd begangen haben Jn sonderlichen waarhafften Historien vor Augen gestellet Mit sonderbaren nützlichen Observationen/ Erjnnerungen vnd Warnungen der gestalt zugerichtet/ daß sich männiglichen zu nothwendiger Warnung vnd Lehr/ auch zu Ergötzlichkeit vnd Lust zu lesen dienen. Auß dem Frantzösischen in die Hochteutsche Sprach übersetzt</mods:subTitle>
          </mods:titleInfo>
          <mods:part order="1">
            <mods:detail type="volume">
              <mods:number/>
            </mods:detail>
          </mods:part>
          <mods:language>
            <mods:languageTerm authority="iso639-2b" type="code">deu</mods:languageTerm>
          </mods:language>
          <mods:relatedItem type="series">
            <mods:titleInfo>
              <mods:title/>
            </mods:titleInfo>
          </mods:relatedItem>
          <mods:name type="personal">
            <mods:role>
              <mods:roleTerm authority="marcrelator" type="code">aut</mods:roleTerm>
            </mods:role>
            <mods:namePart type="family">Calvi</mods:namePart>
            <mods:namePart type="given">François de</mods:namePart>
            <mods:displayForm>François de Calvi</mods:displayForm>
          </mods:name>
          <mods:physicalDescription>
            <mods:extent>[4] Bl., 328 S.</mods:extent>
          </mods:physicalDescription>
          <mods:accessCondition type="use and reproduction" xlink:href="https://creativecommons.org/publicdomain/mark/1.0/">Public Domain Mark 1.0</mods:accessCondition>
          <mods:typeOfResource>text</mods:typeOfResource>
          <mods:accessCondition displayLabel="Access Status" type="restriction on access" xlink:href="http://purl.org/coar/access_right/c_abf2">open access</mods:accessCondition>
          <mods:extension>
            <zvdd:zvddWrap xmlns:zvdd="http://zvdd.gdz-cms.de/">
              <zvdd:titleWord>Beutelschneider/ Oder Neue/ warhaffte/ vnd eigentliche Beschreibung Der Diebs Historien Darinnen Der Beutelschneider/ Diebe vnd Rauber Arglistigkeit/ Verschlagenheit/ Bossen/ Rencke vnd Tücke/ auch was sie für wunderbarliche seltzame Diebsgriffe/ Practicken vnd Fündlein erdacht/ gebraucht/ vnd sonsten für erschreckliche Mordthaten in Franckreich gestifftet vnd begangen haben Jn sonderlichen waarhafften Historien vor Augen gestellet Mit sonderbaren nützlichen Observationen/ Erjnnerungen vnd Warnungen der gestalt zugerichtet/ daß sich männiglichen zu nothwendiger Warnung vnd Lehr/ auch zu Ergötzlichkeit vnd Lust zu lesen dienen. Auß dem Frantzösischen in die Hochteutsche Sprach übersetzt </zvdd:titleWord>
            </zvdd:zvddWrap>
          </mods:extension>
        </mods:mods>
      </mets:xmlData>
    </mets:mdWrap>
  </mets:dmdSec>
  <mets:dmdSec ID="DMDGT_0001">
    <mets:mdWrap MDTYPE="OTHER" OTHERMDTYPE="GT">
      <mets:xmlData>
        <gt:gt>
          <gt:state prop="granularity/physical/document-related/word"/>
          <gt:state prop="granularity/physical/document-related/text-line"/>
          <gt:state prop="granularity/physical/document-related/region"/>
          <gt:state prop="data-attributes/document-related/visual/text/font/multi-font/typefaces"/>
          <gt:state prop="data-attributes/document-related/visual/text/font/multi-font/font-sizes"/>
          <gt:state prop="condition/production-related/document-faults/ink-from-facing"/>
          <gt:state prop="condition/wear/additions/informative/annotations"/>
        </gt:gt>
      </mets:xmlData>
    </mets:mdWrap>
  </mets:dmdSec>
  <mets:dmdSec ID="DMDGT_0002">
    <mets:mdWrap MDTYPE="OTHER" OTHERMDTYPE="GT">
      <mets:xmlData>
        <gt:gt>
          <gt:state prop="granularity/physical/document-related/word"/>
          <gt:state prop="granularity/physical/document-related/text-line"/>
          <gt:state prop="granularity/physical/document-related/region"/>
          <gt:state prop="data-attributes/document-related/visual/text/font/multi-font/typefaces"/>
          <gt:state prop="data-attributes/document-related/visual/text/font/multi-font/font-sizes"/>
          <gt:state prop="condition/production-related/document-faults/ink-from-facing"/>
          <gt:state prop="condition/wear/additions/informative/annotations"/>
        </gt:gt>
      </mets:xmlData>
    </mets:mdWrap>
  </mets:dmdSec>
  <mets:dmdSec ID="DMDGT_0003">
    <mets:mdWrap MDTYPE="OTHER" OTHERMDTYPE="GT">
      <mets:xmlData>
        <gt:gt>
          <gt:state prop="granularity/physical/document-related/word"/>
          <gt:state prop="granularity/physical/document-related/text-line"/>
          <gt:state prop="granularity/physical/document-related/region"/>
          <gt:state prop="data-attributes/document-related/visual/text/font/multi-font/typefaces"/>
          <gt:state prop="data-attributes/document-related/visual/text/font/multi-font/font-sizes"/>
          <gt:state prop="condition/production-related/document-faults/ink-from-facing"/>
          <gt:state prop="condition/wear/additions/informative/annotations"/>
        </gt:gt>
      </mets:xmlData>
    </mets:mdWrap>
  </mets:dmdSec>
  <mets:amdSec ID="amdSec_0001">
    <mets:rightsMD ID="rights_0001">
      <mets:mdWrap MDTYPE="OTHER" OTHERMDTYPE="DVRIGHTS" MIMETYPE="text/xml">
        <mets:xmlData>
          <DV:rights>
            <DV:owner>Koordinierte Förderinitiative zur Weiterentwicklung von Verfahren für die
                Optical-Character-Recognition OCR-D</DV:owner>
            <DV:ownerLogo>http://ocr-d.de/sites/default/files/Header1-Text-gold_3.png</DV:ownerLogo>
            <DV:ownerSiteURL>http://ocr-d.de/</DV:ownerSiteURL>
            <DV:ownerContact>mailto:ocrd@bbaw.de</DV:ownerContact>
          </DV:rights>
        </mets:xmlData>
      </mets:mdWrap>
    </mets:rightsMD>
    <mets:rightsMD ID="rights_0002">
      <mets:mdWrap MDTYPE="PREMIS:RIGHTS">
        <mets:xmlData>
          <pre:rightsStatement>
            <pre:rightsBasis>license</pre:rightsBasis>
            <pre:licenseInformation>
              <pre:licenseDocumentationIdentifier>
                <pre:licenseDocumentationIdentifierValue>http://creativecommons.org/publicdomain/mark/1.0/</pre:licenseDocumentationIdentifierValue>
              </pre:licenseDocumentationIdentifier>
            </pre:licenseInformation>
          </pre:rightsStatement>
        </mets:xmlData>
      </mets:mdWrap>
    </mets:rightsMD>
    <mets:digiprovMD ID="digiprovMD_0001">
      <mets:mdWrap MIMETYPE="text/xml" MDTYPE="OTHER" OTHERMDTYPE="DVLINKS">
        <mets:xmlData>
          <DV:links>
            <DV:reference/>
            <DV:presentation>http://www.deutschestextarchiv.de/calvi_beutelschneider01_1627</DV:presentation>
          </DV:links>
        </mets:xmlData>
      </mets:mdWrap>
    </mets:digiprovMD>
  </mets:amdSec>
  <mets:fileSec>
    <mets:fileGrp USE="OCR-D-GT-SEG-PAGE">
      <mets:file MIMETYPE="application/vnd.prima.page+xml" ID="OCR-D-GT-SEG-PAGE_0001">
        <mets:FLocat LOCTYPE="OTHER" xlink:href="OCR-D-GT-SEG-PAGE/OCR-D-GT-SEG-PAGE_0001.xml" OTHERLOCTYPE="FILE"/>
      </mets:file>
      <mets:file MIMETYPE="application/vnd.prima.page+xml" ID="OCR-D-GT-SEG-PAGE_0002">
        <mets:FLocat LOCTYPE="OTHER" xlink:href="OCR-D-GT-SEG-PAGE/OCR-D-GT-SEG-PAGE_0002.xml" OTHERLOCTYPE="FILE"/>
      </mets:file>
      <mets:file MIMETYPE="application/vnd.prima.page+xml" ID="OCR-D-GT-SEG-PAGE_0003">
        <mets:FLocat LOCTYPE="OTHER" xlink:href="OCR-D-GT-SEG-PAGE/OCR-D-GT-SEG-PAGE_0003.xml" OTHERLOCTYPE="FILE"/>
      </mets:file>
    </mets:fileGrp>
    <mets:fileGrp USE="OCR-D-GT-SEG-BLOCK">
      <mets:file MIMETYPE="application/vnd.prima.page+xml" ID="OCR-D-GT-SEG-BLOCK_0001">
        <mets:FLocat LOCTYPE="OTHER" xlink:href="OCR-D-GT-SEG-BLOCK/OCR-D-GT-SEG-BLOCK_0001.xml" OTHERLOCTYPE="FILE"/>
      </mets:file>
      <mets:file MIMETYPE="application/vnd.prima.page+xml" ID="OCR-D-GT-SEG-BLOCK_0002">
        <mets:FLocat LOCTYPE="OTHER" xlink:href="OCR-D-GT-SEG-BLOCK/OCR-D-GT-SEG-BLOCK_0002.xml" OTHERLOCTYPE="FILE"/>
      </mets:file>
      <mets:file MIMETYPE="application/vnd.prima.page+xml" ID="OCR-D-GT-SEG-BLOCK_0003">
        <mets:FLocat LOCTYPE="OTHER" xlink:href="OCR-D-GT-SEG-BLOCK/OCR-D-GT-SEG-BLOCK_0003.xml" OTHERLOCTYPE="FILE"/>
      </mets:file>
    </mets:fileGrp>
    <mets:fileGrp USE="OCR-D-GT-SEG-LINE">
      <mets:file MIMETYPE="application/vnd.prima.page+xml" ID="OCR-D-GT-SEG-LINE_0001">
        <mets:FLocat LOCTYPE="OTHER" xlink:href="OCR-D-GT-SEG-LINE/OCR-D-GT-SEG-LINE_0001.xml" OTHERLOCTYPE="FILE"/>
      </mets:file>
      <mets:file MIMETYPE="application/vnd.prima.page+xml" ID="OCR-D-GT-SEG-LINE_0002">
        <mets:FLocat LOCTYPE="OTHER" xlink:href="OCR-D-GT-SEG-LINE/OCR-D-GT-SEG-LINE_0002.xml" OTHERLOCTYPE="FILE"/>
      </mets:file>
      <mets:file MIMETYPE="application/vnd.prima.page+xml" ID="OCR-D-GT-SEG-LINE_0003">
        <mets:FLocat LOCTYPE="OTHER" xlink:href="OCR-D-GT-SEG-LINE/OCR-D-GT-SEG-LINE_0003.xml" OTHERLOCTYPE="FILE"/>
      </mets:file>
    </mets:fileGrp>
    <mets:fileGrp USE="OCR-D-IMG">
      <mets:file MIMETYPE="image/tiff" ID="OCR-D-IMG_0001">
        <mets:FLocat LOCTYPE="OTHER" xlink:href="OCR-D-IMG/OCR-D-IMG_0001.tif" OTHERLOCTYPE="FILE"/>
      </mets:file>
      <mets:file MIMETYPE="image/tiff" ID="OCR-D-IMG_0002">
        <mets:FLocat LOCTYPE="OTHER" xlink:href="OCR-D-IMG/OCR-D-IMG_0002.tif" OTHERLOCTYPE="FILE"/>
      </mets:file>
      <mets:file MIMETYPE="image/tiff" ID="OCR-D-IMG_0003">
        <mets:FLocat LOCTYPE="OTHER" xlink:href="OCR-D-IMG/OCR-D-IMG_0003.tif" OTHERLOCTYPE="FILE"/>
      </mets:file>
    </mets:fileGrp>
    <mets:fileGrp USE="OCR-D-OCR">
      <mets:file ID="OCR-D-OCR_0001.IMG-BIN" MIMETYPE="image/png">
        <mets:FLocat LOCTYPE="OTHER" OTHERLOCTYPE="FILE" xlink:href="OCR-D-OCR/OCR-D-OCR_0001.IMG-BIN.png"/>
      </mets:file>
      <mets:file ID="OCR-D-OCR_0001" MIMETYPE="application/vnd.prima.page+xml">
        <mets:FLocat LOCTYPE="OTHER" OTHERLOCTYPE="FILE" xlink:href="OCR-D-OCR/OCR-D-OCR_0001.xml"/>
      </mets:file>
      <mets:file ID="OCR-D-OCR_0002.IMG-BIN" MIMETYPE="image/png">
        <mets:FLocat LOCTYPE="OTHER" OTHERLOCTYPE="FILE" xlink:href="OCR-D-OCR/OCR-D-OCR_0002.IMG-BIN.png"/>
      </mets:file>
      <mets:file ID="OCR-D-OCR_0002" MIMETYPE="application/vnd.prima.page+xml">
        <mets:FLocat LOCTYPE="OTHER" OTHERLOCTYPE="FILE" xlink:href="OCR-D-OCR/OCR-D-OCR_0002.xml"/>
      </mets:file>
      <mets:file ID="OCR-D-OCR_0003.IMG-BIN" MIMETYPE="image/png">
        <mets:FLocat LOCTYPE="OTHER" OTHERLOCTYPE="FILE" xlink:href="OCR-D-OCR/OCR-D-OCR_0003.IMG-BIN.png"/>
      </mets:file>
      <mets:file ID="OCR-D-OCR_0003" MIMETYPE="application/vnd.prima.page+xml">
        <mets:FLocat LOCTYPE="OTHER" OTHERLOCTYPE="FILE" xlink:href="OCR-D-OCR/OCR-D-OCR_0003.xml"/>
      </mets:file>
    </mets:fileGrp>
    <mets:fileGrp USE="OCR-D-EVAL-SEG-BLOCK">
      <mets:file ID="OCR-D-EVAL-SEG-BLOCK_0001.html" MIMETYPE="text/html">
        <mets:FLocat LOCTYPE="OTHER" OTHERLOCTYPE="FILE" xlink:href="OCR-D-EVAL-SEG-BLOCK/OCR-D-EVAL-SEG-BLOCK_0001.html.html"/>
      </mets:file>
      <mets:file ID="OCR-D-EVAL-SEG-BLOCK_0001.json" MIMETYPE="application/json">
        <mets:FLocat LOCTYPE="OTHER" OTHERLOCTYPE="FILE" xlink:href="OCR-D-EVAL-SEG-BLOCK/OCR-D-EVAL-SEG-BLOCK_0001.json.json"/>
      </mets:file>
      <mets:file ID="OCR-D-EVAL-SEG-BLOCK_0002.html" MIMETYPE="text/html">
        <mets:FLocat LOCTYPE="OTHER" OTHERLOCTYPE="FILE" xlink:href="OCR-D-EVAL-SEG-BLOCK/OCR-D-EVAL-SEG-BLOCK_0002.html.html"/>
      </mets:file>
      <mets:file ID="OCR-D-EVAL-SEG-BLOCK_0002.json" MIMETYPE="application/json">
        <mets:FLocat LOCTYPE="OTHER" OTHERLOCTYPE="FILE" xlink:href="OCR-D-EVAL-SEG-BLOCK/OCR-D-EVAL-SEG-BLOCK_0002.json.json"/>
      </mets:file>
      <mets:file ID="OCR-D-EVAL-SEG-BLOCK_0003.html" MIMETYPE="text/html">
        <mets:FLocat LOCTYPE="OTHER" OTHERLOCTYPE="FILE" xlink:href="OCR-D-EVAL-SEG-BLOCK/OCR-D-EVAL-SEG-BLOCK_0003.html.html"/>
      </mets:file>
      <mets:file ID="OCR-D-EVAL-SEG-BLOCK_0003.json" MIMETYPE="application/json">
        <mets:FLocat LOCTYPE="OTHER" OTHERLOCTYPE="FILE" xlink:href="OCR-D-EVAL-SEG-BLOCK/OCR-D-EVAL-SEG-BLOCK_0003.json.json"/>
      </mets:file>
    </mets:fileGrp>
    <mets:fileGrp USE="OCR-D-EVAL-SEG-LINE">
      <mets:file ID="OCR-D-EVAL-SEG-LINE_0001.html" MIMETYPE="text/html">
        <mets:FLocat LOCTYPE="OTHER" OTHERLOCTYPE="FILE" xlink:href="OCR-D-EVAL-SEG-LINE/OCR-D-EVAL-SEG-LINE_0001.html.html"/>
      </mets:file>
      <mets:file ID="OCR-D-EVAL-SEG-LINE_0001.json" MIMETYPE="application/json">
        <mets:FLocat LOCTYPE="OTHER" OTHERLOCTYPE="FILE" xlink:href="OCR-D-EVAL-SEG-LINE/OCR-D-EVAL-SEG-LINE_0001.json.json"/>
      </mets:file>
      <mets:file ID="OCR-D-EVAL-SEG-LINE_0002.html" MIMETYPE="text/html">
        <mets:FLocat LOCTYPE="OTHER" OTHERLOCTYPE="FILE" xlink:href="OCR-D-EVAL-SEG-LINE/OCR-D-EVAL-SEG-LINE_0002.html.html"/>
      </mets:file>
      <mets:file ID="OCR-D-EVAL-SEG-LINE_0002.json" MIMETYPE="application/json">
        <mets:FLocat LOCTYPE="OTHER" OTHERLOCTYPE="FILE" xlink:href="OCR-D-EVAL-SEG-LINE/OCR-D-EVAL-SEG-LINE_0002.json.json"/>
      </mets:file>
      <mets:file ID="OCR-D-EVAL-SEG-LINE_0003.html" MIMETYPE="text/html">
        <mets:FLocat LOCTYPE="OTHER" OTHERLOCTYPE="FILE" xlink:href="OCR-D-EVAL-SEG-LINE/OCR-D-EVAL-SEG-LINE_0003.html.html"/>
      </mets:file>
      <mets:file ID="OCR-D-EVAL-SEG-LINE_0003.json" MIMETYPE="application/json">
        <mets:FLocat LOCTYPE="OTHER" OTHERLOCTYPE="FILE" xlink:href="OCR-D-EVAL-SEG-LINE/OCR-D-EVAL-SEG-LINE_0003.json.json"/>
      </mets:file>
    </mets:fileGrp>
    <mets:fileGrp USE="OCR-D-EVAL-SEG-PAGE">
      <mets:file ID="OCR-D-EVAL-SEG-PAGE_0001.html" MIMETYPE="text/html">
        <mets:FLocat LOCTYPE="OTHER" OTHERLOCTYPE="FILE" xlink:href="OCR-D-EVAL-SEG-PAGE/OCR-D-EVAL-SEG-PAGE_0001.html.html"/>
      </mets:file>
      <mets:file ID="OCR-D-EVAL-SEG-PAGE_0001.json" MIMETYPE="application/json">
        <mets:FLocat LOCTYPE="OTHER" OTHERLOCTYPE="FILE" xlink:href="OCR-D-EVAL-SEG-PAGE/OCR-D-EVAL-SEG-PAGE_0001.json.json"/>
      </mets:file>
      <mets:file ID="OCR-D-EVAL-SEG-PAGE_0002.html" MIMETYPE="text/html">
        <mets:FLocat LOCTYPE="OTHER" OTHERLOCTYPE="FILE" xlink:href="OCR-D-EVAL-SEG-PAGE/OCR-D-EVAL-SEG-PAGE_0002.html.html"/>
      </mets:file>
      <mets:file ID="OCR-D-EVAL-SEG-PAGE_0002.json" MIMETYPE="application/json">
        <mets:FLocat LOCTYPE="OTHER" OTHERLOCTYPE="FILE" xlink:href="OCR-D-EVAL-SEG-PAGE/OCR-D-EVAL-SEG-PAGE_0002.json.json"/>
      </mets:file>
      <mets:file ID="OCR-D-EVAL-SEG-PAGE_0003.html" MIMETYPE="text/html">
        <mets:FLocat LOCTYPE="OTHER" OTHERLOCTYPE="FILE" xlink:href="OCR-D-EVAL-SEG-PAGE/OCR-D-EVAL-SEG-PAGE_0003.html.html"/>
      </mets:file>
      <mets:file ID="OCR-D-EVAL-SEG-PAGE_0003.json" MIMETYPE="application/json">
        <mets:FLocat LOCTYPE="OTHER" OTHERLOCTYPE="FILE" xlink:href="OCR-D-EVAL-SEG-PAGE/OCR-D-EVAL-SEG-PAGE_0003.json.json"/>
      </mets:file>
    </mets:fileGrp>
  </mets:fileSec>
  <mets:structMap TYPE="LOGICAL">
    <mets:div TYPE="multivolume_work" ID="loc_0001" LABEL="Beutelschneider/ Oder Neue/ warhaffte/ vnd eigentliche Beschreibung Der Diebs Historien, Darinnen Der Beutelschneider/ Diebe vnd Rauber Arglistigkeit/ Verschlagenheit/ Bossen/ Rencke vnd Tücke/ auch was sie für wunderbarliche seltzame Diebsgriffe/ Practicken vnd Fündlein erdacht/ gebraucht/ vnd sonsten für erschreckliche Mordthaten in Franckreich gestifftet vnd begangen haben Jn sonderlichen waarhafften Historien vor Augen gestellet Mit sonderbaren nützlichen Observationen/ Erjnnerungen vnd Warnungen der gestalt zugerichtet/ daß sich männiglichen zu nothwendiger Warnung vnd Lehr/ auch zu Ergötzlichkeit vnd Lust zu lesen dienen. Auß dem Frantzösischen in die Hochteutsche Sprach übersetzt">
      <mets:div TYPE="volume" DMDID="dmdSec_0001" ADMID="amdSec_0001" LABEL="">
        <mets:div ID="loc_d1e425" TYPE="Chapter" LABEL=""/>
      </mets:div>
    </mets:div>
  </mets:structMap>
  <mets:structMap TYPE="PHYSICAL">
    <mets:div TYPE="physSequence" ID="physroot">
      <mets:div TYPE="page" ORDER="1" ID="phys_0001" DMDID="DMDGT_0001">
        <mets:fptr FILEID="OCR-D-GT-SEG-PAGE_0001"/>
        <mets:fptr FILEID="OCR-D-GT-SEG-BLOCK_0001"/>
        <mets:fptr FILEID="OCR-D-GT-SEG-LINE_0001"/>
        <mets:fptr FILEID="OCR-D-IMG_0001"/>
        <mets:fptr FILEID="OCR-D-OCR_0001.IMG-BIN"/>
        <mets:fptr FILEID="OCR-D-OCR_0001"/>
        <mets:fptr FILEID="OCR-D-EVAL-SEG-BLOCK_0001.html"/>
        <mets:fptr FILEID="OCR-D-EVAL-SEG-BLOCK_0001.json"/>
        <mets:fptr FILEID="OCR-D-EVAL-SEG-LINE_0001.html"/>
        <mets:fptr FILEID="OCR-D-EVAL-SEG-LINE_0001.json"/>
        <mets:fptr FILEID="OCR-D-EVAL-SEG-PAGE_0001.html"/>
        <mets:fptr FILEID="OCR-D-EVAL-SEG-PAGE_0001.json"/>
      </mets:div>
      <mets:div TYPE="page" ORDER="2" ID="phys_0002" DMDID="DMDGT_0002">
        <mets:fptr FILEID="OCR-D-GT-SEG-PAGE_0002"/>
        <mets:fptr FILEID="OCR-D-GT-SEG-BLOCK_0002"/>
        <mets:fptr FILEID="OCR-D-GT-SEG-LINE_0002"/>
        <mets:fptr FILEID="OCR-D-IMG_0002"/>
        <mets:fptr FILEID="OCR-D-OCR_0002.IMG-BIN"/>
        <mets:fptr FILEID="OCR-D-OCR_0002"/>
        <mets:fptr FILEID="OCR-D-EVAL-SEG-BLOCK_0002.html"/>
        <mets:fptr FILEID="OCR-D-EVAL-SEG-BLOCK_0002.json"/>
        <mets:fptr FILEID="OCR-D-EVAL-SEG-LINE_0002.html"/>
        <mets:fptr FILEID="OCR-D-EVAL-SEG-LINE_0002.json"/>
        <mets:fptr FILEID="OCR-D-EVAL-SEG-PAGE_0002.html"/>
        <mets:fptr FILEID="OCR-D-EVAL-SEG-PAGE_0002.json"/>
      </mets:div>
      <mets:div TYPE="page" ORDER="3" ID="phys_0003" DMDID="DMDGT_0003">
        <mets:fptr FILEID="OCR-D-GT-SEG-PAGE_0003"/>
        <mets:fptr FILEID="OCR-D-GT-SEG-BLOCK_0003"/>
        <mets:fptr FILEID="OCR-D-GT-SEG-LINE_0003"/>
        <mets:fptr FILEID="OCR-D-IMG_0003"/>
        <mets:fptr FILEID="OCR-D-OCR_0003.IMG-BIN"/>
        <mets:fptr FILEID="OCR-D-OCR_0003"/>
        <mets:fptr FILEID="OCR-D-EVAL-SEG-BLOCK_0003.html"/>
        <mets:fptr FILEID="OCR-D-EVAL-SEG-BLOCK_0003.json"/>
        <mets:fptr FILEID="OCR-D-EVAL-SEG-LINE_0003.html"/>
        <mets:fptr FILEID="OCR-D-EVAL-SEG-LINE_0003.json"/>
        <mets:fptr FILEID="OCR-D-EVAL-SEG-PAGE_0003.html"/>
        <mets:fptr FILEID="OCR-D-EVAL-SEG-PAGE_0003.json"/>
      </mets:div>
    </mets:div>
  </mets:structMap>
  <mets:structLink>
    <mets:smLink xlink:from="loc_0001" xlink:to="phys_0000"/>
    <mets:smLink xlink:from="loc_d1e425" xlink:to="phys_0000"/>
    <mets:smLink xlink:from="loc_d1e425" xlink:to="phys_0001"/>
    <mets:smLink xlink:from="loc_d1e425" xlink:to="phys_0002"/>
  </mets:structLink>
</mets:mets>
