<?xml version="1.0" encoding="UTF-8"?>
<pc:PcGts xmlns:pc="http://schema.primaresearch.org/PAGE/gts/pagecontent/2019-07-15" xmlns:xsi="http://www.w3.org/2001/XMLSchema-instance" xsi:schemaLocation="http://schema.primaresearch.org/PAGE/gts/pagecontent/2019-07-15 http://schema.primaresearch.org/PAGE/gts/pagecontent/2019-07-15/pagecontent.xsd">
    <pc:Metadata>
        <pc:Creator>OCR-D</pc:Creator>
        <pc:Created>2016-09-20T09:27:46</pc:Created>
        <pc:LastChange>2018-04-24T13:53:23</pc:LastChange>
        <pc:Comments>
                Measurement unit: pixel
                PrimaryLanguage: German
                Language: GermanStandard
                Language: OldGerman
                Producer: ABBYY FineReader Engine 11</pc:Comments>
    </pc:Metadata>
    <pc:Page imageFilename="OCR-D-IMG/OCR-D-IMG_0003.tif" imageWidth="1699" imageHeight="2687" type="content">
        <pc:Border>
            <pc:Coords points="41,307 1048,307 1048,2086 41,2086"/>
        </pc:Border>
        <pc:ReadingOrder>
            <pc:OrderedGroup id="ro357564684568544579089" caption="Regions reading order">
                <pc:RegionRefIndexed index="0" regionRef="r_1_1"/>
                <pc:RegionRefIndexed index="1" regionRef="r_2_1"/>
                <pc:RegionRefIndexed index="2" regionRef="r_2_2"/>
                <pc:RegionRefIndexed index="3" regionRef="r_2_4"/>
                <pc:RegionRefIndexed index="4" regionRef="TextRegion_1477484106571_2"/>
                <pc:RegionRefIndexed index="5" regionRef="r_2_8"/>
            </pc:OrderedGroup>
        </pc:ReadingOrder>
        <pc:TextRegion id="r_1_1" type="page-number" primaryLanguage="German" secondaryLanguage="Latin">
            <pc:Coords points="933,371 980,371 980,405 933,405"/>
            <pc:TextLine id="tl_1" primaryLanguage="German">
                <pc:Coords points="934,372 979,372 979,404 934,404"/>
                <pc:Baseline points="934,404 979,404"/>
                <pc:Word id="w_w1aab1b1b2b1b1ab1" language="German">
                    <pc:Coords points="934,372 979,372 979,404 934,404"/>
                    <pc:TextEquiv>
                        <pc:Unicode>27</pc:Unicode>
                    </pc:TextEquiv>
                </pc:Word>
                <pc:TextEquiv>
                    <pc:Unicode>27</pc:Unicode>
                </pc:TextEquiv>
            </pc:TextLine>
            <pc:TextEquiv>
                <pc:Unicode>27</pc:Unicode>
            </pc:TextEquiv>
        </pc:TextRegion>
        <pc:TextRegion id="r_2_1" type="header" primaryLanguage="German" secondaryLanguage="Latin">
            <pc:Coords points="286,366 796,366 796,410 286,410"/>
            <pc:TextLine id="tl_2" primaryLanguage="German">
                <pc:Coords points="287,367 795,367 795,409 287,409"/>
                <pc:Baseline points="287,405 795,405"/>
                <pc:Word id="w_w1aab1b3b2b1b1ab1" language="German">
                    <pc:Coords points="287,371 363,371 363,400 287,400"/>
                    <pc:TextEquiv>
                        <pc:Unicode>Vom</pc:Unicode>
                    </pc:TextEquiv>
                </pc:Word>
                <pc:Word id="w_w1aab1b3b2b1b1ab9" language="German">
                    <pc:Coords points="385,371 511,371 511,407 385,407"/>
                    <pc:TextEquiv>
                        <pc:Unicode>Gerippe</pc:Unicode>
                    </pc:TextEquiv>
                </pc:Word>
                <pc:Word id="w_w1aab1b3b2b1b1ac25" language="German">
                    <pc:Coords points="533,371 583,371 583,397 533,397"/>
                    <pc:TextEquiv>
                        <pc:Unicode>der</pc:Unicode>
                    </pc:TextEquiv>
                </pc:Word>
                <pc:Word id="w_w1aab1b3b2b1b1ac33" language="German">
                    <pc:Coords points="601,370 795,370 795,405 601,405"/>
                    <pc:TextEquiv>
                        <pc:Unicode>Säugethiere.</pc:Unicode>
                    </pc:TextEquiv>
                </pc:Word>
                <pc:TextEquiv>
                    <pc:Unicode>Vom Gerippe der Säugethiere.</pc:Unicode>
                </pc:TextEquiv>
            </pc:TextLine>
            <pc:TextEquiv>
                <pc:Unicode>Vom Gerippe der Säugethiere.</pc:Unicode>
            </pc:TextEquiv>
        </pc:TextRegion>
        <pc:TextRegion id="r_2_2" type="paragraph" primaryLanguage="German" secondaryLanguage="Latin">
            <pc:Coords points="95,443 979,443 979,755 95,755"/>
            <pc:TextLine id="tl_3" primaryLanguage="German">
                <pc:Coords points="103,444 978,444 978,499 103,499"/>
                <pc:Baseline points="103,492 978,492"/>
                <pc:Word id="w_w1aab1b3b4b1b1ab1" language="German">
                    <pc:Coords points="103,451 334,451 334,492 103,492"/>
                    <pc:TextEquiv>
                        <pc:Unicode>Menschen,</pc:Unicode>
                    </pc:TextEquiv>
                </pc:Word>
                <pc:Word id="w_w1aab1b3b4b1b1ac21" language="German">
                    <pc:Coords points="373,450 540,450 540,496 373,496"/>
                    <pc:TextEquiv>
                        <pc:Unicode>doppelt.</pc:Unicode>
                    </pc:TextEquiv>
                </pc:Word>
                <pc:Word id="w_w1aab1b3b4b1b1ac39" language="German">
                    <pc:Coords points="624,447 773,447 773,483 624,483"/>
                    <pc:TextEquiv>
                        <pc:Unicode>Meines</pc:Unicode>
                    </pc:TextEquiv>
                </pc:Word>
                <pc:Word id="w_w1aab1b3b4b1b1ac53" language="German">
                    <pc:Coords points="809,452 978,452 978,489 809,489"/>
                    <pc:TextEquiv>
                        <pc:Unicode>Wissens</pc:Unicode>
                    </pc:TextEquiv>
                </pc:Word>
                <pc:TextEquiv>
                    <pc:Unicode>Menschen, doppelt. Meines Wissens</pc:Unicode>
                </pc:TextEquiv>
            </pc:TextLine>
            <pc:TextLine id="tl_4" primaryLanguage="German">
                <pc:Coords points="101,507 978,507 978,563 101,563"/>
                <pc:Baseline points="101,555 978,555"/>
                <pc:Word id="w_w1aab1b3b4b1b3ab1" language="German">
                    <pc:Coords points="101,512 186,512 186,546 101,546"/>
                    <pc:TextEquiv>
                        <pc:Unicode>sind</pc:Unicode>
                    </pc:TextEquiv>
                </pc:Word>
                <pc:Word id="w_w1aab1b3b4b1b3ac11" language="German">
                    <pc:Coords points="200,513 252,513 252,548 200,548"/>
                    <pc:TextEquiv>
                        <pc:Unicode>sie</pc:Unicode>
                    </pc:TextEquiv>
                </pc:Word>
                <pc:Word id="w_w1aab1b3b4b1b3b1b1" language="English">
                    <pc:Coords points="264,514 332,514 332,558 264,558"/>
                    <pc:TextEquiv>
                        <pc:Unicode>bey</pc:Unicode>
                    </pc:TextEquiv>
                </pc:Word>
                <pc:Word id="w_w1aab1b3b4b1b3b2b1" language="German">
                    <pc:Coords points="351,514 421,514 421,549 351,549"/>
                    <pc:TextEquiv>
                        <pc:Unicode>den</pc:Unicode>
                    </pc:TextEquiv>
                </pc:Word>
                <pc:Word id="w_w1aab1b3b4b1b3b2b9" language="German">
                    <pc:Coords points="435,513 713,513 713,560 435,560"/>
                    <pc:TextEquiv>
                        <pc:Unicode>Quadrupeden</pc:Unicode>
                    </pc:TextEquiv>
                </pc:Word>
                <pc:Word id="w_w1aab1b3b4b1b3b2c33" language="German">
                    <pc:Coords points="724,511 817,511 817,548 724,548"/>
                    <pc:TextEquiv>
                        <pc:Unicode>weit</pc:Unicode>
                    </pc:TextEquiv>
                </pc:Word>
                <pc:Word id="w_w1aab1b3b4b1b3b2c43" language="German">
                    <pc:Coords points="833,516 978,516 978,561 833,561"/>
                    <pc:TextEquiv>
                        <pc:Unicode>gröſser</pc:Unicode>
                    </pc:TextEquiv>
                </pc:Word>
                <pc:TextEquiv>
                    <pc:Unicode>sind sie bey den Quadrupeden weit gröſser</pc:Unicode>
                </pc:TextEquiv>
            </pc:TextLine>
            <pc:TextLine id="tl_5" primaryLanguage="German">
                <pc:Coords points="98,574 975,574 975,625 98,625"/>
                <pc:Baseline points="98,618 975,618"/>
                <pc:Word id="w_w1aab1b3b4b1b5ab1" language="German">
                    <pc:Coords points="98,577 151,577 151,609 98,609"/>
                    <pc:TextEquiv>
                        <pc:Unicode>als</pc:Unicode>
                    </pc:TextEquiv>
                </pc:Word>
                <pc:Word id="w_w1aab1b3b4b1b5b1b1" language="English">
                    <pc:Coords points="177,577 292,577 292,621 177,621"/>
                    <pc:TextEquiv>
                        <pc:Unicode>beym</pc:Unicode>
                    </pc:TextEquiv>
                </pc:Word>
                <pc:Word id="word_1476699297632_4" language="German">
                    <pc:Coords points="312,577 521,577 544,590 544,620 536,620 312,611"/>
                    <pc:TextEquiv>
                        <pc:Unicode>Menschen,</pc:Unicode>
                    </pc:TextEquiv>
                </pc:Word>
                <pc:Word id="w_w1aab1b3b4b1b5b3b1" language="English">
                    <pc:Coords points="569,578 698,578 698,613 569,613"/>
                    <pc:TextEquiv>
                        <pc:Unicode>zumal</pc:Unicode>
                    </pc:TextEquiv>
                </pc:Word>
                <pc:Word id="w_w1aab1b3b4b1b5b3c13" language="English">
                    <pc:Coords points="724,578 795,578 795,622 724,622"/>
                    <pc:TextEquiv>
                        <pc:Unicode>bey</pc:Unicode>
                    </pc:TextEquiv>
                </pc:Word>
                <pc:Word id="w_w1aab1b3b4b1b5b4b1" language="German">
                    <pc:Coords points="821,578 892,578 892,624 821,624"/>
                    <pc:TextEquiv>
                        <pc:Unicode>den</pc:Unicode>
                    </pc:TextEquiv>
                </pc:Word>
                <pc:Word id="w_w1aab1b3b4b1b5b5b1" language="German">
                    <pc:Coords points="915,591 975,591 975,624 915,624"/>
                    <pc:TextEquiv>
                        <pc:Unicode>pe-</pc:Unicode>
                    </pc:TextEquiv>
                </pc:Word>
                <pc:TextEquiv>
                    <pc:Unicode>als beym Menschen, zumal bey den pe-</pc:Unicode>
                </pc:TextEquiv>
            </pc:TextLine>
            <pc:TextLine id="tl_6" primaryLanguage="German">
                <pc:Coords points="99,635 975,635 975,690 99,690"/>
                <pc:Baseline points="99,681 975,681"/>
                <pc:Word id="w_w1aab1b3b4b1b7ab1" language="German">
                    <pc:Coords points="99,639 240,639 240,674 99,674"/>
                    <pc:TextEquiv>
                        <pc:Unicode>coribus</pc:Unicode>
                    </pc:TextEquiv>
                </pc:Word>
                <pc:Word id="w_w1aab1b3b4b1b7b1b3" language="German">
                    <pc:Coords points="254,652 331,652 331,673 254,673"/>
                    <pc:TextEquiv>
                        <pc:Unicode>von</pc:Unicode>
                    </pc:TextEquiv>
                </pc:Word>
                <pc:Word id="w_w1aab1b3b4b1b7b1c11" language="German">
                    <pc:Coords points="347,637 591,637 591,675 347,675"/>
                    <pc:TextEquiv>
                        <pc:Unicode>auffallender</pc:Unicode>
                    </pc:TextEquiv>
                </pc:Word>
                <pc:Word id="w_w1aab1b3b4b1b7b1c37" language="German">
                    <pc:Coords points="602,644 732,644 732,689 602,689"/>
                    <pc:TextEquiv>
                        <pc:Unicode>Länge</pc:Unicode>
                    </pc:TextEquiv>
                </pc:Word>
                <pc:Word id="w_w1aab1b3b4b1b7b1c49" language="German">
                    <pc:Coords points="748,641 826,641 826,676 748,676"/>
                    <pc:TextEquiv>
                        <pc:Unicode>und</pc:Unicode>
                    </pc:TextEquiv>
                </pc:Word>
                <pc:Word id="w_w1aab1b3b4b1b7b1c57" language="German">
                    <pc:Coords points="837,642 975,642 975,679 837,679"/>
                    <pc:TextEquiv>
                        <pc:Unicode>Weite.</pc:Unicode>
                    </pc:TextEquiv>
                </pc:Word>
                <pc:TextEquiv>
                    <pc:Unicode>coribus von auffallender Länge und Weite.</pc:Unicode>
                </pc:TextEquiv>
            </pc:TextLine>
            <pc:TextLine id="tl_7" primaryLanguage="German">
                <pc:Coords points="96,699 792,699 792,754 96,754"/>
                <pc:Baseline points="96,744 792,744"/>
                <pc:Word id="w_w1aab1b3b4b1b9ab1" language="German">
                    <pc:Coords points="96,704 145,704 145,736 96,736"/>
                    <pc:TextEquiv>
                        <pc:Unicode>So</pc:Unicode>
                    </pc:TextEquiv>
                </pc:Word>
                <pc:Word id="w_w1aab1b3b4b1b9ab7" language="German">
                    <pc:Coords points="170,702 265,702 265,735 170,735"/>
                    <pc:TextEquiv>
                        <pc:Unicode>auch</pc:Unicode>
                    </pc:TextEquiv>
                </pc:Word>
                <pc:Word id="w_w1aab1b3b4b1b9ac17" language="German">
                    <pc:Coords points="293,700 350,700 350,737 293,737"/>
                    <pc:TextEquiv>
                        <pc:Unicode>im</pc:Unicode>
                    </pc:TextEquiv>
                </pc:Word>
                <pc:Word id="w_w1aab1b3b4b1b9ac23" language="German">
                    <pc:Coords points="373,703 720,703 720,752 373,752"/>
                    <pc:TextEquiv>
                        <pc:Unicode>Hasengeschlecht</pc:Unicode>
                    </pc:TextEquiv>
                </pc:Word>
                <pc:Word id="w_w1aab1b3b4b1b9ac55" language="German">
                    <pc:Coords points="740,704 791,704 791,750 740,750"/>
                    <pc:TextEquiv>
                        <pc:Unicode>*).</pc:Unicode>
                    </pc:TextEquiv>
                </pc:Word>
                <pc:TextEquiv>
                    <pc:Unicode>So auch im Hasengeschlecht *).</pc:Unicode>
                </pc:TextEquiv>
            </pc:TextLine>
            <pc:TextEquiv>
                <pc:Unicode>Menschen, doppelt. Meines Wissens
sind sie bey den Quadrupeden weit gröſser
als beym Menschen, zumal bey den pe-
coribus von auffallender Länge und Weite.
So auch im Hasengeschlecht *).</pc:Unicode>
            </pc:TextEquiv>
        </pc:TextRegion>
        <pc:TextRegion id="r_2_4" type="heading" primaryLanguage="German" secondaryLanguage="Latin">
            <pc:Coords points="478,832 598,832 598,876 478,876"/>
            <pc:TextLine id="tl_9" primaryLanguage="German">
                <pc:Coords points="479,833 597,833 597,875 479,875"/>
                <pc:Baseline points="479,878 597,878"/>
                <pc:Word id="w_w1aab1b3b4b5b1ab1" language="German">
                    <pc:Coords points="479,837 509,837 509,874 479,874"/>
                    <pc:TextEquiv>
                        <pc:Unicode>§.</pc:Unicode>
                    </pc:TextEquiv>
                </pc:Word>
                <pc:Word id="w_w1aab1b3b4b5b1ab7" language="German">
                    <pc:Coords points="541,834 597,834 597,868 541,868"/>
                    <pc:TextEquiv>
                        <pc:Unicode>16.</pc:Unicode>
                    </pc:TextEquiv>
                </pc:Word>
                <pc:TextEquiv>
                    <pc:Unicode>§. 16.</pc:Unicode>
                </pc:TextEquiv>
            </pc:TextLine>
            <pc:TextEquiv>
                <pc:Unicode>§. 16.</pc:Unicode>
            </pc:TextEquiv>
        </pc:TextRegion>
        <pc:TextRegion id="TextRegion_1477484106571_2" type="paragraph" primaryLanguage="German" secondaryLanguage="Latin">
            <pc:Coords points="86,897 976,897 976,1538 960,1603 844,1603 86,1538"/>
            <pc:TextLine id="tl_11" primaryLanguage="German">
                <pc:Coords points="176,898 974,898 974,962 176,962"/>
                <pc:Baseline points="176,945 974,945"/>
                <pc:Word id="w_w1aab1b3b4b9b1ab1" language="German">
                    <pc:Coords points="176,899 386,899 386,936 176,936"/>
                    <pc:TextEquiv>
                        <pc:Unicode>Besonders</pc:Unicode>
                    </pc:TextEquiv>
                </pc:Word>
                <pc:Word id="w_w1aab1b3b4b9b1ac21" language="German">
                    <pc:Coords points="411,902 676,902 676,951 411,951"/>
                    <pc:TextEquiv>
                        <pc:Unicode>merkwürdig</pc:Unicode>
                    </pc:TextEquiv>
                </pc:Word>
                <pc:Word id="w_w1aab1b3b4b9b1ac43" language="German">
                    <pc:Coords points="698,903 782,903 782,945 698,945"/>
                    <pc:TextEquiv>
                        <pc:Unicode>sind</pc:Unicode>
                    </pc:TextEquiv>
                </pc:Word>
                <pc:Word id="w_w1aab1b3b4b9b1b1b1" language="English">
                    <pc:Coords points="807,904 881,904 881,962 807,962"/>
                    <pc:TextEquiv>
                        <pc:Unicode>bey</pc:Unicode>
                    </pc:TextEquiv>
                </pc:Word>
                <pc:Word id="w_w1aab1b3b4b9b1b2b1" language="German">
                    <pc:Coords points="899,905 974,905 974,941 899,941"/>
                    <pc:TextEquiv>
                        <pc:Unicode>den</pc:Unicode>
                    </pc:TextEquiv>
                </pc:Word>
                <pc:TextEquiv>
                    <pc:Unicode>Besonders merkwürdig sind bey den</pc:Unicode>
                </pc:TextEquiv>
            </pc:TextLine>
            <pc:TextLine id="tl_12" primaryLanguage="German">
                <pc:Coords points="97,964 975,964 975,1017 97,1017"/>
                <pc:Baseline points="97,1009 975,1009"/>
                <pc:Word id="w_w1aab1b3b4b9b3ab1" language="German">
                    <pc:Coords points="97,964 260,964 260,1013 97,1013"/>
                    <pc:TextEquiv>
                        <pc:Unicode>meisten</pc:Unicode>
                    </pc:TextEquiv>
                </pc:Word>
                <pc:Word id="w_w1aab1b3b4b9b3b1b1" language="German">
                    <pc:Coords points="284,967 473,967 473,1013 284,1013"/>
                    <pc:TextEquiv>
                        <pc:Unicode>pecoribus</pc:Unicode>
                    </pc:TextEquiv>
                </pc:Word>
                <pc:Word id="w_w1aab1b3b4b9b3b2b3" language="German">
                    <pc:Coords points="495,967 554,967 554,1002 495,1002"/>
                    <pc:TextEquiv>
                        <pc:Unicode>die</pc:Unicode>
                    </pc:TextEquiv>
                </pc:Word>
                <pc:Word id="w_w1aab1b3b4b9b3b2c11" language="German">
                    <pc:Coords points="577,980 623,980 623,1002 577,1002"/>
                    <pc:TextEquiv>
                        <pc:Unicode>an</pc:Unicode>
                    </pc:TextEquiv>
                </pc:Word>
                <pc:Word id="w_w1aab1b3b4b9b3b2c17" language="German">
                    <pc:Coords points="649,968 713,968 713,1003 649,1003"/>
                    <pc:TextEquiv>
                        <pc:Unicode>der</pc:Unicode>
                    </pc:TextEquiv>
                </pc:Word>
                <pc:Word id="w_w1aab1b3b4b9b3b2c25" language="German">
                    <pc:Coords points="735,969 975,969 975,1007 735,1007"/>
                    <pc:TextEquiv>
                        <pc:Unicode>Auſsenseite</pc:Unicode>
                    </pc:TextEquiv>
                </pc:Word>
                <pc:TextEquiv>
                    <pc:Unicode>meisten pecoribus die an der Auſsenseite</pc:Unicode>
                </pc:TextEquiv>
            </pc:TextLine>
            <pc:TextLine id="tl_13" primaryLanguage="German">
                <pc:Coords points="94,1027 974,1027 974,1068 94,1068"/>
                <pc:Baseline points="94,1072 974,1072"/>
                <pc:Word id="w_w1aab1b3b4b9b5ab1" language="German">
                    <pc:Coords points="94,1027 159,1027 159,1062 94,1062"/>
                    <pc:TextEquiv>
                        <pc:Unicode>der</pc:Unicode>
                    </pc:TextEquiv>
                </pc:Word>
                <pc:Word id="w_w1aab1b3b4b9b5ab9" language="German">
                    <pc:Coords points="192,1028 411,1028 411,1065 192,1065"/>
                    <pc:TextEquiv>
                        <pc:Unicode>Oberkiefer</pc:Unicode>
                    </pc:TextEquiv>
                </pc:Word>
                <pc:Word id="w_w1aab1b3b4b9b5ac31" language="German">
                    <pc:Coords points="445,1031 565,1031 565,1064 445,1064"/>
                    <pc:TextEquiv>
                        <pc:Unicode>neben</pc:Unicode>
                    </pc:TextEquiv>
                </pc:Word>
                <pc:Word id="w_w1aab1b3b4b9b5ac43" language="German">
                    <pc:Coords points="602,1031 673,1031 673,1064 602,1064"/>
                    <pc:TextEquiv>
                        <pc:Unicode>den</pc:Unicode>
                    </pc:TextEquiv>
                </pc:Word>
                <pc:Word id="w_w1aab1b3b4b9b5ac51" language="German">
                    <pc:Coords points="706,1033 973,1033 973,1068 706,1068"/>
                    <pc:TextEquiv>
                        <pc:Unicode>Nasenbeinen</pc:Unicode>
                    </pc:TextEquiv>
                </pc:Word>
                <pc:TextEquiv>
                    <pc:Unicode>der Oberkiefer neben den Nasenbeinen</pc:Unicode>
                </pc:TextEquiv>
            </pc:TextLine>
            <pc:TextLine id="tl_14" primaryLanguage="German">
                <pc:Coords points="94,1089 972,1089 972,1144 94,1144"/>
                <pc:Baseline points="94,1134 972,1134"/>
                <pc:Word id="w_w1aab1b3b4b9b7ab1" language="German">
                    <pc:Coords points="94,1089 349,1089 349,1127 94,1127"/>
                    <pc:TextEquiv>
                        <pc:Unicode>befindlichen</pc:Unicode>
                    </pc:TextEquiv>
                </pc:Word>
                <pc:Word id="w_w1aab1b3b4b9b7ac27" language="German">
                    <pc:Coords points="383,1091 721,1091 721,1142 383,1142"/>
                    <pc:TextEquiv>
                        <pc:Unicode>grubenförmigen</pc:Unicode>
                    </pc:TextEquiv>
                </pc:Word>
                <pc:Word id="w_w1aab1b3b4b9b7ac57" language="German">
                    <pc:Coords points="753,1094 972,1094 972,1138 753,1138"/>
                    <pc:TextEquiv>
                        <pc:Unicode>Eindrücke</pc:Unicode>
                    </pc:TextEquiv>
                </pc:Word>
                <pc:TextEquiv>
                    <pc:Unicode>befindlichen grubenförmigen Eindrücke</pc:Unicode>
                </pc:TextEquiv>
            </pc:TextLine>
            <pc:TextLine id="tl_15" primaryLanguage="German">
                <pc:Coords points="94,1156 973,1156 973,1214 94,1214"/>
                <pc:Baseline points="94,1202 973,1202"/>
                <pc:Word id="w_w1aab1b3b4b9b9ab1" language="German">
                    <pc:Coords points="94,1169 170,1169 170,1199 94,1199"/>
                    <pc:TextEquiv>
                        <pc:Unicode>von</pc:Unicode>
                    </pc:TextEquiv>
                </pc:Word>
                <pc:Word id="w_w1aab1b3b4b9b9ab9" language="German">
                    <pc:Coords points="209,1157 283,1157 283,1201 209,1201"/>
                    <pc:TextEquiv>
                        <pc:Unicode>den</pc:Unicode>
                    </pc:TextEquiv>
                </pc:Word>
                <pc:Word id="w_w1aab1b3b4b9b9b1b1" language="English">
                    <pc:Coords points="302,1158 450,1158 450,1201 302,1201"/>
                    <pc:TextEquiv>
                        <pc:Unicode>auſsen</pc:Unicode>
                    </pc:TextEquiv>
                </pc:Word>
                <pc:Word id="w_w1aab1b3b4b9b9b2b1" language="German">
                    <pc:Coords points="483,1159 598,1159 598,1194 483,1194"/>
                    <pc:TextEquiv>
                        <pc:Unicode>daran</pc:Unicode>
                    </pc:TextEquiv>
                </pc:Word>
                <pc:Word id="w_w1aab1b3b4b9b9b2c13" language="German">
                    <pc:Coords points="633,1159 833,1159 833,1213 633,1213"/>
                    <pc:TextEquiv>
                        <pc:Unicode>liegenden</pc:Unicode>
                    </pc:TextEquiv>
                </pc:Word>
                <pc:Word id="w_w1aab1b3b4b9b9b3b1" language="English">
                    <pc:Coords points="862,1174 973,1174 973,1210 862,1210"/>
                    <pc:TextEquiv>
                        <pc:Unicode>soge-</pc:Unicode>
                    </pc:TextEquiv>
                </pc:Word>
                <pc:TextEquiv>
                    <pc:Unicode>von den auſsen daran liegenden soge-</pc:Unicode>
                </pc:TextEquiv>
            </pc:TextLine>
            <pc:TextLine id="tl_16" primaryLanguage="German">
                <pc:Coords points="94,1221 970,1221 970,1278 94,1278"/>
                <pc:Baseline points="94,1266 970,1266"/>
                <pc:Word id="w_w1aab1b3b4b9c11ab1" language="English">
                    <pc:Coords points="94,1230 264,1230 264,1260 94,1260"/>
                    <pc:TextEquiv>
                        <pc:Unicode>nannten</pc:Unicode>
                    </pc:TextEquiv>
                </pc:Word>
                <pc:Word id="w_w1aab1b3b4b9c11b1b1" language="German">
                    <pc:Coords points="291,1222 424,1222 424,1259 291,1259"/>
                    <pc:TextEquiv>
                        <pc:Unicode>sinibus</pc:Unicode>
                    </pc:TextEquiv>
                </pc:Word>
                <pc:Word id="w_w1aab1b3b4b9c11b1c17" language="German">
                    <pc:Coords points="447,1224 611,1224 611,1261 447,1261"/>
                    <pc:TextEquiv>
                        <pc:Unicode>sebaceis.</pc:Unicode>
                    </pc:TextEquiv>
                </pc:Word>
                <pc:Word id="w_w1aab1b3b4b9c11b2b3" language="German">
                    <pc:Coords points="640,1227 686,1227 686,1259 640,1259"/>
                    <pc:TextEquiv>
                        <pc:Unicode>—</pc:Unicode>
                    </pc:TextEquiv>
                </pc:Word>
                <pc:Word id="w_w1aab1b3b4b9c11b3b1" language="English">
                    <pc:Coords points="743,1228 862,1228 862,1277 743,1277"/>
                    <pc:TextEquiv>
                        <pc:Unicode>Beym</pc:Unicode>
                    </pc:TextEquiv>
                </pc:Word>
                <pc:Word id="w_w1aab1b3b4b9c11b4b1" language="German">
                    <pc:Coords points="893,1229 970,1229 970,1262 893,1262"/>
                    <pc:TextEquiv>
                        <pc:Unicode>Ha-</pc:Unicode>
                    </pc:TextEquiv>
                </pc:Word>
                <pc:TextEquiv>
                    <pc:Unicode>nannten sinibus sebaceis. — Beym Ha-</pc:Unicode>
                </pc:TextEquiv>
            </pc:TextLine>
            <pc:TextLine id="tl_17" primaryLanguage="German">
                <pc:Coords points="92,1285 968,1285 968,1334 92,1334"/>
                <pc:Baseline points="92,1330 968,1330"/>
                <pc:Word id="w_w1aab1b3b4b9c13ab1" language="German">
                    <pc:Coords points="92,1297 179,1297 179,1328 92,1328"/>
                    <pc:TextEquiv>
                        <pc:Unicode>sen,</pc:Unicode>
                    </pc:TextEquiv>
                </pc:Word>
                <pc:Word id="w_w1aab1b3b4b9c13ac11" language="German">
                    <pc:Coords points="209,1285 274,1285 274,1321 209,1321"/>
                    <pc:TextEquiv>
                        <pc:Unicode>der</pc:Unicode>
                    </pc:TextEquiv>
                </pc:Word>
                <pc:Word id="w_w1aab1b3b4b9c13ac19" language="German">
                    <pc:Coords points="299,1286 394,1286 394,1321 299,1321"/>
                    <pc:TextEquiv>
                        <pc:Unicode>auch</pc:Unicode>
                    </pc:TextEquiv>
                </pc:Word>
                <pc:Word id="w_w1aab1b3b4b9c13ac29" language="German">
                    <pc:Coords points="421,1288 574,1288 574,1332 421,1332"/>
                    <pc:TextEquiv>
                        <pc:Unicode>hierin,</pc:Unicode>
                    </pc:TextEquiv>
                </pc:Word>
                <pc:Word id="w_w1aab1b3b4b9c13ac47" language="German">
                    <pc:Coords points="597,1301 637,1301 637,1324 597,1324"/>
                    <pc:TextEquiv>
                        <pc:Unicode>so</pc:Unicode>
                    </pc:TextEquiv>
                </pc:Word>
                <pc:Word id="w_w1aab1b3b4b9c13ac53" language="German">
                    <pc:Coords points="664,1289 737,1289 737,1324 664,1324"/>
                    <pc:TextEquiv>
                        <pc:Unicode>wie</pc:Unicode>
                    </pc:TextEquiv>
                </pc:Word>
                <pc:Word id="w_w1aab1b3b4b9c13ac61" language="German">
                    <pc:Coords points="763,1289 803,1289 803,1323 763,1323"/>
                    <pc:TextEquiv>
                        <pc:Unicode>in</pc:Unicode>
                    </pc:TextEquiv>
                </pc:Word>
                <pc:Word id="w_w1aab1b3b4b9c13ac67" language="German">
                    <pc:Coords points="825,1301 867,1301 867,1326 825,1326"/>
                    <pc:TextEquiv>
                        <pc:Unicode>so</pc:Unicode>
                    </pc:TextEquiv>
                </pc:Word>
                <pc:Word id="w_w1aab1b3b4b9c13ac73" language="German">
                    <pc:Coords points="893,1290 968,1290 968,1325 893,1325"/>
                    <pc:TextEquiv>
                        <pc:Unicode>vie-</pc:Unicode>
                    </pc:TextEquiv>
                </pc:Word>
                <pc:TextEquiv>
                    <pc:Unicode>sen, der auch hierin, so wie in so vie-</pc:Unicode>
                </pc:TextEquiv>
            </pc:TextLine>
            <pc:TextLine id="tl_18" primaryLanguage="German">
                <pc:Coords points="89,1350 967,1350 967,1398 89,1398"/>
                <pc:Baseline points="89,1395 967,1395"/>
                <pc:Word id="w_w1aab1b3b4b9c15ab1" language="German">
                    <pc:Coords points="89,1352 152,1352 152,1386 89,1386"/>
                    <pc:TextEquiv>
                        <pc:Unicode>len</pc:Unicode>
                    </pc:TextEquiv>
                </pc:Word>
                <pc:Word id="w_w1aab1b3b4b9c15ab9" language="German">
                    <pc:Coords points="183,1353 324,1353 324,1387 183,1387"/>
                    <pc:TextEquiv>
                        <pc:Unicode>andern</pc:Unicode>
                    </pc:TextEquiv>
                </pc:Word>
                <pc:Word id="w_w1aab1b3b4b9c15ac23" language="German">
                    <pc:Coords points="352,1353 517,1353 517,1390 352,1390"/>
                    <pc:TextEquiv>
                        <pc:Unicode>Stücken</pc:Unicode>
                    </pc:TextEquiv>
                </pc:Word>
                <pc:Word id="w_w1aab1b3b4b9c15ac39" language="German">
                    <pc:Coords points="551,1354 674,1354 674,1389 551,1389"/>
                    <pc:TextEquiv>
                        <pc:Unicode>seines</pc:Unicode>
                    </pc:TextEquiv>
                </pc:Word>
                <pc:Word id="w_w1aab1b3b4b9c15ac53" language="German">
                    <pc:Coords points="703,1358 842,1358 842,1397 703,1397"/>
                    <pc:TextEquiv>
                        <pc:Unicode>Baues,</pc:Unicode>
                    </pc:TextEquiv>
                </pc:Word>
                <pc:Word id="w_w1aab1b3b4b9c15ac67" language="German">
                    <pc:Coords points="882,1355 967,1355 967,1391 882,1391"/>
                    <pc:TextEquiv>
                        <pc:Unicode>eine</pc:Unicode>
                    </pc:TextEquiv>
                </pc:Word>
                <pc:TextEquiv>
                    <pc:Unicode>len andern Stücken seines Baues, eine</pc:Unicode>
                </pc:TextEquiv>
            </pc:TextLine>
            <pc:TextLine id="tl_19" primaryLanguage="German">
                <pc:Coords points="89,1412 964,1412 964,1458 89,1458"/>
                <pc:Baseline points="89,1460 964,1460"/>
                <pc:Word id="w_w1aab1b3b4b9c17ab1" language="German">
                    <pc:Coords points="89,1428 131,1428 131,1450 89,1450"/>
                    <pc:TextEquiv>
                        <pc:Unicode>so</pc:Unicode>
                    </pc:TextEquiv>
                </pc:Word>
                <pc:Word id="w_w1aab1b3b4b9c17ab7" language="German">
                    <pc:Coords points="182,1414 409,1414 409,1452 182,1452"/>
                    <pc:TextEquiv>
                        <pc:Unicode>auffallende</pc:Unicode>
                    </pc:TextEquiv>
                </pc:Word>
                <pc:Word id="w_w1aab1b3b4b9c17ac31" language="German">
                    <pc:Coords points="455,1414 724,1414 724,1454 455,1454"/>
                    <pc:TextEquiv>
                        <pc:Unicode>Aehnlichkeit</pc:Unicode>
                    </pc:TextEquiv>
                </pc:Word>
                <pc:Word id="w_w1aab1b3b4b9c17ac57" language="German">
                    <pc:Coords points="770,1421 841,1421 841,1455 770,1455"/>
                    <pc:TextEquiv>
                        <pc:Unicode>mit</pc:Unicode>
                    </pc:TextEquiv>
                </pc:Word>
                <pc:Word id="w_w1aab1b3b4b9c17ac65" language="German">
                    <pc:Coords points="889,1422 964,1422 964,1458 889,1458"/>
                    <pc:TextEquiv>
                        <pc:Unicode>den</pc:Unicode>
                    </pc:TextEquiv>
                </pc:Word>
                <pc:TextEquiv>
                    <pc:Unicode>so auffallende Aehnlichkeit mit den</pc:Unicode>
                </pc:TextEquiv>
            </pc:TextLine>
            <pc:TextLine id="tl_20" primaryLanguage="English">
                <pc:Coords points="87,1480 964,1480 964,1537 87,1537"/>
                <pc:Baseline points="87,1526 964,1526"/>
                <pc:Word id="w_w1aab1b3b4b9c19ab1" language="English">
                    <pc:Coords points="87,1481 429,1481 429,1517 87,1517"/>
                    <pc:TextEquiv>
                        <pc:Unicode>wiederkauenden</pc:Unicode>
                    </pc:TextEquiv>
                </pc:Word>
                <pc:Word id="w_w1aab1b3b4b9c19ac31" language="English">
                    <pc:Coords points="458,1482 620,1482 620,1528 458,1528"/>
                    <pc:TextEquiv>
                        <pc:Unicode>Thieren</pc:Unicode>
                    </pc:TextEquiv>
                </pc:Word>
                <pc:Word id="w_w1aab1b3b4b9c19b1b1" language="German">
                    <pc:Coords points="649,1484 751,1484 751,1528 649,1528"/>
                    <pc:TextEquiv>
                        <pc:Unicode>jener</pc:Unicode>
                    </pc:TextEquiv>
                </pc:Word>
                <pc:Word id="w_w1aab1b3b4b9c19b2b1" language="English">
                    <pc:Coords points="777,1488 963,1488 963,1537 777,1537"/>
                    <pc:TextEquiv>
                        <pc:Unicode>Ordnung</pc:Unicode>
                    </pc:TextEquiv>
                </pc:Word>
                <pc:TextEquiv>
                    <pc:Unicode>wiederkauenden Thieren jener Ordnung</pc:Unicode>
                </pc:TextEquiv>
            </pc:TextLine>
            <pc:TextLine id="tl_21" primaryLanguage="German">
                <pc:Coords points="845,1554 959,1554 959,1602 845,1602"/>
                <pc:Baseline points="845,1604 959,1604"/>
                <pc:Word id="word_1476699289426_3" language="German">
                    <pc:Coords points="845,1555 901,1555 959,1564 959,1602 905,1602 845,1588"/>
                    <pc:TextEquiv>
                        <pc:Unicode>zeigt,</pc:Unicode>
                    </pc:TextEquiv>
                </pc:Word>
                <pc:TextEquiv>
                    <pc:Unicode>zeigt, </pc:Unicode>
                </pc:TextEquiv>
            </pc:TextLine>
            <pc:TextEquiv>
                <pc:Unicode>Besonders merkwürdig sind bey den
meisten pecoribus die an der Auſsenseite
der Oberkiefer neben den Nasenbeinen
befindlichen grubenförmigen Eindrücke
von den auſsen daran liegenden soge-
nannten sinibus sebaceis. — Beym Ha-
sen, der auch hierin, so wie in so vie-
len andern Stücken seines Baues, eine
so auffallende Aehnlichkeit mit den
wiederkauenden Thieren jener Ordnung
zeigt, </pc:Unicode>
            </pc:TextEquiv>
        </pc:TextRegion>
        <pc:TextRegion id="r_2_8" type="footnote" primaryLanguage="German" secondaryLanguage="Latin">
            <pc:Coords points="147,1661 956,1661 956,2046 147,2046"/>
            <pc:TextLine id="tl_22" primaryLanguage="German">
                <pc:Coords points="148,1662 955,1662 955,1711 148,1711"/>
                <pc:Baseline points="148,1704 955,1704"/>
                <pc:Word id="w_w1aab1b3b4c13b1ab1" language="German">
                    <pc:Coords points="148,1662 181,1662 181,1703 148,1703"/>
                    <pc:TextEquiv>
                        <pc:Unicode>*)</pc:Unicode>
                    </pc:TextEquiv>
                </pc:Word>
                <pc:Word id="w_w1aab1b3b4c13b1b1b1" language="English">
                    <pc:Coords points="205,1662 270,1662 270,1702 205,1702"/>
                    <pc:TextEquiv>
                        <pc:Unicode>Bey</pc:Unicode>
                    </pc:TextEquiv>
                </pc:Word>
                <pc:Word id="w_w1aab1b3b4c13b1b2b1" language="German">
                    <pc:Coords points="295,1665 472,1665 472,1702 295,1702"/>
                    <pc:TextEquiv>
                        <pc:Unicode>manchen,</pc:Unicode>
                    </pc:TextEquiv>
                </pc:Word>
                <pc:Word id="w_w1aab1b3b4c13b1b2c19" language="German">
                    <pc:Coords points="503,1666 567,1666 567,1698 503,1698"/>
                    <pc:TextEquiv>
                        <pc:Unicode>wie</pc:Unicode>
                    </pc:TextEquiv>
                </pc:Word>
                <pc:Word id="w_w1aab1b3b4c13b1b2c27" language="German">
                    <pc:Coords points="588,1678 617,1678 617,1700 588,1700"/>
                    <pc:TextEquiv>
                        <pc:Unicode>z.</pc:Unicode>
                    </pc:TextEquiv>
                </pc:Word>
                <pc:Word id="w_w1aab1b3b4c13b1b2c33" language="German">
                    <pc:Coords points="636,1669 674,1669 674,1702 636,1702"/>
                    <pc:TextEquiv>
                        <pc:Unicode>E.</pc:Unicode>
                    </pc:TextEquiv>
                </pc:Word>
                <pc:Word id="w_w1aab1b3b4c13b1b3b1" language="English">
                    <pc:Coords points="696,1670 793,1670 793,1710 696,1710"/>
                    <pc:TextEquiv>
                        <pc:Unicode>beym</pc:Unicode>
                    </pc:TextEquiv>
                </pc:Word>
                <pc:Word id="w_w1aab1b3b4c13b1b4b1" language="German">
                    <pc:Coords points="816,1670 955,1670 955,1710 816,1710"/>
                    <pc:TextEquiv>
                        <pc:Unicode>Löwen,</pc:Unicode>
                    </pc:TextEquiv>
                </pc:Word>
                <pc:TextEquiv>
                    <pc:Unicode>*) Bey manchen, wie z. E. beym Löwen,</pc:Unicode>
                </pc:TextEquiv>
            </pc:TextLine>
            <pc:TextLine id="tl_23" primaryLanguage="German">
                <pc:Coords points="199,1717 954,1717 954,1768 199,1768"/>
                <pc:Baseline points="199,1761 954,1761"/>
                <pc:Word id="w_w1aab1b3b4c13b3ab1" language="German">
                    <pc:Coords points="199,1718 273,1718 273,1747 199,1747"/>
                    <pc:TextEquiv>
                        <pc:Unicode>sind</pc:Unicode>
                    </pc:TextEquiv>
                </pc:Word>
                <pc:Word id="w_w1aab1b3b4c13b3ac11" language="German">
                    <pc:Coords points="304,1719 357,1719 357,1748 304,1748"/>
                    <pc:TextEquiv>
                        <pc:Unicode>die</pc:Unicode>
                    </pc:TextEquiv>
                </pc:Word>
                <pc:Word id="w_w1aab1b3b4c13b3ac19" language="German">
                    <pc:Coords points="389,1722 558,1722 558,1763 389,1763"/>
                    <pc:TextEquiv>
                        <pc:Unicode>Ausgänge</pc:Unicode>
                    </pc:TextEquiv>
                </pc:Word>
                <pc:Word id="w_w1aab1b3b4c13b3ac37" language="German">
                    <pc:Coords points="583,1725 689,1725 689,1754 583,1754"/>
                    <pc:TextEquiv>
                        <pc:Unicode>dieser</pc:Unicode>
                    </pc:TextEquiv>
                </pc:Word>
                <pc:Word id="w_w1aab1b3b4c13b3ac51" language="German">
                    <pc:Coords points="712,1726 840,1726 840,1767 712,1767"/>
                    <pc:TextEquiv>
                        <pc:Unicode>groſsen</pc:Unicode>
                    </pc:TextEquiv>
                </pc:Word>
                <pc:Word id="w_w1aab1b3b4c13b3ac67" language="German">
                    <pc:Coords points="867,1729 954,1729 954,1758 867,1758"/>
                    <pc:TextEquiv>
                        <pc:Unicode>Oeff-</pc:Unicode>
                    </pc:TextEquiv>
                </pc:Word>
                <pc:TextEquiv>
                    <pc:Unicode>sind die Ausgänge dieser groſsen Oeff-</pc:Unicode>
                </pc:TextEquiv>
            </pc:TextLine>
            <pc:TextLine id="tl_24" primaryLanguage="German">
                <pc:Coords points="197,1776 953,1776 953,1822 197,1822"/>
                <pc:Baseline points="197,1816 953,1816"/>
                <pc:Word id="w_w1aab1b3b4c13b5ab1" language="German">
                    <pc:Coords points="198,1783 332,1783 332,1814 198,1814"/>
                    <pc:TextEquiv>
                        <pc:Unicode>nungen</pc:Unicode>
                    </pc:TextEquiv>
                </pc:Word>
                <pc:Word id="w_w1aab1b3b4c13b5ac15" language="German">
                    <pc:Coords points="355,1785 406,1785 406,1806 355,1806"/>
                    <pc:TextEquiv>
                        <pc:Unicode>am</pc:Unicode>
                    </pc:TextEquiv>
                </pc:Word>
                <pc:Word id="w_w1aab1b3b4c13b5ac21" language="German">
                    <pc:Coords points="426,1778 569,1778 569,1808 426,1808"/>
                    <pc:TextEquiv>
                        <pc:Unicode>Gaumen</pc:Unicode>
                    </pc:TextEquiv>
                </pc:Word>
                <pc:Word id="w_w1aab1b3b4c13b5ac35" language="German">
                    <pc:Coords points="592,1782 686,1782 686,1819 592,1819"/>
                    <pc:TextEquiv>
                        <pc:Unicode>sogar</pc:Unicode>
                    </pc:TextEquiv>
                </pc:Word>
                <pc:Word id="w_w1aab1b3b4c13b5b1b1" language="English">
                    <pc:Coords points="702,1783 796,1783 796,1821 702,1821"/>
                    <pc:TextEquiv>
                        <pc:Unicode>beym</pc:Unicode>
                    </pc:TextEquiv>
                </pc:Word>
                <pc:Word id="w_w1aab1b3b4c13b5b2b1" language="German">
                    <pc:Coords points="815,1783 953,1783 953,1815 815,1815"/>
                    <pc:TextEquiv>
                        <pc:Unicode>lebendi-</pc:Unicode>
                    </pc:TextEquiv>
                </pc:Word>
                <pc:TextEquiv>
                    <pc:Unicode>nungen am Gaumen sogar beym lebendi-</pc:Unicode>
                </pc:TextEquiv>
            </pc:TextLine>
            <pc:TextLine id="tl_25" primaryLanguage="German">
                <pc:Coords points="196,1829 950,1829 950,1876 196,1876"/>
                <pc:Baseline points="196,1872 950,1872"/>
                <pc:Word id="w_w1aab1b3b4c13b7ab1" language="German">
                    <pc:Coords points="196,1838 258,1838 258,1866 196,1866"/>
                    <pc:TextEquiv>
                        <pc:Unicode>gen</pc:Unicode>
                    </pc:TextEquiv>
                </pc:Word>
                <pc:Word id="w_w1aab1b3b4c13b7b2b1" language="English">
                    <pc:Coords points="282,1830 403,1830 403,1863 282,1863"/>
                    <pc:TextEquiv>
                        <pc:Unicode>Thiere</pc:Unicode>
                    </pc:TextEquiv>
                </pc:Word>
                <pc:Word id="w_w1aab1b3b4c13b7b3b1" language="German">
                    <pc:Coords points="431,1834 505,1834 505,1863 431,1863"/>
                    <pc:TextEquiv>
                        <pc:Unicode>sehr</pc:Unicode>
                    </pc:TextEquiv>
                </pc:Word>
                <pc:Word id="w_w1aab1b3b4c13b7b3c11" language="German">
                    <pc:Coords points="534,1835 693,1835 693,1866 534,1866"/>
                    <pc:TextEquiv>
                        <pc:Unicode>sichtlich.</pc:Unicode>
                    </pc:TextEquiv>
                </pc:Word>
                <pc:Word id="w_w1aab1b3b4c13b7b3c33" language="German">
                    <pc:Coords points="719,1854 760,1854 760,1861 719,1861"/>
                    <pc:TextEquiv>
                        <pc:Unicode>—</pc:Unicode>
                    </pc:TextEquiv>
                </pc:Word>
                <pc:Word id="w_w1aab1b3b4c13b7b3c37" language="German">
                    <pc:Coords points="795,1849 821,1849 821,1870 795,1870"/>
                    <pc:TextEquiv>
                        <pc:Unicode>s.</pc:Unicode>
                    </pc:TextEquiv>
                </pc:Word>
                <pc:Word id="w_w1aab1b3b4c13b7b3c43" language="German">
                    <pc:Coords points="838,1840 877,1840 877,1876 838,1876"/>
                    <pc:TextEquiv>
                        <pc:Unicode>J.</pc:Unicode>
                    </pc:TextEquiv>
                </pc:Word>
                <pc:Word id="w_w1aab1b3b4c13b7b4b1" language="German">
                    <pc:Coords points="889,1841 950,1841 950,1872 889,1872"/>
                    <pc:TextEquiv>
                        <pc:Unicode>EL.</pc:Unicode>
                    </pc:TextEquiv>
                </pc:Word>
                <pc:TextEquiv>
                    <pc:Unicode>gen Thiere sehr sichtlich. — s. J. EL.</pc:Unicode>
                </pc:TextEquiv>
            </pc:TextLine>
            <pc:TextLine id="tl_26" primaryLanguage="German">
                <pc:Coords points="196,1884 951,1884 951,1933 196,1933"/>
                <pc:Baseline points="196,1928 951,1928"/>
                <pc:Word id="w_w1aab1b3b4c13b9ab1" language="German">
                    <pc:Coords points="196,1884 402,1884 402,1918 196,1918"/>
                    <pc:TextEquiv>
                        <pc:Unicode>RIDINGER’S</pc:Unicode>
                    </pc:TextEquiv>
                </pc:Word>
                <pc:Word id="w_w1aab1b3b4c13b9b1b3" language="German">
                    <pc:Coords points="437,1890 622,1890 622,1931 437,1931"/>
                    <pc:TextEquiv>
                        <pc:Unicode>Abbildung</pc:Unicode>
                    </pc:TextEquiv>
                </pc:Word>
                <pc:Word id="w_w1aab1b3b4c13b9b1c23" language="German">
                    <pc:Coords points="649,1892 705,1892 705,1923 649,1923"/>
                    <pc:TextEquiv>
                        <pc:Unicode>des</pc:Unicode>
                    </pc:TextEquiv>
                </pc:Word>
                <pc:Word id="w_w1aab1b3b4c13b9b1c31" language="German">
                    <pc:Coords points="729,1894 862,1894 862,1925 729,1925"/>
                    <pc:TextEquiv>
                        <pc:Unicode>zahmen</pc:Unicode>
                    </pc:TextEquiv>
                </pc:Word>
                <pc:Word id="w_w1aab1b3b4c13b9b1c45" language="German">
                    <pc:Coords points="889,1897 951,1897 951,1926 889,1926"/>
                    <pc:TextEquiv>
                        <pc:Unicode>Lö-</pc:Unicode>
                    </pc:TextEquiv>
                </pc:Word>
                <pc:TextEquiv>
                    <pc:Unicode>RIDINGER’S Abbildung des zahmen Lö-</pc:Unicode>
                </pc:TextEquiv>
            </pc:TextLine>
            <pc:TextLine id="tl_27" primaryLanguage="German">
                <pc:Coords points="195,1943 950,1943 950,1984 195,1984"/>
                <pc:Baseline points="195,1985 950,1985"/>
                <pc:Word id="w_w1aab1b3b4c13c11ab1" language="German">
                    <pc:Coords points="195,1951 289,1951 289,1976 195,1976"/>
                    <pc:TextEquiv>
                        <pc:Unicode>wen,</pc:Unicode>
                    </pc:TextEquiv>
                </pc:Word>
                <pc:Word id="w_w1aab1b3b4c13c11ac11" language="German">
                    <pc:Coords points="313,1944 371,1944 371,1974 313,1974"/>
                    <pc:TextEquiv>
                        <pc:Unicode>der</pc:Unicode>
                    </pc:TextEquiv>
                </pc:Word>
                <pc:Word id="w_w1aab1b3b4c13c11ac19" language="German">
                    <pc:Coords points="385,1947 475,1947 475,1981 385,1981"/>
                    <pc:TextEquiv>
                        <pc:Unicode>1760.</pc:Unicode>
                    </pc:TextEquiv>
                </pc:Word>
                <pc:Word id="w_w1aab1b3b4c13c11ac31" language="German">
                    <pc:Coords points="498,1947 534,1947 534,1976 498,1976"/>
                    <pc:TextEquiv>
                        <pc:Unicode>in</pc:Unicode>
                    </pc:TextEquiv>
                </pc:Word>
                <pc:Word id="w_w1aab1b3b4c13c11ac37" language="German">
                    <pc:Coords points="556,1948 780,1948 780,1980 556,1980"/>
                    <pc:TextEquiv>
                        <pc:Unicode>Deutschland</pc:Unicode>
                    </pc:TextEquiv>
                </pc:Word>
                <pc:Word id="w_w1aab1b3b4c13c11ac61" language="German">
                    <pc:Coords points="794,1960 835,1960 835,1983 794,1983"/>
                    <pc:TextEquiv>
                        <pc:Unicode>zu</pc:Unicode>
                    </pc:TextEquiv>
                </pc:Word>
                <pc:Word id="w_w1aab1b3b4c13c11b1b1" language="English">
                    <pc:Coords points="846,1951 949,1951 949,1982 846,1982"/>
                    <pc:TextEquiv>
                        <pc:Unicode>sehen</pc:Unicode>
                    </pc:TextEquiv>
                </pc:Word>
                <pc:TextEquiv>
                    <pc:Unicode>wen, der 1760. in Deutschland zu sehen</pc:Unicode>
                </pc:TextEquiv>
            </pc:TextLine>
            <pc:TextLine id="tl_28" primaryLanguage="German">
                <pc:Coords points="194,2001 775,2001 775,2045 194,2045"/>
                <pc:Baseline points="194,2041 775,2041"/>
                <pc:Word id="w_w1aab1b3b4c13c13ab1" language="German">
                    <pc:Coords points="194,2009 356,2009 356,2040 194,2040"/>
                    <pc:TextEquiv>
                        <pc:Unicode>gewesen,</pc:Unicode>
                    </pc:TextEquiv>
                </pc:Word>
                <pc:Word id="w_w1aab1b3b4c13c13ac19" language="German">
                    <pc:Coords points="379,2011 428,2011 428,2043 379,2043"/>
                    <pc:TextEquiv>
                        <pc:Unicode>gr.</pc:Unicode>
                    </pc:TextEquiv>
                </pc:Word>
                <pc:Word id="w_w1aab1b3b4c13c13ac27" language="German">
                    <pc:Coords points="443,2003 511,2003 511,2034 443,2034"/>
                    <pc:TextEquiv>
                        <pc:Unicode>Fol.</pc:Unicode>
                    </pc:TextEquiv>
                </pc:Word>
                <pc:TextEquiv>
                    <pc:Unicode>gewesen, gr. Fol.</pc:Unicode>
                </pc:TextEquiv>
            </pc:TextLine>
            <pc:TextEquiv>
                <pc:Unicode>*) Bey manchen, wie z. E. beym Löwen,
sind die Ausgänge dieser groſsen Oeff-
nungen am Gaumen sogar beym lebendi-
gen Thiere sehr sichtlich. — s. J. EL.
RIDINGER’S Abbildung des zahmen Lö-
wen, der 1760. in Deutschland zu sehen
gewesen, gr. Fol.</pc:Unicode>
            </pc:TextEquiv>
        </pc:TextRegion>
    </pc:Page>
</pc:PcGts>
