<?xml version="1.0" encoding="UTF-8"?>
<pc:PcGts xmlns:pc="http://schema.primaresearch.org/PAGE/gts/pagecontent/2019-07-15" xmlns:xsi="http://www.w3.org/2001/XMLSchema-instance" xsi:schemaLocation="http://schema.primaresearch.org/PAGE/gts/pagecontent/2019-07-15 http://schema.primaresearch.org/PAGE/gts/pagecontent/2019-07-15/pagecontent.xsd" pcGtsId="OCR-D-OCR_0007">
    <pc:Metadata>
        <pc:Creator>OCR-D/core 2.30.0</pc:Creator>
        <pc:Created>2022-11-21T13:08:03.463924</pc:Created>
        <pc:LastChange>2022-11-21T13:08:03.463924</pc:LastChange>
        <pc:MetadataItem type="processingStep" name="layout/segmentation/region" value="ocrd-tesserocr-recognize">
            <pc:Labels externalModel="ocrd-tool" externalId="parameters">
                <pc:Label value="region" type="segmentation_level"/>
                <pc:Label value="word" type="textequiv_level"/>
                <pc:Label value="True" type="find_tables"/>
                <pc:Label value="Fraktur_GT4HistOCR" type="model"/>
                <pc:Label value="0" type="dpi"/>
                <pc:Label value="0" type="padding"/>
                <pc:Label value="False" type="overwrite_segments"/>
                <pc:Label value="True" type="overwrite_text"/>
                <pc:Label value="False" type="shrink_polygons"/>
                <pc:Label value="False" type="block_polygons"/>
                <pc:Label value="False" type="find_staves"/>
                <pc:Label value="False" type="sparse_text"/>
                <pc:Label value="False" type="raw_lines"/>
                <pc:Label value="" type="char_whitelist"/>
                <pc:Label value="" type="char_blacklist"/>
                <pc:Label value="" type="char_unblacklist"/>
                <pc:Label value="{}" type="tesseract_parameters"/>
                <pc:Label value="{}" type="xpath_parameters"/>
                <pc:Label value="{}" type="xpath_model"/>
                <pc:Label value="False" type="auto_model"/>
                <pc:Label value="DEFAULT" type="oem"/>
            </pc:Labels>
            <pc:Labels externalModel="ocrd-tool" externalId="version">
                <pc:Label value="0.13.6 (tesseract 5.0.1)" type="ocrd-tesserocr-recognize"/>
                <pc:Label value="2.30.0" type="ocrd/core"/>
            </pc:Labels>
        </pc:MetadataItem>
    </pc:Metadata>
    <pc:Page imageFilename="OCR-D-IMG/OCR-D-IMG_0007.tif" imageWidth="1623" imageHeight="2304">
        <pc:AlternativeImage filename="OCR-D-OCR/OCR-D-OCR_0007.IMG-BIN.png" comments=",binarized,clipped"/>
        <pc:ReadingOrder>
            <pc:OrderedGroup id="reading-order">
                <pc:RegionRefIndexed index="0" regionRef="region0000"/>
                <pc:RegionRefIndexed index="1" regionRef="region0001"/>
                <pc:RegionRefIndexed index="3" regionRef="region0003"/>
                <pc:RegionRefIndexed index="4" regionRef="region0004"/>
                <pc:OrderedGroupIndexed id="region0005_order" regionRef="region0005" index="5">
                    <pc:RegionRefIndexed index="0" regionRef="region0005_cell0000"/>
                </pc:OrderedGroupIndexed>
                <pc:RegionRefIndexed index="6" regionRef="region0006"/>
                <pc:RegionRefIndexed index="7" regionRef="region0007"/>
                <pc:RegionRefIndexed index="8" regionRef="region0008"/>
            </pc:OrderedGroup>
        </pc:ReadingOrder>
        <pc:TextRegion id="region0001" orientation="-0.542126041606508" readingDirection="left-to-right" textLineOrder="top-to-bottom">
            <pc:Coords points="136,204 1300,204 1300,1255 136,1255"/>
            <pc:TextLine id="region0001_line0000">
                <pc:Coords points="189,204 1251,204 1251,272 189,272"/>
                <pc:Word id="region0001_line0000_word0000">
                    <pc:Coords points="189,204 371,204 371,261 189,261"/>
                    <pc:TextEquiv conf="0.280462341308594">
                        <pc:Unicode>Eblacher</pc:Unicode>
                    </pc:TextEquiv>
                </pc:Word>
                <pc:Word id="region0001_line0000_word0001">
                    <pc:Coords points="380,209 555,209 555,268 380,268"/>
                    <pc:TextEquiv conf="0.918305130004883">
                        <pc:Unicode>ſollicher</pc:Unicode>
                    </pc:TextEquiv>
                </pc:Word>
                <pc:Word id="region0001_line0000_word0002">
                    <pc:Coords points="565,211 684,211 684,269 565,269"/>
                    <pc:TextEquiv conf="0.919953994750977">
                        <pc:Unicode>künſt</pc:Unicode>
                    </pc:TextEquiv>
                </pc:Word>
                <pc:Word id="region0001_line0000_word0003">
                    <pc:Coords points="687,213 775,213 775,254 687,254"/>
                    <pc:TextEquiv conf="0.916184158325195">
                        <pc:Unicode>vnd</pc:Unicode>
                    </pc:TextEquiv>
                </pc:Word>
                <pc:Word id="region0001_line0000_word0004">
                    <pc:Coords points="785,212 939,212 939,269 785,269"/>
                    <pc:TextEquiv conf="0.909406433105469">
                        <pc:Unicode>artzney</pc:Unicode>
                    </pc:TextEquiv>
                </pc:Word>
                <pc:Word id="region0001_line0000_word0005">
                    <pc:Coords points="1063,204 945,204 945,272 1063,272"/>
                    <pc:TextEquiv conf="0.909729080200195">
                        <pc:Unicode>deſter</pc:Unicode>
                    </pc:TextEquiv>
                </pc:Word>
                <pc:Word id="region0001_line0000_word0006">
                    <pc:Coords points="1195,204 1082,204 1082,272 1195,272"/>
                    <pc:TextEquiv conf="0.757564468383789">
                        <pc:Unicode>belder</pc:Unicode>
                    </pc:TextEquiv>
                </pc:Word>
                <pc:Word id="region0001_line0000_word0007">
                    <pc:Coords points="1251,204 1213,204 1213,272 1251,272"/>
                    <pc:TextEquiv conf="0.757564468383789">
                        <pc:Unicode>be</pc:Unicode>
                    </pc:TextEquiv>
                </pc:Word>
                <pc:TextEquiv conf="0.796146259307861">
                    <pc:Unicode>Eblacher ſollicher künſt vnd artzney deſter belder be</pc:Unicode>
                </pc:TextEquiv>
            </pc:TextLine>
            <pc:TextLine id="region0001_line0001">
                <pc:Coords points="228,260 1300,260 1300,327 228,327"/>
                <pc:Word id="region0001_line0001_word0000">
                    <pc:Coords points="228,260 323,260 323,318 228,318"/>
                    <pc:TextEquiv conf="0.929205169677734">
                        <pc:Unicode>richt</pc:Unicode>
                    </pc:TextEquiv>
                </pc:Word>
                <pc:Word id="region0001_line0001_word0001">
                    <pc:Coords points="328,273 439,273 439,322 328,322"/>
                    <pc:TextEquiv conf="0.927918319702148">
                        <pc:Unicode>werd</pc:Unicode>
                    </pc:TextEquiv>
                </pc:Word>
                <pc:Word id="region0001_line0001_word0002">
                    <pc:Coords points="450,272 493,272 493,325 450,325"/>
                    <pc:TextEquiv conf="0.920204849243164">
                        <pc:Unicode>ſo</pc:Unicode>
                    </pc:TextEquiv>
                </pc:Word>
                <pc:Word id="region0001_line0001_word0003">
                    <pc:Coords points="523,267 628,267 628,320 523,320"/>
                    <pc:TextEquiv conf="0.918430480957031">
                        <pc:Unicode>merck</pc:Unicode>
                    </pc:TextEquiv>
                </pc:Word>
                <pc:Word id="region0001_line0001_word0004">
                    <pc:Coords points="785,260 651,260 651,327 785,327"/>
                    <pc:TextEquiv conf="0.917692031860352">
                        <pc:Unicode>ordnũg</pc:Unicode>
                    </pc:TextEquiv>
                </pc:Word>
                <pc:Word id="region0001_line0001_word0005">
                    <pc:Coords points="805,267 833,267 833,313 805,313"/>
                    <pc:TextEquiv conf="0.917940826416016">
                        <pc:Unicode>ð</pc:Unicode>
                    </pc:TextEquiv>
                </pc:Word>
                <pc:Word id="region0001_line0001_word0006">
                    <pc:Coords points="842,271 935,271 935,326 842,326"/>
                    <pc:TextEquiv conf="0.14791259765625">
                        <pc:Unicode>titel</pc:Unicode>
                    </pc:TextEquiv>
                </pc:Word>
                <pc:Word id="region0001_line0001_word0007">
                    <pc:Coords points="944,275 1006,275 1006,325 944,325"/>
                    <pc:TextEquiv conf="0.904515151977539">
                        <pc:Unicode>vñ</pc:Unicode>
                    </pc:TextEquiv>
                </pc:Word>
                <pc:Word id="region0001_line0001_word0008">
                    <pc:Coords points="1012,271 1086,271 1086,327 1012,327"/>
                    <pc:TextEquiv conf="0.927293701171875">
                        <pc:Unicode>des</pc:Unicode>
                    </pc:TextEquiv>
                </pc:Word>
                <pc:Word id="region0001_line0001_word0009">
                    <pc:Coords points="1096,267 1300,267 1300,325 1096,325"/>
                    <pc:TextEquiv conf="0.156304321289062">
                        <pc:Unicode>A.b.c.</pc:Unicode>
                    </pc:TextEquiv>
                </pc:Word>
                <pc:TextEquiv conf="0.766741744995117">
                    <pc:Unicode>richt werd ſo merck ordnũg ð titel vñ des A.b.c.</pc:Unicode>
                </pc:TextEquiv>
            </pc:TextLine>
            <pc:TextLine id="region0001_line0002">
                <pc:Coords points="233,321 1281,321 1281,376 233,376"/>
                <pc:Word id="region0001_line0002_word0000">
                    <pc:Coords points="233,336 309,336 309,347 233,347"/>
                    <pc:TextEquiv conf="0.617986831665039">
                        <pc:Unicode>—</pc:Unicode>
                    </pc:TextEquiv>
                </pc:Word>
                <pc:Word id="region0001_line0002_word0001">
                    <pc:Coords points="439,321 888,321 888,376 439,376"/>
                    <pc:TextEquiv conf="0.209135513305664">
                        <pc:Unicode>Abrotanum.</pc:Unicode>
                    </pc:TextEquiv>
                </pc:Word>
                <pc:TextEquiv conf="0.413561172485352">
                    <pc:Unicode>— Abrotanum.</pc:Unicode>
                </pc:TextEquiv>
            </pc:TextLine>
            <pc:TextLine id="region0001_line0003">
                <pc:Coords points="305,378 1153,378 1153,438 305,438"/>
                <pc:Word id="region0001_line0003_word0000">
                    <pc:Coords points="305,415 362,415 362,423 305,423"/>
                    <pc:TextEquiv conf="0.530011825561523">
                        <pc:Unicode>—</pc:Unicode>
                    </pc:TextEquiv>
                </pc:Word>
                <pc:Word id="region0001_line0003_word0001">
                    <pc:Coords points="572,378 465,378 465,438 572,438"/>
                    <pc:TextEquiv conf="0.619376792907715">
                        <pc:Unicode>Alſo</pc:Unicode>
                    </pc:TextEquiv>
                </pc:Word>
                <pc:Word id="region0001_line0003_word0002">
                    <pc:Coords points="703,378 597,378 597,438 703,438"/>
                    <pc:TextEquiv conf="0.898434600830078">
                        <pc:Unicode>ſoltu</pc:Unicode>
                    </pc:TextEquiv>
                </pc:Word>
                <pc:Word id="region0001_line0003_word0003">
                    <pc:Coords points="801,378 733,378 733,438 801,438"/>
                    <pc:TextEquiv conf="0.919263763427734">
                        <pc:Unicode>den</pc:Unicode>
                    </pc:TextEquiv>
                </pc:Word>
                <pc:Word id="region0001_line0003_word0004">
                    <pc:Coords points="795,385 914,385 914,429 795,429"/>
                    <pc:TextEquiv conf="0.923204650878906">
                        <pc:Unicode>magẽ</pc:Unicode>
                    </pc:TextEquiv>
                </pc:Word>
                <pc:Word id="region0001_line0003_word0005">
                    <pc:Coords points="922,394 1153,394 1153,438 922,438"/>
                    <pc:TextEquiv conf="0.641415405273438">
                        <pc:Unicode>erwermen</pc:Unicode>
                    </pc:TextEquiv>
                </pc:Word>
                <pc:TextEquiv conf="0.755284506479899">
                    <pc:Unicode>— Alſo ſoltu den magẽ erwermen</pc:Unicode>
                </pc:TextEquiv>
            </pc:TextLine>
            <pc:TextLine id="region0001_line0004">
                <pc:Coords points="220,426 1252,426 1252,494 220,494"/>
                <pc:Word id="region0001_line0004_word0000">
                    <pc:Coords points="220,426 446,426 446,483 220,483"/>
                    <pc:TextEquiv conf="0.792839965820312">
                        <pc:Unicode>Abrotanũ</pc:Unicode>
                    </pc:TextEquiv>
                </pc:Word>
                <pc:Word id="region0001_line0004_word0001">
                    <pc:Coords points="468,437 508,437 508,487 468,487"/>
                    <pc:TextEquiv conf="0.348231811523438">
                        <pc:Unicode>dʒ</pc:Unicode>
                    </pc:TextEquiv>
                </pc:Word>
                <pc:Word id="region0001_line0004_word0002">
                    <pc:Coords points="517,438 565,438 565,494 517,494"/>
                    <pc:TextEquiv conf="0.662009124755859">
                        <pc:Unicode>iſt</pc:Unicode>
                    </pc:TextEquiv>
                </pc:Word>
                <pc:Word id="region0001_line0004_word0003">
                    <pc:Coords points="568,435 761,435 761,494 568,494"/>
                    <pc:TextEquiv conf="0.844481048583984">
                        <pc:Unicode>ſtabwurtz</pc:Unicode>
                    </pc:TextEquiv>
                </pc:Word>
                <pc:Word id="region0001_line0004_word0004">
                    <pc:Coords points="768,434 854,434 854,486 768,486"/>
                    <pc:TextEquiv conf="0.927863388061523">
                        <pc:Unicode>mit</pc:Unicode>
                    </pc:TextEquiv>
                </pc:Word>
                <pc:Word id="region0001_line0004_word0005">
                    <pc:Coords points="859,438 1036,438 1036,481 859,481"/>
                    <pc:TextEquiv conf="0.926315841674805">
                        <pc:Unicode>wein</pc:Unicode>
                    </pc:TextEquiv>
                </pc:Word>
                <pc:Word id="region0001_line0004_word0006">
                    <pc:Coords points="1017,428 976,428 976,494 1017,494"/>
                    <pc:TextEquiv conf="0.898737716674805">
                        <pc:Unicode>vñ</pc:Unicode>
                    </pc:TextEquiv>
                </pc:Word>
                <pc:Word id="region0001_line0004_word0007">
                    <pc:Coords points="1040,438 1169,438 1169,487 1040,487"/>
                    <pc:TextEquiv conf="0.875855407714844">
                        <pc:Unicode>zucker</pc:Unicode>
                    </pc:TextEquiv>
                </pc:Word>
                <pc:Word id="region0001_line0004_word0008">
                    <pc:Coords points="1181,446 1252,446 1252,491 1181,491"/>
                    <pc:TextEquiv conf="0.878679885864258">
                        <pc:Unicode>ge⸗</pc:Unicode>
                    </pc:TextEquiv>
                </pc:Word>
                <pc:TextEquiv conf="0.795001576741536">
                    <pc:Unicode>Abrotanũ dʒ iſt ſtabwurtz mit wein vñ zucker ge⸗</pc:Unicode>
                </pc:TextEquiv>
            </pc:TextLine>
            <pc:TextLine id="region0001_line0005">
                <pc:Coords points="227,485 1247,485 1247,544 227,544"/>
                <pc:Word id="region0001_line0005_word0000">
                    <pc:Coords points="227,490 387,490 387,543 227,543"/>
                    <pc:TextEquiv conf="0.488338623046875">
                        <pc:Unicode>ſottẽvñ</pc:Unicode>
                    </pc:TextEquiv>
                </pc:Word>
                <pc:Word id="region0001_line0005_word0001">
                    <pc:Coords points="395,491 606,491 606,542 395,542"/>
                    <pc:TextEquiv conf="0.911855773925781">
                        <pc:Unicode>getrunckẽ</pc:Unicode>
                    </pc:TextEquiv>
                </pc:Word>
                <pc:Word id="region0001_line0005_word0002">
                    <pc:Coords points="616,485 758,485 758,540 616,540"/>
                    <pc:TextEquiv conf="0.926140823364258">
                        <pc:Unicode>macht</pc:Unicode>
                    </pc:TextEquiv>
                </pc:Word>
                <pc:Word id="region0001_line0005_word0003">
                    <pc:Coords points="774,490 834,490 834,540 774,540"/>
                    <pc:TextEquiv conf="0.926140823364258">
                        <pc:Unicode>ein</pc:Unicode>
                    </pc:TextEquiv>
                </pc:Word>
                <pc:Word id="region0001_line0005_word0004">
                    <pc:Coords points="988,485 869,485 869,544 988,544"/>
                    <pc:TextEquiv conf="0.916309280395508">
                        <pc:Unicode>warmẽ</pc:Unicode>
                    </pc:TextEquiv>
                </pc:Word>
                <pc:Word id="region0001_line0005_word0005">
                    <pc:Coords points="1106,485 1011,485 1011,544 1106,544"/>
                    <pc:TextEquiv conf="0.628383865356445">
                        <pc:Unicode>magẽ</pc:Unicode>
                    </pc:TextEquiv>
                </pc:Word>
                <pc:Word id="region0001_line0005_word0006">
                    <pc:Coords points="1188,485 1125,485 1125,544 1188,544"/>
                    <pc:TextEquiv conf="0.915876770019531">
                        <pc:Unicode>der</pc:Unicode>
                    </pc:TextEquiv>
                </pc:Word>
                <pc:Word id="region0001_line0005_word0007">
                    <pc:Coords points="1207,491 1247,491 1247,544 1207,544"/>
                    <pc:TextEquiv conf="0.915876770019531">
                        <pc:Unicode>er</pc:Unicode>
                    </pc:TextEquiv>
                </pc:Word>
                <pc:TextEquiv conf="0.828615341186524">
                    <pc:Unicode>ſottẽvñ getrunckẽ macht ein warmẽ magẽ der er</pc:Unicode>
                </pc:TextEquiv>
            </pc:TextLine>
            <pc:TextLine id="region0001_line0006">
                <pc:Coords points="227,542 1251,542 1251,604 227,604"/>
                <pc:Word id="region0001_line0006_word0000">
                    <pc:Coords points="227,542 320,542 320,588 227,588"/>
                    <pc:TextEquiv conf="0.924599304199219">
                        <pc:Unicode>kalt</pc:Unicode>
                    </pc:TextEquiv>
                </pc:Word>
                <pc:Word id="region0001_line0006_word0001">
                    <pc:Coords points="388,542 329,542 329,604 388,604"/>
                    <pc:TextEquiv conf="0.927141799926758">
                        <pc:Unicode>iſt</pc:Unicode>
                    </pc:TextEquiv>
                </pc:Word>
                <pc:Word id="region0001_line0006_word0002">
                    <pc:Coords points="404,559 468,559 468,593 404,593"/>
                    <pc:TextEquiv conf="0.921014862060547">
                        <pc:Unicode>von</pc:Unicode>
                    </pc:TextEquiv>
                </pc:Word>
                <pc:Word id="region0001_line0006_word0003">
                    <pc:Coords points="477,548 525,548 525,597 477,597"/>
                    <pc:TextEquiv conf="0.862507629394531">
                        <pc:Unicode>dẽ</pc:Unicode>
                    </pc:TextEquiv>
                </pc:Word>
                <pc:Word id="region0001_line0006_word0004">
                    <pc:Coords points="536,546 711,546 711,603 536,603"/>
                    <pc:TextEquiv conf="0.899367599487305">
                        <pc:Unicode>ſchleim:</pc:Unicode>
                    </pc:TextEquiv>
                </pc:Word>
                <pc:Word id="region0001_line0006_word0005">
                    <pc:Coords points="721,544 824,544 824,602 721,602"/>
                    <pc:TextEquiv conf="0.911567916870117">
                        <pc:Unicode>auch</pc:Unicode>
                    </pc:TextEquiv>
                </pc:Word>
                <pc:Word id="region0001_line0006_word0006">
                    <pc:Coords points="831,543 976,543 976,604 831,604"/>
                    <pc:TextEquiv conf="0.923361053466797">
                        <pc:Unicode>ſeübert</pc:Unicode>
                    </pc:TextEquiv>
                </pc:Word>
                <pc:Word id="region0001_line0006_word0007">
                    <pc:Coords points="1036,542 995,542 995,604 1036,604"/>
                    <pc:TextEquiv conf="0.927471542358398">
                        <pc:Unicode>es</pc:Unicode>
                    </pc:TextEquiv>
                </pc:Word>
                <pc:Word id="region0001_line0006_word0008">
                    <pc:Coords points="1031,544 1111,544 1111,594 1031,594"/>
                    <pc:TextEquiv conf="0.930061187744141">
                        <pc:Unicode>den</pc:Unicode>
                    </pc:TextEquiv>
                </pc:Word>
                <pc:Word id="region0001_line0006_word0009">
                    <pc:Coords points="1191,542 1132,542 1132,604 1191,604"/>
                    <pc:TextEquiv conf="0.926984710693359">
                        <pc:Unicode>fra</pc:Unicode>
                    </pc:TextEquiv>
                </pc:Word>
                <pc:Word id="region0001_line0006_word0010">
                    <pc:Coords points="1208,554 1251,554 1251,590 1208,590"/>
                    <pc:TextEquiv conf="0.889677886962891">
                        <pc:Unicode>wẽ</pc:Unicode>
                    </pc:TextEquiv>
                </pc:Word>
                <pc:TextEquiv conf="0.913068681196733">
                    <pc:Unicode>kalt iſt von dẽ ſchleim: auch ſeübert es den fra wẽ</pc:Unicode>
                </pc:TextEquiv>
            </pc:TextLine>
            <pc:TextLine id="region0001_line0007">
                <pc:Coords points="224,599 1247,599 1247,658 224,658"/>
                <pc:Word id="region0001_line0007_word0000">
                    <pc:Coords points="224,603 307,603 307,655 224,655"/>
                    <pc:TextEquiv conf="0.921026306152344">
                        <pc:Unicode>jren</pc:Unicode>
                    </pc:TextEquiv>
                </pc:Word>
                <pc:Word id="region0001_line0007_word0001">
                    <pc:Coords points="315,600 435,600 435,657 315,657"/>
                    <pc:TextEquiv conf="0.776127700805664">
                        <pc:Unicode>fluſs.</pc:Unicode>
                    </pc:TextEquiv>
                </pc:Word>
                <pc:Word id="region0001_line0007_word0002">
                    <pc:Coords points="461,607 501,607 501,649 461,649"/>
                    <pc:TextEquiv conf="0.895386505126953">
                        <pc:Unicode>vñ</pc:Unicode>
                    </pc:TextEquiv>
                </pc:Word>
                <pc:Word id="region0001_line0007_word0003">
                    <pc:Coords points="505,599 719,599 719,658 505,658"/>
                    <pc:TextEquiv conf="0.842464065551758">
                        <pc:Unicode>ſtabwurtz</pc:Unicode>
                    </pc:TextEquiv>
                </pc:Word>
                <pc:Word id="region0001_line0007_word0004">
                    <pc:Coords points="726,606 802,606 802,647 726,647"/>
                    <pc:TextEquiv conf="0.913851470947266">
                        <pc:Unicode>mit</pc:Unicode>
                    </pc:TextEquiv>
                </pc:Word>
                <pc:Word id="region0001_line0007_word0005">
                    <pc:Coords points="910,599 828,599 828,658 910,658"/>
                    <pc:TextEquiv conf="0.925953826904297">
                        <pc:Unicode>wein</pc:Unicode>
                    </pc:TextEquiv>
                </pc:Word>
                <pc:Word id="region0001_line0007_word0006">
                    <pc:Coords points="1126,599 931,599 931,658 1126,658"/>
                    <pc:TextEquiv conf="0.914344787597656">
                        <pc:Unicode>getrunckẽ</pc:Unicode>
                    </pc:TextEquiv>
                </pc:Word>
                <pc:Word id="region0001_line0007_word0007">
                    <pc:Coords points="1143,600 1247,600 1247,654 1143,654"/>
                    <pc:TextEquiv conf="0.883408508300781">
                        <pc:Unicode>bꝛĩgt</pc:Unicode>
                    </pc:TextEquiv>
                </pc:Word>
                <pc:TextEquiv conf="0.88407039642334">
                    <pc:Unicode>jren fluſs. vñ ſtabwurtz mit wein getrunckẽ bꝛĩgt</pc:Unicode>
                </pc:TextEquiv>
            </pc:TextLine>
            <pc:TextLine id="region0001_line0008">
                <pc:Coords points="223,653 1249,653 1249,708 223,708"/>
                <pc:Word id="region0001_line0008_word0000">
                    <pc:Coords points="223,657 321,657 321,708 223,708"/>
                    <pc:TextEquiv conf="0.867298278808594">
                        <pc:Unicode>jnen</pc:Unicode>
                    </pc:TextEquiv>
                </pc:Word>
                <pc:Word id="region0001_line0008_word0001">
                    <pc:Coords points="329,668 365,668 365,705 329,705"/>
                    <pc:TextEquiv conf="0.901844635009766">
                        <pc:Unicode>jr</pc:Unicode>
                    </pc:TextEquiv>
                </pc:Word>
                <pc:Word id="region0001_line0008_word0002">
                    <pc:Coords points="384,666 467,666 467,702 384,702"/>
                    <pc:TextEquiv conf="0.811742401123047">
                        <pc:Unicode>zeyt.</pc:Unicode>
                    </pc:TextEquiv>
                </pc:Word>
                <pc:Word id="region0001_line0008_word0003">
                    <pc:Coords points="558,653 494,653 494,708 558,708"/>
                    <pc:TextEquiv conf="0.921210784912109">
                        <pc:Unicode>Der</pc:Unicode>
                    </pc:TextEquiv>
                </pc:Word>
                <pc:Word id="region0001_line0008_word0004">
                    <pc:Coords points="563,653 690,653 690,700 563,700"/>
                    <pc:TextEquiv conf="0.921207962036133">
                        <pc:Unicode>rauch</pc:Unicode>
                    </pc:TextEquiv>
                </pc:Word>
                <pc:Word id="region0001_line0008_word0005">
                    <pc:Coords points="695,666 783,666 783,694 695,694"/>
                    <pc:TextEquiv conf="0.917896575927734">
                        <pc:Unicode>von</pc:Unicode>
                    </pc:TextEquiv>
                </pc:Word>
                <pc:Word id="region0001_line0008_word0006">
                    <pc:Coords points="789,653 985,653 985,707 789,707"/>
                    <pc:TextEquiv conf="0.829650268554687">
                        <pc:Unicode>ſtabwurtz</pc:Unicode>
                    </pc:TextEquiv>
                </pc:Word>
                <pc:Word id="region0001_line0008_word0007">
                    <pc:Coords points="991,658 1249,658 1249,708 991,708"/>
                    <pc:TextEquiv conf="0.871178588867187">
                        <pc:Unicode>vertreibt</pc:Unicode>
                    </pc:TextEquiv>
                </pc:Word>
                <pc:Word id="region0001_line0008_word0008">
                    <pc:Coords points="1195,708 1249,708 1249,653 1195,653"/>
                    <pc:TextEquiv conf="0.922099456787109">
                        <pc:Unicode>die</pc:Unicode>
                    </pc:TextEquiv>
                </pc:Word>
                <pc:TextEquiv conf="0.884903216891819">
                    <pc:Unicode>jnen jr zeyt. Der rauch von ſtabwurtz vertreibt die</pc:Unicode>
                </pc:TextEquiv>
            </pc:TextLine>
            <pc:TextLine id="region0001_line0009">
                <pc:Coords points="226,702 1251,702 1251,766 226,766"/>
                <pc:Word id="region0001_line0009_word0000">
                    <pc:Coords points="226,702 413,702 413,762 226,762"/>
                    <pc:TextEquiv conf="0.893140029907227">
                        <pc:Unicode>ſchlangẽ</pc:Unicode>
                    </pc:TextEquiv>
                </pc:Word>
                <pc:Word id="region0001_line0009_word0001">
                    <pc:Coords points="426,703 558,703 558,764 426,764"/>
                    <pc:TextEquiv conf="0.913271865844727">
                        <pc:Unicode>ſpꝛicht</pc:Unicode>
                    </pc:TextEquiv>
                </pc:Word>
                <pc:Word id="region0001_line0009_word0002">
                    <pc:Coords points="568,703 685,703 685,764 568,764"/>
                    <pc:TextEquiv conf="0.253356857299805">
                        <pc:Unicode>Dia</pc:Unicode>
                    </pc:TextEquiv>
                </pc:Word>
                <pc:Word id="region0001_line0009_word0003">
                    <pc:Coords points="843,702 667,702 667,766 843,766"/>
                    <pc:TextEquiv conf="0.253356857299805">
                        <pc:Unicode>ſcorides.</pc:Unicode>
                    </pc:TextEquiv>
                </pc:Word>
                <pc:Word id="region0001_line0009_word0004">
                    <pc:Coords points="874,705 960,705 960,766 874,766"/>
                    <pc:TextEquiv conf="0.922968978881836">
                        <pc:Unicode>Item</pc:Unicode>
                    </pc:TextEquiv>
                </pc:Word>
                <pc:Word id="region0001_line0009_word0005">
                    <pc:Coords points="979,710 1030,710 1030,754 979,754"/>
                    <pc:TextEquiv conf="0.922354965209961">
                        <pc:Unicode>ab</pc:Unicode>
                    </pc:TextEquiv>
                </pc:Word>
                <pc:Word id="region0001_line0009_word0006">
                    <pc:Coords points="1039,705 1251,705 1251,766 1039,766"/>
                    <pc:TextEquiv conf="0.901497421264648">
                        <pc:Unicode>ſtabwurtz</pc:Unicode>
                    </pc:TextEquiv>
                </pc:Word>
                <pc:TextEquiv conf="0.722849567958287">
                    <pc:Unicode>ſchlangẽ ſpꝛicht Dia ſcorides. Item ab ſtabwurtz</pc:Unicode>
                </pc:TextEquiv>
            </pc:TextLine>
            <pc:TextLine id="region0001_line0010">
                <pc:Coords points="218,759 1251,759 1251,822 218,822"/>
                <pc:Word id="region0001_line0010_word0000">
                    <pc:Coords points="218,759 593,759 593,820 218,820"/>
                    <pc:TextEquiv conf="0.9251708984375">
                        <pc:Unicode>getruncken</pc:Unicode>
                    </pc:TextEquiv>
                </pc:Word>
                <pc:Word id="region0001_line0010_word0001">
                    <pc:Coords points="516,759 455,759 455,822 516,822"/>
                    <pc:TextEquiv conf="0.920914001464844">
                        <pc:Unicode>iſt</pc:Unicode>
                    </pc:TextEquiv>
                </pc:Word>
                <pc:Word id="region0001_line0010_word0002">
                    <pc:Coords points="598,759 537,759 537,822 598,822"/>
                    <pc:TextEquiv conf="0.91182487487793">
                        <pc:Unicode>gůt</pc:Unicode>
                    </pc:TextEquiv>
                </pc:Word>
                <pc:Word id="region0001_line0010_word0003">
                    <pc:Coords points="600,763 699,763 699,810 600,810"/>
                    <pc:TextEquiv conf="0.925700073242188">
                        <pc:Unicode>dem</pc:Unicode>
                    </pc:TextEquiv>
                </pc:Word>
                <pc:Word id="region0001_line0010_word0004">
                    <pc:Coords points="767,759 705,759 705,822 767,822"/>
                    <pc:TextEquiv conf="0.926280288696289">
                        <pc:Unicode>der</pc:Unicode>
                    </pc:TextEquiv>
                </pc:Word>
                <pc:Word id="region0001_line0010_word0005">
                    <pc:Coords points="944,759 784,759 784,822 944,822"/>
                    <pc:TextEquiv conf="0.902629318237305">
                        <pc:Unicode>gebiſſen</pc:Unicode>
                    </pc:TextEquiv>
                </pc:Word>
                <pc:Word id="region0001_line0010_word0006">
                    <pc:Coords points="960,766 1008,766 1008,822 960,822"/>
                    <pc:TextEquiv conf="0.917468795776367">
                        <pc:Unicode>iſt</pc:Unicode>
                    </pc:TextEquiv>
                </pc:Word>
                <pc:Word id="region0001_line0010_word0007">
                    <pc:Coords points="1016,777 1105,777 1105,818 1016,818"/>
                    <pc:TextEquiv conf="0.931614685058594">
                        <pc:Unicode>von</pc:Unicode>
                    </pc:TextEquiv>
                </pc:Word>
                <pc:Word id="region0001_line0010_word0008">
                    <pc:Coords points="1119,766 1251,766 1251,822 1119,822"/>
                    <pc:TextEquiv conf="0.254056625366211">
                        <pc:Unicode>vergif</pc:Unicode>
                    </pc:TextEquiv>
                </pc:Word>
                <pc:TextEquiv conf="0.846184395684136">
                    <pc:Unicode>getruncken iſt gůt dem der gebiſſen iſt von vergif</pc:Unicode>
                </pc:TextEquiv>
            </pc:TextLine>
            <pc:TextLine id="region0001_line0011">
                <pc:Coords points="171,816 1247,816 1247,878 171,878"/>
                <pc:Word id="region0001_line0011_word0000">
                    <pc:Coords points="171,826 297,826 297,862 171,862"/>
                    <pc:TextEquiv conf="0.599734153747559">
                        <pc:Unicode>ten</pc:Unicode>
                    </pc:TextEquiv>
                </pc:Word>
                <pc:Word id="region0001_line0011_word0001">
                    <pc:Coords points="306,829 453,829 453,872 306,872"/>
                    <pc:TextEquiv conf="0.905143432617188">
                        <pc:Unicode>tyeren.</pc:Unicode>
                    </pc:TextEquiv>
                </pc:Word>
                <pc:Word id="region0001_line0011_word0002">
                    <pc:Coords points="463,817 577,817 577,868 463,868"/>
                    <pc:TextEquiv conf="0.">
                        <pc:Unicode>Mim</pc:Unicode>
                    </pc:TextEquiv>
                </pc:Word>
                <pc:Word id="region0001_line0011_word0003">
                    <pc:Coords points="689,816 591,816 591,878 689,878"/>
                    <pc:TextEquiv conf="0.891002502441406">
                        <pc:Unicode>war:</pc:Unicode>
                    </pc:TextEquiv>
                </pc:Word>
                <pc:Word id="region0001_line0011_word0004">
                    <pc:Coords points="876,816 713,816 713,878 876,878"/>
                    <pc:TextEquiv conf="0.574773406982422">
                        <pc:Unicode>Auicẽena</pc:Unicode>
                    </pc:TextEquiv>
                </pc:Word>
                <pc:Word id="region0001_line0011_word0005">
                    <pc:Coords points="897,818 1038,818 1038,877 897,877"/>
                    <pc:TextEquiv conf="0.45262393951416">
                        <pc:Unicode>ſpricht</pc:Unicode>
                    </pc:TextEquiv>
                </pc:Word>
                <pc:Word id="region0001_line0011_word0006">
                    <pc:Coords points="1139,816 1090,816 1090,878 1139,878"/>
                    <pc:TextEquiv conf="0.929927673339844">
                        <pc:Unicode>wa</pc:Unicode>
                    </pc:TextEquiv>
                </pc:Word>
                <pc:Word id="region0001_line0011_word0007">
                    <pc:Coords points="1134,832 1247,832 1247,875 1134,875"/>
                    <pc:TextEquiv conf="0.920003814697266">
                        <pc:Unicode>man</pc:Unicode>
                    </pc:TextEquiv>
                </pc:Word>
                <pc:TextEquiv conf="0.78415111541748">
                    <pc:Unicode>ten tyeren. Mim war: Auicẽena ſpricht wa man</pc:Unicode>
                </pc:TextEquiv>
            </pc:TextLine>
            <pc:TextLine id="region0001_line0012">
                <pc:Coords points="224,871 1246,871 1246,933 224,933"/>
                <pc:Word id="region0001_line0012_word0000">
                    <pc:Coords points="224,871 473,871 473,924 224,924"/>
                    <pc:TextEquiv conf="0.900387725830078">
                        <pc:Unicode>Stabwurtz</pc:Unicode>
                    </pc:TextEquiv>
                </pc:Word>
                <pc:Word id="region0001_line0012_word0001">
                    <pc:Coords points="481,873 566,873 566,925 481,925"/>
                    <pc:TextEquiv conf="0.896719741821289">
                        <pc:Unicode>hyn</pc:Unicode>
                    </pc:TextEquiv>
                </pc:Word>
                <pc:Word id="region0001_line0012_word0002">
                    <pc:Coords points="607,874 833,874 833,921 607,921"/>
                    <pc:TextEquiv conf="0.593140335083008">
                        <pc:Unicode>ſtroͤuwet</pc:Unicode>
                    </pc:TextEquiv>
                </pc:Word>
                <pc:Word id="region0001_line0012_word0003">
                    <pc:Coords points="776,871 758,871 758,933 776,933"/>
                    <pc:TextEquiv conf="0.867099456787109">
                        <pc:Unicode>/</pc:Unicode>
                    </pc:TextEquiv>
                </pc:Word>
                <pc:Word id="region0001_line0012_word0004">
                    <pc:Coords points="833,871 793,871 793,933 833,933"/>
                    <pc:TextEquiv conf="0.928378067016602">
                        <pc:Unicode>da</pc:Unicode>
                    </pc:TextEquiv>
                </pc:Word>
                <pc:Word id="region0001_line0012_word0005">
                    <pc:Coords points="842,877 967,877 967,923 842,923"/>
                    <pc:TextEquiv conf="0.665970916748047">
                        <pc:Unicode>bleibt</pc:Unicode>
                    </pc:TextEquiv>
                </pc:Word>
                <pc:Word id="region0001_line0012_word0006">
                    <pc:Coords points="1063,871 985,871 985,933 1063,933"/>
                    <pc:TextEquiv conf="0.904382019042969">
                        <pc:Unicode>kein</pc:Unicode>
                    </pc:TextEquiv>
                </pc:Word>
                <pc:Word id="region0001_line0012_word0007">
                    <pc:Coords points="1246,871 1081,871 1081,933 1246,933"/>
                    <pc:TextEquiv conf="0.85484619140625">
                        <pc:Unicode>vergifts</pc:Unicode>
                    </pc:TextEquiv>
                </pc:Word>
                <pc:TextEquiv conf="0.826365556716919">
                    <pc:Unicode>Stabwurtz hyn ſtroͤuwet / da bleibt kein vergifts</pc:Unicode>
                </pc:TextEquiv>
            </pc:TextLine>
            <pc:TextLine id="region0001_line0013">
                <pc:Coords points="222,927 1243,927 1243,985 222,985"/>
                <pc:Word id="region0001_line0013_word0000">
                    <pc:Coords points="429,927 222,927 222,985 429,985"/>
                    <pc:TextEquiv conf="0.497064361572266">
                        <pc:Unicode>tyer:dann</pc:Unicode>
                    </pc:TextEquiv>
                </pc:Word>
                <pc:Word id="region0001_line0013_word0001">
                    <pc:Coords points="610,927 453,927 453,985 610,985"/>
                    <pc:TextEquiv conf="0.916371231079102">
                        <pc:Unicode>welches</pc:Unicode>
                    </pc:TextEquiv>
                </pc:Word>
                <pc:Word id="region0001_line0013_word0002">
                    <pc:Coords points="672,927 630,927 630,985 672,985"/>
                    <pc:TextEquiv conf="0.931403198242188">
                        <pc:Unicode>da</pc:Unicode>
                    </pc:TextEquiv>
                </pc:Word>
                <pc:Word id="region0001_line0013_word0003">
                    <pc:Coords points="658,927 819,927 819,984 658,984"/>
                    <pc:TextEquiv conf="0.901512603759766">
                        <pc:Unicode>bleibt</pc:Unicode>
                    </pc:TextEquiv>
                </pc:Word>
                <pc:Word id="region0001_line0013_word0004">
                    <pc:Coords points="836,929 874,929 874,980 836,980"/>
                    <pc:TextEquiv conf="0.917731323242188">
                        <pc:Unicode>dz</pc:Unicode>
                    </pc:TextEquiv>
                </pc:Word>
                <pc:Word id="region0001_line0013_word0005">
                    <pc:Coords points="882,929 1020,929 1020,983 882,983"/>
                    <pc:TextEquiv conf="0.848320770263672">
                        <pc:Unicode>ſtirbt.</pc:Unicode>
                    </pc:TextEquiv>
                </pc:Word>
                <pc:Word id="region0001_line0013_word0006">
                    <pc:Coords points="1048,931 1131,931 1131,985 1048,985"/>
                    <pc:TextEquiv conf="0.873364715576172">
                        <pc:Unicode>Itẽ</pc:Unicode>
                    </pc:TextEquiv>
                </pc:Word>
                <pc:Word id="region0001_line0013_word0007">
                    <pc:Coords points="1142,928 1243,928 1243,985 1142,985"/>
                    <pc:TextEquiv conf="0.913998260498047">
                        <pc:Unicode>ſtab⸗</pc:Unicode>
                    </pc:TextEquiv>
                </pc:Word>
                <pc:TextEquiv conf="0.849970808029175">
                    <pc:Unicode>tyer:dann welches da bleibt dz ſtirbt. Itẽ ſtab⸗</pc:Unicode>
                </pc:TextEquiv>
            </pc:TextLine>
            <pc:TextLine id="region0001_line0014">
                <pc:Coords points="223,980 1243,980 1243,1035 223,1035"/>
                <pc:Word id="region0001_line0014_word0000">
                    <pc:Coords points="223,994 341,994 341,1033 223,1033"/>
                    <pc:TextEquiv conf="0.903439559936523">
                        <pc:Unicode>wurtz</pc:Unicode>
                    </pc:TextEquiv>
                </pc:Word>
                <pc:Word id="region0001_line0014_word0001">
                    <pc:Coords points="344,984 556,984 556,1035 344,1035"/>
                    <pc:TextEquiv conf="0.896455154418945">
                        <pc:Unicode>gepuluert</pc:Unicode>
                    </pc:TextEquiv>
                </pc:Word>
                <pc:Word id="region0001_line0014_word0002">
                    <pc:Coords points="565,982 626,982 626,1022 565,1022"/>
                    <pc:TextEquiv conf="0.922380065917969">
                        <pc:Unicode>vñ</pc:Unicode>
                    </pc:TextEquiv>
                </pc:Word>
                <pc:Word id="region0001_line0014_word0003">
                    <pc:Coords points="637,982 719,982 719,1024 637,1024"/>
                    <pc:TextEquiv conf="0.92091667175293">
                        <pc:Unicode>mit</pc:Unicode>
                    </pc:TextEquiv>
                </pc:Word>
                <pc:Word id="region0001_line0014_word0004">
                    <pc:Coords points="835,980 751,980 751,1035 835,1035"/>
                    <pc:TextEquiv conf="0.915722045898438">
                        <pc:Unicode>wein</pc:Unicode>
                    </pc:TextEquiv>
                </pc:Word>
                <pc:Word id="region0001_line0014_word0005">
                    <pc:Coords points="836,980 1080,980 1080,1032 836,1032"/>
                    <pc:TextEquiv conf="0.607835922241211">
                        <pc:Unicode>getrunckeñn</pc:Unicode>
                    </pc:TextEquiv>
                </pc:Word>
                <pc:Word id="region0001_line0014_word0006">
                    <pc:Coords points="1094,982 1243,982 1243,1030 1094,1030"/>
                    <pc:TextEquiv conf="0.526505661010742">
                        <pc:Unicode>bꝛnget</pc:Unicode>
                    </pc:TextEquiv>
                </pc:Word>
                <pc:TextEquiv conf="0.813322154453823">
                    <pc:Unicode>wurtz gepuluert vñ mit wein getrunckeñn bꝛnget</pc:Unicode>
                </pc:TextEquiv>
            </pc:TextLine>
            <pc:TextLine id="region0001_line0015">
                <pc:Coords points="221,1032 1242,1032 1242,1094 221,1094"/>
                <pc:Word id="region0001_line0015_word0000">
                    <pc:Coords points="221,1034 286,1034 286,1079 221,1079"/>
                    <pc:TextEquiv conf="0.920777282714844">
                        <pc:Unicode>den</pc:Unicode>
                    </pc:TextEquiv>
                </pc:Word>
                <pc:Word id="region0001_line0015_word0001">
                    <pc:Coords points="302,1034 485,1034 485,1092 302,1092"/>
                    <pc:TextEquiv conf="0.693886566162109">
                        <pc:Unicode>frauwen</pc:Unicode>
                    </pc:TextEquiv>
                </pc:Word>
                <pc:Word id="region0001_line0015_word0002">
                    <pc:Coords points="494,1035 527,1035 527,1090 494,1090"/>
                    <pc:TextEquiv conf="0.897222595214844">
                        <pc:Unicode>jr</pc:Unicode>
                    </pc:TextEquiv>
                </pc:Word>
                <pc:Word id="region0001_line0015_word0003">
                    <pc:Coords points="534,1037 610,1037 610,1086 534,1086"/>
                    <pc:TextEquiv conf="0.897222595214844">
                        <pc:Unicode>zeit</pc:Unicode>
                    </pc:TextEquiv>
                </pc:Word>
                <pc:Word id="region0001_line0015_word0004">
                    <pc:Coords points="833,1032 650,1032 650,1094 833,1094"/>
                    <pc:TextEquiv conf="0.872184143066406">
                        <pc:Unicode>menſtruũ</pc:Unicode>
                    </pc:TextEquiv>
                </pc:Word>
                <pc:Word id="region0001_line0015_word0005">
                    <pc:Coords points="855,1040 1014,1040 1014,1089 855,1089"/>
                    <pc:TextEquiv conf="0.832966995239258">
                        <pc:Unicode>genant.</pc:Unicode>
                    </pc:TextEquiv>
                </pc:Word>
                <pc:Word id="region0001_line0015_word0006">
                    <pc:Coords points="1065,1035 1147,1035 1147,1093 1065,1093"/>
                    <pc:TextEquiv conf="0.694962921142578">
                        <pc:Unicode>Itẽ</pc:Unicode>
                    </pc:TextEquiv>
                </pc:Word>
                <pc:Word id="region0001_line0015_word0007">
                    <pc:Coords points="1170,1035 1242,1035 1242,1089 1170,1089"/>
                    <pc:TextEquiv conf="0.896116561889648">
                        <pc:Unicode>der</pc:Unicode>
                    </pc:TextEquiv>
                </pc:Word>
                <pc:TextEquiv conf="0.838167457580566">
                    <pc:Unicode>den frauwen jr zeit menſtruũ genant. Itẽ der</pc:Unicode>
                </pc:TextEquiv>
            </pc:TextLine>
            <pc:TextLine id="region0001_line0016">
                <pc:Coords points="219,1087 1242,1087 1242,1148 219,1148"/>
                <pc:Word id="region0001_line0016_word0000">
                    <pc:Coords points="349,1087 219,1087 219,1148 349,1148"/>
                    <pc:TextEquiv conf="0.914603805541992">
                        <pc:Unicode>rauch</pc:Unicode>
                    </pc:TextEquiv>
                </pc:Word>
                <pc:Word id="region0001_line0016_word0001">
                    <pc:Coords points="374,1101 441,1101 441,1138 374,1138"/>
                    <pc:TextEquiv conf="0.908744659423828">
                        <pc:Unicode>von</pc:Unicode>
                    </pc:TextEquiv>
                </pc:Word>
                <pc:Word id="region0001_line0016_word0002">
                    <pc:Coords points="449,1088 703,1088 703,1143 449,1143"/>
                    <pc:TextEquiv conf="0.908711776733398">
                        <pc:Unicode>Stabwurtz</pc:Unicode>
                    </pc:TextEquiv>
                </pc:Word>
                <pc:Word id="region0001_line0016_word0003">
                    <pc:Coords points="712,1094 913,1094 913,1148 712,1148"/>
                    <pc:TextEquiv conf="0.914556579589844">
                        <pc:Unicode>vertreibt</pc:Unicode>
                    </pc:TextEquiv>
                </pc:Word>
                <pc:Word id="region0001_line0016_word0004">
                    <pc:Coords points="920,1092 988,1092 988,1137 920,1137"/>
                    <pc:TextEquiv conf="0.913782958984375">
                        <pc:Unicode>die</pc:Unicode>
                    </pc:TextEquiv>
                </pc:Word>
                <pc:Word id="region0001_line0016_word0005">
                    <pc:Coords points="997,1089 1185,1089 1185,1147 997,1147"/>
                    <pc:TextEquiv conf="0.84194091796875">
                        <pc:Unicode>ſchlangẽ</pc:Unicode>
                    </pc:TextEquiv>
                </pc:Word>
                <pc:Word id="region0001_line0016_word0006">
                    <pc:Coords points="1193,1095 1242,1095 1242,1143 1193,1143"/>
                    <pc:TextEquiv conf="0.84194091796875">
                        <pc:Unicode>in</pc:Unicode>
                    </pc:TextEquiv>
                </pc:Word>
                <pc:TextEquiv conf="0.892040230887277">
                    <pc:Unicode>rauch von Stabwurtz vertreibt die ſchlangẽ in</pc:Unicode>
                </pc:TextEquiv>
            </pc:TextLine>
            <pc:TextLine id="region0001_line0017">
                <pc:Coords points="142,1144 1243,1144 1243,1204 142,1204"/>
                <pc:Word id="region0001_line0017_word0000">
                    <pc:Coords points="142,1144 312,1144 312,1200 142,1200"/>
                    <pc:TextEquiv conf="0.628936882019043">
                        <pc:Unicode>dem</pc:Unicode>
                    </pc:TextEquiv>
                </pc:Word>
                <pc:Word id="region0001_line0017_word0001">
                    <pc:Coords points="319,1146 435,1146 435,1204 319,1204"/>
                    <pc:TextEquiv conf="0.910681915283203">
                        <pc:Unicode>hauß</pc:Unicode>
                    </pc:TextEquiv>
                </pc:Word>
                <pc:Word id="region0001_line0017_word0002">
                    <pc:Coords points="595,1144 431,1144 431,1204 595,1204"/>
                    <pc:TextEquiv conf="0.555599365234375">
                        <pc:Unicode>ſpꝛicht.</pc:Unicode>
                    </pc:TextEquiv>
                </pc:Word>
                <pc:Word id="region0001_line0017_word0003">
                    <pc:Coords points="622,1145 907,1145 907,1200 622,1200"/>
                    <pc:TextEquiv conf="0.759769744873047">
                        <pc:Unicode>Dyaſcorides.</pc:Unicode>
                    </pc:TextEquiv>
                </pc:Word>
                <pc:Word id="region0001_line0017_word0004">
                    <pc:Coords points="943,1145 1026,1145 1026,1197 943,1197"/>
                    <pc:TextEquiv conf="0.790214309692383">
                        <pc:Unicode>Itẽ</pc:Unicode>
                    </pc:TextEquiv>
                </pc:Word>
                <pc:Word id="region0001_line0017_word0005">
                    <pc:Coords points="1034,1146 1145,1146 1145,1199 1034,1199"/>
                    <pc:TextEquiv conf="0.915471572875977">
                        <pc:Unicode>oͤl</pc:Unicode>
                    </pc:TextEquiv>
                </pc:Word>
                <pc:Word id="region0001_line0017_word0006">
                    <pc:Coords points="1154,1144 1111,1144 1111,1204 1154,1204"/>
                    <pc:TextEquiv conf="0.648203582763672">
                        <pc:Unicode>vs</pc:Unicode>
                    </pc:TextEquiv>
                </pc:Word>
                <pc:Word id="region0001_line0017_word0007">
                    <pc:Coords points="1184,1146 1184,1200 1243,1200 1243,1146"/>
                    <pc:TextEquiv conf="0.113489990234375">
                        <pc:Unicode>ſtabß</pc:Unicode>
                    </pc:TextEquiv>
                </pc:Word>
                <pc:TextEquiv conf="0.665295920372009">
                    <pc:Unicode>dem hauß ſpꝛicht. Dyaſcorides. Itẽ oͤl vs ſtabß</pc:Unicode>
                </pc:TextEquiv>
            </pc:TextLine>
            <pc:TextLine id="region0001_line0018">
                <pc:Coords points="136,1196 1274,1196 1274,1255 136,1255"/>
                <pc:Word id="region0001_line0018_word0000">
                    <pc:Coords points="136,1197 532,1197 532,1252 136,1252"/>
                    <pc:TextEquiv conf="0.400364303588867">
                        <pc:Unicode>wurtzgemacht</pc:Unicode>
                    </pc:TextEquiv>
                </pc:Word>
                <pc:Word id="region0001_line0018_word0001">
                    <pc:Coords points="540,1205 630,1205 630,1242 540,1242"/>
                    <pc:TextEquiv conf="0.925691757202148">
                        <pc:Unicode>vnd</pc:Unicode>
                    </pc:TextEquiv>
                </pc:Word>
                <pc:Word id="region0001_line0018_word0002">
                    <pc:Coords points="641,1204 697,1204 697,1241 641,1241"/>
                    <pc:TextEquiv conf="0.921679000854492">
                        <pc:Unicode>da</pc:Unicode>
                    </pc:TextEquiv>
                </pc:Word>
                <pc:Word id="region0001_line0018_word0003">
                    <pc:Coords points="706,1205 783,1205 783,1243 706,1243"/>
                    <pc:TextEquiv conf="0.90997932434082">
                        <pc:Unicode>mit</pc:Unicode>
                    </pc:TextEquiv>
                </pc:Word>
                <pc:Word id="region0001_line0018_word0004">
                    <pc:Coords points="926,1196 813,1196 813,1255 926,1255"/>
                    <pc:TextEquiv conf="0.908750457763672">
                        <pc:Unicode>vnder</pc:Unicode>
                    </pc:TextEquiv>
                </pc:Word>
                <pc:Word id="region0001_line0018_word0005">
                    <pc:Coords points="1022,1196 951,1196 951,1255 1022,1255"/>
                    <pc:TextEquiv conf="0.901119079589844">
                        <pc:Unicode>dem</pc:Unicode>
                    </pc:TextEquiv>
                </pc:Word>
                <pc:Word id="region0001_line0018_word0006">
                    <pc:Coords points="1039,1199 1142,1199 1142,1255 1039,1255"/>
                    <pc:TextEquiv conf="0.835635833740234">
                        <pc:Unicode>nabel</pc:Unicode>
                    </pc:TextEquiv>
                </pc:Word>
                <pc:Word id="region0001_line0018_word0007">
                    <pc:Coords points="1271,1218 1271,1239 1274,1239 1274,1218"/>
                    <pc:TextEquiv conf="0.">
                        <pc:Unicode>ge·e·</pc:Unicode>
                    </pc:TextEquiv>
                </pc:Word>
                <pc:TextEquiv conf="0.85040246963501">
                    <pc:Unicode>wurtzgemacht vnd da mit vnder dem nabel ge·e·</pc:Unicode>
                </pc:TextEquiv>
            </pc:TextLine>
            <pc:TextEquiv conf="0.796112766970677">
                <pc:Unicode>Eblacher ſollicher künſt vnd artzney deſter belder be
richt werd ſo merck ordnũg ð titel vñ des A.b.c.
— Abrotanum.
— Alſo ſoltu den magẽ erwermen
Abrotanũ dʒ iſt ſtabwurtz mit wein vñ zucker ge⸗
ſottẽvñ getrunckẽ macht ein warmẽ magẽ der er
kalt iſt von dẽ ſchleim: auch ſeübert es den fra wẽ
jren fluſs. vñ ſtabwurtz mit wein getrunckẽ bꝛĩgt
jnen jr zeyt. Der rauch von ſtabwurtz vertreibt die
ſchlangẽ ſpꝛicht Dia ſcorides. Item ab ſtabwurtz
getruncken iſt gůt dem der gebiſſen iſt von vergif
ten tyeren. Mim war: Auicẽena ſpricht wa man
Stabwurtz hyn ſtroͤuwet / da bleibt kein vergifts
tyer:dann welches da bleibt dz ſtirbt. Itẽ ſtab⸗
wurtz gepuluert vñ mit wein getrunckeñn bꝛnget
den frauwen jr zeit menſtruũ genant. Itẽ der
rauch von Stabwurtz vertreibt die ſchlangẽ in
dem hauß ſpꝛicht. Dyaſcorides. Itẽ oͤl vs ſtabß
wurtzgemacht vnd da mit vnder dem nabel ge·e·</pc:Unicode>
            </pc:TextEquiv>
        </pc:TextRegion>
        <pc:TextRegion id="region0003" orientation="-0.542126041606508" type="floating" readingDirection="left-to-right" textLineOrder="top-to-bottom">
            <pc:Coords points="29,1250 737,1250 737,1312 29,1312"/>
            <pc:TextLine id="region0003_line0000">
                <pc:Coords points="29,1250 737,1250 737,1312 29,1312"/>
                <pc:Word id="region0003_line0000_word0000">
                    <pc:Coords points="402,1250 29,1250 29,1312 402,1312"/>
                    <pc:TextEquiv conf="0.451435546875">
                        <pc:Unicode>cchmibt</pc:Unicode>
                    </pc:TextEquiv>
                </pc:Word>
                <pc:Word id="region0003_line0000_word0001">
                    <pc:Coords points="417,1252 546,1252 546,1306 417,1306"/>
                    <pc:TextEquiv conf="0.915042877197266">
                        <pc:Unicode>macht</pc:Unicode>
                    </pc:TextEquiv>
                </pc:Word>
                <pc:Word id="region0003_line0000_word0002">
                    <pc:Coords points="567,1250 737,1250 737,1306 567,1306"/>
                    <pc:TextEquiv conf="0.904352493286133">
                        <pc:Unicode>harnen.</pc:Unicode>
                    </pc:TextEquiv>
                </pc:Word>
                <pc:TextEquiv conf="0.756943639119466">
                    <pc:Unicode>cchmibt macht harnen.</pc:Unicode>
                </pc:TextEquiv>
            </pc:TextLine>
            <pc:TextEquiv conf="0.756943639119466">
                <pc:Unicode>cchmibt macht harnen.</pc:Unicode>
            </pc:TextEquiv>
        </pc:TextRegion>
        <pc:TextRegion id="region0004" orientation="-0.542126041606508" readingDirection="left-to-right" textLineOrder="top-to-bottom">
            <pc:Coords points="154,1308 1290,1308 1290,1643 154,1643"/>
            <pc:TextLine id="region0004_line0000">
                <pc:Coords points="356,1308 990,1308 990,1370 356,1370"/>
                <pc:Word id="region0004_line0000_word0000">
                    <pc:Coords points="356,1345 421,1345 421,1358 356,1358"/>
                    <pc:TextEquiv conf="0.648798370361328">
                        <pc:Unicode>Dem</pc:Unicode>
                    </pc:TextEquiv>
                </pc:Word>
                <pc:Word id="region0004_line0000_word0001">
                    <pc:Coords points="568,1308 648,1308 648,1359 568,1359"/>
                    <pc:TextEquiv conf="0.903757171630859">
                        <pc:Unicode>das</pc:Unicode>
                    </pc:TextEquiv>
                </pc:Word>
                <pc:Word id="region0004_line0000_word0002">
                    <pc:Coords points="676,1309 739,1309 739,1368 676,1368"/>
                    <pc:TextEquiv conf="0.906690063476562">
                        <pc:Unicode>har</pc:Unicode>
                    </pc:TextEquiv>
                </pc:Word>
                <pc:Word id="region0004_line0000_word0003">
                    <pc:Coords points="852,1308 775,1308 775,1370 852,1370"/>
                    <pc:TextEquiv conf="0.906690063476562">
                        <pc:Unicode>auß</pc:Unicode>
                    </pc:TextEquiv>
                </pc:Word>
                <pc:TextEquiv conf="0.841483917236328">
                    <pc:Unicode>Dem das har auß</pc:Unicode>
                </pc:TextEquiv>
            </pc:TextLine>
            <pc:TextLine id="region0004_line0001">
                <pc:Coords points="262,1365 1290,1365 1290,1423 262,1423"/>
                <pc:Word id="region0004_line0001_word0000">
                    <pc:Coords points="262,1376 340,1376 340,1413 262,1413"/>
                    <pc:TextEquiv conf="0.883784103393555">
                        <pc:Unicode>tem</pc:Unicode>
                    </pc:TextEquiv>
                </pc:Word>
                <pc:Word id="region0004_line0001_word0001">
                    <pc:Coords points="370,1365 519,1365 519,1421 370,1421"/>
                    <pc:TextEquiv conf="0.883595123291016">
                        <pc:Unicode>wermůt</pc:Unicode>
                    </pc:TextEquiv>
                </pc:Word>
                <pc:Word id="region0004_line0001_word0002">
                    <pc:Coords points="728,1365 551,1365 551,1423 728,1423"/>
                    <pc:TextEquiv conf="0.907124710083008">
                        <pc:Unicode>geſotten</pc:Unicode>
                    </pc:TextEquiv>
                </pc:Word>
                <pc:Word id="region0004_line0001_word0003">
                    <pc:Coords points="758,1378 779,1378 779,1416 758,1416"/>
                    <pc:TextEquiv conf="0.841186370849609">
                        <pc:Unicode>m</pc:Unicode>
                    </pc:TextEquiv>
                </pc:Word>
                <pc:Word id="region0004_line0001_word0004">
                    <pc:Coords points="795,1367 920,1367 920,1422 795,1422"/>
                    <pc:TextEquiv conf="0.841186370849609">
                        <pc:Unicode>lauge</pc:Unicode>
                    </pc:TextEquiv>
                </pc:Word>
                <pc:Word id="region0004_line0001_word0005">
                    <pc:Coords points="1011,1365 943,1365 943,1423 1011,1423"/>
                    <pc:TextEquiv conf="0.914264526367187">
                        <pc:Unicode>mit</pc:Unicode>
                    </pc:TextEquiv>
                </pc:Word>
                <pc:Word id="region0004_line0001_word0006">
                    <pc:Coords points="1013,1367 1290,1367 1290,1423 1013,1423"/>
                    <pc:TextEquiv conf="0.625245552062988">
                        <pc:Unicode>ſtabwurtz</pc:Unicode>
                    </pc:TextEquiv>
                </pc:Word>
                <pc:TextEquiv conf="0.842340965270996">
                    <pc:Unicode>tem wermůt geſotten m lauge mit ſtabwurtz</pc:Unicode>
                </pc:TextEquiv>
            </pc:TextLine>
            <pc:TextLine id="region0004_line0002">
                <pc:Coords points="247,1417 1237,1417 1237,1483 247,1483"/>
                <pc:Word id="region0004_line0002_word0000">
                    <pc:Coords points="247,1431 276,1431 276,1461 247,1461"/>
                    <pc:TextEquiv conf="0.789070129394531">
                        <pc:Unicode>a</pc:Unicode>
                    </pc:TextEquiv>
                </pc:Word>
                <pc:Word id="region0004_line0002_word0001">
                    <pc:Coords points="361,1417 294,1417 294,1483 361,1483"/>
                    <pc:TextEquiv conf="0.922361831665039">
                        <pc:Unicode>mit</pc:Unicode>
                    </pc:TextEquiv>
                </pc:Word>
                <pc:Word id="region0004_line0002_word0002">
                    <pc:Coords points="378,1423 445,1423 445,1472 378,1472"/>
                    <pc:TextEquiv conf="0.925088806152344">
                        <pc:Unicode>das</pc:Unicode>
                    </pc:TextEquiv>
                </pc:Word>
                <pc:Word id="region0004_line0002_word0003">
                    <pc:Coords points="579,1417 468,1417 468,1483 579,1483"/>
                    <pc:TextEquiv conf="0.928628311157227">
                        <pc:Unicode>haubt</pc:Unicode>
                    </pc:TextEquiv>
                </pc:Word>
                <pc:Word id="region0004_line0002_word0004">
                    <pc:Coords points="574,1419 954,1419 954,1481 574,1481"/>
                    <pc:TextEquiv conf="0.691812515258789">
                        <pc:Unicode>geweſchen</pc:Unicode>
                    </pc:TextEquiv>
                </pc:Word>
                <pc:Word id="region0004_line0002_word0005">
                    <pc:Coords points="881,1417 814,1417 814,1483 881,1483"/>
                    <pc:TextEquiv conf="0.922970657348633">
                        <pc:Unicode>iſt</pc:Unicode>
                    </pc:TextEquiv>
                </pc:Word>
                <pc:Word id="region0004_line0002_word0006">
                    <pc:Coords points="965,1417 899,1417 899,1483 965,1483"/>
                    <pc:TextEquiv conf="0.919889450073242">
                        <pc:Unicode>gůt</pc:Unicode>
                    </pc:TextEquiv>
                </pc:Word>
                <pc:Word id="region0004_line0002_word0007">
                    <pc:Coords points="963,1426 1082,1426 1082,1472 963,1472"/>
                    <pc:TextEquiv conf="0.908839645385742">
                        <pc:Unicode>wider</pc:Unicode>
                    </pc:TextEquiv>
                </pc:Word>
                <pc:Word id="region0004_line0002_word0008">
                    <pc:Coords points="1100,1423 1146,1423 1146,1483 1100,1483"/>
                    <pc:TextEquiv conf="0.833078765869141">
                        <pc:Unicode>dz</pc:Unicode>
                    </pc:TextEquiv>
                </pc:Word>
                <pc:Word id="region0004_line0002_word0009">
                    <pc:Coords points="1155,1417 1237,1417 1237,1474 1155,1474"/>
                    <pc:TextEquiv conf="0.672774810791016">
                        <pc:Unicode>hat</pc:Unicode>
                    </pc:TextEquiv>
                </pc:Word>
                <pc:TextEquiv conf="0.85145149230957">
                    <pc:Unicode>a mit das haubt geweſchen iſt gůt wider dz hat</pc:Unicode>
                </pc:TextEquiv>
            </pc:TextLine>
            <pc:TextLine id="region0004_line0003">
                <pc:Coords points="219,1471 1236,1471 1236,1534 219,1534"/>
                <pc:Word id="region0004_line0003_word0000">
                    <pc:Coords points="219,1474 792,1474 792,1534 219,1534"/>
                    <pc:TextEquiv conf="0.677012329101563">
                        <pc:Unicode>außfalten</pc:Unicode>
                    </pc:TextEquiv>
                </pc:Word>
                <pc:Word id="region0004_line0003_word0001">
                    <pc:Coords points="572,1471 458,1471 458,1534 572,1534"/>
                    <pc:TextEquiv conf="0.904186401367188">
                        <pc:Unicode>genãt</pc:Unicode>
                    </pc:TextEquiv>
                </pc:Word>
                <pc:Word id="region0004_line0003_word0002">
                    <pc:Coords points="594,1474 792,1474 792,1534 594,1534"/>
                    <pc:TextEquiv conf="0.829224853515625">
                        <pc:Unicode>Allopitia.</pc:Unicode>
                    </pc:TextEquiv>
                </pc:Word>
                <pc:Word id="region0004_line0003_word0003">
                    <pc:Coords points="846,1479 940,1479 940,1534 846,1534"/>
                    <pc:TextEquiv conf="0.371990623474121">
                        <pc:Unicode>JIeẽ</pc:Unicode>
                    </pc:TextEquiv>
                </pc:Word>
                <pc:Word id="region0004_line0003_word0004">
                    <pc:Coords points="947,1472 1092,1472 1092,1529 947,1529"/>
                    <pc:TextEquiv conf="0.862166213989258">
                        <pc:Unicode>geiſſen</pc:Unicode>
                    </pc:TextEquiv>
                </pc:Word>
                <pc:Word id="region0004_line0003_word0005">
                    <pc:Coords points="1108,1471 1236,1471 1236,1520 1108,1520"/>
                    <pc:TextEquiv conf="0.616185150146484">
                        <pc:Unicode>klawẽ</pc:Unicode>
                    </pc:TextEquiv>
                </pc:Word>
                <pc:TextEquiv conf="0.710127595265706">
                    <pc:Unicode>außfalten genãt Allopitia. JIeẽ geiſſen klawẽ</pc:Unicode>
                </pc:TextEquiv>
            </pc:TextLine>
            <pc:TextLine id="region0004_line0004">
                <pc:Coords points="213,1523 1239,1523 1239,1588 213,1588"/>
                <pc:Word id="region0004_line0004_word0000">
                    <pc:Coords points="213,1531 386,1531 386,1581 213,1581"/>
                    <pc:TextEquiv conf="0.695815124511719">
                        <pc:Unicode>gebrant</pc:Unicode>
                    </pc:TextEquiv>
                </pc:Word>
                <pc:Word id="region0004_line0004_word0001">
                    <pc:Coords points="400,1531 442,1531 442,1579 400,1579"/>
                    <pc:TextEquiv conf="0.911224212646484">
                        <pc:Unicode>zů</pc:Unicode>
                    </pc:TextEquiv>
                </pc:Word>
                <pc:Word id="region0004_line0004_word0002">
                    <pc:Coords points="446,1534 594,1534 594,1582 446,1582"/>
                    <pc:TextEquiv conf="0.91372802734375">
                        <pc:Unicode>puluer</pc:Unicode>
                    </pc:TextEquiv>
                </pc:Word>
                <pc:Word id="region0004_line0004_word0003">
                    <pc:Coords points="599,1534 653,1534 653,1584 599,1584"/>
                    <pc:TextEquiv conf="0.716158752441406">
                        <pc:Unicode>dʒ</pc:Unicode>
                    </pc:TextEquiv>
                </pc:Word>
                <pc:Word id="region0004_line0004_word0004">
                    <pc:Coords points="656,1532 844,1532 844,1587 656,1587"/>
                    <pc:TextEquiv conf="0.708722991943359">
                        <pc:Unicode>genuſcht</pc:Unicode>
                    </pc:TextEquiv>
                </pc:Word>
                <pc:Word id="region0004_line0004_word0005">
                    <pc:Coords points="853,1534 900,1534 900,1583 853,1583"/>
                    <pc:TextEquiv conf="0.636322708129883">
                        <pc:Unicode>iſt</pc:Unicode>
                    </pc:TextEquiv>
                </pc:Word>
                <pc:Word id="region0004_line0004_word0006">
                    <pc:Coords points="911,1538 996,1538 996,1577 911,1577"/>
                    <pc:TextEquiv conf="0.255449142456055">
                        <pc:Unicode>mit</pc:Unicode>
                    </pc:TextEquiv>
                </pc:Word>
                <pc:Word id="region0004_line0004_word0007">
                    <pc:Coords points="1005,1523 1141,1523 1141,1588 1005,1588"/>
                    <pc:TextEquiv conf="0.921322021484375">
                        <pc:Unicode>weichẽ</pc:Unicode>
                    </pc:TextEquiv>
                </pc:Word>
                <pc:Word id="region0004_line0004_word0008">
                    <pc:Coords points="1149,1528 1239,1528 1239,1585 1149,1585"/>
                    <pc:TextEquiv conf="0.921322021484375">
                        <pc:Unicode>bech</pc:Unicode>
                    </pc:TextEquiv>
                </pc:Word>
                <pc:TextEquiv conf="0.742229444715712">
                    <pc:Unicode>gebrant zů puluer dʒ genuſcht iſt mit weichẽ bech</pc:Unicode>
                </pc:TextEquiv>
            </pc:TextLine>
            <pc:TextLine id="region0004_line0005">
                <pc:Coords points="154,1578 1283,1578 1283,1643 154,1643"/>
                <pc:Word id="region0004_line0005_word0000">
                    <pc:Coords points="154,1627 169,1627 169,1643 154,1643"/>
                    <pc:TextEquiv conf="0.">
                        <pc:Unicode>iſt</pc:Unicode>
                    </pc:TextEquiv>
                </pc:Word>
                <pc:Word id="region0004_line0005_word0001">
                    <pc:Coords points="356,1578 282,1578 282,1643 356,1643"/>
                    <pc:TextEquiv conf="0.870485763549805">
                        <pc:Unicode>gůt</pc:Unicode>
                    </pc:TextEquiv>
                </pc:Word>
                <pc:Word id="region0004_line0005_word0002">
                    <pc:Coords points="378,1587 455,1587 455,1630 378,1630"/>
                    <pc:TextEquiv conf="0.916077270507813">
                        <pc:Unicode>wañ</pc:Unicode>
                    </pc:TextEquiv>
                </pc:Word>
                <pc:Word id="region0004_line0005_word0003">
                    <pc:Coords points="557,1578 478,1578 478,1643 557,1643"/>
                    <pc:TextEquiv conf="0.91544075012207">
                        <pc:Unicode>man</pc:Unicode>
                    </pc:TextEquiv>
                </pc:Word>
                <pc:Word id="region0004_line0005_word0004">
                    <pc:Coords points="578,1589 625,1589 625,1633 578,1633"/>
                    <pc:TextEquiv conf="0.922169494628906">
                        <pc:Unicode>dz</pc:Unicode>
                    </pc:TextEquiv>
                </pc:Word>
                <pc:Word id="region0004_line0005_word0005">
                    <pc:Coords points="647,1584 761,1584 761,1632 647,1632"/>
                    <pc:TextEquiv conf="0.930254821777344">
                        <pc:Unicode>haubt</pc:Unicode>
                    </pc:TextEquiv>
                </pc:Word>
                <pc:Word id="region0004_line0005_word0006">
                    <pc:Coords points="784,1587 823,1587 823,1629 784,1629"/>
                    <pc:TextEquiv conf="0.770986785888672">
                        <pc:Unicode>da</pc:Unicode>
                    </pc:TextEquiv>
                </pc:Word>
                <pc:Word id="region0004_line0005_word0007">
                    <pc:Coords points="857,1584 914,1584 914,1623 857,1623"/>
                    <pc:TextEquiv conf="0.90437370300293">
                        <pc:Unicode>mit</pc:Unicode>
                    </pc:TextEquiv>
                </pc:Word>
                <pc:Word id="region0004_line0005_word0008">
                    <pc:Coords points="1174,1594 1283,1594 1283,1615 1174,1615"/>
                    <pc:TextEquiv conf="0.556374053955078">
                        <pc:Unicode>ſalbet.</pc:Unicode>
                    </pc:TextEquiv>
                </pc:Word>
                <pc:TextEquiv conf="0.865129182603624">
                    <pc:Unicode>iſt gůt wañ man dz haubt da mit ſalbet.</pc:Unicode>
                </pc:TextEquiv>
            </pc:TextLine>
            <pc:TextEquiv conf="0.808793766233656">
                <pc:Unicode>Dem das har auß
tem wermůt geſotten m lauge mit ſtabwurtz
a mit das haubt geweſchen iſt gůt wider dz hat
außfalten genãt Allopitia. JIeẽ geiſſen klawẽ
gebrant zů puluer dʒ genuſcht iſt mit weichẽ bech
iſt gůt wañ man dz haubt da mit ſalbet.</pc:Unicode>
            </pc:TextEquiv>
        </pc:TextRegion>
        <pc:TextRegion id="region0006" orientation="-0.542126041606508" readingDirection="left-to-right" textLineOrder="top-to-bottom">
            <pc:Coords points="1184,1750 1227,1750 1227,1807 1184,1807"/>
            <pc:TextLine id="region0006_line0000">
                <pc:Coords points="1184,1750 1227,1750 1227,1807 1184,1807"/>
                <pc:Word id="region0006_line0000_word0000">
                    <pc:Coords points="1184,1750 1227,1750 1227,1807 1184,1807"/>
                    <pc:TextEquiv conf="0.861535263061523">
                        <pc:Unicode>ij⸗</pc:Unicode>
                    </pc:TextEquiv>
                </pc:Word>
                <pc:TextEquiv conf="0.861535263061523">
                    <pc:Unicode>ij⸗</pc:Unicode>
                </pc:TextEquiv>
            </pc:TextLine>
            <pc:TextEquiv conf="0.861535263061523">
                <pc:Unicode>ij⸗</pc:Unicode>
            </pc:TextEquiv>
        </pc:TextRegion>
        <pc:TextRegion id="region0007" orientation="-0.542126041606508" type="floating" readingDirection="left-to-right" textLineOrder="top-to-bottom">
            <pc:Coords points="1199,36 1334,36 1334,67 1199,67"/>
            <pc:TextLine id="region0007_line0000">
                <pc:Coords points="1236,36 1334,36 1334,64 1236,64"/>
                <pc:Word id="region0007_line0000_word0000">
                    <pc:Coords points="1236,36 1334,36 1334,64 1236,64"/>
                    <pc:TextEquiv conf="0.020753631591797">
                        <pc:Unicode>——————</pc:Unicode>
                    </pc:TextEquiv>
                </pc:Word>
                <pc:TextEquiv conf="0.020753631591797">
                    <pc:Unicode>——————</pc:Unicode>
                </pc:TextEquiv>
            </pc:TextLine>
            <pc:TextLine id="region0007_line0001">
                <pc:Coords points="1199,55 1310,55 1310,67 1199,67"/>
                <pc:Word id="region0007_line0001_word0000">
                    <pc:Coords points="1199,55 1310,55 1310,67 1199,67"/>
                    <pc:TextEquiv conf="0.288297882080078">
                        <pc:Unicode>———</pc:Unicode>
                    </pc:TextEquiv>
                </pc:Word>
                <pc:TextEquiv conf="0.288297882080078">
                    <pc:Unicode>———</pc:Unicode>
                </pc:TextEquiv>
            </pc:TextLine>
            <pc:TextEquiv conf="0.154525756835938">
                <pc:Unicode>——————
———</pc:Unicode>
            </pc:TextEquiv>
        </pc:TextRegion>
        <pc:ImageRegion id="region0000" orientation="-0.542126041606508">
            <pc:Coords points="0,1177 81,1177 81,1277 0,1277"/>
        </pc:ImageRegion>
        <pc:ImageRegion id="region0008" orientation="-0.542126041606508">
            <pc:Coords points="1297,0 1623,0 1623,2304 1297,2304"/>
        </pc:ImageRegion>
        <pc:TableRegion id="region0005" orientation="-0.542126041606508">
            <pc:Coords points="219,1617 1234,1617 1234,1763 219,1763"/>
            <pc:TextRegion id="region0005_cell0000" orientation="-0.542126041606508" readingDirection="left-to-right" textLineOrder="top-to-bottom">
                <pc:Coords points="219,1617 1234,1617 1234,1763 219,1763"/>
                <pc:TextLine id="region0005_cell0000_line0000">
                    <pc:Coords points="417,1617 1234,1617 1234,1703 417,1703"/>
                    <pc:Word id="region0005_cell0000_line0000_word0000">
                        <pc:Coords points="417,1640 497,1640 497,1690 417,1690"/>
                        <pc:TextEquiv conf="0.752372436523438">
                            <pc:Unicode>Fur</pc:Unicode>
                        </pc:TextEquiv>
                    </pc:Word>
                    <pc:Word id="region0005_cell0000_line0000_word0001">
                        <pc:Coords points="521,1637 572,1637 572,1685 521,1685"/>
                        <pc:TextEquiv conf="0.752372436523438">
                            <pc:Unicode>die</pc:Unicode>
                        </pc:TextEquiv>
                    </pc:Word>
                    <pc:Word id="region0005_cell0000_line0000_word0002">
                        <pc:Coords points="568,1617 1234,1617 1234,1703 568,1703"/>
                        <pc:TextEquiv conf="0.08638801574707">
                            <pc:Unicode>geebſucht.Abſimtheñ.</pc:Unicode>
                        </pc:TextEquiv>
                    </pc:Word>
                    <pc:TextEquiv conf="0.530377629597982">
                        <pc:Unicode>Fur die geebſucht.Abſimtheñ.</pc:Unicode>
                    </pc:TextEquiv>
                </pc:TextLine>
                <pc:TextLine id="region0005_cell0000_line0001">
                    <pc:Coords points="219,1688 1233,1688 1233,1763 219,1763"/>
                    <pc:Word id="region0005_cell0000_line0001_word0000">
                        <pc:Coords points="219,1693 608,1693 608,1751 219,1751"/>
                        <pc:TextEquiv conf="0.849709320068359">
                            <pc:Unicode>Item</pc:Unicode>
                        </pc:TextEquiv>
                    </pc:Word>
                    <pc:Word id="region0005_cell0000_line0001_word0001">
                        <pc:Coords points="418,1688 344,1688 344,1763 418,1763"/>
                        <pc:TextEquiv conf="0.926597671508789">
                            <pc:Unicode>wer</pc:Unicode>
                        </pc:TextEquiv>
                    </pc:Word>
                    <pc:Word id="region0005_cell0000_line0001_word0002">
                        <pc:Coords points="443,1693 589,1693 589,1751 443,1751"/>
                        <pc:TextEquiv conf="0.883552780151367">
                            <pc:Unicode>wermůt</pc:Unicode>
                        </pc:TextEquiv>
                    </pc:Word>
                    <pc:Word id="region0005_cell0000_line0001_word0003">
                        <pc:Coords points="616,1691 692,1691 692,1754 616,1754"/>
                        <pc:TextEquiv conf="0.8379736328125">
                            <pc:Unicode>faſt</pc:Unicode>
                        </pc:TextEquiv>
                    </pc:Word>
                    <pc:Word id="region0005_cell0000_line0001_word0004">
                        <pc:Coords points="700,1688 842,1688 842,1751 700,1751"/>
                        <pc:TextEquiv conf="0.875231094360352">
                            <pc:Unicode>trinckt</pc:Unicode>
                        </pc:TextEquiv>
                    </pc:Word>
                    <pc:Word id="region0005_cell0000_line0001_word0005">
                        <pc:Coords points="851,1705 891,1705 891,1753 851,1753"/>
                        <pc:TextEquiv conf="0.831213607788086">
                            <pc:Unicode>x.</pc:Unicode>
                        </pc:TextEquiv>
                    </pc:Word>
                    <pc:Word id="region0005_cell0000_line0001_word0006">
                        <pc:Coords points="920,1702 982,1702 982,1748 920,1748"/>
                        <pc:TextEquiv conf="0.925005187988281">
                            <pc:Unicode>tag</pc:Unicode>
                        </pc:TextEquiv>
                    </pc:Word>
                    <pc:Word id="region0005_cell0000_line0001_word0007">
                        <pc:Coords points="1097,1688 1008,1688 1008,1763 1097,1763"/>
                        <pc:TextEquiv conf="0.920543670654297">
                            <pc:Unicode>noch</pc:Unicode>
                        </pc:TextEquiv>
                    </pc:Word>
                    <pc:Word id="region0005_cell0000_line0001_word0008">
                        <pc:Coords points="1097,1707 1233,1707 1233,1763 1097,1763"/>
                        <pc:TextEquiv conf="0.81699951171875">
                            <pc:Unicode>eman⸗</pc:Unicode>
                        </pc:TextEquiv>
                    </pc:Word>
                    <pc:TextEquiv conf="0.87409183078342">
                        <pc:Unicode>Item wer wermůt faſt trinckt x. tag noch eman⸗</pc:Unicode>
                    </pc:TextEquiv>
                </pc:TextLine>
                <pc:TextEquiv conf="0.702234730190701">
                    <pc:Unicode>Fur die geebſucht.Abſimtheñ.
Item wer wermůt faſt trinckt x. tag noch eman⸗</pc:Unicode>
                </pc:TextEquiv>
            </pc:TextRegion>
        </pc:TableRegion>
        <pc:SeparatorRegion id="region0002">
            <pc:Coords points="582,371 885,371 885,386 582,386"/>
        </pc:SeparatorRegion>
    </pc:Page>
</pc:PcGts>
