<?xml version="1.0" encoding="UTF-8"?>
<pc:PcGts xmlns:pc="http://schema.primaresearch.org/PAGE/gts/pagecontent/2019-07-15" xmlns:xsi="http://www.w3.org/2001/XMLSchema-instance" xsi:schemaLocation="http://schema.primaresearch.org/PAGE/gts/pagecontent/2019-07-15 http://schema.primaresearch.org/PAGE/gts/pagecontent/2019-07-15/pagecontent.xsd" pcGtsId="OCR-D-OCR_0002">
    <pc:Metadata>
        <pc:Creator>OCR-D/core 2.30.0</pc:Creator>
        <pc:Created>2022-11-21T13:08:00.119817</pc:Created>
        <pc:LastChange>2022-11-21T13:08:00.119817</pc:LastChange>
        <pc:MetadataItem type="processingStep" name="layout/segmentation/region" value="ocrd-tesserocr-recognize">
            <pc:Labels externalModel="ocrd-tool" externalId="parameters">
                <pc:Label value="region" type="segmentation_level"/>
                <pc:Label value="word" type="textequiv_level"/>
                <pc:Label value="True" type="find_tables"/>
                <pc:Label value="Fraktur_GT4HistOCR" type="model"/>
                <pc:Label value="0" type="dpi"/>
                <pc:Label value="0" type="padding"/>
                <pc:Label value="False" type="overwrite_segments"/>
                <pc:Label value="True" type="overwrite_text"/>
                <pc:Label value="False" type="shrink_polygons"/>
                <pc:Label value="False" type="block_polygons"/>
                <pc:Label value="False" type="find_staves"/>
                <pc:Label value="False" type="sparse_text"/>
                <pc:Label value="False" type="raw_lines"/>
                <pc:Label value="" type="char_whitelist"/>
                <pc:Label value="" type="char_blacklist"/>
                <pc:Label value="" type="char_unblacklist"/>
                <pc:Label value="{}" type="tesseract_parameters"/>
                <pc:Label value="{}" type="xpath_parameters"/>
                <pc:Label value="{}" type="xpath_model"/>
                <pc:Label value="False" type="auto_model"/>
                <pc:Label value="DEFAULT" type="oem"/>
            </pc:Labels>
            <pc:Labels externalModel="ocrd-tool" externalId="version">
                <pc:Label value="0.13.6 (tesseract 5.0.1)" type="ocrd-tesserocr-recognize"/>
                <pc:Label value="2.30.0" type="ocrd/core"/>
            </pc:Labels>
        </pc:MetadataItem>
    </pc:Metadata>
    <pc:Page imageFilename="OCR-D-IMG/OCR-D-IMG_0002.tif" imageWidth="1732" imageHeight="2383">
        <pc:AlternativeImage filename="OCR-D-OCR/OCR-D-OCR_0002.IMG-BIN.png" comments=",binarized,clipped"/>
        <pc:ReadingOrder>
            <pc:OrderedGroup id="reading-order">
                <pc:RegionRefIndexed index="1" regionRef="region0001"/>
                <pc:RegionRefIndexed index="2" regionRef="region0002"/>
                <pc:RegionRefIndexed index="3" regionRef="region0003"/>
                <pc:RegionRefIndexed index="4" regionRef="region0004"/>
                <pc:RegionRefIndexed index="5" regionRef="region0005"/>
                <pc:RegionRefIndexed index="6" regionRef="region0006"/>
                <pc:RegionRefIndexed index="7" regionRef="region0007"/>
                <pc:RegionRefIndexed index="8" regionRef="region0008"/>
                <pc:RegionRefIndexed index="10" regionRef="region0010"/>
            </pc:OrderedGroup>
        </pc:ReadingOrder>
        <pc:TextRegion id="region0001" orientation="0.572679879002351" readingDirection="left-to-right" textLineOrder="top-to-bottom">
            <pc:Coords points="155,246 1191,246 1191,422 155,422"/>
            <pc:TextLine id="region0001_line0000">
                <pc:Coords points="155,246 1191,246 1191,306 155,306"/>
                <pc:Word id="region0001_line0000_word0000">
                    <pc:Coords points="155,252 383,252 383,304 155,304"/>
                    <pc:TextEquiv conf="0.541592178344727">
                        <pc:Unicode>Man</pc:Unicode>
                    </pc:TextEquiv>
                </pc:Word>
                <pc:Word id="region0001_line0000_word0001">
                    <pc:Coords points="395,251 511,251 511,306 395,306"/>
                    <pc:TextEquiv conf="0.919045791625977">
                        <pc:Unicode>ſaget</pc:Unicode>
                    </pc:TextEquiv>
                </pc:Word>
                <pc:Word id="region0001_line0000_word0002">
                    <pc:Coords points="522,253 635,253 635,305 522,305"/>
                    <pc:TextEquiv conf="0.795974273681641">
                        <pc:Unicode>auch</pc:Unicode>
                    </pc:TextEquiv>
                </pc:Word>
                <pc:Word id="region0001_line0000_word0003">
                    <pc:Coords points="643,252 668,252 668,303 643,303"/>
                    <pc:TextEquiv conf="0.795974273681641">
                        <pc:Unicode>/</pc:Unicode>
                    </pc:TextEquiv>
                </pc:Word>
                <pc:Word id="region0001_line0000_word0004">
                    <pc:Coords points="680,252 765,252 765,296 680,296"/>
                    <pc:TextEquiv conf="0.881353149414063">
                        <pc:Unicode>das</pc:Unicode>
                    </pc:TextEquiv>
                </pc:Word>
                <pc:Word id="region0001_line0000_word0005">
                    <pc:Coords points="776,247 825,247 825,302 776,302"/>
                    <pc:TextEquiv conf="0.924936752319336">
                        <pc:Unicode>ſie</pc:Unicode>
                    </pc:TextEquiv>
                </pc:Word>
                <pc:Word id="region0001_line0000_word0006">
                    <pc:Coords points="837,257 930,257 930,303 837,303"/>
                    <pc:TextEquiv conf="0.927040710449219">
                        <pc:Unicode>zum</pc:Unicode>
                    </pc:TextEquiv>
                </pc:Word>
                <pc:Word id="region0001_line0000_word0007">
                    <pc:Coords points="942,246 1101,246 1101,302 942,302"/>
                    <pc:TextEquiv conf="0.91970947265625">
                        <pc:Unicode>zeichen</pc:Unicode>
                    </pc:TextEquiv>
                </pc:Word>
                <pc:Word id="region0001_line0000_word0008">
                    <pc:Coords points="1120,249 1191,249 1191,293 1120,293"/>
                    <pc:TextEquiv conf="0.918019714355469">
                        <pc:Unicode>ein</pc:Unicode>
                    </pc:TextEquiv>
                </pc:Word>
                <pc:TextEquiv conf="0.847071812947591">
                    <pc:Unicode>Man ſaget auch / das ſie zum zeichen ein</pc:Unicode>
                </pc:TextEquiv>
            </pc:TextLine>
            <pc:TextLine id="region0001_line0001">
                <pc:Coords points="173,303 1189,303 1189,365 173,365"/>
                <pc:Word id="region0001_line0001_word0000">
                    <pc:Coords points="173,309 344,309 344,365 173,365"/>
                    <pc:TextEquiv conf="0.851314239501953">
                        <pc:Unicode>jglicher</pc:Unicode>
                    </pc:TextEquiv>
                </pc:Word>
                <pc:Word id="region0001_line0001_word0001">
                    <pc:Coords points="364,312 474,312 474,355 364,355"/>
                    <pc:TextEquiv conf="0.925083847045898">
                        <pc:Unicode>oben</pc:Unicode>
                    </pc:TextEquiv>
                </pc:Word>
                <pc:Word id="region0001_line0001_word0002">
                    <pc:Coords points="488,320 544,320 544,352 488,352"/>
                    <pc:TextEquiv conf="0.925083847045898">
                        <pc:Unicode>an</pc:Unicode>
                    </pc:TextEquiv>
                </pc:Word>
                <pc:Word id="region0001_line0001_word0003">
                    <pc:Coords points="560,308 690,308 690,360 560,360"/>
                    <pc:TextEquiv conf="0.917109985351563">
                        <pc:Unicode>ſeinen</pc:Unicode>
                    </pc:TextEquiv>
                </pc:Word>
                <pc:Word id="region0001_line0001_word0004">
                    <pc:Coords points="706,306 836,306 836,360 706,360"/>
                    <pc:TextEquiv conf="0.922809982299805">
                        <pc:Unicode>hoſen</pc:Unicode>
                    </pc:TextEquiv>
                </pc:Word>
                <pc:Word id="region0001_line0001_word0005">
                    <pc:Coords points="854,309 971,309 971,350 854,350"/>
                    <pc:TextEquiv conf="0.919869689941406">
                        <pc:Unicode>einen</pc:Unicode>
                    </pc:TextEquiv>
                </pc:Word>
                <pc:Word id="region0001_line0001_word0006">
                    <pc:Coords points="994,303 1189,303 1189,359 994,359"/>
                    <pc:TextEquiv conf="0.887118377685547">
                        <pc:Unicode>Strahel</pc:Unicode>
                    </pc:TextEquiv>
                </pc:Word>
                <pc:TextEquiv conf="0.90691285269601">
                    <pc:Unicode>jglicher oben an ſeinen hoſen einen Strahel</pc:Unicode>
                </pc:TextEquiv>
            </pc:TextLine>
            <pc:TextLine id="region0001_line0002">
                <pc:Coords points="171,362 1065,362 1065,422 171,422"/>
                <pc:Word id="region0001_line0002_word0000">
                    <pc:Coords points="171,369 232,369 232,422 171,422"/>
                    <pc:TextEquiv conf="0.915533599853516">
                        <pc:Unicode>ſol</pc:Unicode>
                    </pc:TextEquiv>
                </pc:Word>
                <pc:Word id="region0001_line0002_word0001">
                    <pc:Coords points="244,367 387,367 387,422 244,422"/>
                    <pc:TextEquiv conf="0.879852142333984">
                        <pc:Unicode>haben</pc:Unicode>
                    </pc:TextEquiv>
                </pc:Word>
                <pc:Word id="region0001_line0002_word0002">
                    <pc:Coords points="397,374 420,374 420,420 397,420"/>
                    <pc:TextEquiv conf="0.879852142333984">
                        <pc:Unicode>/</pc:Unicode>
                    </pc:TextEquiv>
                </pc:Word>
                <pc:Word id="region0001_line0002_word0003">
                    <pc:Coords points="433,365 566,365 566,418 433,418"/>
                    <pc:TextEquiv conf="0.923303451538086">
                        <pc:Unicode>dabey</pc:Unicode>
                    </pc:TextEquiv>
                </pc:Word>
                <pc:Word id="region0001_line0002_word0004">
                    <pc:Coords points="580,363 629,363 629,414 580,414"/>
                    <pc:TextEquiv conf="0.919261779785156">
                        <pc:Unicode>ſie</pc:Unicode>
                    </pc:TextEquiv>
                </pc:Word>
                <pc:Word id="region0001_line0002_word0005">
                    <pc:Coords points="642,366 837,366 837,408 642,408"/>
                    <pc:TextEquiv conf="0.914336090087891">
                        <pc:Unicode>einander</pc:Unicode>
                    </pc:TextEquiv>
                </pc:Word>
                <pc:Word id="region0001_line0002_word0006">
                    <pc:Coords points="847,362 1065,362 1065,406 847,406"/>
                    <pc:TextEquiv conf="0.91215950012207">
                        <pc:Unicode>erkennen.</pc:Unicode>
                    </pc:TextEquiv>
                </pc:Word>
                <pc:TextEquiv conf="0.906328386579241">
                    <pc:Unicode>ſol haben / dabey ſie einander erkennen.</pc:Unicode>
                </pc:TextEquiv>
            </pc:TextLine>
            <pc:TextEquiv conf="0.886771017407614">
                <pc:Unicode>Man ſaget auch / das ſie zum zeichen ein
jglicher oben an ſeinen hoſen einen Strahel
ſol haben / dabey ſie einander erkennen.</pc:Unicode>
            </pc:TextEquiv>
        </pc:TextRegion>
        <pc:TextRegion id="region0002" orientation="0.572679879002351" readingDirection="left-to-right" textLineOrder="top-to-bottom">
            <pc:Coords points="170,466 1213,466 1213,693 170,693"/>
            <pc:TextLine id="region0002_line0000">
                <pc:Coords points="170,466 1190,466 1190,524 170,524"/>
                <pc:Word id="region0002_line0000_word0000">
                    <pc:Coords points="170,475 229,475 229,518 170,518"/>
                    <pc:TextEquiv conf="0.791332321166992">
                        <pc:Unicode>26</pc:Unicode>
                    </pc:TextEquiv>
                </pc:Word>
                <pc:Word id="region0002_line0000_word0001">
                    <pc:Coords points="284,472 423,472 423,521 284,521"/>
                    <pc:TextEquiv conf="0.89572868347168">
                        <pc:Unicode>Mehr</pc:Unicode>
                    </pc:TextEquiv>
                </pc:Word>
                <pc:Word id="region0002_line0000_word0002">
                    <pc:Coords points="436,472 542,472 542,514 436,514"/>
                    <pc:TextEquiv conf="0.904521026611328">
                        <pc:Unicode>wird</pc:Unicode>
                    </pc:TextEquiv>
                </pc:Word>
                <pc:Word id="region0002_line0000_word0003">
                    <pc:Coords points="554,471 795,471 795,524 554,524"/>
                    <pc:TextEquiv conf="0.458189392089844">
                        <pc:Unicode>angezeigt</pc:Unicode>
                    </pc:TextEquiv>
                </pc:Word>
                <pc:Word id="region0002_line0000_word0004">
                    <pc:Coords points="806,466 784,466 784,524 806,524"/>
                    <pc:TextEquiv conf="0.458189392089844">
                        <pc:Unicode>/</pc:Unicode>
                    </pc:TextEquiv>
                </pc:Word>
                <pc:Word id="region0002_line0000_word0005">
                    <pc:Coords points="808,471 894,471 894,513 808,513"/>
                    <pc:TextEquiv conf="0.924626312255859">
                        <pc:Unicode>das</pc:Unicode>
                    </pc:TextEquiv>
                </pc:Word>
                <pc:Word id="region0002_line0000_word0006">
                    <pc:Coords points="904,469 1010,469 1010,511 904,511"/>
                    <pc:TextEquiv conf="0.927978286743164">
                        <pc:Unicode>einer</pc:Unicode>
                    </pc:TextEquiv>
                </pc:Word>
                <pc:Word id="region0002_line0000_word0007">
                    <pc:Coords points="1023,466 1190,466 1190,514 1023,514"/>
                    <pc:TextEquiv conf="0.82263916015625">
                        <pc:Unicode>Huner</pc:Unicode>
                    </pc:TextEquiv>
                </pc:Word>
                <pc:TextEquiv conf="0.77290057182312">
                    <pc:Unicode>26 Mehr wird angezeigt / das einer Huner</pc:Unicode>
                </pc:TextEquiv>
            </pc:TextLine>
            <pc:TextLine id="region0002_line0001">
                <pc:Coords points="172,520 1193,520 1193,577 172,577"/>
                <pc:Word id="region0002_line0001_word0000">
                    <pc:Coords points="172,535 259,535 259,574 172,574"/>
                    <pc:TextEquiv conf="0.918984603881836">
                        <pc:Unicode>von</pc:Unicode>
                    </pc:TextEquiv>
                </pc:Word>
                <pc:Word id="region0002_line0001_word0001">
                    <pc:Coords points="272,527 524,527 524,573 272,573"/>
                    <pc:TextEquiv conf="0.916353302001953">
                        <pc:Unicode>Widebock</pc:Unicode>
                    </pc:TextEquiv>
                </pc:Word>
                <pc:Word id="region0002_line0001_word0002">
                    <pc:Coords points="543,529 772,529 772,577 543,577"/>
                    <pc:TextEquiv conf="0.715429916381836">
                        <pc:Unicode>genandt/</pc:Unicode>
                    </pc:TextEquiv>
                </pc:Word>
                <pc:Word id="region0002_line0001_word0003">
                    <pc:Coords points="785,525 898,525 898,575 785,575"/>
                    <pc:TextEquiv conf="0.891272735595703">
                        <pc:Unicode>habe</pc:Unicode>
                    </pc:TextEquiv>
                </pc:Word>
                <pc:Word id="region0002_line0001_word0004">
                    <pc:Coords points="919,522 1022,522 1022,574 919,574"/>
                    <pc:TextEquiv conf="0.918640594482422">
                        <pc:Unicode>dieſe</pc:Unicode>
                    </pc:TextEquiv>
                </pc:Word>
                <pc:Word id="region0002_line0001_word0005">
                    <pc:Coords points="1043,520 1193,520 1193,570 1043,570"/>
                    <pc:TextEquiv conf="0.919095153808594">
                        <pc:Unicode>Geſel⸗</pc:Unicode>
                    </pc:TextEquiv>
                </pc:Word>
                <pc:TextEquiv conf="0.879962717692057">
                    <pc:Unicode>von Widebock genandt/ habe dieſe Geſel⸗</pc:Unicode>
                </pc:TextEquiv>
            </pc:TextLine>
            <pc:TextLine id="region0002_line0002">
                <pc:Coords points="171,577 1213,577 1213,637 171,637"/>
                <pc:Word id="region0002_line0002_word0000">
                    <pc:Coords points="171,582 324,582 324,637 171,637"/>
                    <pc:TextEquiv conf="0.915913619995117">
                        <pc:Unicode>ſchafft</pc:Unicode>
                    </pc:TextEquiv>
                </pc:Word>
                <pc:Word id="region0002_line0002_word0001">
                    <pc:Coords points="340,584 417,584 417,637 340,637"/>
                    <pc:TextEquiv conf="0.928177032470703">
                        <pc:Unicode>bey</pc:Unicode>
                    </pc:TextEquiv>
                </pc:Word>
                <pc:Word id="region0002_line0002_word0002">
                    <pc:Coords points="429,585 653,585 653,633 429,633"/>
                    <pc:TextEquiv conf="0.371565017700195">
                        <pc:Unicode>einander</pc:Unicode>
                    </pc:TextEquiv>
                </pc:Word>
                <pc:Word id="region0002_line0002_word0003">
                    <pc:Coords points="660,577 638,577 638,637 660,637"/>
                    <pc:TextEquiv conf="0.371565017700195">
                        <pc:Unicode>/</pc:Unicode>
                    </pc:TextEquiv>
                </pc:Word>
                <pc:Word id="region0002_line0002_word0004">
                    <pc:Coords points="664,592 751,592 751,626 664,626"/>
                    <pc:TextEquiv conf="0.925695266723633">
                        <pc:Unicode>von</pc:Unicode>
                    </pc:TextEquiv>
                </pc:Word>
                <pc:Word id="region0002_line0002_word0005">
                    <pc:Coords points="766,583 898,583 898,623 766,623"/>
                    <pc:TextEquiv conf="0.925695266723633">
                        <pc:Unicode>denen</pc:Unicode>
                    </pc:TextEquiv>
                </pc:Word>
                <pc:Word id="region0002_line0002_word0006">
                    <pc:Coords points="912,577 1040,577 1040,630 912,630"/>
                    <pc:TextEquiv conf="0.912500686645508">
                        <pc:Unicode>ſollen</pc:Unicode>
                    </pc:TextEquiv>
                </pc:Word>
                <pc:Word id="region0002_line0002_word0007">
                    <pc:Coords points="1050,582 1213,582 1213,632 1050,632"/>
                    <pc:TextEquiv conf="0.890484924316406">
                        <pc:Unicode>zween</pc:Unicode>
                    </pc:TextEquiv>
                </pc:Word>
                <pc:TextEquiv conf="0.780199604034424">
                    <pc:Unicode>ſchafft bey einander / von denen ſollen zween</pc:Unicode>
                </pc:TextEquiv>
            </pc:TextLine>
            <pc:TextLine id="region0002_line0003">
                <pc:Coords points="172,633 992,633 992,693 172,693"/>
                <pc:Word id="region0002_line0003_word0000">
                    <pc:Coords points="172,636 390,636 390,684 172,684"/>
                    <pc:TextEquiv conf="0.633125686645508">
                        <pc:Unicode>einkomen</pc:Unicode>
                    </pc:TextEquiv>
                </pc:Word>
                <pc:Word id="region0002_line0003_word0001">
                    <pc:Coords points="403,643 424,643 424,693 403,693"/>
                    <pc:TextEquiv conf="0.885710067749023">
                        <pc:Unicode>/</pc:Unicode>
                    </pc:TextEquiv>
                </pc:Word>
                <pc:Word id="region0002_line0003_word0002">
                    <pc:Coords points="442,639 529,639 529,682 442,682"/>
                    <pc:TextEquiv conf="0.885710067749023">
                        <pc:Unicode>vnd</pc:Unicode>
                    </pc:TextEquiv>
                </pc:Word>
                <pc:Word id="region0002_line0003_word0003">
                    <pc:Coords points="538,639 697,639 697,691 538,691"/>
                    <pc:TextEquiv conf="0.919311141967773">
                        <pc:Unicode>gericht</pc:Unicode>
                    </pc:TextEquiv>
                </pc:Word>
                <pc:Word id="region0002_line0003_word0004">
                    <pc:Coords points="706,633 882,633 882,682 706,682"/>
                    <pc:TextEquiv conf="0.929948348999023">
                        <pc:Unicode>worden</pc:Unicode>
                    </pc:TextEquiv>
                </pc:Word>
                <pc:Word id="region0002_line0003_word0005">
                    <pc:Coords points="895,634 992,634 992,689 895,689"/>
                    <pc:TextEquiv conf="0.918396377563477">
                        <pc:Unicode>ſein.</pc:Unicode>
                    </pc:TextEquiv>
                </pc:Word>
                <pc:TextEquiv conf="0.862033615112305">
                    <pc:Unicode>einkomen / vnd gericht worden ſein.</pc:Unicode>
                </pc:TextEquiv>
            </pc:TextLine>
            <pc:TextEquiv conf="0.823774127165476">
                <pc:Unicode>26 Mehr wird angezeigt / das einer Huner
von Widebock genandt/ habe dieſe Geſel⸗
ſchafft bey einander / von denen ſollen zween
einkomen / vnd gericht worden ſein.</pc:Unicode>
            </pc:TextEquiv>
        </pc:TextRegion>
        <pc:TextRegion id="region0003" orientation="0.572679879002351" readingDirection="left-to-right" textLineOrder="top-to-bottom">
            <pc:Coords points="411,802 1197,802 1197,1089 411,1089"/>
            <pc:TextLine id="region0003_line0000">
                <pc:Coords points="523,802 1196,802 1196,860 523,860"/>
                <pc:Word id="region0003_line0000_word0000">
                    <pc:Coords points="523,807 682,807 682,858 523,858"/>
                    <pc:TextEquiv conf="0.561110305786133">
                        <pc:Unicode>Dieſes</pc:Unicode>
                    </pc:TextEquiv>
                </pc:Word>
                <pc:Word id="region0003_line0000_word0001">
                    <pc:Coords points="693,808 874,808 874,860 693,860"/>
                    <pc:TextEquiv conf="0.881564636230469">
                        <pc:Unicode>Zeichen</pc:Unicode>
                    </pc:TextEquiv>
                </pc:Word>
                <pc:Word id="region0003_line0000_word0002">
                    <pc:Coords points="885,807 932,807 932,859 885,859"/>
                    <pc:TextEquiv conf="0.922531661987305">
                        <pc:Unicode>iſt</pc:Unicode>
                    </pc:TextEquiv>
                </pc:Word>
                <pc:Word id="region0003_line0000_word0003">
                    <pc:Coords points="1021,802 973,802 973,860 1021,860"/>
                    <pc:TextEquiv conf="0.924640502929687">
                        <pc:Unicode>zu</pc:Unicode>
                    </pc:TextEquiv>
                </pc:Word>
                <pc:Word id="region0003_line0000_word0004">
                    <pc:Coords points="1003,802 1196,802 1196,855 1003,855"/>
                    <pc:TextEquiv conf="0.901778717041016">
                        <pc:Unicode>Magde⸗</pc:Unicode>
                    </pc:TextEquiv>
                </pc:Word>
                <pc:TextEquiv conf="0.838325164794922">
                    <pc:Unicode>Dieſes Zeichen iſt zu Magde⸗</pc:Unicode>
                </pc:TextEquiv>
            </pc:TextLine>
            <pc:TextLine id="region0003_line0001">
                <pc:Coords points="411,856 1193,856 1193,921 411,921"/>
                <pc:Word id="region0003_line0001_word0000">
                    <pc:Coords points="411,859 575,859 575,914 411,914"/>
                    <pc:TextEquiv conf="0.">
                        <pc:Unicode>vburg</pc:Unicode>
                    </pc:TextEquiv>
                </pc:Word>
                <pc:Word id="region0003_line0001_word0001">
                    <pc:Coords points="592,873 650,873 650,921 592,921"/>
                    <pc:TextEquiv conf="0.924195175170898">
                        <pc:Unicode>an</pc:Unicode>
                    </pc:TextEquiv>
                </pc:Word>
                <pc:Word id="region0003_line0001_word0002">
                    <pc:Coords points="684,865 780,865 780,906 684,906"/>
                    <pc:TextEquiv conf="0.924195175170898">
                        <pc:Unicode>dem</pc:Unicode>
                    </pc:TextEquiv>
                </pc:Word>
                <pc:Word id="region0003_line0001_word0003">
                    <pc:Coords points="813,864 930,864 930,903 813,903"/>
                    <pc:TextEquiv conf="0.902014923095703">
                        <pc:Unicode>einen</pc:Unicode>
                    </pc:TextEquiv>
                </pc:Word>
                <pc:Word id="region0003_line0001_word0004">
                    <pc:Coords points="964,856 1193,856 1193,910 964,910"/>
                    <pc:TextEquiv conf="0.848719787597656">
                        <pc:Unicode>thorfluͤgel</pc:Unicode>
                    </pc:TextEquiv>
                </pc:Word>
                <pc:TextEquiv conf="0.919825012207031">
                    <pc:Unicode>vburg an dem einen thorfluͤgel</pc:Unicode>
                </pc:TextEquiv>
            </pc:TextLine>
            <pc:TextLine id="region0003_line0002">
                <pc:Coords points="464,912 1196,912 1196,969 464,969"/>
                <pc:Word id="region0003_line0002_word0000">
                    <pc:Coords points="464,918 680,918 680,969 464,969"/>
                    <pc:TextEquiv conf="0.885926666259766">
                        <pc:Unicode>gefunden</pc:Unicode>
                    </pc:TextEquiv>
                </pc:Word>
                <pc:Word id="region0003_line0002_word0001">
                    <pc:Coords points="692,921 866,921 866,961 692,961"/>
                    <pc:TextEquiv conf="0.890476531982422">
                        <pc:Unicode>worden</pc:Unicode>
                    </pc:TextEquiv>
                </pc:Word>
                <pc:Word id="region0003_line0002_word0002">
                    <pc:Coords points="878,920 902,920 902,968 878,968"/>
                    <pc:TextEquiv conf="0.922506790161133">
                        <pc:Unicode>/</pc:Unicode>
                    </pc:TextEquiv>
                </pc:Word>
                <pc:Word id="region0003_line0002_word0003">
                    <pc:Coords points="921,918 1007,918 1007,958 921,958"/>
                    <pc:TextEquiv conf="0.922399749755859">
                        <pc:Unicode>das</pc:Unicode>
                    </pc:TextEquiv>
                </pc:Word>
                <pc:Word id="region0003_line0002_word0004">
                    <pc:Coords points="1020,912 1099,912 1099,965 1020,965"/>
                    <pc:TextEquiv conf="0.904453887939453">
                        <pc:Unicode>hat</pc:Unicode>
                    </pc:TextEquiv>
                </pc:Word>
                <pc:Word id="region0003_line0002_word0005">
                    <pc:Coords points="1121,912 1196,912 1196,953 1121,953"/>
                    <pc:TextEquiv conf="0.930437240600586">
                        <pc:Unicode>be⸗</pc:Unicode>
                    </pc:TextEquiv>
                </pc:Word>
                <pc:TextEquiv conf="0.909366811116536">
                    <pc:Unicode>gefunden worden / das hat be⸗</pc:Unicode>
                </pc:TextEquiv>
            </pc:TextLine>
            <pc:TextLine id="region0003_line0003">
                <pc:Coords points="466,972 1197,972 1197,1025 466,1025"/>
                <pc:Word id="region0003_line0003_word0000">
                    <pc:Coords points="466,978 565,978 565,1016 466,1016"/>
                    <pc:TextEquiv conf="0.842929840087891">
                        <pc:Unicode>deut</pc:Unicode>
                    </pc:TextEquiv>
                </pc:Word>
                <pc:Word id="region0003_line0003_word0001">
                    <pc:Coords points="594,976 604,976 604,1024 594,1024"/>
                    <pc:TextEquiv conf="0.842929840087891">
                        <pc:Unicode>/</pc:Unicode>
                    </pc:TextEquiv>
                </pc:Word>
                <pc:Word id="region0003_line0003_word0002">
                    <pc:Coords points="628,975 716,975 716,1018 628,1018"/>
                    <pc:TextEquiv conf="0.93255729675293">
                        <pc:Unicode>das</pc:Unicode>
                    </pc:TextEquiv>
                </pc:Word>
                <pc:Word id="region0003_line0003_word0003">
                    <pc:Coords points="735,976 805,976 805,1016 735,1016"/>
                    <pc:TextEquiv conf="0.931048736572266">
                        <pc:Unicode>der</pc:Unicode>
                    </pc:TextEquiv>
                </pc:Word>
                <pc:Word id="region0003_line0003_word0004">
                    <pc:Coords points="825,974 910,974 910,1017 825,1017"/>
                    <pc:TextEquiv conf="0.930806884765625">
                        <pc:Unicode>eine</pc:Unicode>
                    </pc:TextEquiv>
                </pc:Word>
                <pc:Word id="region0003_line0003_word0005">
                    <pc:Coords points="922,972 1101,972 1101,1025 922,1025"/>
                    <pc:TextEquiv conf="0.905498962402344">
                        <pc:Unicode>hinweg</pc:Unicode>
                    </pc:TextEquiv>
                </pc:Word>
                <pc:Word id="region0003_line0003_word0006">
                    <pc:Coords points="1118,975 1197,975 1197,1017 1118,1017"/>
                    <pc:TextEquiv conf="0.922384796142578">
                        <pc:Unicode>ge⸗</pc:Unicode>
                    </pc:TextEquiv>
                </pc:Word>
                <pc:TextEquiv conf="0.901165193830218">
                    <pc:Unicode>deut / das der eine hinweg ge⸗</pc:Unicode>
                </pc:TextEquiv>
            </pc:TextLine>
            <pc:TextLine id="region0003_line0004">
                <pc:Coords points="468,1023 587,1023 587,1089 468,1089"/>
                <pc:Word id="region0003_line0004_word0000">
                    <pc:Coords points="468,1023 587,1023 587,1089 468,1089"/>
                    <pc:TextEquiv conf="0.621980247497559">
                        <pc:Unicode>weſt.</pc:Unicode>
                    </pc:TextEquiv>
                </pc:Word>
                <pc:TextEquiv conf="0.621980247497559">
                    <pc:Unicode>weſt.</pc:Unicode>
                </pc:TextEquiv>
            </pc:TextLine>
            <pc:TextEquiv conf="0.838132485889253">
                <pc:Unicode>Dieſes Zeichen iſt zu Magde⸗
vburg an dem einen thorfluͤgel
gefunden worden / das hat be⸗
deut / das der eine hinweg ge⸗
weſt.</pc:Unicode>
            </pc:TextEquiv>
        </pc:TextRegion>
        <pc:TextRegion id="region0005" orientation="0.572679879002351" readingDirection="left-to-right" textLineOrder="top-to-bottom">
            <pc:Coords points="406,1339 1209,1339 1209,1566 406,1566"/>
            <pc:TextLine id="region0005_line0000">
                <pc:Coords points="406,1339 1201,1339 1201,1400 406,1400"/>
                <pc:Word id="region0005_line0000_word0000">
                    <pc:Coords points="406,1346 753,1346 753,1399 406,1399"/>
                    <pc:TextEquiv conf="0.378077697753906">
                        <pc:Unicode>„Darnach</pc:Unicode>
                    </pc:TextEquiv>
                </pc:Word>
                <pc:Word id="region0005_line0000_word0001">
                    <pc:Coords points="773,1345 822,1345 822,1400 773,1400"/>
                    <pc:TextEquiv conf="0.929887161254883">
                        <pc:Unicode>iſt</pc:Unicode>
                    </pc:TextEquiv>
                </pc:Word>
                <pc:Word id="region0005_line0000_word0002">
                    <pc:Coords points="841,1353 897,1353 897,1389 841,1389"/>
                    <pc:TextEquiv conf="0.917763595581055">
                        <pc:Unicode>an</pc:Unicode>
                    </pc:TextEquiv>
                </pc:Word>
                <pc:Word id="region0005_line0000_word0003">
                    <pc:Coords points="920,1344 1017,1344 1017,1387 920,1387"/>
                    <pc:TextEquiv conf="0.918065338134766">
                        <pc:Unicode>dem</pc:Unicode>
                    </pc:TextEquiv>
                </pc:Word>
                <pc:Word id="region0005_line0000_word0004">
                    <pc:Coords points="1027,1339 1201,1339 1201,1386 1027,1386"/>
                    <pc:TextEquiv conf="0.921317138671875">
                        <pc:Unicode>andern</pc:Unicode>
                    </pc:TextEquiv>
                </pc:Word>
                <pc:TextEquiv conf="0.813022186279297">
                    <pc:Unicode>„Darnach iſt an dem andern</pc:Unicode>
                </pc:TextEquiv>
            </pc:TextLine>
            <pc:TextLine id="region0005_line0001">
                <pc:Coords points="472,1395 1203,1395 1203,1457 472,1457"/>
                <pc:Word id="region0005_line0001_word0000">
                    <pc:Coords points="472,1399 701,1399 701,1457 472,1457"/>
                    <pc:TextEquiv conf="0.921787261962891">
                        <pc:Unicode>thorfluͤgel</pc:Unicode>
                    </pc:TextEquiv>
                </pc:Word>
                <pc:Word id="region0005_line0001_word0001">
                    <pc:Coords points="720,1403 848,1403 848,1453 720,1453"/>
                    <pc:TextEquiv conf="0.924963607788086">
                        <pc:Unicode>dieſes</pc:Unicode>
                    </pc:TextEquiv>
                </pc:Word>
                <pc:Word id="region0005_line0001_word0002">
                    <pc:Coords points="868,1399 1051,1399 1051,1452 868,1452"/>
                    <pc:TextEquiv conf="0.924387588500977">
                        <pc:Unicode>Zeichen</pc:Unicode>
                    </pc:TextEquiv>
                </pc:Word>
                <pc:Word id="region0005_line0001_word0003">
                    <pc:Coords points="1063,1395 1203,1395 1203,1448 1063,1448"/>
                    <pc:TextEquiv conf="0.916674194335938">
                        <pc:Unicode>gefun</pc:Unicode>
                    </pc:TextEquiv>
                </pc:Word>
                <pc:TextEquiv conf="0.921953163146973">
                    <pc:Unicode>thorfluͤgel dieſes Zeichen gefun</pc:Unicode>
                </pc:TextEquiv>
            </pc:TextLine>
            <pc:TextLine id="region0005_line0002">
                <pc:Coords points="408,1453 1209,1453 1209,1507 408,1507"/>
                <pc:Word id="region0005_line0002_word0000">
                    <pc:Coords points="408,1463 553,1463 553,1502 408,1502"/>
                    <pc:TextEquiv conf="0.342799530029297">
                        <pc:Unicode>den</pc:Unicode>
                    </pc:TextEquiv>
                </pc:Word>
                <pc:Word id="region0005_line0002_word0001">
                    <pc:Coords points="566,1460 766,1460 766,1506 566,1506"/>
                    <pc:TextEquiv conf="0.432286033630371">
                        <pc:Unicode>vworden</pc:Unicode>
                    </pc:TextEquiv>
                </pc:Word>
                <pc:Word id="region0005_line0002_word0002">
                    <pc:Coords points="754,1453 733,1453 733,1507 754,1507"/>
                    <pc:TextEquiv conf="0.432391014099121">
                        <pc:Unicode>/</pc:Unicode>
                    </pc:TextEquiv>
                </pc:Word>
                <pc:Word id="region0005_line0002_word0003">
                    <pc:Coords points="779,1458 850,1458 850,1500 779,1500"/>
                    <pc:TextEquiv conf="0.867263717651367">
                        <pc:Unicode>als</pc:Unicode>
                    </pc:TextEquiv>
                </pc:Word>
                <pc:Word id="region0005_line0002_word0004">
                    <pc:Coords points="861,1466 909,1466 909,1507 861,1507"/>
                    <pc:TextEquiv conf="0.921881637573242">
                        <pc:Unicode>zu</pc:Unicode>
                    </pc:TextEquiv>
                </pc:Word>
                <pc:Word id="region0005_line0002_word0005">
                    <pc:Coords points="925,1453 1209,1453 1209,1507 925,1507"/>
                    <pc:TextEquiv conf="0.859524078369141">
                        <pc:Unicode>vnterrichten</pc:Unicode>
                    </pc:TextEquiv>
                </pc:Word>
                <pc:TextEquiv conf="0.64269100189209">
                    <pc:Unicode>den vworden / als zu vnterrichten</pc:Unicode>
                </pc:TextEquiv>
            </pc:TextLine>
            <pc:TextLine id="region0005_line0003">
                <pc:Coords points="473,1511 927,1511 927,1566 473,1566"/>
                <pc:Word id="region0005_line0003_word0000">
                    <pc:Coords points="473,1516 544,1516 544,1557 473,1557"/>
                    <pc:TextEquiv conf="0.910120010375977">
                        <pc:Unicode>der</pc:Unicode>
                    </pc:TextEquiv>
                </pc:Word>
                <pc:Word id="region0005_line0003_word0001">
                    <pc:Coords points="554,1515 682,1515 682,1559 554,1559"/>
                    <pc:TextEquiv conf="0.895569839477539">
                        <pc:Unicode>ander</pc:Unicode>
                    </pc:TextEquiv>
                </pc:Word>
                <pc:Word id="region0005_line0003_word0002">
                    <pc:Coords points="700,1511 746,1511 746,1566 700,1566"/>
                    <pc:TextEquiv conf="0.909780349731445">
                        <pc:Unicode>iſt</pc:Unicode>
                    </pc:TextEquiv>
                </pc:Word>
                <pc:Word id="region0005_line0003_word0003">
                    <pc:Coords points="759,1512 927,1512 927,1557 759,1557"/>
                    <pc:TextEquiv conf="0.909454956054688">
                        <pc:Unicode>komen.</pc:Unicode>
                    </pc:TextEquiv>
                </pc:Word>
                <pc:TextEquiv conf="0.906231288909912">
                    <pc:Unicode>der ander iſt komen.</pc:Unicode>
                </pc:TextEquiv>
            </pc:TextLine>
            <pc:TextEquiv conf="0.820974410057068">
                <pc:Unicode>„Darnach iſt an dem andern
thorfluͤgel dieſes Zeichen gefun
den vworden / als zu vnterrichten
der ander iſt komen.</pc:Unicode>
            </pc:TextEquiv>
        </pc:TextRegion>
        <pc:TextRegion id="region0007" orientation="0.572679879002351" readingDirection="left-to-right" textLineOrder="top-to-bottom">
            <pc:Coords points="180,1726 1210,1726 1210,1907 180,1907"/>
            <pc:TextLine id="region0007_line0000">
                <pc:Coords points="257,1726 1208,1726 1208,1789 257,1789"/>
                <pc:Word id="region0007_line0000_word0000">
                    <pc:Coords points="257,1734 367,1734 367,1782 257,1782"/>
                    <pc:TextEquiv conf="0.915232696533203">
                        <pc:Unicode>Des</pc:Unicode>
                    </pc:TextEquiv>
                </pc:Word>
                <pc:Word id="region0007_line0000_word0001">
                    <pc:Coords points="379,1731 632,1731 632,1789 379,1789"/>
                    <pc:TextEquiv conf="0.464568328857422">
                        <pc:Unicode>Hertzogen</pc:Unicode>
                    </pc:TextEquiv>
                </pc:Word>
                <pc:Word id="region0007_line0000_word0002">
                    <pc:Coords points="653,1746 740,1746 740,1782 653,1782"/>
                    <pc:TextEquiv conf="0.928452835083008">
                        <pc:Unicode>von</pc:Unicode>
                    </pc:TextEquiv>
                </pc:Word>
                <pc:Word id="region0007_line0000_word0003">
                    <pc:Coords points="752,1732 1053,1732 1053,1783 752,1783"/>
                    <pc:TextEquiv conf="0.918797988891602">
                        <pc:Unicode>Wirtenbergs</pc:Unicode>
                    </pc:TextEquiv>
                </pc:Word>
                <pc:Word id="region0007_line0000_word0004">
                    <pc:Coords points="1069,1726 1208,1726 1208,1776 1069,1776"/>
                    <pc:TextEquiv conf="0.907711791992188">
                        <pc:Unicode>Stete</pc:Unicode>
                    </pc:TextEquiv>
                </pc:Word>
                <pc:TextEquiv conf="0.826952728271484">
                    <pc:Unicode>Des Hertzogen von Wirtenbergs Stete</pc:Unicode>
                </pc:TextEquiv>
            </pc:TextLine>
            <pc:TextLine id="region0007_line0001">
                <pc:Coords points="181,1788 1210,1788 1210,1852 181,1852"/>
                <pc:Word id="region0007_line0001_word0000">
                    <pc:Coords points="181,1795 270,1795 270,1838 181,1838"/>
                    <pc:TextEquiv conf="0.914797439575195">
                        <pc:Unicode>vnd</pc:Unicode>
                    </pc:TextEquiv>
                </pc:Word>
                <pc:Word id="region0007_line0001_word0001">
                    <pc:Coords points="287,1791 462,1791 462,1846 287,1846"/>
                    <pc:TextEquiv conf="0.885368804931641">
                        <pc:Unicode>flecken</pc:Unicode>
                    </pc:TextEquiv>
                </pc:Word>
                <pc:Word id="region0007_line0001_word0002">
                    <pc:Coords points="470,1788 447,1788 447,1852 470,1852"/>
                    <pc:TextEquiv conf="0.885368804931641">
                        <pc:Unicode>/</pc:Unicode>
                    </pc:TextEquiv>
                </pc:Word>
                <pc:Word id="region0007_line0001_word0003">
                    <pc:Coords points="578,1788 492,1788 492,1852 578,1852"/>
                    <pc:TextEquiv conf="0.923357925415039">
                        <pc:Unicode>ſind</pc:Unicode>
                    </pc:TextEquiv>
                </pc:Word>
                <pc:Word id="region0007_line0001_word0004">
                    <pc:Coords points="669,1788 600,1788 600,1852 669,1852"/>
                    <pc:TextEquiv conf="0.92956413269043">
                        <pc:Unicode>zum</pc:Unicode>
                    </pc:TextEquiv>
                </pc:Word>
                <pc:Word id="region0007_line0001_word0005">
                    <pc:Coords points="670,1790 845,1790 845,1852 670,1852"/>
                    <pc:TextEquiv conf="0.911729049682617">
                        <pc:Unicode>mehrer</pc:Unicode>
                    </pc:TextEquiv>
                </pc:Word>
                <pc:Word id="region0007_line0001_word0006">
                    <pc:Coords points="867,1792 934,1792 934,1838 867,1838"/>
                    <pc:TextEquiv conf="0.911729049682617">
                        <pc:Unicode>teil</pc:Unicode>
                    </pc:TextEquiv>
                </pc:Word>
                <pc:Word id="region0007_line0001_word0007">
                    <pc:Coords points="945,1788 1210,1788 1210,1840 945,1840"/>
                    <pc:TextEquiv conf="0.850818481445312">
                        <pc:Unicode>ausgebrent</pc:Unicode>
                    </pc:TextEquiv>
                </pc:Word>
                <pc:TextEquiv conf="0.901591711044312">
                    <pc:Unicode>vnd flecken / ſind zum mehrer teil ausgebrent</pc:Unicode>
                </pc:TextEquiv>
            </pc:TextLine>
            <pc:TextLine id="region0007_line0002">
                <pc:Coords points="180,1848 568,1848 568,1907 180,1907"/>
                <pc:Word id="region0007_line0002_word0000">
                    <pc:Coords points="279,1848 180,1848 180,1907 279,1907"/>
                    <pc:TextEquiv conf="0.898837432861328">
                        <pc:Unicode>Gott</pc:Unicode>
                    </pc:TextEquiv>
                </pc:Word>
                <pc:Word id="region0007_line0002_word0001">
                    <pc:Coords points="478,1848 309,1848 309,1907 478,1907"/>
                    <pc:TextEquiv conf="0.92235710144043">
                        <pc:Unicode>erbarme</pc:Unicode>
                    </pc:TextEquiv>
                </pc:Word>
                <pc:Word id="region0007_line0002_word0002">
                    <pc:Coords points="499,1855 568,1855 568,1906 499,1906"/>
                    <pc:TextEquiv conf="0.837611236572266">
                        <pc:Unicode>es.</pc:Unicode>
                    </pc:TextEquiv>
                </pc:Word>
                <pc:TextEquiv conf="0.886268590291341">
                    <pc:Unicode>Gott erbarme es.</pc:Unicode>
                </pc:TextEquiv>
            </pc:TextLine>
            <pc:TextEquiv conf="0.871604343202379">
                <pc:Unicode>Des Hertzogen von Wirtenbergs Stete
vnd flecken / ſind zum mehrer teil ausgebrent
Gott erbarme es.</pc:Unicode>
            </pc:TextEquiv>
        </pc:TextRegion>
        <pc:TextRegion id="region0008" orientation="0.572679879002351" readingDirection="left-to-right" textLineOrder="top-to-bottom">
            <pc:Coords points="943,1908 1209,1908 1209,2008 943,2008"/>
            <pc:TextLine id="region0008_line0000">
                <pc:Coords points="943,1908 1209,1908 1209,2008 943,2008"/>
                <pc:Word id="region0008_line0000_word0000">
                    <pc:Coords points="943,1908 1209,1908 1209,2008 943,2008"/>
                    <pc:TextEquiv conf="0.811015243530273">
                        <pc:Unicode>Ambroſius</pc:Unicode>
                    </pc:TextEquiv>
                </pc:Word>
                <pc:TextEquiv conf="0.811015243530273">
                    <pc:Unicode>Ambroſius</pc:Unicode>
                </pc:TextEquiv>
            </pc:TextLine>
            <pc:TextEquiv conf="0.811015243530273">
                <pc:Unicode>Ambroſius</pc:Unicode>
            </pc:TextEquiv>
        </pc:TextRegion>
        <pc:ImageRegion id="region0004" orientation="0.572679879002351">
            <pc:Coords points="188,756 448,756 448,1172 188,1172"/>
        </pc:ImageRegion>
        <pc:ImageRegion id="region0006" orientation="0.572679879002351">
            <pc:Coords points="194,1245 444,1245 444,1691 194,1691"/>
        </pc:ImageRegion>
        <pc:ImageRegion id="region0010" orientation="0.572679879002351">
            <pc:Coords points="1572,0 1732,0 1732,2368 1572,2368"/>
        </pc:ImageRegion>
        <pc:SeparatorRegion id="region0000">
            <pc:Coords points="28,209 72,209 72,2308 28,2308"/>
        </pc:SeparatorRegion>
        <pc:SeparatorRegion id="region0009">
            <pc:Coords points="1609,1661 1626,1661 1626,2265 1609,2265"/>
        </pc:SeparatorRegion>
    </pc:Page>
</pc:PcGts>
