<?xml version="1.0" encoding="UTF-8"?>
<pc:PcGts xmlns:pc="http://schema.primaresearch.org/PAGE/gts/pagecontent/2019-07-15" xmlns:xsi="http://www.w3.org/2001/XMLSchema-instance" xsi:schemaLocation="http://schema.primaresearch.org/PAGE/gts/pagecontent/2019-07-15 http://schema.primaresearch.org/PAGE/gts/pagecontent/2019-07-15/pagecontent.xsd" pcGtsId="OCR-D-OCR_0001">
    <pc:Metadata>
        <pc:Creator>OCR-D/core 2.30.0</pc:Creator>
        <pc:Created>2022-11-21T13:07:56.538199</pc:Created>
        <pc:LastChange>2022-11-21T13:07:56.538199</pc:LastChange>
        <pc:MetadataItem type="processingStep" name="layout/segmentation/region" value="ocrd-tesserocr-recognize">
            <pc:Labels externalModel="ocrd-tool" externalId="parameters">
                <pc:Label value="region" type="segmentation_level"/>
                <pc:Label value="word" type="textequiv_level"/>
                <pc:Label value="True" type="find_tables"/>
                <pc:Label value="Fraktur_GT4HistOCR" type="model"/>
                <pc:Label value="0" type="dpi"/>
                <pc:Label value="0" type="padding"/>
                <pc:Label value="False" type="overwrite_segments"/>
                <pc:Label value="True" type="overwrite_text"/>
                <pc:Label value="False" type="shrink_polygons"/>
                <pc:Label value="False" type="block_polygons"/>
                <pc:Label value="False" type="find_staves"/>
                <pc:Label value="False" type="sparse_text"/>
                <pc:Label value="False" type="raw_lines"/>
                <pc:Label value="" type="char_whitelist"/>
                <pc:Label value="" type="char_blacklist"/>
                <pc:Label value="" type="char_unblacklist"/>
                <pc:Label value="{}" type="tesseract_parameters"/>
                <pc:Label value="{}" type="xpath_parameters"/>
                <pc:Label value="{}" type="xpath_model"/>
                <pc:Label value="False" type="auto_model"/>
                <pc:Label value="DEFAULT" type="oem"/>
            </pc:Labels>
            <pc:Labels externalModel="ocrd-tool" externalId="version">
                <pc:Label value="0.13.6 (tesseract 5.0.1)" type="ocrd-tesserocr-recognize"/>
                <pc:Label value="2.30.0" type="ocrd/core"/>
            </pc:Labels>
        </pc:MetadataItem>
    </pc:Metadata>
    <pc:Page imageFilename="OCR-D-IMG/OCR-D-IMG_0001.tif" imageWidth="1732" imageHeight="2383">
        <pc:AlternativeImage filename="OCR-D-OCR/OCR-D-OCR_0001.IMG-BIN.png" comments=",binarized,clipped"/>
        <pc:ReadingOrder>
            <pc:OrderedGroup id="reading-order">
                <pc:RegionRefIndexed index="1" regionRef="region0001"/>
                <pc:RegionRefIndexed index="2" regionRef="region0002"/>
                <pc:RegionRefIndexed index="3" regionRef="region0003"/>
                <pc:RegionRefIndexed index="4" regionRef="region0004"/>
                <pc:RegionRefIndexed index="5" regionRef="region0005"/>
                <pc:RegionRefIndexed index="6" regionRef="region0006"/>
                <pc:RegionRefIndexed index="7" regionRef="region0007"/>
                <pc:RegionRefIndexed index="8" regionRef="region0008"/>
                <pc:RegionRefIndexed index="9" regionRef="region0009"/>
                <pc:RegionRefIndexed index="10" regionRef="region0010"/>
                <pc:RegionRefIndexed index="12" regionRef="region0012"/>
                <pc:RegionRefIndexed index="14" regionRef="region0014"/>
                <pc:RegionRefIndexed index="16" regionRef="region0016"/>
            </pc:OrderedGroup>
        </pc:ReadingOrder>
        <pc:TextRegion id="region0001" orientation="89.960644453337466" readingDirection="left-to-right" textLineOrder="top-to-bottom">
            <pc:Coords points="1629,137 1650,137 1650,281 1629,281"/>
            <pc:TextLine id="region0001_line0000">
                <pc:Coords points="1629,137 1650,137 1650,281 1629,281"/>
                <pc:Word id="region0001_line0000_word0000">
                    <pc:Coords points="1629,137 1650,137 1650,281 1629,281"/>
                    <pc:TextEquiv conf="0.728367614746094">
                        <pc:Unicode>—</pc:Unicode>
                    </pc:TextEquiv>
                </pc:Word>
                <pc:TextEquiv conf="0.728367614746094">
                    <pc:Unicode>—</pc:Unicode>
                </pc:TextEquiv>
            </pc:TextLine>
            <pc:TextEquiv conf="0.728367614746094">
                <pc:Unicode>—</pc:Unicode>
            </pc:TextEquiv>
        </pc:TextRegion>
        <pc:TextRegion id="region0002" orientation="-0.039355546662563" readingDirection="left-to-right" textLineOrder="top-to-bottom">
            <pc:Coords points="234,320 1258,320 1258,438 234,438"/>
            <pc:TextLine id="region0002_line0000">
                <pc:Coords points="234,320 1258,320 1258,389 234,389"/>
                <pc:Word id="region0002_line0000_word0000">
                    <pc:Coords points="234,329 477,329 477,389 234,389"/>
                    <pc:TextEquiv conf="0.56883358001709">
                        <pc:Unicode>Boartel</pc:Unicode>
                    </pc:TextEquiv>
                </pc:Word>
                <pc:Word id="region0002_line0000_word0001">
                    <pc:Coords points="492,324 641,324 641,373 492,373"/>
                    <pc:TextEquiv conf="0.922664413452148">
                        <pc:Unicode>Nickel</pc:Unicode>
                    </pc:TextEquiv>
                </pc:Word>
                <pc:Word id="region0002_line0000_word0002">
                    <pc:Coords points="653,325 716,325 716,369 653,369"/>
                    <pc:TextEquiv conf="0.925778121948242">
                        <pc:Unicode>ein</pc:Unicode>
                    </pc:TextEquiv>
                </pc:Word>
                <pc:Word id="region0002_line0000_word0003">
                    <pc:Coords points="730,320 869,320 869,374 730,374"/>
                    <pc:TextEquiv conf="0.384643211364746">
                        <pc:Unicode>alter/</pc:Unicode>
                    </pc:TextEquiv>
                </pc:Word>
                <pc:Word id="region0002_line0000_word0004">
                    <pc:Coords points="879,322 1008,322 1008,369 879,369"/>
                    <pc:TextEquiv conf="0.425011787414551">
                        <pc:Unicode>dicker</pc:Unicode>
                    </pc:TextEquiv>
                </pc:Word>
                <pc:Word id="region0002_line0000_word0005">
                    <pc:Coords points="1018,322 1139,322 1139,375 1018,375"/>
                    <pc:TextEquiv conf="0.306846694946289">
                        <pc:Unicode>Man</pc:Unicode>
                    </pc:TextEquiv>
                </pc:Word>
                <pc:Word id="region0002_line0000_word0006">
                    <pc:Coords points="1149,324 1258,324 1258,381 1149,381"/>
                    <pc:TextEquiv conf="0.306846694946289">
                        <pc:Unicode>/hat</pc:Unicode>
                    </pc:TextEquiv>
                </pc:Word>
                <pc:TextEquiv conf="0.548660643441336">
                    <pc:Unicode>Boartel Nickel ein alter/ dicker Man /hat</pc:Unicode>
                </pc:TextEquiv>
            </pc:TextLine>
            <pc:TextLine id="region0002_line0001">
                <pc:Coords points="368,378 968,378 968,438 368,438"/>
                <pc:Word id="region0002_line0001_word0000">
                    <pc:Coords points="368,391 485,391 485,430 368,430"/>
                    <pc:TextEquiv conf="0.919219589233398">
                        <pc:Unicode>einen</pc:Unicode>
                    </pc:TextEquiv>
                </pc:Word>
                <pc:Word id="region0002_line0001_word0001">
                    <pc:Coords points="499,383 664,383 664,438 499,438"/>
                    <pc:TextEquiv conf="0.915063934326172">
                        <pc:Unicode>weiſſen</pc:Unicode>
                    </pc:TextEquiv>
                </pc:Word>
                <pc:Word id="region0002_line0001_word0002">
                    <pc:Coords points="679,383 834,383 834,433 679,433"/>
                    <pc:TextEquiv conf="0.92339729309082">
                        <pc:Unicode>langen</pc:Unicode>
                    </pc:TextEquiv>
                </pc:Word>
                <pc:Word id="region0002_line0001_word0003">
                    <pc:Coords points="855,378 968,378 968,425 855,425"/>
                    <pc:TextEquiv conf="0.889986267089844">
                        <pc:Unicode>bart.</pc:Unicode>
                    </pc:TextEquiv>
                </pc:Word>
                <pc:TextEquiv conf="0.911916770935059">
                    <pc:Unicode>einen weiſſen langen bart.</pc:Unicode>
                </pc:TextEquiv>
            </pc:TextLine>
            <pc:TextEquiv conf="0.730288707188198">
                <pc:Unicode>Boartel Nickel ein alter/ dicker Man /hat
einen weiſſen langen bart.</pc:Unicode>
            </pc:TextEquiv>
        </pc:TextRegion>
        <pc:TextRegion id="region0003" orientation="-0.039355546662563" readingDirection="left-to-right" textLineOrder="top-to-bottom">
            <pc:Coords points="237,486 942,486 942,548 237,548"/>
            <pc:TextLine id="region0003_line0000">
                <pc:Coords points="237,486 942,486 942,548 237,548"/>
                <pc:Word id="region0003_line0000_word0000">
                    <pc:Coords points="237,506 265,506 265,539 237,539"/>
                    <pc:TextEquiv conf="0.667978668212891">
                        <pc:Unicode>2</pc:Unicode>
                    </pc:TextEquiv>
                </pc:Word>
                <pc:Word id="region0003_line0000_word0001">
                    <pc:Coords points="315,493 472,493 472,548 315,548"/>
                    <pc:TextEquiv conf="0.789700546264648">
                        <pc:Unicode>Item</pc:Unicode>
                    </pc:TextEquiv>
                </pc:Word>
                <pc:Word id="region0003_line0000_word0002">
                    <pc:Coords points="474,486 451,486 451,548 474,548"/>
                    <pc:TextEquiv conf="0.837588882446289">
                        <pc:Unicode>/</pc:Unicode>
                    </pc:TextEquiv>
                </pc:Word>
                <pc:Word id="region0003_line0000_word0003">
                    <pc:Coords points="483,488 630,488 630,539 483,539"/>
                    <pc:TextEquiv conf="0.478127593994141">
                        <pc:Unicode>Mans</pc:Unicode>
                    </pc:TextEquiv>
                </pc:Word>
                <pc:Word id="region0003_line0000_word0004">
                    <pc:Coords points="642,486 942,486 942,542 642,542"/>
                    <pc:TextEquiv conf="0.858879776000977">
                        <pc:Unicode>Teichknecht.</pc:Unicode>
                    </pc:TextEquiv>
                </pc:Word>
                <pc:TextEquiv conf="0.726455093383789">
                    <pc:Unicode>2 Item / Mans Teichknecht.</pc:Unicode>
                </pc:TextEquiv>
            </pc:TextLine>
            <pc:TextEquiv conf="0.726455093383789">
                <pc:Unicode>2 Item / Mans Teichknecht.</pc:Unicode>
            </pc:TextEquiv>
        </pc:TextRegion>
        <pc:TextRegion id="region0004" orientation="-0.039355546662563" readingDirection="left-to-right" textLineOrder="top-to-bottom">
            <pc:Coords points="237,594 1258,594 1258,758 237,758"/>
            <pc:TextLine id="region0004_line0000">
                <pc:Coords points="237,594 1258,594 1258,656 237,656"/>
                <pc:Word id="region0004_line0000_word0000">
                    <pc:Coords points="237,617 261,617 261,656 237,656"/>
                    <pc:TextEquiv conf="0.297154541015625">
                        <pc:Unicode>3</pc:Unicode>
                    </pc:TextEquiv>
                </pc:Word>
                <pc:Word id="region0004_line0000_word0001">
                    <pc:Coords points="310,599 476,599 476,650 310,650"/>
                    <pc:TextEquiv conf="0.297154541015625">
                        <pc:Unicode>Mertin</pc:Unicode>
                    </pc:TextEquiv>
                </pc:Word>
                <pc:Word id="region0004_line0000_word0002">
                    <pc:Coords points="489,607 574,607 574,641 489,641"/>
                    <pc:TextEquiv conf="0.919480133056641">
                        <pc:Unicode>von</pc:Unicode>
                    </pc:TextEquiv>
                </pc:Word>
                <pc:Word id="region0004_line0000_word0003">
                    <pc:Coords points="592,594 827,594 827,648 592,648"/>
                    <pc:TextEquiv conf="0.653647689819336">
                        <pc:Unicode>Ceyptzig/</pc:Unicode>
                    </pc:TextEquiv>
                </pc:Word>
                <pc:Word id="region0004_line0000_word0004">
                    <pc:Coords points="849,598 924,598 924,640 849,640"/>
                    <pc:TextEquiv conf="0.902745971679688">
                        <pc:Unicode>der</pc:Unicode>
                    </pc:TextEquiv>
                </pc:Word>
                <pc:Word id="region0004_line0000_word0005">
                    <pc:Coords points="932,595 1010,595 1010,648 932,648"/>
                    <pc:TextEquiv conf="0.919239349365234">
                        <pc:Unicode>hat</pc:Unicode>
                    </pc:TextEquiv>
                </pc:Word>
                <pc:Word id="region0004_line0000_word0006">
                    <pc:Coords points="1020,597 1084,597 1084,641 1020,641"/>
                    <pc:TextEquiv conf="0.91599479675293">
                        <pc:Unicode>ein</pc:Unicode>
                    </pc:TextEquiv>
                </pc:Word>
                <pc:Word id="region0004_line0000_word0007">
                    <pc:Coords points="1098,594 1258,594 1258,647 1098,647"/>
                    <pc:TextEquiv conf="0.673193359375">
                        <pc:Unicode>Weib/</pc:Unicode>
                    </pc:TextEquiv>
                </pc:Word>
                <pc:TextEquiv conf="0.69732629776001">
                    <pc:Unicode>3 Mertin von Ceyptzig/ der hat ein Weib/</pc:Unicode>
                </pc:TextEquiv>
            </pc:TextLine>
            <pc:TextLine id="region0004_line0001">
                <pc:Coords points="368,650 1257,650 1257,707 368,707"/>
                <pc:Word id="region0004_line0001_word0000">
                    <pc:Coords points="368,654 515,654 515,703 368,703"/>
                    <pc:TextEquiv conf="0.920597763061523">
                        <pc:Unicode>macht</pc:Unicode>
                    </pc:TextEquiv>
                </pc:Word>
                <pc:Word id="region0004_line0001_word0001">
                    <pc:Coords points="526,656 640,656 640,697 526,697"/>
                    <pc:TextEquiv conf="0.915192031860352">
                        <pc:Unicode>einen</pc:Unicode>
                    </pc:TextEquiv>
                </pc:Word>
                <pc:Word id="region0004_line0001_word0002">
                    <pc:Coords points="654,650 817,650 817,704 654,704"/>
                    <pc:TextEquiv conf="0.917902908325195">
                        <pc:Unicode>groſſen</pc:Unicode>
                    </pc:TextEquiv>
                </pc:Word>
                <pc:Word id="region0004_line0001_word0003">
                    <pc:Coords points="831,651 973,651 973,707 831,707"/>
                    <pc:TextEquiv conf="0.912031936645508">
                        <pc:Unicode>bauch</pc:Unicode>
                    </pc:TextEquiv>
                </pc:Word>
                <pc:Word id="region0004_line0001_word0004">
                    <pc:Coords points="984,657 1014,657 1014,707 984,707"/>
                    <pc:TextEquiv conf="0.890379028320312">
                        <pc:Unicode>/</pc:Unicode>
                    </pc:TextEquiv>
                </pc:Word>
                <pc:Word id="region0004_line0001_word0005">
                    <pc:Coords points="1029,656 1115,656 1115,697 1029,697"/>
                    <pc:TextEquiv conf="0.903179550170898">
                        <pc:Unicode>vnd</pc:Unicode>
                    </pc:TextEquiv>
                </pc:Word>
                <pc:Word id="region0004_line0001_word0006">
                    <pc:Coords points="1126,652 1257,652 1257,707 1126,707"/>
                    <pc:TextEquiv conf="0.770113372802734">
                        <pc:Unicode>ſtehet</pc:Unicode>
                    </pc:TextEquiv>
                </pc:Word>
                <pc:TextEquiv conf="0.889913798740932">
                    <pc:Unicode>macht einen groſſen bauch / vnd ſtehet</pc:Unicode>
                </pc:TextEquiv>
            </pc:TextLine>
            <pc:TextLine id="region0004_line0002">
                <pc:Coords points="362,706 739,706 739,758 362,758"/>
                <pc:Word id="region0004_line0002_word0000">
                    <pc:Coords points="362,718 439,718 439,755 362,755"/>
                    <pc:TextEquiv conf="0.919210205078125">
                        <pc:Unicode>vor</pc:Unicode>
                    </pc:TextEquiv>
                </pc:Word>
                <pc:Word id="region0004_line0002_word0001">
                    <pc:Coords points="452,712 522,712 522,753 452,753"/>
                    <pc:TextEquiv conf="0.919210205078125">
                        <pc:Unicode>der</pc:Unicode>
                    </pc:TextEquiv>
                </pc:Word>
                <pc:Word id="region0004_line0002_word0002">
                    <pc:Coords points="535,706 739,706 739,758 535,758"/>
                    <pc:TextEquiv conf="0.883680114746094">
                        <pc:Unicode>Kirchen.</pc:Unicode>
                    </pc:TextEquiv>
                </pc:Word>
                <pc:TextEquiv conf="0.907366841634115">
                    <pc:Unicode>vor der Kirchen.</pc:Unicode>
                </pc:TextEquiv>
            </pc:TextLine>
            <pc:TextEquiv conf="0.831535646045019">
                <pc:Unicode>3 Mertin von Ceyptzig/ der hat ein Weib/
macht einen groſſen bauch / vnd ſtehet
vor der Kirchen.</pc:Unicode>
            </pc:TextEquiv>
        </pc:TextRegion>
        <pc:TextRegion id="region0005" orientation="-0.039355546662563" readingDirection="left-to-right" textLineOrder="top-to-bottom">
            <pc:Coords points="235,812 904,812 904,881 235,881"/>
            <pc:TextLine id="region0005_line0000">
                <pc:Coords points="235,812 904,812 904,881 235,881"/>
                <pc:Word id="region0005_line0000_word0000">
                    <pc:Coords points="235,831 270,831 270,875 235,875"/>
                    <pc:TextEquiv conf="0.296615829467773">
                        <pc:Unicode>4</pc:Unicode>
                    </pc:TextEquiv>
                </pc:Word>
                <pc:Word id="region0005_line0000_word0001">
                    <pc:Coords points="331,815 489,815 489,870 331,870"/>
                    <pc:TextEquiv conf="0.296615829467773">
                        <pc:Unicode>Item/</pc:Unicode>
                    </pc:TextEquiv>
                </pc:Word>
                <pc:Word id="region0005_line0000_word0002">
                    <pc:Coords points="501,814 637,814 637,865 501,865"/>
                    <pc:TextEquiv conf="0.740383453369141">
                        <pc:Unicode>Pauel</pc:Unicode>
                    </pc:TextEquiv>
                </pc:Word>
                <pc:Word id="region0005_line0000_word0003">
                    <pc:Coords points="659,812 904,812 904,881 659,881"/>
                    <pc:TextEquiv conf="0.893044281005859">
                        <pc:Unicode>Mertens.</pc:Unicode>
                    </pc:TextEquiv>
                </pc:Word>
                <pc:TextEquiv conf="0.556664848327637">
                    <pc:Unicode>4 Item/ Pauel Mertens.</pc:Unicode>
                </pc:TextEquiv>
            </pc:TextLine>
            <pc:TextEquiv conf="0.556664848327637">
                <pc:Unicode>4 Item/ Pauel Mertens.</pc:Unicode>
            </pc:TextEquiv>
        </pc:TextRegion>
        <pc:TextRegion id="region0006" orientation="-0.039355546662563" readingDirection="left-to-right" textLineOrder="top-to-bottom">
            <pc:Coords points="233,891 1260,891 1260,1247 233,1247"/>
            <pc:TextLine id="region0006_line0000">
                <pc:Coords points="325,891 1258,891 1258,976 325,976"/>
                <pc:Word id="region0006_line0000_word0000">
                    <pc:Coords points="325,919 488,919 488,971 325,971"/>
                    <pc:TextEquiv conf="0.766754302978516">
                        <pc:Unicode>Moritʒ</pc:Unicode>
                    </pc:TextEquiv>
                </pc:Word>
                <pc:Word id="region0006_line0000_word0001">
                    <pc:Coords points="509,915 699,915 699,967 509,967"/>
                    <pc:TextEquiv conf="0.909984970092773">
                        <pc:Unicode>Schone</pc:Unicode>
                    </pc:TextEquiv>
                </pc:Word>
                <pc:Word id="region0006_line0000_word0002">
                    <pc:Coords points="722,919 786,919 786,961 722,961"/>
                    <pc:TextEquiv conf="0.931932678222656">
                        <pc:Unicode>ein</pc:Unicode>
                    </pc:TextEquiv>
                </pc:Word>
                <pc:Word id="region0006_line0000_word0003">
                    <pc:Coords points="807,918 954,918 954,969 807,969"/>
                    <pc:TextEquiv conf="0.888005599975586">
                        <pc:Unicode>langer</pc:Unicode>
                    </pc:TextEquiv>
                </pc:Word>
                <pc:Word id="region0006_line0000_word0004">
                    <pc:Coords points="977,891 1097,891 1097,976 977,976"/>
                    <pc:TextEquiv conf="0.9121240234375">
                        <pc:Unicode>Man</pc:Unicode>
                    </pc:TextEquiv>
                </pc:Word>
                <pc:Word id="region0006_line0000_word0005">
                    <pc:Coords points="1113,916 1258,916 1258,971 1113,971"/>
                    <pc:TextEquiv conf="0.599456253051758">
                        <pc:Unicode>hat</pc:Unicode>
                    </pc:TextEquiv>
                </pc:Word>
                <pc:TextEquiv conf="0.834709637959798">
                    <pc:Unicode>Moritʒ Schone ein langer Man hat</pc:Unicode>
                </pc:TextEquiv>
            </pc:TextLine>
            <pc:TextLine id="region0006_line0001">
                <pc:Coords points="351,973 1257,973 1257,1024 351,1024"/>
                <pc:Word id="region0006_line0001_word0000">
                    <pc:Coords points="351,979 468,979 468,1018 351,1018"/>
                    <pc:TextEquiv conf="0.908222122192383">
                        <pc:Unicode>einen</pc:Unicode>
                    </pc:TextEquiv>
                </pc:Word>
                <pc:Word id="region0006_line0001_word0001">
                    <pc:Coords points="481,974 636,974 636,1021 481,1021"/>
                    <pc:TextEquiv conf="0.920723190307617">
                        <pc:Unicode>langen</pc:Unicode>
                    </pc:TextEquiv>
                </pc:Word>
                <pc:Word id="region0006_line0001_word0002">
                    <pc:Coords points="655,974 748,974 748,1015 655,1015"/>
                    <pc:TextEquiv conf="0.785371704101563">
                        <pc:Unicode>bart</pc:Unicode>
                    </pc:TextEquiv>
                </pc:Word>
                <pc:Word id="region0006_line0001_word0003">
                    <pc:Coords points="762,978 785,978 785,1018 762,1018"/>
                    <pc:TextEquiv conf="0.785371704101563">
                        <pc:Unicode>/</pc:Unicode>
                    </pc:TextEquiv>
                </pc:Word>
                <pc:Word id="region0006_line0001_word0004">
                    <pc:Coords points="800,974 856,974 856,1014 800,1014"/>
                    <pc:TextEquiv conf="0.919785003662109">
                        <pc:Unicode>vñ</pc:Unicode>
                    </pc:TextEquiv>
                </pc:Word>
                <pc:Word id="region0006_line0001_word0005">
                    <pc:Coords points="867,978 984,978 984,1014 867,1014"/>
                    <pc:TextEquiv conf="0.909638977050781">
                        <pc:Unicode>einen</pc:Unicode>
                    </pc:TextEquiv>
                </pc:Word>
                <pc:Word id="region0006_line0001_word0006">
                    <pc:Coords points="999,973 1257,973 1257,1024 999,1024"/>
                    <pc:TextEquiv conf="0.807685546875">
                        <pc:Unicode>ſehwartzen</pc:Unicode>
                    </pc:TextEquiv>
                </pc:Word>
                <pc:TextEquiv conf="0.862399749755859">
                    <pc:Unicode>einen langen bart / vñ einen ſehwartzen</pc:Unicode>
                </pc:TextEquiv>
            </pc:TextLine>
            <pc:TextLine id="region0006_line0002">
                <pc:Coords points="338,1023 1260,1023 1260,1082 338,1082"/>
                <pc:Word id="region0006_line0002_word0000">
                    <pc:Coords points="338,1026 787,1026 787,1081 338,1081"/>
                    <pc:TextEquiv conf="0.885977325439453">
                        <pc:Unicode>Wappenrock</pc:Unicode>
                    </pc:TextEquiv>
                </pc:Word>
                <pc:Word id="region0006_line0002_word0001">
                    <pc:Coords points="691,1023 669,1023 669,1082 691,1082"/>
                    <pc:TextEquiv conf="0.90842529296875">
                        <pc:Unicode>/</pc:Unicode>
                    </pc:TextEquiv>
                </pc:Word>
                <pc:Word id="region0006_line0002_word0002">
                    <pc:Coords points="776,1023 712,1023 712,1082 776,1082"/>
                    <pc:TextEquiv conf="0.923681945800781">
                        <pc:Unicode>vnd</pc:Unicode>
                    </pc:TextEquiv>
                </pc:Word>
                <pc:Word id="region0006_line0002_word0003">
                    <pc:Coords points="801,1027 889,1027 889,1079 801,1079"/>
                    <pc:TextEquiv conf="0.921737289428711">
                        <pc:Unicode>gele</pc:Unicode>
                    </pc:TextEquiv>
                </pc:Word>
                <pc:Word id="region0006_line0002_word0004">
                    <pc:Coords points="902,1023 1100,1023 1100,1082 902,1082"/>
                    <pc:TextEquiv conf="0.921437377929687">
                        <pc:Unicode>ſtruͤmpff</pc:Unicode>
                    </pc:TextEquiv>
                </pc:Word>
                <pc:Word id="region0006_line0002_word0005">
                    <pc:Coords points="1120,1028 1260,1028 1260,1082 1120,1082"/>
                    <pc:TextEquiv conf="0.901440353393555">
                        <pc:Unicode>hoſen</pc:Unicode>
                    </pc:TextEquiv>
                </pc:Word>
                <pc:TextEquiv conf="0.910449930826823">
                    <pc:Unicode>Wappenrock / vnd gele ſtruͤmpff hoſen</pc:Unicode>
                </pc:TextEquiv>
            </pc:TextLine>
            <pc:TextLine id="region0006_line0003">
                <pc:Coords points="362,1093 437,1093 437,1129 362,1129"/>
                <pc:Word id="region0006_line0003_word0000">
                    <pc:Coords points="362,1093 437,1093 437,1129 362,1129"/>
                    <pc:TextEquiv conf="0.886303253173828">
                        <pc:Unicode>an.</pc:Unicode>
                    </pc:TextEquiv>
                </pc:Word>
                <pc:TextEquiv conf="0.886303253173828">
                    <pc:Unicode>an.</pc:Unicode>
                </pc:TextEquiv>
            </pc:TextLine>
            <pc:TextLine id="region0006_line0004">
                <pc:Coords points="233,1133 1259,1133 1259,1193 233,1193"/>
                <pc:Word id="region0006_line0004_word0000">
                    <pc:Coords points="233,1140 482,1140 482,1185 233,1185"/>
                    <pc:TextEquiv conf="0.339235763549805">
                        <pc:Unicode>6Adam</pc:Unicode>
                    </pc:TextEquiv>
                </pc:Word>
                <pc:Word id="region0006_line0004_word0001">
                    <pc:Coords points="495,1146 579,1146 579,1179 495,1179"/>
                    <pc:TextEquiv conf="0.9270556640625">
                        <pc:Unicode>von</pc:Unicode>
                    </pc:TextEquiv>
                </pc:Word>
                <pc:Word id="region0006_line0004_word0002">
                    <pc:Coords points="594,1133 815,1133 815,1189 594,1189"/>
                    <pc:TextEquiv conf="0.414942588806152">
                        <pc:Unicode>Forcheim</pc:Unicode>
                    </pc:TextEquiv>
                </pc:Word>
                <pc:Word id="region0006_line0004_word0003">
                    <pc:Coords points="829,1136 858,1136 858,1185 829,1185"/>
                    <pc:TextEquiv conf="0.414942588806152">
                        <pc:Unicode>/</pc:Unicode>
                    </pc:TextEquiv>
                </pc:Word>
                <pc:Word id="region0006_line0004_word0004">
                    <pc:Coords points="870,1133 948,1133 948,1186 870,1186"/>
                    <pc:TextEquiv conf="0.653833541870117">
                        <pc:Unicode>hat</pc:Unicode>
                    </pc:TextEquiv>
                </pc:Word>
                <pc:Word id="region0006_line0004_word0005">
                    <pc:Coords points="959,1138 1075,1138 1075,1179 959,1179"/>
                    <pc:TextEquiv conf="0.92225700378418">
                        <pc:Unicode>einen</pc:Unicode>
                    </pc:TextEquiv>
                </pc:Word>
                <pc:Word id="region0006_line0004_word0006">
                    <pc:Coords points="1091,1137 1259,1137 1259,1193 1091,1193"/>
                    <pc:TextEquiv conf="0.903591232299805">
                        <pc:Unicode>Baur⸗</pc:Unicode>
                    </pc:TextEquiv>
                </pc:Word>
                <pc:TextEquiv conf="0.653694054739816">
                    <pc:Unicode>6Adam von Forcheim / hat einen Baur⸗</pc:Unicode>
                </pc:TextEquiv>
            </pc:TextLine>
            <pc:TextLine id="region0006_line0005">
                <pc:Coords points="364,1191 1054,1191 1054,1247 364,1247"/>
                <pc:Word id="region0006_line0005_word0000">
                    <pc:Coords points="364,1191 459,1191 459,1236 364,1236"/>
                    <pc:TextEquiv conf="0.924360656738281">
                        <pc:Unicode>rock</pc:Unicode>
                    </pc:TextEquiv>
                </pc:Word>
                <pc:Word id="region0006_line0005_word0001">
                    <pc:Coords points="470,1203 527,1203 527,1236 470,1236"/>
                    <pc:TextEquiv conf="0.675370483398438">
                        <pc:Unicode>an</pc:Unicode>
                    </pc:TextEquiv>
                </pc:Word>
                <pc:Word id="region0006_line0005_word0002">
                    <pc:Coords points="540,1196 565,1196 565,1242 540,1242"/>
                    <pc:TextEquiv conf="0.675370483398438">
                        <pc:Unicode>/</pc:Unicode>
                    </pc:TextEquiv>
                </pc:Word>
                <pc:Word id="region0006_line0005_word0003">
                    <pc:Coords points="582,1194 659,1194 659,1233 582,1233"/>
                    <pc:TextEquiv conf="0.897148818969727">
                        <pc:Unicode>mit</pc:Unicode>
                    </pc:TextEquiv>
                </pc:Word>
                <pc:Word id="region0006_line0005_word0004">
                    <pc:Coords points="883,1191 670,1191 670,1247 883,1247"/>
                    <pc:TextEquiv conf="0.912507019042969">
                        <pc:Unicode>geſtickten</pc:Unicode>
                    </pc:TextEquiv>
                </pc:Word>
                <pc:Word id="region0006_line0005_word0005">
                    <pc:Coords points="904,1192 1054,1192 1054,1247 904,1247"/>
                    <pc:TextEquiv conf="0.906699523925781">
                        <pc:Unicode>valten.</pc:Unicode>
                    </pc:TextEquiv>
                </pc:Word>
                <pc:TextEquiv conf="0.831909497578939">
                    <pc:Unicode>rock an / mit geſtickten valten.</pc:Unicode>
                </pc:TextEquiv>
            </pc:TextLine>
            <pc:TextEquiv conf="0.82991102067251">
                <pc:Unicode>Moritʒ Schone ein langer Man hat
einen langen bart / vñ einen ſehwartzen
Wappenrock / vnd gele ſtruͤmpff hoſen
an.
6Adam von Forcheim / hat einen Baur⸗
rock an / mit geſtickten valten.</pc:Unicode>
            </pc:TextEquiv>
        </pc:TextRegion>
        <pc:TextRegion id="region0007" orientation="-0.039355546662563" readingDirection="left-to-right" textLineOrder="top-to-bottom">
            <pc:Coords points="234,1294 1257,1294 1257,1721 234,1721"/>
            <pc:TextLine id="region0007_line0000">
                <pc:Coords points="234,1294 776,1294 776,1355 234,1355"/>
                <pc:Word id="region0007_line0000_word0000">
                    <pc:Coords points="234,1299 444,1299 444,1355 234,1355"/>
                    <pc:TextEquiv conf="0.149984741210937">
                        <pc:Unicode>*Item</pc:Unicode>
                    </pc:TextEquiv>
                </pc:Word>
                <pc:Word id="region0007_line0000_word0001">
                    <pc:Coords points="467,1294 440,1294 440,1355 467,1355"/>
                    <pc:TextEquiv conf="0.738221664428711">
                        <pc:Unicode>/</pc:Unicode>
                    </pc:TextEquiv>
                </pc:Word>
                <pc:Word id="region0007_line0000_word0002">
                    <pc:Coords points="495,1297 616,1297 616,1353 495,1353"/>
                    <pc:TextEquiv conf="0.738221664428711">
                        <pc:Unicode>Peter</pc:Unicode>
                    </pc:TextEquiv>
                </pc:Word>
                <pc:Word id="region0007_line0000_word0003">
                    <pc:Coords points="630,1294 776,1294 776,1348 630,1348"/>
                    <pc:TextEquiv conf="0.877808685302734">
                        <pc:Unicode>Koch.</pc:Unicode>
                    </pc:TextEquiv>
                </pc:Word>
                <pc:TextEquiv conf="0.626059188842773">
                    <pc:Unicode>*Item / Peter Koch.</pc:Unicode>
                </pc:TextEquiv>
            </pc:TextLine>
            <pc:TextLine id="region0007_line0001">
                <pc:Coords points="239,1370 1045,1370 1045,1455 239,1455"/>
                <pc:Word id="region0007_line0001_word0000">
                    <pc:Coords points="239,1370 273,1370 273,1447 239,1447"/>
                    <pc:TextEquiv conf="0.087045593261719">
                        <pc:Unicode>—</pc:Unicode>
                    </pc:TextEquiv>
                </pc:Word>
                <pc:Word id="region0007_line0001_word0001">
                    <pc:Coords points="287,1404 477,1404 477,1455 287,1455"/>
                    <pc:TextEquiv conf="0.869922714233398">
                        <pc:Unicode>Greger</pc:Unicode>
                    </pc:TextEquiv>
                </pc:Word>
                <pc:Word id="region0007_line0001_word0002">
                    <pc:Coords points="493,1400 724,1400 724,1453 493,1453"/>
                    <pc:TextEquiv conf="0.908617553710938">
                        <pc:Unicode>Schreiber</pc:Unicode>
                    </pc:TextEquiv>
                </pc:Word>
                <pc:Word id="region0007_line0001_word0003">
                    <pc:Coords points="736,1402 783,1402 783,1454 736,1454"/>
                    <pc:TextEquiv conf="0.930247039794922">
                        <pc:Unicode>iſt</pc:Unicode>
                    </pc:TextEquiv>
                </pc:Word>
                <pc:Word id="region0007_line0001_word0004">
                    <pc:Coords points="797,1403 887,1403 887,1445 797,1445"/>
                    <pc:TextEquiv conf="0.92463508605957">
                        <pc:Unicode>wol</pc:Unicode>
                    </pc:TextEquiv>
                </pc:Word>
                <pc:Word id="region0007_line0001_word0005">
                    <pc:Coords points="906,1404 1045,1404 1045,1453 906,1453"/>
                    <pc:TextEquiv conf="0.857787933349609">
                        <pc:Unicode>gelert.</pc:Unicode>
                    </pc:TextEquiv>
                </pc:Word>
                <pc:TextEquiv conf="0.763042653401693">
                    <pc:Unicode>— Greger Schreiber iſt wol gelert.</pc:Unicode>
                </pc:TextEquiv>
            </pc:TextLine>
            <pc:TextLine id="region0007_line0002">
                <pc:Coords points="236,1499 765,1499 765,1566 236,1566"/>
                <pc:Word id="region0007_line0002_word0000">
                    <pc:Coords points="236,1526 263,1526 263,1566 236,1566"/>
                    <pc:TextEquiv conf="0.649277267456055">
                        <pc:Unicode>9</pc:Unicode>
                    </pc:TextEquiv>
                </pc:Word>
                <pc:Word id="region0007_line0002_word0001">
                    <pc:Coords points="313,1509 478,1509 478,1559 313,1559"/>
                    <pc:TextEquiv conf="0.653148880004883">
                        <pc:Unicode>Mertin</pc:Unicode>
                    </pc:TextEquiv>
                </pc:Word>
                <pc:Word id="region0007_line0002_word0002">
                    <pc:Coords points="501,1499 765,1499 765,1559 501,1559"/>
                    <pc:TextEquiv conf="0.531167259216309">
                        <pc:Unicode>Kauffman.</pc:Unicode>
                    </pc:TextEquiv>
                </pc:Word>
                <pc:TextEquiv conf="0.611197802225749">
                    <pc:Unicode>9 Mertin Kauffman.</pc:Unicode>
                </pc:TextEquiv>
            </pc:TextLine>
            <pc:TextLine id="region0007_line0003">
                <pc:Coords points="238,1608 1256,1608 1256,1667 238,1667"/>
                <pc:Word id="region0007_line0003_word0000">
                    <pc:Coords points="238,1630 277,1630 277,1658 238,1658"/>
                    <pc:TextEquiv conf="0.394694709777832">
                        <pc:Unicode>10</pc:Unicode>
                    </pc:TextEquiv>
                </pc:Word>
                <pc:Word id="region0007_line0003_word0001">
                    <pc:Coords points="342,1614 490,1614 490,1667 342,1667"/>
                    <pc:TextEquiv conf="0.854142684936523">
                        <pc:Unicode>Hans</pc:Unicode>
                    </pc:TextEquiv>
                </pc:Word>
                <pc:Word id="region0007_line0003_word0002">
                    <pc:Coords points="511,1608 946,1608 946,1662 511,1662"/>
                    <pc:TextEquiv conf="0.592421112060547">
                        <pc:Unicode>Mummenſchuͤrer/</pc:Unicode>
                    </pc:TextEquiv>
                </pc:Word>
                <pc:Word id="region0007_line0003_word0003">
                    <pc:Coords points="958,1613 1004,1613 1004,1665 958,1665"/>
                    <pc:TextEquiv conf="0.676599731445312">
                        <pc:Unicode>iſt</pc:Unicode>
                    </pc:TextEquiv>
                </pc:Word>
                <pc:Word id="region0007_line0003_word0004">
                    <pc:Coords points="1016,1616 1077,1616 1077,1656 1016,1656"/>
                    <pc:TextEquiv conf="0.927448043823242">
                        <pc:Unicode>ein</pc:Unicode>
                    </pc:TextEquiv>
                </pc:Word>
                <pc:Word id="region0007_line0003_word0005">
                    <pc:Coords points="1087,1613 1256,1613 1256,1658 1087,1658"/>
                    <pc:TextEquiv conf="0.641872406005859">
                        <pc:Unicode>nidder⸗</pc:Unicode>
                    </pc:TextEquiv>
                </pc:Word>
                <pc:TextEquiv conf="0.681196448008219">
                    <pc:Unicode>10 Hans Mummenſchuͤrer/ iſt ein nidder⸗</pc:Unicode>
                </pc:TextEquiv>
            </pc:TextLine>
            <pc:TextLine id="region0007_line0004">
                <pc:Coords points="356,1667 1257,1667 1257,1721 356,1721"/>
                <pc:Word id="region0007_line0004_word0000">
                    <pc:Coords points="356,1671 529,1671 529,1721 356,1721"/>
                    <pc:TextEquiv conf="0.825767669677734">
                        <pc:Unicode>ſtemig</pc:Unicode>
                    </pc:TextEquiv>
                </pc:Word>
                <pc:Word id="region0007_line0004_word0001">
                    <pc:Coords points="552,1667 671,1667 671,1713 552,1713"/>
                    <pc:TextEquiv conf="0.855386123657227">
                        <pc:Unicode>Man</pc:Unicode>
                    </pc:TextEquiv>
                </pc:Word>
                <pc:Word id="region0007_line0004_word0002">
                    <pc:Coords points="684,1671 709,1671 709,1716 684,1716"/>
                    <pc:TextEquiv conf="0.649876861572266">
                        <pc:Unicode>/</pc:Unicode>
                    </pc:TextEquiv>
                </pc:Word>
                <pc:Word id="region0007_line0004_word0003">
                    <pc:Coords points="730,1667 836,1667 836,1713 730,1713"/>
                    <pc:TextEquiv conf="0.900617599487305">
                        <pc:Unicode>Vnd</pc:Unicode>
                    </pc:TextEquiv>
                </pc:Word>
                <pc:Word id="region0007_line0004_word0004">
                    <pc:Coords points="907,1667 836,1667 836,1721 907,1721"/>
                    <pc:TextEquiv conf="0.890833358764648">
                        <pc:Unicode>hat</pc:Unicode>
                    </pc:TextEquiv>
                </pc:Word>
                <pc:Word id="region0007_line0004_word0005">
                    <pc:Coords points="1011,1667 937,1667 937,1721 1011,1721"/>
                    <pc:TextEquiv conf="0.923793029785156">
                        <pc:Unicode>ein</pc:Unicode>
                    </pc:TextEquiv>
                </pc:Word>
                <pc:Word id="region0007_line0004_word0006">
                    <pc:Coords points="1015,1671 1176,1671 1176,1718 1015,1718"/>
                    <pc:TextEquiv conf="0.342451171875">
                        <pc:Unicode>Weib/</pc:Unicode>
                    </pc:TextEquiv>
                </pc:Word>
                <pc:Word id="region0007_line0004_word0007">
                    <pc:Coords points="1191,1675 1257,1675 1257,1715 1191,1715"/>
                    <pc:TextEquiv conf="0.342451171875">
                        <pc:Unicode>die</pc:Unicode>
                    </pc:TextEquiv>
                </pc:Word>
                <pc:TextEquiv conf="0.716397123336792">
                    <pc:Unicode>ſtemig Man / Vnd hat ein Weib/ die</pc:Unicode>
                </pc:TextEquiv>
            </pc:TextLine>
            <pc:TextEquiv conf="0.679578643163045">
                <pc:Unicode>*Item / Peter Koch.
— Greger Schreiber iſt wol gelert.
9 Mertin Kauffman.
10 Hans Mummenſchuͤrer/ iſt ein nidder⸗
ſtemig Man / Vnd hat ein Weib/ die</pc:Unicode>
            </pc:TextEquiv>
        </pc:TextRegion>
        <pc:TextRegion id="region0008" orientation="-0.039355546662563" readingDirection="left-to-right" textLineOrder="top-to-bottom">
            <pc:Coords points="374,1723 1255,1723 1255,1834 374,1834"/>
            <pc:TextLine id="region0008_line0000">
                <pc:Coords points="374,1723 1255,1723 1255,1778 374,1778"/>
                <pc:Word id="region0008_line0000_word0000">
                    <pc:Coords points="374,1726 455,1726 455,1775 374,1775"/>
                    <pc:TextEquiv conf="0.918870468139648">
                        <pc:Unicode>hat</pc:Unicode>
                    </pc:TextEquiv>
                </pc:Word>
                <pc:Word id="region0008_line0000_word0001">
                    <pc:Coords points="467,1727 582,1727 582,1767 467,1767"/>
                    <pc:TextEquiv conf="0.923310699462891">
                        <pc:Unicode>einen</pc:Unicode>
                    </pc:TextEquiv>
                </pc:Word>
                <pc:Word id="region0008_line0000_word0002">
                    <pc:Coords points="604,1723 815,1723 815,1774 604,1774"/>
                    <pc:TextEquiv conf="0.910432968139648">
                        <pc:Unicode>geflickten</pc:Unicode>
                    </pc:TextEquiv>
                </pc:Word>
                <pc:Word id="region0008_line0000_word0003">
                    <pc:Coords points="831,1728 1019,1728 1019,1778 831,1778"/>
                    <pc:TextEquiv conf="0.71568115234375">
                        <pc:Unicode>mantel</pc:Unicode>
                    </pc:TextEquiv>
                </pc:Word>
                <pc:Word id="region0008_line0000_word0004">
                    <pc:Coords points="1032,1723 1011,1723 1011,1778 1032,1778"/>
                    <pc:TextEquiv conf="0.71568115234375">
                        <pc:Unicode>/</pc:Unicode>
                    </pc:TextEquiv>
                </pc:Word>
                <pc:Word id="region0008_line0000_word0005">
                    <pc:Coords points="1040,1727 1123,1727 1123,1769 1040,1769"/>
                    <pc:TextEquiv conf="0.917725448608398">
                        <pc:Unicode>vnd</pc:Unicode>
                    </pc:TextEquiv>
                </pc:Word>
                <pc:Word id="region0008_line0000_word0006">
                    <pc:Coords points="1136,1730 1255,1730 1255,1770 1136,1770"/>
                    <pc:TextEquiv conf="0.924013519287109">
                        <pc:Unicode>einen</pc:Unicode>
                    </pc:TextEquiv>
                </pc:Word>
                <pc:TextEquiv conf="0.860816486903599">
                    <pc:Unicode>hat einen geflickten mantel / vnd einen</pc:Unicode>
                </pc:TextEquiv>
            </pc:TextLine>
            <pc:TextLine id="region0008_line0001">
                <pc:Coords points="379,1777 857,1777 857,1834 379,1834"/>
                <pc:Word id="region0008_line0001_word0000">
                    <pc:Coords points="379,1779 633,1779 633,1833 379,1833"/>
                    <pc:TextEquiv conf="0.901517105102539">
                        <pc:Unicode>ſchwartzen</pc:Unicode>
                    </pc:TextEquiv>
                </pc:Word>
                <pc:Word id="region0008_line0001_word0001">
                    <pc:Coords points="648,1779 727,1779 727,1832 648,1832"/>
                    <pc:TextEquiv conf="0.918586807250977">
                        <pc:Unicode>hut</pc:Unicode>
                    </pc:TextEquiv>
                </pc:Word>
                <pc:Word id="region0008_line0001_word0002">
                    <pc:Coords points="740,1777 857,1777 857,1834 740,1834"/>
                    <pc:TextEquiv conf="0.388701286315918">
                        <pc:Unicode>auff.</pc:Unicode>
                    </pc:TextEquiv>
                </pc:Word>
                <pc:TextEquiv conf="0.736268399556478">
                    <pc:Unicode>ſchwartzen hut auff.</pc:Unicode>
                </pc:TextEquiv>
            </pc:TextLine>
            <pc:TextEquiv conf="0.798542443230039">
                <pc:Unicode>hat einen geflickten mantel / vnd einen
ſchwartzen hut auff.</pc:Unicode>
            </pc:TextEquiv>
        </pc:TextRegion>
        <pc:TextRegion id="region0009" orientation="89.960644453337466" readingDirection="left-to-right" textLineOrder="top-to-bottom">
            <pc:Coords points="1627,593 1648,593 1648,929 1627,929"/>
            <pc:TextLine id="region0009_line0000">
                <pc:Coords points="1627,593 1648,593 1648,929 1627,929"/>
                <pc:Word id="region0009_line0000_word0000">
                    <pc:Coords points="1630,865 1641,865 1641,929 1630,929"/>
                    <pc:TextEquiv conf="0.074838256835938">
                        <pc:Unicode>———</pc:Unicode>
                    </pc:TextEquiv>
                </pc:Word>
                <pc:Word id="region0009_line0000_word0001">
                    <pc:Coords points="1627,721 1642,721 1642,857 1627,857"/>
                    <pc:TextEquiv conf="0.099775772094727">
                        <pc:Unicode>——</pc:Unicode>
                    </pc:TextEquiv>
                </pc:Word>
                <pc:Word id="region0009_line0000_word0002">
                    <pc:Coords points="1627,593 1648,593 1648,710 1627,710"/>
                    <pc:TextEquiv conf="0.783276138305664">
                        <pc:Unicode>—</pc:Unicode>
                    </pc:TextEquiv>
                </pc:Word>
                <pc:TextEquiv conf="0.319296722412109">
                    <pc:Unicode>——— —— —</pc:Unicode>
                </pc:TextEquiv>
            </pc:TextLine>
            <pc:TextEquiv conf="0.319296722412109">
                <pc:Unicode>——— —— —</pc:Unicode>
            </pc:TextEquiv>
        </pc:TextRegion>
        <pc:TextRegion id="region0010" orientation="-0.039355546662563" type="caption" readingDirection="left-to-right" textLineOrder="top-to-bottom">
            <pc:Coords points="1615,892 1641,892 1641,1021 1615,1021"/>
            <pc:TextLine id="region0010_line0000">
                <pc:Coords points="1615,892 1628,892 1628,912 1615,912"/>
                <pc:Word id="region0010_line0000_word0000">
                    <pc:Coords points="1615,892 1628,892 1628,912 1615,912"/>
                    <pc:TextEquiv conf="0.155658569335937">
                        <pc:Unicode>J</pc:Unicode>
                    </pc:TextEquiv>
                </pc:Word>
                <pc:TextEquiv conf="0.155658569335937">
                    <pc:Unicode>J</pc:Unicode>
                </pc:TextEquiv>
            </pc:TextLine>
            <pc:TextLine id="region0010_line0001">
                <pc:Coords points="1616,917 1641,917 1641,931 1616,931"/>
                <pc:Word id="region0010_line0001_word0000">
                    <pc:Coords points="1616,917 1641,917 1641,931 1616,931"/>
                    <pc:TextEquiv conf="0.373577575683594">
                        <pc:Unicode>J</pc:Unicode>
                    </pc:TextEquiv>
                </pc:Word>
                <pc:TextEquiv conf="0.373577575683594">
                    <pc:Unicode>J</pc:Unicode>
                </pc:TextEquiv>
            </pc:TextLine>
            <pc:TextLine id="region0010_line0002">
                <pc:Coords points="1615,954 1641,954 1641,974 1615,974"/>
                <pc:Word id="region0010_line0002_word0000">
                    <pc:Coords points="1615,954 1641,954 1641,974 1615,974"/>
                    <pc:TextEquiv conf="0.387490158081055">
                        <pc:Unicode>—3—</pc:Unicode>
                    </pc:TextEquiv>
                </pc:Word>
                <pc:TextEquiv conf="0.387490158081055">
                    <pc:Unicode>—3—</pc:Unicode>
                </pc:TextEquiv>
            </pc:TextLine>
            <pc:TextEquiv conf="0.305575434366862">
                <pc:Unicode>J
J
—3—</pc:Unicode>
            </pc:TextEquiv>
        </pc:TextRegion>
        <pc:TextRegion id="region0012" orientation="-0.039355546662563" readingDirection="left-to-right" textLineOrder="top-to-bottom">
            <pc:Coords points="235,1883 897,1883 897,2058 235,2058"/>
            <pc:TextLine id="region0012_line0000">
                <pc:Coords points="320,1883 897,1883 897,1939 320,1939"/>
                <pc:Word id="region0012_line0000_word0000">
                    <pc:Coords points="320,1885 543,1885 543,1938 320,1938"/>
                    <pc:TextEquiv conf="0.">
                        <pc:Unicode>HDartwig</pc:Unicode>
                    </pc:TextEquiv>
                </pc:Word>
                <pc:Word id="region0012_line0000_word0001">
                    <pc:Coords points="556,1895 643,1895 643,1929 556,1929"/>
                    <pc:TextEquiv conf="0.916541900634766">
                        <pc:Unicode>von</pc:Unicode>
                    </pc:TextEquiv>
                </pc:Word>
                <pc:Word id="region0012_line0000_word0002">
                    <pc:Coords points="655,1883 897,1883 897,1939 655,1939"/>
                    <pc:TextEquiv conf="0.69455078125">
                        <pc:Unicode>Kitzingen.</pc:Unicode>
                    </pc:TextEquiv>
                </pc:Word>
                <pc:TextEquiv conf="0.870364227294922">
                    <pc:Unicode>HDartwig von Kitzingen.</pc:Unicode>
                </pc:TextEquiv>
            </pc:TextLine>
            <pc:TextLine id="region0012_line0001">
                <pc:Coords points="235,1989 800,1989 800,2058 235,2058"/>
                <pc:Word id="region0012_line0001_word0000">
                    <pc:Coords points="235,2004 277,2004 277,2053 235,2053"/>
                    <pc:TextEquiv conf="0.067430191040039">
                        <pc:Unicode>3.</pc:Unicode>
                    </pc:TextEquiv>
                </pc:Word>
                <pc:Word id="region0012_line0001_word0001">
                    <pc:Coords points="340,1989 490,1989 490,2057 340,2057"/>
                    <pc:TextEquiv conf="0.79488639831543">
                        <pc:Unicode>Adam</pc:Unicode>
                    </pc:TextEquiv>
                </pc:Word>
                <pc:Word id="region0012_line0001_word0002">
                    <pc:Coords points="622,1989 484,1989 484,2058 622,2058"/>
                    <pc:TextEquiv conf="0.854569244384766">
                        <pc:Unicode>Velck</pc:Unicode>
                    </pc:TextEquiv>
                </pc:Word>
                <pc:Word id="region0012_line0001_word0003">
                    <pc:Coords points="800,1989 643,1989 643,2058 800,2058"/>
                    <pc:TextEquiv conf="0.836658477783203">
                        <pc:Unicode>bader.</pc:Unicode>
                    </pc:TextEquiv>
                </pc:Word>
                <pc:TextEquiv conf="0.638386077880859">
                    <pc:Unicode>3. Adam Velck bader.</pc:Unicode>
                </pc:TextEquiv>
            </pc:TextLine>
            <pc:TextEquiv conf="0.754375152587891">
                <pc:Unicode>HDartwig von Kitzingen.
3. Adam Velck bader.</pc:Unicode>
            </pc:TextEquiv>
        </pc:TextRegion>
        <pc:TextRegion id="region0014" orientation="-0.039355546662563" readingDirection="left-to-right" textLineOrder="top-to-bottom">
            <pc:Coords points="892,2047 1256,2047 1256,2105 892,2105"/>
            <pc:TextLine id="region0014_line0000">
                <pc:Coords points="892,2047 1256,2047 1256,2105 892,2105"/>
                <pc:Word id="region0014_line0000_word0000">
                    <pc:Coords points="892,2049 1012,2049 1012,2105 892,2105"/>
                    <pc:TextEquiv conf="0.">
                        <pc:Unicode>Aij</pc:Unicode>
                    </pc:TextEquiv>
                </pc:Word>
                <pc:Word id="region0014_line0000_word0001">
                    <pc:Coords points="1129,2047 1256,2047 1256,2105 1129,2105"/>
                    <pc:TextEquiv conf="0.820071716308594">
                        <pc:Unicode>Peter</pc:Unicode>
                    </pc:TextEquiv>
                </pc:Word>
                <pc:TextEquiv conf="0.910035858154297">
                    <pc:Unicode>Aij Peter</pc:Unicode>
                </pc:TextEquiv>
            </pc:TextLine>
            <pc:TextEquiv conf="0.910035858154297">
                <pc:Unicode>Aij Peter</pc:Unicode>
            </pc:TextEquiv>
        </pc:TextRegion>
        <pc:ImageRegion id="region0016" orientation="-0.039355546662563">
            <pc:Coords points="1598,0 1732,0 1732,2368 1598,2368"/>
        </pc:ImageRegion>
        <pc:SeparatorRegion id="region0000">
            <pc:Coords points="41,325 53,325 53,2331 41,2331"/>
        </pc:SeparatorRegion>
        <pc:SeparatorRegion id="region0011">
            <pc:Coords points="1615,980 1618,980 1618,1476 1615,1476"/>
        </pc:SeparatorRegion>
        <pc:SeparatorRegion id="region0013">
            <pc:Coords points="1617,1692 1620,1692 1620,2007 1617,2007"/>
        </pc:SeparatorRegion>
        <pc:SeparatorRegion id="region0015">
            <pc:Coords points="1616,1692 1621,1692 1621,2296 1616,2296"/>
        </pc:SeparatorRegion>
    </pc:Page>
</pc:PcGts>
