<?xml version="1.0" encoding="UTF-8"?>
<pc:PcGts xmlns:pc="http://schema.primaresearch.org/PAGE/gts/pagecontent/2019-07-15" xmlns:xsi="http://www.w3.org/2001/XMLSchema-instance" xsi:schemaLocation="http://schema.primaresearch.org/PAGE/gts/pagecontent/2019-07-15 http://schema.primaresearch.org/PAGE/gts/pagecontent/2019-07-15/pagecontent.xsd" pcGtsId="OCR-D-OCR_0021">
    <pc:Metadata>
        <pc:Creator>OCR-D/core 2.30.0</pc:Creator>
        <pc:Created>2022-11-17T11:47:53.218593</pc:Created>
        <pc:LastChange>2022-11-17T11:47:53.218593</pc:LastChange>
        <pc:MetadataItem type="processingStep" name="layout/segmentation/region" value="ocrd-tesserocr-recognize">
            <pc:Labels externalModel="ocrd-tool" externalId="parameters">
                <pc:Label value="region" type="segmentation_level"/>
                <pc:Label value="word" type="textequiv_level"/>
                <pc:Label value="True" type="find_tables"/>
                <pc:Label value="Fraktur_GT4HistOCR" type="model"/>
                <pc:Label value="0" type="dpi"/>
                <pc:Label value="0" type="padding"/>
                <pc:Label value="False" type="overwrite_segments"/>
                <pc:Label value="True" type="overwrite_text"/>
                <pc:Label value="False" type="shrink_polygons"/>
                <pc:Label value="False" type="block_polygons"/>
                <pc:Label value="False" type="find_staves"/>
                <pc:Label value="False" type="sparse_text"/>
                <pc:Label value="False" type="raw_lines"/>
                <pc:Label value="" type="char_whitelist"/>
                <pc:Label value="" type="char_blacklist"/>
                <pc:Label value="" type="char_unblacklist"/>
                <pc:Label value="{}" type="tesseract_parameters"/>
                <pc:Label value="{}" type="xpath_parameters"/>
                <pc:Label value="{}" type="xpath_model"/>
                <pc:Label value="False" type="auto_model"/>
                <pc:Label value="DEFAULT" type="oem"/>
            </pc:Labels>
            <pc:Labels externalModel="ocrd-tool" externalId="version">
                <pc:Label value="0.13.6 (tesseract 5.0.1)" type="ocrd-tesserocr-recognize"/>
                <pc:Label value="2.30.0" type="ocrd/core"/>
            </pc:Labels>
        </pc:MetadataItem>
    </pc:Metadata>
    <pc:Page imageFilename="OCR-D-IMG/OCR-D-IMG_0021.tif" imageWidth="1584" imageHeight="2320">
        <pc:AlternativeImage filename="OCR-D-OCR/OCR-D-OCR_0021.IMG-BIN.png" comments=",binarized,clipped"/>
        <pc:ReadingOrder>
            <pc:OrderedGroup id="reading-order">
                <pc:RegionRefIndexed index="1" regionRef="region0001"/>
                <pc:RegionRefIndexed index="2" regionRef="region0002"/>
                <pc:RegionRefIndexed index="3" regionRef="region0003"/>
                <pc:RegionRefIndexed index="4" regionRef="region0004"/>
                <pc:RegionRefIndexed index="5" regionRef="region0005"/>
                <pc:RegionRefIndexed index="6" regionRef="region0006"/>
                <pc:RegionRefIndexed index="7" regionRef="region0007"/>
                <pc:RegionRefIndexed index="8" regionRef="region0008"/>
                <pc:RegionRefIndexed index="9" regionRef="region0009"/>
                <pc:RegionRefIndexed index="10" regionRef="region0010"/>
                <pc:RegionRefIndexed index="11" regionRef="region0011"/>
                <pc:RegionRefIndexed index="12" regionRef="region0012"/>
                <pc:RegionRefIndexed index="13" regionRef="region0013"/>
                <pc:RegionRefIndexed index="14" regionRef="region0014"/>
            </pc:OrderedGroup>
        </pc:ReadingOrder>
        <pc:TextRegion id="region0001" orientation="-0.435332378714946" readingDirection="left-to-right" textLineOrder="top-to-bottom">
            <pc:Coords points="485,98 960,98 960,157 485,157"/>
            <pc:TextLine id="region0001_line0000">
                <pc:Coords points="485,98 960,98 960,157 485,157"/>
                <pc:Word id="region0001_line0000_word0000">
                    <pc:Coords points="485,98 540,98 540,121 485,121"/>
                    <pc:TextEquiv conf="0.825975341796875">
                        <pc:Unicode>—</pc:Unicode>
                    </pc:TextEquiv>
                </pc:Word>
                <pc:Word id="region0001_line0000_word0001">
                    <pc:Coords points="560,104 593,104 593,129 560,129"/>
                    <pc:TextEquiv conf="0.210776901245117">
                        <pc:Unicode>—</pc:Unicode>
                    </pc:TextEquiv>
                </pc:Word>
                <pc:Word id="region0001_line0000_word0002">
                    <pc:Coords points="659,105 749,105 749,131 659,131"/>
                    <pc:TextEquiv conf="0.204178619384766">
                        <pc:Unicode>———</pc:Unicode>
                    </pc:TextEquiv>
                </pc:Word>
                <pc:Word id="region0001_line0000_word0003">
                    <pc:Coords points="899,105 960,105 960,157 899,157"/>
                    <pc:TextEquiv conf="0.60496208190918">
                        <pc:Unicode>iv.</pc:Unicode>
                    </pc:TextEquiv>
                </pc:Word>
                <pc:TextEquiv conf="0.461473236083984">
                    <pc:Unicode>— — ——— iv.</pc:Unicode>
                </pc:TextEquiv>
            </pc:TextLine>
            <pc:TextEquiv conf="0.461473236083984">
                <pc:Unicode>— — ——— iv.</pc:Unicode>
            </pc:TextEquiv>
        </pc:TextRegion>
        <pc:TextRegion id="region0002" orientation="-0.435332378714946" type="floating" readingDirection="left-to-right" textLineOrder="top-to-bottom">
            <pc:Coords points="146,203 1221,203 1221,346 146,346"/>
            <pc:TextLine id="region0002_line0000">
                <pc:Coords points="146,203 1221,203 1221,291 146,291"/>
                <pc:Word id="region0002_line0000_word0000">
                    <pc:Coords points="221,289 221,203 146,203 146,289"/>
                    <pc:TextEquiv conf="0.912141571044922">
                        <pc:Unicode>das</pc:Unicode>
                    </pc:TextEquiv>
                </pc:Word>
                <pc:Word id="region0002_line0000_word0001">
                    <pc:Coords points="243,289 407,289 407,203 243,203"/>
                    <pc:TextEquiv conf="0.920907897949219">
                        <pc:Unicode>gemecht</pc:Unicode>
                    </pc:TextEquiv>
                </pc:Word>
                <pc:Word id="region0002_line0000_word0002">
                    <pc:Coords points="417,219 559,219 559,277 417,277"/>
                    <pc:TextEquiv conf="0.924285278320312">
                        <pc:Unicode>damit</pc:Unicode>
                    </pc:TextEquiv>
                </pc:Word>
                <pc:Word id="region0002_line0000_word0003">
                    <pc:Coords points="573,218 788,218 788,277 573,277"/>
                    <pc:TextEquiv conf="0.927437438964844">
                        <pc:Unicode>geweſchen</pc:Unicode>
                    </pc:TextEquiv>
                </pc:Word>
                <pc:Word id="region0002_line0000_word0004">
                    <pc:Coords points="804,225 1039,225 1039,285 804,285"/>
                    <pc:TextEquiv conf="0.351189117431641">
                        <pc:Unicode>benimpt</pc:Unicode>
                    </pc:TextEquiv>
                </pc:Word>
                <pc:Word id="region0002_line0000_word0005">
                    <pc:Coords points="996,289 1042,289 1042,203 996,203"/>
                    <pc:TextEquiv conf="0.452299461364746">
                        <pc:Unicode>dʒ</pc:Unicode>
                    </pc:TextEquiv>
                </pc:Word>
                <pc:Word id="region0002_line0000_word0006">
                    <pc:Coords points="1056,235 1221,235 1221,291 1056,291"/>
                    <pc:TextEquiv conf="0.904351196289062">
                        <pc:Unicode>ragen</pc:Unicode>
                    </pc:TextEquiv>
                </pc:Word>
                <pc:TextEquiv conf="0.770373137337821">
                    <pc:Unicode>das gemecht damit geweſchen benimpt dʒ ragen</pc:Unicode>
                </pc:TextEquiv>
            </pc:TextLine>
            <pc:TextLine id="region0002_line0001">
                <pc:Coords points="950,288 1212,288 1212,346 950,346"/>
                <pc:Word id="region0002_line0001_word0000">
                    <pc:Coords points="950,288 1212,288 1212,346 950,346"/>
                    <pc:TextEquiv conf="0.908251113891602">
                        <pc:Unicode>Betonica.</pc:Unicode>
                    </pc:TextEquiv>
                </pc:Word>
                <pc:TextEquiv conf="0.908251113891602">
                    <pc:Unicode>Betonica.</pc:Unicode>
                </pc:TextEquiv>
            </pc:TextLine>
            <pc:TextEquiv conf="0.839312125614711">
                <pc:Unicode>das gemecht damit geweſchen benimpt dʒ ragen
Betonica.</pc:Unicode>
            </pc:TextEquiv>
        </pc:TextRegion>
        <pc:TextRegion id="region0003" orientation="-0.435332378714946" readingDirection="left-to-right" textLineOrder="top-to-bottom">
            <pc:Coords points="146,264 1176,264 1176,534 146,534"/>
            <pc:TextLine id="region0003_line0000">
                <pc:Coords points="147,264 889,264 889,332 147,332"/>
                <pc:Word id="region0003_line0000_word0000">
                    <pc:Coords points="147,264 215,264 215,331 147,331"/>
                    <pc:TextEquiv conf="0.925074691772461">
                        <pc:Unicode>der</pc:Unicode>
                    </pc:TextEquiv>
                </pc:Word>
                <pc:Word id="region0003_line0000_word0001">
                    <pc:Coords points="235,264 414,264 414,331 235,331"/>
                    <pc:TextEquiv conf="0.920511245727539">
                        <pc:Unicode>gemecht.</pc:Unicode>
                    </pc:TextEquiv>
                </pc:Word>
                <pc:Word id="region0003_line0000_word0002">
                    <pc:Coords points="715,324 889,324 889,332 715,332"/>
                    <pc:TextEquiv conf="0.170637969970703">
                        <pc:Unicode>———</pc:Unicode>
                    </pc:TextEquiv>
                </pc:Word>
                <pc:TextEquiv conf="0.672074635823568">
                    <pc:Unicode>der gemecht. ———</pc:Unicode>
                </pc:TextEquiv>
            </pc:TextLine>
            <pc:TextLine id="region0003_line0001">
                <pc:Coords points="384,329 1051,329 1051,397 384,397"/>
                <pc:Word id="region0003_line0001_word0000">
                    <pc:Coords points="384,336 493,336 493,382 384,382"/>
                    <pc:TextEquiv conf="0.911097946166992">
                        <pc:Unicode>Wer</pc:Unicode>
                    </pc:TextEquiv>
                </pc:Word>
                <pc:Word id="region0003_line0001_word0001">
                    <pc:Coords points="502,329 1000,329 1000,397 502,397"/>
                    <pc:TextEquiv conf="0.911938781738281">
                        <pc:Unicode>hubſch</pc:Unicode>
                    </pc:TextEquiv>
                </pc:Word>
                <pc:Word id="region0003_line0001_word0002">
                    <pc:Coords points="732,329 660,329 660,397 732,397"/>
                    <pc:TextEquiv conf="0.918415985107422">
                        <pc:Unicode>har</pc:Unicode>
                    </pc:TextEquiv>
                </pc:Word>
                <pc:Word id="region0003_line0001_word0003">
                    <pc:Coords points="855,329 750,329 750,397 855,397"/>
                    <pc:TextEquiv conf="0.819546661376953">
                        <pc:Unicode>woͤll</pc:Unicode>
                    </pc:TextEquiv>
                </pc:Word>
                <pc:Word id="region0003_line0001_word0004">
                    <pc:Coords points="1049,391 1051,391 1051,393 1049,393"/>
                    <pc:TextEquiv conf="0.877449340820312">
                        <pc:Unicode>haben.</pc:Unicode>
                    </pc:TextEquiv>
                </pc:Word>
                <pc:TextEquiv conf="0.887689743041992">
                    <pc:Unicode>Wer hubſch har woͤll haben.</pc:Unicode>
                </pc:TextEquiv>
            </pc:TextLine>
            <pc:TextLine id="region0003_line0002">
                <pc:Coords points="146,376 1176,376 1176,534 146,534"/>
                <pc:Word id="region0003_line0002_word0000">
                    <pc:Coords points="146,376 282,376 282,534 146,534"/>
                    <pc:TextEquiv conf="0.270847320556641">
                        <pc:Unicode>*</pc:Unicode>
                    </pc:TextEquiv>
                </pc:Word>
                <pc:Word id="region0003_line0002_word0001">
                    <pc:Coords points="291,385 415,385 415,433 291,433"/>
                    <pc:TextEquiv conf="0.912531433105469">
                        <pc:Unicode>trinck</pc:Unicode>
                    </pc:TextEquiv>
                </pc:Word>
                <pc:Word id="region0003_line0002_word0002">
                    <pc:Coords points="420,391 521,391 521,435 420,435"/>
                    <pc:TextEquiv conf="0.926698226928711">
                        <pc:Unicode>wein</pc:Unicode>
                    </pc:TextEquiv>
                </pc:Word>
                <pc:Word id="region0003_line0002_word0003">
                    <pc:Coords points="529,392 586,392 586,433 529,433"/>
                    <pc:TextEquiv conf="0.918855133056641">
                        <pc:Unicode>ab</pc:Unicode>
                    </pc:TextEquiv>
                </pc:Word>
                <pc:Word id="region0003_line0002_word0004">
                    <pc:Coords points="594,392 770,392 770,443 594,443"/>
                    <pc:TextEquiv conf="0.808570022583008">
                        <pc:Unicode>betonien</pc:Unicode>
                    </pc:TextEquiv>
                </pc:Word>
                <pc:Word id="region0003_line0002_word0005">
                    <pc:Coords points="779,390 823,390 823,444 779,444"/>
                    <pc:TextEquiv conf="0.919520111083984">
                        <pc:Unicode>ſo</pc:Unicode>
                    </pc:TextEquiv>
                </pc:Word>
                <pc:Word id="region0003_line0002_word0006">
                    <pc:Coords points="831,397 941,397 941,445 831,445"/>
                    <pc:TextEquiv conf="0.703953094482422">
                        <pc:Unicode>wůrt</pc:Unicode>
                    </pc:TextEquiv>
                </pc:Word>
                <pc:Word id="region0003_line0002_word0007">
                    <pc:Coords points="947,398 1013,398 1013,448 947,448"/>
                    <pc:TextEquiv conf="0.837465438842773">
                        <pc:Unicode>dir</pc:Unicode>
                    </pc:TextEquiv>
                </pc:Word>
                <pc:Word id="region0003_line0002_word0008">
                    <pc:Coords points="1021,403 1090,403 1090,446 1021,446"/>
                    <pc:TextEquiv conf="0.837465438842773">
                        <pc:Unicode>ein</pc:Unicode>
                    </pc:TextEquiv>
                </pc:Word>
                <pc:Word id="region0003_line0002_word0009">
                    <pc:Coords points="1092,399 1176,399 1176,454 1092,454"/>
                    <pc:TextEquiv conf="0.927610626220703">
                        <pc:Unicode>gůt</pc:Unicode>
                    </pc:TextEquiv>
                </pc:Word>
                <pc:TextEquiv conf="0.806351684570312">
                    <pc:Unicode>* trinck wein ab betonien ſo wůrt dir ein gůt</pc:Unicode>
                </pc:TextEquiv>
            </pc:TextLine>
            <pc:TextEquiv conf="0.788705354478624">
                <pc:Unicode>der gemecht. ———
Wer hubſch har woͤll haben.
* trinck wein ab betonien ſo wůrt dir ein gůt</pc:Unicode>
            </pc:TextEquiv>
        </pc:TextRegion>
        <pc:TextRegion id="region0004" orientation="-0.435332378714946" type="floating" readingDirection="left-to-right" textLineOrder="top-to-bottom">
            <pc:Coords points="164,434 1248,434 1248,510 164,510"/>
            <pc:TextLine id="region0004_line0000">
                <pc:Coords points="164,434 1248,434 1248,510 164,510"/>
                <pc:Word id="region0004_line0000_word0000">
                    <pc:Coords points="226,434 164,434 164,510 226,510"/>
                    <pc:TextEquiv conf="0.143017272949219">
                        <pc:Unicode>atb</pc:Unicode>
                    </pc:TextEquiv>
                </pc:Word>
                <pc:Word id="region0004_line0000_word0001">
                    <pc:Coords points="243,434 396,434 396,499 243,499"/>
                    <pc:TextEquiv conf="0.919004058837891">
                        <pc:Unicode>ſpꝛichet</pc:Unicode>
                    </pc:TextEquiv>
                </pc:Word>
                <pc:Word id="region0004_line0000_word0002">
                    <pc:Coords points="405,448 576,448 576,501 405,501"/>
                    <pc:TextEquiv conf="0.263567504882812">
                        <pc:Unicode>Plinus</pc:Unicode>
                    </pc:TextEquiv>
                </pc:Word>
                <pc:Word id="region0004_line0000_word0003">
                    <pc:Coords points="596,446 723,446 723,500 596,500"/>
                    <pc:TextEquiv conf="0.925534515380859">
                        <pc:Unicode>wer</pc:Unicode>
                    </pc:TextEquiv>
                </pc:Word>
                <pc:Word id="region0004_line0000_word0004">
                    <pc:Coords points="726,434 682,434 682,510 726,510"/>
                    <pc:TextEquiv conf="0.925534515380859">
                        <pc:Unicode>ſy</pc:Unicode>
                    </pc:TextEquiv>
                </pc:Word>
                <pc:Word id="region0004_line0000_word0005">
                    <pc:Coords points="734,442 801,442 801,495 734,495"/>
                    <pc:TextEquiv conf="0.915085906982422">
                        <pc:Unicode>bey</pc:Unicode>
                    </pc:TextEquiv>
                </pc:Word>
                <pc:Word id="region0004_line0000_word0006">
                    <pc:Coords points="810,456 877,456 877,499 810,499"/>
                    <pc:TextEquiv conf="0.824085311889648">
                        <pc:Unicode>ym</pc:Unicode>
                    </pc:TextEquiv>
                </pc:Word>
                <pc:Word id="region0004_line0000_word0007">
                    <pc:Coords points="895,453 1049,453 1049,498 895,498"/>
                    <pc:TextEquiv conf="0.">
                        <pc:Unicode>crag</pc:Unicode>
                    </pc:TextEquiv>
                </pc:Word>
                <pc:Word id="region0004_line0000_word0008">
                    <pc:Coords points="1069,434 1013,434 1013,510 1069,510"/>
                    <pc:TextEquiv conf="0.679998779296875">
                        <pc:Unicode>de</pc:Unicode>
                    </pc:TextEquiv>
                </pc:Word>
                <pc:Word id="region0004_line0000_word0009">
                    <pc:Coords points="1067,447 1248,447 1248,510 1067,510"/>
                    <pc:TextEquiv conf="0.">
                        <pc:Unicode>aag</pc:Unicode>
                    </pc:TextEquiv>
                </pc:Word>
                <pc:TextEquiv conf="0.759582786560059">
                    <pc:Unicode>atb ſpꝛichet Plinus wer ſy bey ym crag de aag</pc:Unicode>
                </pc:TextEquiv>
            </pc:TextLine>
            <pc:TextEquiv conf="0.759582786560059">
                <pc:Unicode>atb ſpꝛichet Plinus wer ſy bey ym crag de aag</pc:Unicode>
            </pc:TextEquiv>
        </pc:TextRegion>
        <pc:TextRegion id="region0005" orientation="-0.435332378714946" readingDirection="left-to-right" textLineOrder="top-to-bottom">
            <pc:Coords points="143,496 1177,496 1177,613 143,613"/>
            <pc:TextLine id="region0005_line0000">
                <pc:Coords points="169,496 1177,496 1177,569 169,569"/>
                <pc:Word id="region0005_line0000_word0000">
                    <pc:Coords points="169,496 233,496 233,538 169,538"/>
                    <pc:TextEquiv conf="0.598472442626953">
                        <pc:Unicode>ein</pc:Unicode>
                    </pc:TextEquiv>
                </pc:Word>
                <pc:Word id="region0005_line0000_word0001">
                    <pc:Coords points="240,497 420,497 420,552 240,552"/>
                    <pc:TextEquiv conf="0.772964172363281">
                        <pc:Unicode>zouberey</pc:Unicode>
                    </pc:TextEquiv>
                </pc:Word>
                <pc:Word id="region0005_line0000_word0002">
                    <pc:Coords points="425,498 571,498 571,552 425,552"/>
                    <pc:TextEquiv conf="0.838231353759766">
                        <pc:Unicode>geſcha</pc:Unicode>
                    </pc:TextEquiv>
                </pc:Word>
                <pc:Word id="region0005_line0000_word0003">
                    <pc:Coords points="649,496 589,496 589,569 649,569"/>
                    <pc:TextEquiv conf="0.59540096282959">
                        <pc:Unicode>den</pc:Unicode>
                    </pc:TextEquiv>
                </pc:Word>
                <pc:Word id="region0005_line0000_word0004">
                    <pc:Coords points="724,496 675,496 675,569 724,569"/>
                    <pc:TextEquiv conf="0.59540096282959">
                        <pc:Unicode>Es</pc:Unicode>
                    </pc:TextEquiv>
                </pc:Word>
                <pc:Word id="region0005_line0000_word0005">
                    <pc:Coords points="750,500 796,500 796,558 750,558"/>
                    <pc:TextEquiv conf="0.914221725463867">
                        <pc:Unicode>iſt</pc:Unicode>
                    </pc:TextEquiv>
                </pc:Word>
                <pc:Word id="region0005_line0000_word0006">
                    <pc:Coords points="805,498 911,498 911,555 805,555"/>
                    <pc:TextEquiv conf="0.886331558227539">
                        <pc:Unicode>auch</pc:Unicode>
                    </pc:TextEquiv>
                </pc:Word>
                <pc:Word id="region0005_line0000_word0007">
                    <pc:Coords points="911,500 996,500 996,556 911,556"/>
                    <pc:TextEquiv conf="0.886331558227539">
                        <pc:Unicode>gůt</pc:Unicode>
                    </pc:TextEquiv>
                </pc:Word>
                <pc:Word id="region0005_line0000_word0008">
                    <pc:Coords points="1006,505 1177,505 1177,569 1006,569"/>
                    <pc:TextEquiv conf="0.563642044067383">
                        <pc:Unicode>fur</pc:Unicode>
                    </pc:TextEquiv>
                </pc:Word>
                <pc:Word id="region0005_line0000_word0009">
                    <pc:Coords points="1116,569 1177,569 1177,496 1116,496"/>
                    <pc:TextEquiv conf="0.155853958129883">
                        <pc:Unicode>ſt</pc:Unicode>
                    </pc:TextEquiv>
                </pc:Word>
                <pc:TextEquiv conf="0.680685073852539">
                    <pc:Unicode>ein zouberey geſcha den Es iſt auch gůt fur ſt</pc:Unicode>
                </pc:TextEquiv>
            </pc:TextLine>
            <pc:TextLine id="region0005_line0001">
                <pc:Coords points="143,504 1175,504 1175,613 143,613"/>
                <pc:Word id="region0005_line0001_word0000">
                    <pc:Coords points="143,547 255,547 255,598 143,598"/>
                    <pc:TextEquiv conf="0.928765029907227">
                        <pc:Unicode>Vnd</pc:Unicode>
                    </pc:TextEquiv>
                </pc:Word>
                <pc:Word id="region0005_line0001_word0001">
                    <pc:Coords points="265,566 339,566 339,597 265,597"/>
                    <pc:TextEquiv conf="0.931049728393555">
                        <pc:Unicode>wer</pc:Unicode>
                    </pc:TextEquiv>
                </pc:Word>
                <pc:Word id="region0005_line0001_word0002">
                    <pc:Coords points="348,558 412,558 412,599 348,599"/>
                    <pc:TextEquiv conf="0.91777587890625">
                        <pc:Unicode>ein</pc:Unicode>
                    </pc:TextEquiv>
                </pc:Word>
                <pc:Word id="region0005_line0001_word0003">
                    <pc:Coords points="422,504 543,504 543,612 422,612"/>
                    <pc:TextEquiv conf="0.">
                        <pc:Unicode>—36</pc:Unicode>
                    </pc:TextEquiv>
                </pc:Word>
                <pc:Word id="region0005_line0001_word0004">
                    <pc:Coords points="553,562 711,562 711,608 553,608"/>
                    <pc:TextEquiv conf="0.921264801025391">
                        <pc:Unicode>magen</pc:Unicode>
                    </pc:TextEquiv>
                </pc:Word>
                <pc:Word id="region0005_line0001_word0005">
                    <pc:Coords points="780,548 704,548 704,613 780,613"/>
                    <pc:TextEquiv conf="0.820374298095703">
                        <pc:Unicode>hat</pc:Unicode>
                    </pc:TextEquiv>
                </pc:Word>
                <pc:Word id="region0005_line0001_word0006">
                    <pc:Coords points="909,548 801,548 801,613 909,613"/>
                    <pc:TextEquiv conf="0.931027069091797">
                        <pc:Unicode>leber</pc:Unicode>
                    </pc:TextEquiv>
                </pc:Word>
                <pc:Word id="region0005_line0001_word0007">
                    <pc:Coords points="918,563 979,563 979,605 918,605"/>
                    <pc:TextEquiv conf="0.931892547607422">
                        <pc:Unicode>vñ</pc:Unicode>
                    </pc:TextEquiv>
                </pc:Word>
                <pc:Word id="region0005_line0001_word0008">
                    <pc:Coords points="988,560 1099,560 1099,613 988,613"/>
                    <pc:TextEquiv conf="0.433917236328125">
                        <pc:Unicode>miltʒ</pc:Unicode>
                    </pc:TextEquiv>
                </pc:Word>
                <pc:Word id="region0005_line0001_word0009">
                    <pc:Coords points="1105,564 1175,564 1175,611 1105,611"/>
                    <pc:TextEquiv conf="0.915384063720703">
                        <pc:Unicode>der</pc:Unicode>
                    </pc:TextEquiv>
                </pc:Word>
                <pc:TextEquiv conf="0.873145065307617">
                    <pc:Unicode>Vnd wer ein —36 magen hat leber vñ miltʒ der</pc:Unicode>
                </pc:TextEquiv>
            </pc:TextLine>
            <pc:TextEquiv conf="0.776915069580078">
                <pc:Unicode>ein zouberey geſcha den Es iſt auch gůt fur ſt
Vnd wer ein —36 magen hat leber vñ miltʒ der</pc:Unicode>
            </pc:TextEquiv>
        </pc:TextRegion>
        <pc:TextRegion id="region0006" orientation="-0.435332378714946" type="floating" readingDirection="left-to-right" textLineOrder="top-to-bottom">
            <pc:Coords points="145,608 1196,608 1196,673 145,673"/>
            <pc:TextLine id="region0006_line0000">
                <pc:Coords points="145,608 1196,608 1196,673 145,673"/>
                <pc:Word id="region0006_line0000_word0000">
                    <pc:Coords points="145,614 253,614 253,660 145,660"/>
                    <pc:TextEquiv conf="0.92270378112793">
                        <pc:Unicode>mag</pc:Unicode>
                    </pc:TextEquiv>
                </pc:Word>
                <pc:Word id="region0006_line0000_word0001">
                    <pc:Coords points="262,608 433,608 433,653 262,653"/>
                    <pc:TextEquiv conf="0.9179150390625">
                        <pc:Unicode>trincken</pc:Unicode>
                    </pc:TextEquiv>
                </pc:Word>
                <pc:Word id="region0006_line0000_word0002">
                    <pc:Coords points="455,612 499,612 499,655 455,655"/>
                    <pc:TextEquiv conf="0.924890747070312">
                        <pc:Unicode>ab</pc:Unicode>
                    </pc:TextEquiv>
                </pc:Word>
                <pc:Word id="region0006_line0000_word0003">
                    <pc:Coords points="593,608 519,608 519,673 593,673"/>
                    <pc:TextEquiv conf="0.923401794433594">
                        <pc:Unicode>dem</pc:Unicode>
                    </pc:TextEquiv>
                </pc:Word>
                <pc:Word id="region0006_line0000_word0004">
                    <pc:Coords points="615,610 739,610 739,658 615,658"/>
                    <pc:TextEquiv conf="0.914617538452148">
                        <pc:Unicode>kraut</pc:Unicode>
                    </pc:TextEquiv>
                </pc:Word>
                <pc:Word id="region0006_line0000_word0005">
                    <pc:Coords points="748,626 844,626 844,666 748,666"/>
                    <pc:TextEquiv conf="0.813032913208008">
                        <pc:Unicode>alſo</pc:Unicode>
                    </pc:TextEquiv>
                </pc:Word>
                <pc:Word id="region0006_line0000_word0006">
                    <pc:Coords points="857,615 906,615 906,666 857,666"/>
                    <pc:TextEquiv conf="0.356250076293945">
                        <pc:Unicode>dz</pc:Unicode>
                    </pc:TextEquiv>
                </pc:Word>
                <pc:Word id="region0006_line0000_word0007">
                    <pc:Coords points="913,615 992,615 992,667 913,667"/>
                    <pc:TextEquiv conf="0.917558746337891">
                        <pc:Unicode>dar</pc:Unicode>
                    </pc:TextEquiv>
                </pc:Word>
                <pc:Word id="region0006_line0000_word0008">
                    <pc:Coords points="1003,614 1176,614 1176,673 1003,673"/>
                    <pc:TextEquiv conf="0.896019439697266">
                        <pc:Unicode>vnð</pc:Unicode>
                    </pc:TextEquiv>
                </pc:Word>
                <pc:Word id="region0006_line0000_word0009">
                    <pc:Coords points="1194,665 1196,665 1196,668 1194,668"/>
                    <pc:TextEquiv conf="0.824125823974609">
                        <pc:Unicode>ge⸗</pc:Unicode>
                    </pc:TextEquiv>
                </pc:Word>
                <pc:TextEquiv conf="0.84105158996582">
                    <pc:Unicode>mag trincken ab dem kraut alſo dz dar vnð ge⸗</pc:Unicode>
                </pc:TextEquiv>
            </pc:TextLine>
            <pc:TextEquiv conf="0.84105158996582">
                <pc:Unicode>mag trincken ab dem kraut alſo dz dar vnð ge⸗</pc:Unicode>
            </pc:TextEquiv>
        </pc:TextRegion>
        <pc:TextRegion id="region0007" orientation="-0.435332378714946" readingDirection="left-to-right" textLineOrder="top-to-bottom">
            <pc:Coords points="142,662 1174,662 1174,790 142,790"/>
            <pc:TextLine id="region0007_line0000">
                <pc:Coords points="142,662 1174,662 1174,731 142,731"/>
                <pc:Word id="region0007_line0000_word0000">
                    <pc:Coords points="142,662 290,662 290,712 142,712"/>
                    <pc:TextEquiv conf="0.896507415771484">
                        <pc:Unicode>miſcht</pc:Unicode>
                    </pc:TextEquiv>
                </pc:Word>
                <pc:Word id="region0007_line0000_word0001">
                    <pc:Coords points="300,668 410,668 410,703 300,703"/>
                    <pc:TextEquiv conf="0.926707916259766">
                        <pc:Unicode>werd</pc:Unicode>
                    </pc:TextEquiv>
                </pc:Word>
                <pc:Word id="region0007_line0000_word0002">
                    <pc:Coords points="420,675 552,675 552,714 420,714"/>
                    <pc:TextEquiv conf="0.243299942016602">
                        <pc:Unicode>wenig</pc:Unicode>
                    </pc:TextEquiv>
                </pc:Word>
                <pc:Word id="region0007_line0000_word0003">
                    <pc:Coords points="560,665 672,665 672,720 560,720"/>
                    <pc:TextEquiv conf="0.856098861694336">
                        <pc:Unicode>eſſich</pc:Unicode>
                    </pc:TextEquiv>
                </pc:Word>
                <pc:Word id="region0007_line0000_word0004">
                    <pc:Coords points="676,672 766,672 766,711 676,711"/>
                    <pc:TextEquiv conf="0.905922012329102">
                        <pc:Unicode>vnd</pc:Unicode>
                    </pc:TextEquiv>
                </pc:Word>
                <pc:Word id="region0007_line0000_word0005">
                    <pc:Coords points="806,677 905,677 905,721 806,721"/>
                    <pc:TextEquiv conf="0.87393684387207">
                        <pc:Unicode>honig</pc:Unicode>
                    </pc:TextEquiv>
                </pc:Word>
                <pc:Word id="region0007_line0000_word0006">
                    <pc:Coords points="910,669 983,669 983,727 910,727"/>
                    <pc:TextEquiv conf="0.916724166870117">
                        <pc:Unicode>diß</pc:Unicode>
                    </pc:TextEquiv>
                </pc:Word>
                <pc:Word id="region0007_line0000_word0007">
                    <pc:Coords points="996,673 1174,673 1174,731 996,731"/>
                    <pc:TextEquiv conf="0.50351692199707">
                        <pc:Unicode>alſoge⸗</pc:Unicode>
                    </pc:TextEquiv>
                </pc:Word>
                <pc:TextEquiv conf="0.765339260101318">
                    <pc:Unicode>miſcht werd wenig eſſich vnd honig diß alſoge⸗</pc:Unicode>
                </pc:TextEquiv>
            </pc:TextLine>
            <pc:TextLine id="region0007_line0001">
                <pc:Coords points="142,710 1173,710 1173,790 142,790"/>
                <pc:Word id="region0007_line0001_word0000">
                    <pc:Coords points="142,710 304,710 304,758 142,758"/>
                    <pc:TextEquiv conf="0.804362335205078">
                        <pc:Unicode>trũcken</pc:Unicode>
                    </pc:TextEquiv>
                </pc:Word>
                <pc:Word id="region0007_line0001_word0001">
                    <pc:Coords points="312,724 357,724 357,758 312,758"/>
                    <pc:TextEquiv conf="0.91817138671875">
                        <pc:Unicode>es</pc:Unicode>
                    </pc:TextEquiv>
                </pc:Word>
                <pc:Word id="region0007_line0001_word0002">
                    <pc:Coords points="366,711 522,711 522,775 366,775"/>
                    <pc:TextEquiv conf="0.900899810791016">
                        <pc:Unicode>hilft:es</pc:Unicode>
                    </pc:TextEquiv>
                </pc:Word>
                <pc:Word id="region0007_line0001_word0003">
                    <pc:Coords points="531,721 575,721 575,781 531,781"/>
                    <pc:TextEquiv conf="0.758298645019531">
                        <pc:Unicode>iſt</pc:Unicode>
                    </pc:TextEquiv>
                </pc:Word>
                <pc:Word id="region0007_line0001_word0004">
                    <pc:Coords points="583,719 691,719 691,779 583,779"/>
                    <pc:TextEquiv conf="0.886453323364258">
                        <pc:Unicode>auch</pc:Unicode>
                    </pc:TextEquiv>
                </pc:Word>
                <pc:Word id="region0007_line0001_word0005">
                    <pc:Coords points="771,710 710,710 710,790 771,790"/>
                    <pc:TextEquiv conf="0.913162612915039">
                        <pc:Unicode>gůt</pc:Unicode>
                    </pc:TextEquiv>
                </pc:Word>
                <pc:Word id="region0007_line0001_word0006">
                    <pc:Coords points="772,724 944,724 944,778 772,778"/>
                    <pc:TextEquiv conf="0.476903915405273">
                        <pc:Unicode>denẽ</pc:Unicode>
                    </pc:TextEquiv>
                </pc:Word>
                <pc:Word id="region0007_line0001_word0007">
                    <pc:Coords points="947,710 891,710 891,790 947,790"/>
                    <pc:TextEquiv conf="0.919302368164063">
                        <pc:Unicode>die</pc:Unicode>
                    </pc:TextEquiv>
                </pc:Word>
                <pc:Word id="region0007_line0001_word0008">
                    <pc:Coords points="955,726 1052,726 1052,777 955,777"/>
                    <pc:TextEquiv conf="0.604654273986816">
                        <pc:Unicode>blůt</pc:Unicode>
                    </pc:TextEquiv>
                </pc:Word>
                <pc:Word id="region0007_line0001_word0009">
                    <pc:Coords points="1061,731 1173,731 1173,790 1061,790"/>
                    <pc:TextEquiv conf="0.50694881439209">
                        <pc:Unicode>ſpeyẽ</pc:Unicode>
                    </pc:TextEquiv>
                </pc:Word>
                <pc:TextEquiv conf="0.768915748596191">
                    <pc:Unicode>trũcken es hilft:es iſt auch gůt denẽ die blůt ſpeyẽ</pc:Unicode>
                </pc:TextEquiv>
            </pc:TextLine>
            <pc:TextEquiv conf="0.767127504348755">
                <pc:Unicode>miſcht werd wenig eſſich vnd honig diß alſoge⸗
trũcken es hilft:es iſt auch gůt denẽ die blůt ſpeyẽ</pc:Unicode>
            </pc:TextEquiv>
        </pc:TextRegion>
        <pc:TextRegion id="region0008" orientation="-0.435332378714946" type="floating" readingDirection="left-to-right" textLineOrder="top-to-bottom">
            <pc:Coords points="184,774 1196,774 1196,848 184,848"/>
            <pc:TextLine id="region0008_line0000">
                <pc:Coords points="184,774 1196,774 1196,848 184,848"/>
                <pc:Word id="region0008_line0000_word0000">
                    <pc:Coords points="184,774 293,774 293,820 184,820"/>
                    <pc:TextEquiv conf="0.875681533813477">
                        <pc:Unicode>Wer</pc:Unicode>
                    </pc:TextEquiv>
                </pc:Word>
                <pc:Word id="region0008_line0000_word0001">
                    <pc:Coords points="302,785 360,785 360,818 302,818"/>
                    <pc:TextEquiv conf="0.926169281005859">
                        <pc:Unicode>ein</pc:Unicode>
                    </pc:TextEquiv>
                </pc:Word>
                <pc:Word id="region0008_line0000_word0002">
                    <pc:Coords points="379,774 447,774 447,827 379,827"/>
                    <pc:TextEquiv conf="0.928734588623047">
                        <pc:Unicode>gůt</pc:Unicode>
                    </pc:TextEquiv>
                </pc:Word>
                <pc:Word id="region0008_line0000_word0003">
                    <pc:Coords points="453,774 701,774 701,839 453,839"/>
                    <pc:TextEquiv conf="0.765056610107422">
                        <pc:Unicode>gedechtnüß</pc:Unicode>
                    </pc:TextEquiv>
                </pc:Word>
                <pc:Word id="region0008_line0000_word0004">
                    <pc:Coords points="831,774 728,774 728,848 831,848"/>
                    <pc:TextEquiv conf="0.396720161437988">
                        <pc:Unicode>woͤlk</pc:Unicode>
                    </pc:TextEquiv>
                </pc:Word>
                <pc:Word id="region0008_line0000_word0005">
                    <pc:Coords points="944,774 846,774 846,848 944,848"/>
                    <pc:TextEquiv conf="0.674946670532227">
                        <pc:Unicode>han.</pc:Unicode>
                    </pc:TextEquiv>
                </pc:Word>
                <pc:Word id="region0008_line0000_word0006">
                    <pc:Coords points="945,790 1196,790 1196,848 945,848"/>
                    <pc:TextEquiv conf="0.821669921875">
                        <pc:Unicode>Bugloſſa.</pc:Unicode>
                    </pc:TextEquiv>
                </pc:Word>
                <pc:TextEquiv conf="0.76985410962786">
                    <pc:Unicode>Wer ein gůt gedechtnüß woͤlk han. Bugloſſa.</pc:Unicode>
                </pc:TextEquiv>
            </pc:TextLine>
            <pc:TextEquiv conf="0.76985410962786">
                <pc:Unicode>Wer ein gůt gedechtnüß woͤlk han. Bugloſſa.</pc:Unicode>
            </pc:TextEquiv>
        </pc:TextRegion>
        <pc:TextRegion id="region0009" orientation="-0.435332378714946" readingDirection="left-to-right" textLineOrder="top-to-bottom">
            <pc:Coords points="133,831 1171,831 1171,1119 133,1119"/>
            <pc:TextLine id="region0009_line0000">
                <pc:Coords points="178,831 1171,831 1171,900 178,900"/>
                <pc:Word id="region0009_line0000_word0000">
                    <pc:Coords points="178,834 255,834 255,872 178,872"/>
                    <pc:TextEquiv conf="0.927815704345703">
                        <pc:Unicode>tem</pc:Unicode>
                    </pc:TextEquiv>
                </pc:Word>
                <pc:Word id="region0009_line0000_word0001">
                    <pc:Coords points="266,842 349,842 349,871 266,871"/>
                    <pc:TextEquiv conf="0.921996231079102">
                        <pc:Unicode>wer</pc:Unicode>
                    </pc:TextEquiv>
                </pc:Word>
                <pc:Word id="region0009_line0000_word0002">
                    <pc:Coords points="357,831 432,831 432,884 357,884"/>
                    <pc:TextEquiv conf="0.908982086181641">
                        <pc:Unicode>och</pc:Unicode>
                    </pc:TextEquiv>
                </pc:Word>
                <pc:Word id="region0009_line0000_word0003">
                    <pc:Coords points="450,847 606,847 606,888 450,888"/>
                    <pc:TextEquiv conf="0.915833435058594">
                        <pc:Unicode>ſenzung</pc:Unicode>
                    </pc:TextEquiv>
                </pc:Word>
                <pc:Word id="region0009_line0000_word0004">
                    <pc:Coords points="612,837 661,837 661,890 612,890"/>
                    <pc:TextEquiv conf="0.886234588623047">
                        <pc:Unicode>dz</pc:Unicode>
                    </pc:TextEquiv>
                </pc:Word>
                <pc:Word id="region0009_line0000_word0005">
                    <pc:Coords points="670,838 797,838 797,886 670,886"/>
                    <pc:TextEquiv conf="0.91468864440918">
                        <pc:Unicode>kraut</pc:Unicode>
                    </pc:TextEquiv>
                </pc:Word>
                <pc:Word id="region0009_line0000_word0006">
                    <pc:Coords points="805,841 978,841 978,900 805,900"/>
                    <pc:TextEquiv conf="0.905241394042969">
                        <pc:Unicode>beyſſt</pc:Unicode>
                    </pc:TextEquiv>
                </pc:Word>
                <pc:Word id="region0009_line0000_word0007">
                    <pc:Coords points="986,837 964,837 964,900 986,900"/>
                    <pc:TextEquiv conf="0.9134375">
                        <pc:Unicode>m</pc:Unicode>
                    </pc:TextEquiv>
                </pc:Word>
                <pc:Word id="region0009_line0000_word0008">
                    <pc:Coords points="988,849 1090,849 1090,891 988,891"/>
                    <pc:TextEquiv conf="0.911266250610352">
                        <pc:Unicode>wein</pc:Unicode>
                    </pc:TextEquiv>
                </pc:Word>
                <pc:Word id="region0009_line0000_word0009">
                    <pc:Coords points="1107,852 1171,852 1171,893 1107,893"/>
                    <pc:TextEquiv conf="0.919020004272461">
                        <pc:Unicode>vñ</pc:Unicode>
                    </pc:TextEquiv>
                </pc:Word>
                <pc:TextEquiv conf="0.912451583862305">
                    <pc:Unicode>tem wer och ſenzung dz kraut beyſſt m wein vñ</pc:Unicode>
                </pc:TextEquiv>
            </pc:TextLine>
            <pc:TextLine id="region0009_line0001">
                <pc:Coords points="165,883 1170,883 1170,958 165,958"/>
                <pc:Word id="region0009_line0001_word0000">
                    <pc:Coords points="165,883 317,883 317,934 165,934"/>
                    <pc:TextEquiv conf="0.864313049316406">
                        <pc:Unicode>arnoch</pc:Unicode>
                    </pc:TextEquiv>
                </pc:Word>
                <pc:Word id="region0009_line0001_word0001">
                    <pc:Coords points="321,895 466,895 466,929 321,929"/>
                    <pc:TextEquiv conf="0.864313049316406">
                        <pc:Unicode>trinckt</pc:Unicode>
                    </pc:TextEquiv>
                </pc:Word>
                <pc:Word id="region0009_line0001_word0002">
                    <pc:Coords points="484,893 604,893 604,937 484,937"/>
                    <pc:TextEquiv conf="0.930122604370117">
                        <pc:Unicode>der</pc:Unicode>
                    </pc:TextEquiv>
                </pc:Word>
                <pc:Word id="region0009_line0001_word0003">
                    <pc:Coords points="609,900 718,900 718,935 609,935"/>
                    <pc:TextEquiv conf="0.777618026733398">
                        <pc:Unicode>gewint</pc:Unicode>
                    </pc:TextEquiv>
                </pc:Word>
                <pc:Word id="region0009_line0001_word0004">
                    <pc:Coords points="741,899 801,899 801,939 741,939"/>
                    <pc:TextEquiv conf="0.757460327148437">
                        <pc:Unicode>ein</pc:Unicode>
                    </pc:TextEquiv>
                </pc:Word>
                <pc:Word id="region0009_line0001_word0005">
                    <pc:Coords points="827,951 905,951 905,883 827,883"/>
                    <pc:TextEquiv conf="0.143900680541992">
                        <pc:Unicode>guu⸗</pc:Unicode>
                    </pc:TextEquiv>
                </pc:Word>
                <pc:Word id="region0009_line0001_word0006">
                    <pc:Coords points="914,895 1170,895 1170,958 914,958"/>
                    <pc:TextEquiv conf="0.863120727539063">
                        <pc:Unicode>gedechtnüß</pc:Unicode>
                    </pc:TextEquiv>
                </pc:Word>
                <pc:TextEquiv conf="0.742978352137974">
                    <pc:Unicode>arnoch trinckt der gewint ein guu⸗ gedechtnüß</pc:Unicode>
                </pc:TextEquiv>
            </pc:TextLine>
            <pc:TextLine id="region0009_line0002">
                <pc:Coords points="138,935 1168,935 1168,1002 138,1002"/>
                <pc:Word id="region0009_line0002_word0000">
                    <pc:Coords points="138,935 215,935 215,979 138,979"/>
                    <pc:TextEquiv conf="0.893016586303711">
                        <pc:Unicode>Es</pc:Unicode>
                    </pc:TextEquiv>
                </pc:Word>
                <pc:Word id="region0009_line0002_word0001">
                    <pc:Coords points="225,938 355,938 355,993 225,993"/>
                    <pc:TextEquiv conf="0.920346145629883">
                        <pc:Unicode>ſterckt</pc:Unicode>
                    </pc:TextEquiv>
                </pc:Word>
                <pc:Word id="region0009_line0002_word0002">
                    <pc:Coords points="467,935 385,935 385,1002 467,1002"/>
                    <pc:TextEquiv conf="0.914501113891602">
                        <pc:Unicode>auch</pc:Unicode>
                    </pc:TextEquiv>
                </pc:Word>
                <pc:Word id="region0009_line0002_word0003">
                    <pc:Coords points="485,940 552,940 552,984 485,984"/>
                    <pc:TextEquiv conf="0.911294097900391">
                        <pc:Unicode>das</pc:Unicode>
                    </pc:TextEquiv>
                </pc:Word>
                <pc:Word id="region0009_line0002_word0004">
                    <pc:Coords points="561,938 658,938 658,988 561,988"/>
                    <pc:TextEquiv conf="0.736899948120117">
                        <pc:Unicode>hertz</pc:Unicode>
                    </pc:TextEquiv>
                </pc:Word>
                <pc:Word id="region0009_line0002_word0005">
                    <pc:Coords points="665,950 757,950 757,989 665,989"/>
                    <pc:TextEquiv conf="0.923941345214844">
                        <pc:Unicode>vnd</pc:Unicode>
                    </pc:TextEquiv>
                </pc:Word>
                <pc:Word id="region0009_line0002_word0006">
                    <pc:Coords points="794,961 837,961 837,989 794,989"/>
                    <pc:TextEquiv conf="0.768115386962891">
                        <pc:Unicode>ma</pc:Unicode>
                    </pc:TextEquiv>
                </pc:Word>
                <pc:Word id="region0009_line0002_word0007">
                    <pc:Coords points="909,935 856,935 856,1002 909,1002"/>
                    <pc:TextEquiv conf="0.340046844482422">
                        <pc:Unicode>cht</pc:Unicode>
                    </pc:TextEquiv>
                </pc:Word>
                <pc:Word id="region0009_line0002_word0008">
                    <pc:Coords points="909,949 987,949 987,1002 909,1002"/>
                    <pc:TextEquiv conf="0.602881546020508">
                        <pc:Unicode>gůt</pc:Unicode>
                    </pc:TextEquiv>
                </pc:Word>
                <pc:Word id="region0009_line0002_word0009">
                    <pc:Coords points="996,949 1096,949 1096,993 996,993"/>
                    <pc:TextEquiv conf="0.525057792663574">
                        <pc:Unicode>beůt</pc:Unicode>
                    </pc:TextEquiv>
                </pc:Word>
                <pc:Word id="region0009_line0002_word0010">
                    <pc:Coords points="1101,959 1168,959 1168,1000 1101,1000"/>
                    <pc:TextEquiv conf="0.">
                        <pc:Unicode>v</pc:Unicode>
                    </pc:TextEquiv>
                </pc:Word>
                <pc:TextEquiv conf="0.776009164289995">
                    <pc:Unicode>Es ſterckt auch das hertz vnd ma cht gůt beůt v</pc:Unicode>
                </pc:TextEquiv>
            </pc:TextLine>
            <pc:TextLine id="region0009_line0003">
                <pc:Coords points="137,983 1167,983 1167,1060 137,1060"/>
                <pc:Word id="region0009_line0003_word0000">
                    <pc:Coords points="137,983 259,983 259,1034 137,1034"/>
                    <pc:TextEquiv conf="0.824058456420898">
                        <pc:Unicode>heilet</pc:Unicode>
                    </pc:TextEquiv>
                </pc:Word>
                <pc:Word id="region0009_line0003_word0001">
                    <pc:Coords points="282,1056 369,1056 369,983 282,983"/>
                    <pc:TextEquiv conf="0.911636734008789">
                        <pc:Unicode>auch</pc:Unicode>
                    </pc:TextEquiv>
                </pc:Word>
                <pc:Word id="region0009_line0003_word0002">
                    <pc:Coords points="388,993 446,993 446,1035 388,1035"/>
                    <pc:TextEquiv conf="0.927926025390625">
                        <pc:Unicode>das</pc:Unicode>
                    </pc:TextEquiv>
                </pc:Word>
                <pc:Word id="region0009_line0003_word0003">
                    <pc:Coords points="465,1056 567,1056 567,983 465,983"/>
                    <pc:TextEquiv conf="0.901855163574219">
                        <pc:Unicode>hertʒ</pc:Unicode>
                    </pc:TextEquiv>
                </pc:Word>
                <pc:Word id="region0009_line0003_word0004">
                    <pc:Coords points="585,1056 727,1056 727,983 585,983"/>
                    <pc:TextEquiv conf="0.531043472290039">
                        <pc:Unicode>geſperꝛ</pc:Unicode>
                    </pc:TextEquiv>
                </pc:Word>
                <pc:Word id="region0009_line0003_word0005">
                    <pc:Coords points="752,993 896,993 896,1052 752,1052"/>
                    <pc:TextEquiv conf="0.310485992431641">
                        <pc:Unicode>Dasſ</pc:Unicode>
                    </pc:TextEquiv>
                </pc:Word>
                <pc:Word id="region0009_line0003_word0006">
                    <pc:Coords points="887,995 951,995 951,1060 887,1060"/>
                    <pc:TextEquiv conf="0.554994506835938">
                        <pc:Unicode>aft</pc:Unicode>
                    </pc:TextEquiv>
                </pc:Word>
                <pc:Word id="region0009_line0003_word0007">
                    <pc:Coords points="972,995 1167,995 1167,1060 972,1060"/>
                    <pc:TextEquiv conf="0.56209342956543">
                        <pc:Unicode>getrunckẽ</pc:Unicode>
                    </pc:TextEquiv>
                </pc:Word>
                <pc:TextEquiv conf="0.690511722564697">
                    <pc:Unicode>heilet auch das hertʒ geſperꝛ Dasſ aft getrunckẽ</pc:Unicode>
                </pc:TextEquiv>
            </pc:TextLine>
            <pc:TextLine id="region0009_line0004">
                <pc:Coords points="133,1044 1145,1044 1145,1119 133,1119"/>
                <pc:Word id="region0009_line0004_word0000">
                    <pc:Coords points="133,1047 211,1047 211,1084 133,1084"/>
                    <pc:TextEquiv conf="0.913885345458984">
                        <pc:Unicode>mit</pc:Unicode>
                    </pc:TextEquiv>
                </pc:Word>
                <pc:Word id="region0009_line0004_word0001">
                    <pc:Coords points="221,1048 384,1048 384,1087 221,1087"/>
                    <pc:TextEquiv conf="0.629394950866699">
                        <pc:Unicode>warmẽ</pc:Unicode>
                    </pc:TextEquiv>
                </pc:Word>
                <pc:Word id="region0009_line0004_word0002">
                    <pc:Coords points="394,1044 534,1044 534,1103 394,1103"/>
                    <pc:TextEquiv conf="0.920880737304687">
                        <pc:Unicode>waſſer</pc:Unicode>
                    </pc:TextEquiv>
                </pc:Word>
                <pc:Word id="region0009_line0004_word0003">
                    <pc:Coords points="712,1045 647,1045 647,1119 712,1119"/>
                    <pc:TextEquiv conf="0.925155334472656">
                        <pc:Unicode>für</pc:Unicode>
                    </pc:TextEquiv>
                </pc:Word>
                <pc:Word id="region0009_line0004_word0004">
                    <pc:Coords points="732,1052 770,1052 770,1109 732,1109"/>
                    <pc:TextEquiv conf="0.846172561645508">
                        <pc:Unicode>dz</pc:Unicode>
                    </pc:TextEquiv>
                </pc:Word>
                <pc:Word id="region0009_line0004_word0005">
                    <pc:Coords points="843,1053 1008,1053 1008,1115 843,1115"/>
                    <pc:TextEquiv conf="0.626912231445312">
                        <pc:Unicode>geſchwelt</pc:Unicode>
                    </pc:TextEquiv>
                </pc:Word>
                <pc:Word id="region0009_line0004_word0006">
                    <pc:Coords points="1007,1045 997,1045 997,1119 1007,1119"/>
                    <pc:TextEquiv conf="0.44439079284668">
                        <pc:Unicode>ẽ</pc:Unicode>
                    </pc:TextEquiv>
                </pc:Word>
                <pc:Word id="region0009_line0004_word0007">
                    <pc:Coords points="1017,1053 1044,1053 1044,1114 1017,1114"/>
                    <pc:TextEquiv conf="0.871390609741211">
                        <pc:Unicode>ð</pc:Unicode>
                    </pc:TextEquiv>
                </pc:Word>
                <pc:Word id="region0009_line0004_word0008">
                    <pc:Coords points="1053,1058 1145,1058 1145,1119 1053,1119"/>
                    <pc:TextEquiv conf="0.766916732788086">
                        <pc:Unicode>fůß.</pc:Unicode>
                    </pc:TextEquiv>
                </pc:Word>
                <pc:TextEquiv conf="0.771677699618869">
                    <pc:Unicode>mit warmẽ waſſer für dz geſchwelt ẽ ð fůß.</pc:Unicode>
                </pc:TextEquiv>
            </pc:TextLine>
            <pc:TextEquiv conf="0.778725704494768">
                <pc:Unicode>tem wer och ſenzung dz kraut beyſſt m wein vñ
arnoch trinckt der gewint ein guu⸗ gedechtnüß
Es ſterckt auch das hertz vnd ma cht gůt beůt v
heilet auch das hertʒ geſperꝛ Dasſ aft getrunckẽ
mit warmẽ waſſer für dz geſchwelt ẽ ð fůß.</pc:Unicode>
            </pc:TextEquiv>
        </pc:TextRegion>
        <pc:TextRegion id="region0010" orientation="-0.435332378714946" readingDirection="left-to-right" textLineOrder="top-to-bottom">
            <pc:Coords points="374,1104 1164,1104 1164,1168 374,1168"/>
            <pc:TextLine id="region0010_line0000">
                <pc:Coords points="374,1104 1164,1104 1164,1168 374,1168"/>
                <pc:Word id="region0010_line0000_word0000">
                    <pc:Coords points="374,1106 502,1106 502,1154 374,1154"/>
                    <pc:TextEquiv conf="0.898107223510742">
                        <pc:Unicode>Was</pc:Unicode>
                    </pc:TextEquiv>
                </pc:Word>
                <pc:Word id="region0010_line0000_word0001">
                    <pc:Coords points="509,1104 588,1104 588,1153 509,1153"/>
                    <pc:TextEquiv conf="0.927845840454102">
                        <pc:Unicode>den</pc:Unicode>
                    </pc:TextEquiv>
                </pc:Word>
                <pc:Word id="region0010_line0000_word0002">
                    <pc:Coords points="627,1110 708,1110 708,1165 627,1165"/>
                    <pc:TextEquiv conf="0.912476654052734">
                        <pc:Unicode>durſt</pc:Unicode>
                    </pc:TextEquiv>
                </pc:Word>
                <pc:Word id="region0010_line0000_word0003">
                    <pc:Coords points="715,1122 840,1122 840,1162 715,1162"/>
                    <pc:TextEquiv conf="0.791273422241211">
                        <pc:Unicode>nem.</pc:Unicode>
                    </pc:TextEquiv>
                </pc:Word>
                <pc:Word id="region0010_line0000_word0004">
                    <pc:Coords points="944,1115 1164,1115 1164,1168 944,1168"/>
                    <pc:TextEquiv conf="0.236937789916992">
                        <pc:Unicode>Borberis.</pc:Unicode>
                    </pc:TextEquiv>
                </pc:Word>
                <pc:TextEquiv conf="0.753328186035156">
                    <pc:Unicode>Was den durſt nem. Borberis.</pc:Unicode>
                </pc:TextEquiv>
            </pc:TextLine>
            <pc:TextEquiv conf="0.753328186035156">
                <pc:Unicode>Was den durſt nem. Borberis.</pc:Unicode>
            </pc:TextEquiv>
        </pc:TextRegion>
        <pc:TextRegion id="region0011" orientation="-0.435332378714946" type="floating" readingDirection="left-to-right" textLineOrder="top-to-bottom">
            <pc:Coords points="74,1151 1189,1151 1189,1285 74,1285"/>
            <pc:TextLine id="region0011_line0000">
                <pc:Coords points="74,1151 1189,1151 1189,1231 74,1231"/>
                <pc:Word id="region0011_line0000_word0000">
                    <pc:Coords points="74,1186 212,1186 212,1197 74,1197"/>
                    <pc:TextEquiv conf="0.485062637329102">
                        <pc:Unicode>Item</pc:Unicode>
                    </pc:TextEquiv>
                </pc:Word>
                <pc:Word id="region0011_line0000_word0001">
                    <pc:Coords points="252,1222 349,1222 349,1151 252,1151"/>
                    <pc:TextEquiv conf="0.904019470214844">
                        <pc:Unicode>neüß</pc:Unicode>
                    </pc:TextEquiv>
                </pc:Word>
                <pc:Word id="region0011_line0000_word0002">
                    <pc:Coords points="430,1162 551,1162 551,1212 430,1212"/>
                    <pc:TextEquiv conf="0.914339294433594">
                        <pc:Unicode>pferſich</pc:Unicode>
                    </pc:TextEquiv>
                </pc:Word>
                <pc:Word id="region0011_line0000_word0003">
                    <pc:Coords points="563,1164 604,1164 604,1216 563,1216"/>
                    <pc:TextEquiv conf="0.919533843994141">
                        <pc:Unicode>ſo</pc:Unicode>
                    </pc:TextEquiv>
                </pc:Word>
                <pc:Word id="region0011_line0000_word0004">
                    <pc:Coords points="612,1162 796,1162 796,1218 612,1218"/>
                    <pc:TextEquiv conf="0.46606388092041">
                        <pc:Unicode>benimpt</pc:Unicode>
                    </pc:TextEquiv>
                </pc:Word>
                <pc:Word id="region0011_line0000_word0005">
                    <pc:Coords points="811,1168 849,1168 849,1207 811,1207"/>
                    <pc:TextEquiv conf="0.917080001831055">
                        <pc:Unicode>er</pc:Unicode>
                    </pc:TextEquiv>
                </pc:Word>
                <pc:Word id="region0011_line0000_word0006">
                    <pc:Coords points="858,1166 936,1166 936,1212 858,1212"/>
                    <pc:TextEquiv conf="0.931222152709961">
                        <pc:Unicode>den</pc:Unicode>
                    </pc:TextEquiv>
                </pc:Word>
                <pc:Word id="region0011_line0000_word0007">
                    <pc:Coords points="952,1167 1064,1167 1064,1224 952,1224"/>
                    <pc:TextEquiv conf="0.912234039306641">
                        <pc:Unicode>durſt</pc:Unicode>
                    </pc:TextEquiv>
                </pc:Word>
                <pc:Word id="region0011_line0000_word0008">
                    <pc:Coords points="1072,1174 1189,1174 1189,1231 1072,1231"/>
                    <pc:TextEquiv conf="0.931522750854492">
                        <pc:Unicode>vnd</pc:Unicode>
                    </pc:TextEquiv>
                </pc:Word>
                <pc:TextEquiv conf="0.820119785732693">
                    <pc:Unicode>Item neüß pferſich ſo benimpt er den durſt vnd</pc:Unicode>
                </pc:TextEquiv>
            </pc:TextLine>
            <pc:TextLine id="region0011_line0001">
                <pc:Coords points="112,1160 1161,1160 1161,1285 112,1285"/>
                <pc:Word id="region0011_line0001_word0000">
                    <pc:Coords points="112,1210 263,1210 263,1264 112,1264"/>
                    <pc:TextEquiv conf="0.884568099975586">
                        <pc:Unicode>ſterckt</pc:Unicode>
                    </pc:TextEquiv>
                </pc:Word>
                <pc:Word id="region0011_line0001_word0001">
                    <pc:Coords points="269,1160 575,1160 575,1272 269,1272"/>
                    <pc:TextEquiv conf="0.065502166748047">
                        <pc:Unicode>———</pc:Unicode>
                    </pc:TextEquiv>
                </pc:Word>
                <pc:Word id="region0011_line0001_word0002">
                    <pc:Coords points="584,1222 641,1222 641,1261 584,1261"/>
                    <pc:TextEquiv conf="0.91568229675293">
                        <pc:Unicode>die</pc:Unicode>
                    </pc:TextEquiv>
                </pc:Word>
                <pc:Word id="region0011_line0001_word0003">
                    <pc:Coords points="650,1219 767,1219 767,1263 650,1263"/>
                    <pc:TextEquiv conf="0.916608276367187">
                        <pc:Unicode>leber.</pc:Unicode>
                    </pc:TextEquiv>
                </pc:Word>
                <pc:Word id="region0011_line0001_word0004">
                    <pc:Coords points="785,1220 864,1220 864,1278 785,1278"/>
                    <pc:TextEquiv conf="0.923862915039062">
                        <pc:Unicode>Itẽ</pc:Unicode>
                    </pc:TextEquiv>
                </pc:Word>
                <pc:Word id="region0011_line0001_word0005">
                    <pc:Coords points="869,1221 1018,1221 1018,1270 869,1270"/>
                    <pc:TextEquiv conf="0.883816680908203">
                        <pc:Unicode>damit</pc:Unicode>
                    </pc:TextEquiv>
                </pc:Word>
                <pc:Word id="region0011_line0001_word0006">
                    <pc:Coords points="1029,1225 1161,1225 1161,1285 1029,1285"/>
                    <pc:TextEquiv conf="0.677779846191406">
                        <pc:Unicode>geſch⸗</pc:Unicode>
                    </pc:TextEquiv>
                </pc:Word>
                <pc:TextEquiv conf="0.752545754568917">
                    <pc:Unicode>ſterckt ——— die leber. Itẽ damit geſch⸗</pc:Unicode>
                </pc:TextEquiv>
            </pc:TextLine>
            <pc:TextEquiv conf="0.786332770150805">
                <pc:Unicode>Item neüß pferſich ſo benimpt er den durſt vnd
ſterckt ——— die leber. Itẽ damit geſch⸗</pc:Unicode>
            </pc:TextEquiv>
        </pc:TextRegion>
        <pc:TextRegion id="region0012" orientation="-0.435332378714946" readingDirection="left-to-right" textLineOrder="top-to-bottom">
            <pc:Coords points="121,1268 1170,1268 1170,1844 121,1844"/>
            <pc:TextLine id="region0012_line0000">
                <pc:Coords points="129,1268 1161,1268 1161,1341 129,1341"/>
                <pc:Word id="region0012_line0000_word0000">
                    <pc:Coords points="129,1268 258,1268 258,1311 129,1311"/>
                    <pc:TextEquiv conf="0.917222442626953">
                        <pc:Unicode>mirbt</pc:Unicode>
                    </pc:TextEquiv>
                </pc:Word>
                <pc:Word id="region0012_line0000_word0001">
                    <pc:Coords points="264,1269 343,1269 343,1315 264,1315"/>
                    <pc:TextEquiv conf="0.909069290161133">
                        <pc:Unicode>den</pc:Unicode>
                    </pc:TextEquiv>
                </pc:Word>
                <pc:Word id="region0012_line0000_word0002">
                    <pc:Coords points="470,1268 357,1268 357,1341 470,1341"/>
                    <pc:TextEquiv conf="0.919135055541992">
                        <pc:Unicode>bauch</pc:Unicode>
                    </pc:TextEquiv>
                </pc:Word>
                <pc:Word id="region0012_line0000_word0003">
                    <pc:Coords points="489,1270 556,1270 556,1319 489,1319"/>
                    <pc:TextEquiv conf="0.924010696411133">
                        <pc:Unicode>der</pc:Unicode>
                    </pc:TextEquiv>
                </pc:Word>
                <pc:Word id="region0012_line0000_word0004">
                    <pc:Coords points="563,1272 724,1272 724,1333 563,1333"/>
                    <pc:TextEquiv conf="0.920766677856445">
                        <pc:Unicode>frauwẽ</pc:Unicode>
                    </pc:TextEquiv>
                </pc:Word>
                <pc:Word id="region0012_line0000_word0005">
                    <pc:Coords points="740,1277 839,1277 839,1325 740,1325"/>
                    <pc:TextEquiv conf="0.025939025878906">
                        <pc:Unicode>triet</pc:Unicode>
                    </pc:TextEquiv>
                </pc:Word>
                <pc:Word id="region0012_line0000_word0006">
                    <pc:Coords points="849,1284 906,1284 906,1341 849,1341"/>
                    <pc:TextEquiv conf="0.905486755371094">
                        <pc:Unicode>uß</pc:Unicode>
                    </pc:TextEquiv>
                </pc:Word>
                <pc:Word id="region0012_line0000_word0007">
                    <pc:Coords points="912,1280 961,1280 961,1338 912,1338"/>
                    <pc:TextEquiv conf="0.809972839355469">
                        <pc:Unicode>dz</pc:Unicode>
                    </pc:TextEquiv>
                </pc:Word>
                <pc:Word id="region0012_line0000_word0008">
                    <pc:Coords points="966,1286 1038,1286 1038,1332 966,1332"/>
                    <pc:TextEquiv conf="0.914720001220703">
                        <pc:Unicode>tod</pc:Unicode>
                    </pc:TextEquiv>
                </pc:Word>
                <pc:Word id="region0012_line0000_word0009">
                    <pc:Coords points="1048,1280 1161,1280 1161,1339 1048,1339"/>
                    <pc:TextEquiv conf="0.872207946777344">
                        <pc:Unicode>kinðt</pc:Unicode>
                    </pc:TextEquiv>
                </pc:Word>
                <pc:TextEquiv conf="0.811853073120117">
                    <pc:Unicode>mirbt den bauch der frauwẽ triet uß dz tod kinðt</pc:Unicode>
                </pc:TextEquiv>
            </pc:TextLine>
            <pc:TextLine id="region0012_line0001">
                <pc:Coords points="128,1321 1157,1321 1157,1397 128,1397"/>
                <pc:Word id="region0012_line0001_word0000">
                    <pc:Coords points="128,1321 238,1321 238,1374 128,1374"/>
                    <pc:TextEquiv conf="0.92918830871582">
                        <pc:Unicode>auch</pc:Unicode>
                    </pc:TextEquiv>
                </pc:Word>
                <pc:Word id="region0012_line0001_word0001">
                    <pc:Coords points="243,1325 376,1325 376,1380 243,1380"/>
                    <pc:TextEquiv conf="0.920369186401367">
                        <pc:Unicode>macht</pc:Unicode>
                    </pc:TextEquiv>
                </pc:Word>
                <pc:Word id="region0012_line0001_word0002">
                    <pc:Coords points="384,1329 426,1329 426,1371 384,1371"/>
                    <pc:TextEquiv conf="0.915670852661133">
                        <pc:Unicode>es</pc:Unicode>
                    </pc:TextEquiv>
                </pc:Word>
                <pc:Word id="region0012_line0001_word0003">
                    <pc:Coords points="437,1331 639,1331 639,1387 437,1387"/>
                    <pc:TextEquiv conf="0.640911178588867">
                        <pc:Unicode>ſchwitzen</pc:Unicode>
                    </pc:TextEquiv>
                </pc:Word>
                <pc:Word id="region0012_line0001_word0004">
                    <pc:Coords points="838,1321 659,1321 659,1397 838,1397"/>
                    <pc:TextEquiv conf="0.649441223144531">
                        <pc:Unicode>Pferſich</pc:Unicode>
                    </pc:TextEquiv>
                </pc:Word>
                <pc:Word id="region0012_line0001_word0005">
                    <pc:Coords points="859,1343 921,1343 921,1387 859,1387"/>
                    <pc:TextEquiv conf="0.901626586914062">
                        <pc:Unicode>mit</pc:Unicode>
                    </pc:TextEquiv>
                </pc:Word>
                <pc:Word id="region0012_line0001_word0006">
                    <pc:Coords points="1071,1321 948,1321 948,1397 1071,1397"/>
                    <pc:TextEquiv conf="0.393352127075195">
                        <pc:Unicode>waſſer</pc:Unicode>
                    </pc:TextEquiv>
                </pc:Word>
                <pc:Word id="region0012_line0001_word0007">
                    <pc:Coords points="1095,1343 1157,1343 1157,1389 1095,1389"/>
                    <pc:TextEquiv conf="0.659067611694336">
                        <pc:Unicode>da⸗</pc:Unicode>
                    </pc:TextEquiv>
                </pc:Word>
                <pc:TextEquiv conf="0.751203384399414">
                    <pc:Unicode>auch macht es ſchwitzen Pferſich mit waſſer da⸗</pc:Unicode>
                </pc:TextEquiv>
            </pc:TextLine>
            <pc:TextLine id="region0012_line0002">
                <pc:Coords points="129,1377 1170,1377 1170,1452 129,1452"/>
                <pc:Word id="region0012_line0002_word0000">
                    <pc:Coords points="129,1377 212,1377 212,1437 129,1437"/>
                    <pc:TextEquiv conf="0.490950775146484">
                        <pc:Unicode>ſgft</pc:Unicode>
                    </pc:TextEquiv>
                </pc:Word>
                <pc:Word id="region0012_line0002_word0001">
                    <pc:Coords points="302,1377 239,1377 239,1452 302,1452"/>
                    <pc:TextEquiv conf="0.738992614746094">
                        <pc:Unicode>guß</pc:Unicode>
                    </pc:TextEquiv>
                </pc:Word>
                <pc:Word id="region0012_line0002_word0002">
                    <pc:Coords points="309,1385 493,1385 493,1441 309,1441"/>
                    <pc:TextEquiv conf="0.917008666992188">
                        <pc:Unicode>getruckt</pc:Unicode>
                    </pc:TextEquiv>
                </pc:Word>
                <pc:Word id="region0012_line0002_word0003">
                    <pc:Coords points="501,1394 592,1394 592,1436 501,1436"/>
                    <pc:TextEquiv conf="0.87980224609375">
                        <pc:Unicode>vnd</pc:Unicode>
                    </pc:TextEquiv>
                </pc:Word>
                <pc:Word id="region0012_line0002_word0004">
                    <pc:Coords points="598,1391 658,1391 658,1436 598,1436"/>
                    <pc:TextEquiv conf="0.921779327392578">
                        <pc:Unicode>da</pc:Unicode>
                    </pc:TextEquiv>
                </pc:Word>
                <pc:Word id="region0012_line0002_word0005">
                    <pc:Coords points="667,1402 754,1402 754,1434 667,1434"/>
                    <pc:TextEquiv conf="0.901956481933594">
                        <pc:Unicode>von</pc:Unicode>
                    </pc:TextEquiv>
                </pc:Word>
                <pc:Word id="region0012_line0002_word0006">
                    <pc:Coords points="764,1397 960,1397 960,1448 764,1448"/>
                    <pc:TextEquiv conf="0.624086303710938">
                        <pc:Unicode>morgens</pc:Unicode>
                    </pc:TextEquiv>
                </pc:Word>
                <pc:Word id="region0012_line0002_word0007">
                    <pc:Coords points="973,1395 1170,1395 1170,1452 973,1452"/>
                    <pc:TextEquiv conf="0.370781135559082">
                        <pc:Unicode>genoſen</pc:Unicode>
                    </pc:TextEquiv>
                </pc:Word>
                <pc:TextEquiv conf="0.730669693946838">
                    <pc:Unicode>ſgft guß getruckt vnd da von morgens genoſen</pc:Unicode>
                </pc:TextEquiv>
            </pc:TextLine>
            <pc:TextLine id="region0012_line0003">
                <pc:Coords points="127,1428 1093,1428 1093,1510 127,1510"/>
                <pc:Word id="region0012_line0003_word0000">
                    <pc:Coords points="127,1428 174,1428 174,1485 127,1485"/>
                    <pc:TextEquiv conf="0.897539825439453">
                        <pc:Unicode>iſt</pc:Unicode>
                    </pc:TextEquiv>
                </pc:Word>
                <pc:Word id="region0012_line0003_word0001">
                    <pc:Coords points="176,1438 256,1438 256,1480 176,1480"/>
                    <pc:TextEquiv conf="0.923275680541992">
                        <pc:Unicode>gůt</pc:Unicode>
                    </pc:TextEquiv>
                </pc:Word>
                <pc:Word id="region0012_line0003_word0002">
                    <pc:Coords points="265,1440 390,1440 390,1485 265,1485"/>
                    <pc:TextEquiv conf="0.422300872802734">
                        <pc:Unicode>wiher</pc:Unicode>
                    </pc:TextEquiv>
                </pc:Word>
                <pc:Word id="region0012_line0003_word0003">
                    <pc:Coords points="397,1441 445,1441 445,1493 397,1493"/>
                    <pc:TextEquiv conf="0.897488479614258">
                        <pc:Unicode>dz</pc:Unicode>
                    </pc:TextEquiv>
                </pc:Word>
                <pc:Word id="region0012_line0003_word0004">
                    <pc:Coords points="454,1441 507,1441 507,1492 454,1492"/>
                    <pc:TextEquiv conf="0.914636459350586">
                        <pc:Unicode>ha</pc:Unicode>
                    </pc:TextEquiv>
                </pc:Word>
                <pc:Word id="region0012_line0003_word0005">
                    <pc:Coords points="513,1443 586,1443 586,1494 513,1494"/>
                    <pc:TextEquiv conf="0.894253540039063">
                        <pc:Unicode>ubt</pc:Unicode>
                    </pc:TextEquiv>
                </pc:Word>
                <pc:Word id="region0012_line0003_word0006">
                    <pc:Coords points="596,1459 676,1459 676,1491 596,1491"/>
                    <pc:TextEquiv conf="0.620564346313477">
                        <pc:Unicode>we⸗</pc:Unicode>
                    </pc:TextEquiv>
                </pc:Word>
                <pc:Word id="region0012_line0003_word0007">
                    <pc:Coords points="687,1447 829,1447 829,1505 687,1505"/>
                    <pc:TextEquiv conf="0.917274475097656">
                        <pc:Unicode>ſpricht</pc:Unicode>
                    </pc:TextEquiv>
                </pc:Word>
                <pc:Word id="region0012_line0003_word0008">
                    <pc:Coords points="835,1453 1093,1453 1093,1510 835,1510"/>
                    <pc:TextEquiv conf="0.778320007324219">
                        <pc:Unicode>Platearms.</pc:Unicode>
                    </pc:TextEquiv>
                </pc:Word>
                <pc:TextEquiv conf="0.80729485405816">
                    <pc:Unicode>iſt gůt wiher dz ha ubt we⸗ ſpricht Platearms.</pc:Unicode>
                </pc:TextEquiv>
            </pc:TextLine>
            <pc:TextLine id="region0012_line0004">
                <pc:Coords points="257,1491 1149,1491 1149,1564 257,1564"/>
                <pc:Word id="region0012_line0004_word0000">
                    <pc:Coords points="257,1491 343,1491 343,1536 257,1536"/>
                    <pc:TextEquiv conf="0.450321998596191">
                        <pc:Unicode>Eur</pc:Unicode>
                    </pc:TextEquiv>
                </pc:Word>
                <pc:Word id="region0012_line0004_word0001">
                    <pc:Coords points="352,1496 400,1496 400,1546 352,1546"/>
                    <pc:TextEquiv conf="0.472977676391602">
                        <pc:Unicode>dz</pc:Unicode>
                    </pc:TextEquiv>
                </pc:Word>
                <pc:Word id="region0012_line0004_word0002">
                    <pc:Coords points="411,1497 628,1497 628,1550 411,1550"/>
                    <pc:TextEquiv conf="0.787248153686523">
                        <pc:Unicode>ſchwĩdlen</pc:Unicode>
                    </pc:TextEquiv>
                </pc:Word>
                <pc:Word id="region0012_line0004_word0003">
                    <pc:Coords points="643,1507 701,1507 701,1550 643,1550"/>
                    <pc:TextEquiv conf="0.906956405639648">
                        <pc:Unicode>im</pc:Unicode>
                    </pc:TextEquiv>
                </pc:Word>
                <pc:Word id="region0012_line0004_word0004">
                    <pc:Coords points="709,1500 886,1500 886,1560 709,1560"/>
                    <pc:TextEquiv conf="0.153701171875">
                        <pc:Unicode>haubr</pc:Unicode>
                    </pc:TextEquiv>
                </pc:Word>
                <pc:Word id="region0012_line0004_word0005">
                    <pc:Coords points="944,1505 1149,1505 1149,1564 944,1564"/>
                    <pc:TextEquiv conf="0.445769500732422">
                        <pc:Unicode>Borꝛrago.</pc:Unicode>
                    </pc:TextEquiv>
                </pc:Word>
                <pc:TextEquiv conf="0.536162484486898">
                    <pc:Unicode>Eur dz ſchwĩdlen im haubr Borꝛrago.</pc:Unicode>
                </pc:TextEquiv>
            </pc:TextLine>
            <pc:TextLine id="region0012_line0005">
                <pc:Coords points="126,1542 1162,1542 1162,1619 126,1619"/>
                <pc:Word id="region0012_line0005_word0000">
                    <pc:Coords points="126,1542 206,1542 206,1597 126,1597"/>
                    <pc:TextEquiv conf="0.861807174682617">
                        <pc:Unicode>Itẽ</pc:Unicode>
                    </pc:TextEquiv>
                </pc:Word>
                <pc:Word id="region0012_line0005_word0001">
                    <pc:Coords points="213,1545 353,1545 353,1596 213,1596"/>
                    <pc:TextEquiv conf="0.896279830932617">
                        <pc:Unicode>nim</pc:Unicode>
                    </pc:TextEquiv>
                </pc:Word>
                <pc:Word id="region0012_line0005_word0002">
                    <pc:Coords points="346,1542 307,1542 307,1619 346,1619"/>
                    <pc:TextEquiv conf="0.896279830932617">
                        <pc:Unicode>dz</pc:Unicode>
                    </pc:TextEquiv>
                </pc:Word>
                <pc:Word id="region0012_line0005_word0003">
                    <pc:Coords points="363,1550 447,1550 447,1604 363,1604"/>
                    <pc:TextEquiv conf="0.906690216064453">
                        <pc:Unicode>ſaft</pc:Unicode>
                    </pc:TextEquiv>
                </pc:Word>
                <pc:Word id="region0012_line0005_word0004">
                    <pc:Coords points="456,1562 543,1562 543,1594 456,1594"/>
                    <pc:TextEquiv conf="0.886370239257813">
                        <pc:Unicode>von</pc:Unicode>
                    </pc:TextEquiv>
                </pc:Word>
                <pc:Word id="region0012_line0005_word0005">
                    <pc:Coords points="548,1556 596,1556 596,1597 548,1597"/>
                    <pc:TextEquiv conf="0.886370239257813">
                        <pc:Unicode>de</pc:Unicode>
                    </pc:TextEquiv>
                </pc:Word>
                <pc:Word id="region0012_line0005_word0006">
                    <pc:Coords points="604,1555 732,1555 732,1599 604,1599"/>
                    <pc:TextEquiv conf="0.733171539306641">
                        <pc:Unicode>kra</pc:Unicode>
                    </pc:TextEquiv>
                </pc:Word>
                <pc:Word id="region0012_line0005_word0007">
                    <pc:Coords points="733,1542 701,1542 701,1619 733,1619"/>
                    <pc:TextEquiv conf="0.733171539306641">
                        <pc:Unicode>ut</pc:Unicode>
                    </pc:TextEquiv>
                </pc:Word>
                <pc:Word id="region0012_line0005_word0008">
                    <pc:Coords points="740,1557 948,1557 948,1604 740,1604"/>
                    <pc:TextEquiv conf="0.592004203796387">
                        <pc:Unicode>bouch</pc:Unicode>
                    </pc:TextEquiv>
                </pc:Word>
                <pc:Word id="region0012_line0005_word0009">
                    <pc:Coords points="951,1542 897,1542 897,1619 951,1619"/>
                    <pc:TextEquiv conf="0.824152679443359">
                        <pc:Unicode>vñ</pc:Unicode>
                    </pc:TextEquiv>
                </pc:Word>
                <pc:Word id="region0012_line0005_word0010">
                    <pc:Coords points="958,1559 1151,1559 1151,1619 958,1619"/>
                    <pc:TextEquiv conf="0.868403930664063">
                        <pc:Unicode>miſch</pc:Unicode>
                    </pc:TextEquiv>
                </pc:Word>
                <pc:Word id="region0012_line0005_word0011">
                    <pc:Coords points="1160,1572 1162,1572 1162,1576 1160,1576"/>
                    <pc:TextEquiv conf="0.168529663085938">
                        <pc:Unicode>d</pc:Unicode>
                    </pc:TextEquiv>
                </pc:Word>
                <pc:TextEquiv conf="0.771102590560913">
                    <pc:Unicode>Itẽ nim dz ſaft von de kra ut bouch vñ miſch d</pc:Unicode>
                </pc:TextEquiv>
            </pc:TextLine>
            <pc:TextLine id="region0012_line0006">
                <pc:Coords points="124,1600 1150,1600 1150,1671 124,1671"/>
                <pc:Word id="region0012_line0006_word0000">
                    <pc:Coords points="195,1600 124,1600 124,1671 195,1671"/>
                    <pc:TextEquiv conf="0.410419921875">
                        <pc:Unicode>mit</pc:Unicode>
                    </pc:TextEquiv>
                </pc:Word>
                <pc:Word id="region0012_line0006_word0001">
                    <pc:Coords points="335,1600 213,1600 213,1671 335,1671"/>
                    <pc:TextEquiv conf="0.896253814697266">
                        <pc:Unicode>zucker</pc:Unicode>
                    </pc:TextEquiv>
                </pc:Word>
                <pc:Word id="region0012_line0006_word0002">
                    <pc:Coords points="342,1604 438,1604 438,1646 342,1646"/>
                    <pc:TextEquiv conf="0.921271896362305">
                        <pc:Unicode>vnd</pc:Unicode>
                    </pc:TextEquiv>
                </pc:Word>
                <pc:Word id="region0012_line0006_word0003">
                    <pc:Coords points="447,1604 597,1604 597,1645 447,1645"/>
                    <pc:TextEquiv conf="0.901518173217773">
                        <pc:Unicode>trincks</pc:Unicode>
                    </pc:TextEquiv>
                </pc:Word>
                <pc:Word id="region0012_line0006_word0004">
                    <pc:Coords points="608,1610 659,1610 659,1666 608,1666"/>
                    <pc:TextEquiv conf="0.729931488037109">
                        <pc:Unicode>dz</pc:Unicode>
                    </pc:TextEquiv>
                </pc:Word>
                <pc:Word id="region0012_line0006_word0005">
                    <pc:Coords points="669,1608 765,1608 765,1662 669,1662"/>
                    <pc:TextEquiv conf="0.838615951538086">
                        <pc:Unicode>hilft</pc:Unicode>
                    </pc:TextEquiv>
                </pc:Word>
                <pc:Word id="region0012_line0006_word0006">
                    <pc:Coords points="773,1610 840,1610 840,1665 773,1665"/>
                    <pc:TextEquiv conf="0.265795593261719">
                        <pc:Unicode>fur</pc:Unicode>
                    </pc:TextEquiv>
                </pc:Word>
                <pc:Word id="region0012_line0006_word0007">
                    <pc:Coords points="904,1600 870,1600 870,1671 904,1671"/>
                    <pc:TextEquiv conf="0.276468200683594">
                        <pc:Unicode>deẽ</pc:Unicode>
                    </pc:TextEquiv>
                </pc:Word>
                <pc:Word id="region0012_line0006_word0008">
                    <pc:Coords points="930,1610 1150,1610 1150,1670 930,1670"/>
                    <pc:TextEquiv conf="0.269322738647461">
                        <pc:Unicode>ſchumden</pc:Unicode>
                    </pc:TextEquiv>
                </pc:Word>
                <pc:TextEquiv conf="0.612177530924479">
                    <pc:Unicode>mit zucker vnd trincks dz hilft fur deẽ ſchumden</pc:Unicode>
                </pc:TextEquiv>
            </pc:TextLine>
            <pc:TextLine id="region0012_line0007">
                <pc:Coords points="121,1645 1164,1645 1164,1729 121,1729"/>
                <pc:Word id="region0012_line0007_word0000">
                    <pc:Coords points="121,1645 360,1645 360,1718 121,1718"/>
                    <pc:TextEquiv conf="0.160068206787109">
                        <pc:Unicode>haubt</pc:Unicode>
                    </pc:TextEquiv>
                </pc:Word>
                <pc:Word id="region0012_line0007_word0001">
                    <pc:Coords points="273,1645 255,1645 255,1729 273,1729"/>
                    <pc:TextEquiv conf="0.160068206787109">
                        <pc:Unicode>.</pc:Unicode>
                    </pc:TextEquiv>
                </pc:Word>
                <pc:Word id="region0012_line0007_word0002">
                    <pc:Coords points="359,1645 295,1645 295,1729 359,1729"/>
                    <pc:TextEquiv conf="0.842750396728516">
                        <pc:Unicode>Die</pc:Unicode>
                    </pc:TextEquiv>
                </pc:Word>
                <pc:Word id="region0012_line0007_word0003">
                    <pc:Coords points="368,1656 511,1656 511,1707 368,1707"/>
                    <pc:TextEquiv conf="0.756058044433594">
                        <pc:Unicode>blůmẽ</pc:Unicode>
                    </pc:TextEquiv>
                </pc:Word>
                <pc:Word id="region0012_line0007_word0004">
                    <pc:Coords points="583,1645 519,1645 519,1729 583,1729"/>
                    <pc:TextEquiv conf="0.807868804931641">
                        <pc:Unicode>roh</pc:Unicode>
                    </pc:TextEquiv>
                </pc:Word>
                <pc:Word id="region0012_line0007_word0005">
                    <pc:Coords points="750,1645 605,1645 605,1729 750,1729"/>
                    <pc:TextEquiv conf="0.807868804931641">
                        <pc:Unicode>geeſſen</pc:Unicode>
                    </pc:TextEquiv>
                </pc:Word>
                <pc:Word id="region0012_line0007_word0006">
                    <pc:Coords points="758,1665 1145,1665 1145,1729 758,1729"/>
                    <pc:TextEquiv conf="0.520652770996094">
                        <pc:Unicode>machen</pc:Unicode>
                    </pc:TextEquiv>
                </pc:Word>
                <pc:Word id="region0012_line0007_word0007">
                    <pc:Coords points="1020,1645 950,1645 950,1729 1020,1729"/>
                    <pc:TextEquiv conf="0.">
                        <pc:Unicode>gůt</pc:Unicode>
                    </pc:TextEquiv>
                </pc:Word>
                <pc:Word id="region0012_line0007_word0008">
                    <pc:Coords points="1042,1665 1164,1665 1164,1729 1042,1729"/>
                    <pc:TextEquiv conf="0.234052200317383">
                        <pc:Unicode>behr</pc:Unicode>
                    </pc:TextEquiv>
                </pc:Word>
                <pc:TextEquiv conf="0.587709715101454">
                    <pc:Unicode>haubt . Die blůmẽ roh geeſſen machen gůt behr</pc:Unicode>
                </pc:TextEquiv>
            </pc:TextLine>
            <pc:TextLine id="region0012_line0008">
                <pc:Coords points="125,1710 1043,1710 1043,1788 125,1788"/>
                <pc:Word id="region0012_line0008_word0000">
                    <pc:Coords points="125,1711 219,1711 219,1764 125,1764"/>
                    <pc:TextEquiv conf="0.892012481689453">
                        <pc:Unicode>Jeez</pc:Unicode>
                    </pc:TextEquiv>
                </pc:Word>
                <pc:Word id="region0012_line0008_word0001">
                    <pc:Coords points="226,1710 290,1710 290,1764 226,1764"/>
                    <pc:TextEquiv conf="0.920047988891602">
                        <pc:Unicode>leg</pc:Unicode>
                    </pc:TextEquiv>
                </pc:Word>
                <pc:Word id="region0012_line0008_word0002">
                    <pc:Coords points="296,1718 359,1718 359,1776 296,1776"/>
                    <pc:TextEquiv conf="0.918768920898438">
                        <pc:Unicode>die</pc:Unicode>
                    </pc:TextEquiv>
                </pc:Word>
                <pc:Word id="region0012_line0008_word0003">
                    <pc:Coords points="367,1715 536,1715 536,1783 367,1783"/>
                    <pc:TextEquiv conf="0.898681411743164">
                        <pc:Unicode>blůmen</pc:Unicode>
                    </pc:TextEquiv>
                </pc:Word>
                <pc:Word id="region0012_line0008_word0004">
                    <pc:Coords points="544,1721 589,1721 589,1764 544,1764"/>
                    <pc:TextEquiv conf="0.924726943969727">
                        <pc:Unicode>in</pc:Unicode>
                    </pc:TextEquiv>
                </pc:Word>
                <pc:Word id="region0012_line0008_word0005">
                    <pc:Coords points="597,1715 729,1715 729,1769 597,1769"/>
                    <pc:TextEquiv conf="0.932312850952148">
                        <pc:Unicode>baum</pc:Unicode>
                    </pc:TextEquiv>
                </pc:Word>
                <pc:Word id="region0012_line0008_word0006">
                    <pc:Coords points="741,1722 786,1722 786,1769 741,1769"/>
                    <pc:TextEquiv conf="0.920123291015625">
                        <pc:Unicode>oͤl</pc:Unicode>
                    </pc:TextEquiv>
                </pc:Word>
                <pc:Word id="region0012_line0008_word0007">
                    <pc:Coords points="794,1730 860,1730 860,1782 794,1782"/>
                    <pc:TextEquiv conf="0.920123291015625">
                        <pc:Unicode>vñ</pc:Unicode>
                    </pc:TextEquiv>
                </pc:Word>
                <pc:Word id="region0012_line0008_word0008">
                    <pc:Coords points="864,1728 1043,1728 1043,1788 864,1788"/>
                    <pc:TextEquiv conf="0.">
                        <pc:Unicode>ſtienh</pc:Unicode>
                    </pc:TextEquiv>
                </pc:Word>
                <pc:Word id="region0012_line0008_word0009">
                    <pc:Coords points="1002,1788 1043,1788 1043,1710 1002,1710"/>
                    <pc:TextEquiv conf="0.">
                        <pc:Unicode>yʒ</pc:Unicode>
                    </pc:TextEquiv>
                </pc:Word>
                <pc:TextEquiv conf="0.932679718017578">
                    <pc:Unicode>Jeez leg die blůmen in baum oͤl vñ ſtienh yʒ</pc:Unicode>
                </pc:TextEquiv>
            </pc:TextLine>
            <pc:TextLine id="region0012_line0009">
                <pc:Coords points="1101,1800 1136,1800 1136,1844 1101,1844"/>
                <pc:Word id="region0012_line0009_word0000">
                    <pc:Coords points="1101,1800 1136,1800 1136,1844 1101,1844"/>
                    <pc:TextEquiv conf="0.077215118408203">
                        <pc:Unicode>—2</pc:Unicode>
                    </pc:TextEquiv>
                </pc:Word>
                <pc:TextEquiv conf="0.077215118408203">
                    <pc:Unicode>—2</pc:Unicode>
                </pc:TextEquiv>
            </pc:TextLine>
            <pc:TextEquiv conf="0.661806816302405">
                <pc:Unicode>mirbt den bauch der frauwẽ triet uß dz tod kinðt
auch macht es ſchwitzen Pferſich mit waſſer da⸗
ſgft guß getruckt vnd da von morgens genoſen
iſt gůt wiher dz ha ubt we⸗ ſpricht Platearms.
Eur dz ſchwĩdlen im haubr Borꝛrago.
Itẽ nim dz ſaft von de kra ut bouch vñ miſch d
mit zucker vnd trincks dz hilft fur deẽ ſchumden
haubt . Die blůmẽ roh geeſſen machen gůt behr
Jeez leg die blůmen in baum oͤl vñ ſtienh yʒ
—2</pc:Unicode>
            </pc:TextEquiv>
        </pc:TextRegion>
        <pc:TextRegion id="region0013" orientation="89.564667621285082" readingDirection="left-to-right" textLineOrder="top-to-bottom">
            <pc:Coords points="1439,1787 1482,1787 1482,2278 1439,2278"/>
            <pc:TextLine id="region0013_line0000">
                <pc:Coords points="1439,1787 1482,1787 1482,2278 1439,2278"/>
                <pc:Word id="region0013_line0000_word0000">
                    <pc:Coords points="1439,1935 1481,1935 1481,2049 1439,2049"/>
                    <pc:TextEquiv conf="0.516591262817383">
                        <pc:Unicode>J</pc:Unicode>
                    </pc:TextEquiv>
                </pc:Word>
                <pc:TextEquiv conf="0.516591262817383">
                    <pc:Unicode>J</pc:Unicode>
                </pc:TextEquiv>
            </pc:TextLine>
            <pc:TextEquiv conf="0.516591262817383">
                <pc:Unicode>J</pc:Unicode>
            </pc:TextEquiv>
        </pc:TextRegion>
        <pc:ImageRegion id="region0014" orientation="-0.435332378714946">
            <pc:Coords points="1532,0 1584,0 1584,2320 1532,2320"/>
        </pc:ImageRegion>
        <pc:SeparatorRegion id="region0000">
            <pc:Coords points="22,1049 28,1049 28,1187 22,1187"/>
        </pc:SeparatorRegion>
    </pc:Page>
</pc:PcGts>
