<?xml version="1.0" encoding="UTF-8"?>
<pc:PcGts xmlns:pc="http://schema.primaresearch.org/PAGE/gts/pagecontent/2019-07-15" xmlns:xsi="http://www.w3.org/2001/XMLSchema-instance" xsi:schemaLocation="http://schema.primaresearch.org/PAGE/gts/pagecontent/2019-07-15 http://schema.primaresearch.org/PAGE/gts/pagecontent/2019-07-15/pagecontent.xsd" pcGtsId="OCR-D-OCR_0029">
    <pc:Metadata>
        <pc:Creator>OCR-D/core 2.30.0</pc:Creator>
        <pc:Created>2022-11-24T10:18:01.177878</pc:Created>
        <pc:LastChange>2022-11-24T10:18:01.177878</pc:LastChange>
        <pc:MetadataItem type="processingStep" name="layout/segmentation/region" value="ocrd-tesserocr-recognize">
            <pc:Labels externalModel="ocrd-tool" externalId="parameters">
                <pc:Label value="region" type="segmentation_level"/>
                <pc:Label value="word" type="textequiv_level"/>
                <pc:Label value="True" type="find_tables"/>
                <pc:Label value="Fraktur_GT4HistOCR" type="model"/>
                <pc:Label value="0" type="dpi"/>
                <pc:Label value="0" type="padding"/>
                <pc:Label value="False" type="overwrite_segments"/>
                <pc:Label value="True" type="overwrite_text"/>
                <pc:Label value="False" type="shrink_polygons"/>
                <pc:Label value="False" type="block_polygons"/>
                <pc:Label value="False" type="find_staves"/>
                <pc:Label value="False" type="sparse_text"/>
                <pc:Label value="False" type="raw_lines"/>
                <pc:Label value="" type="char_whitelist"/>
                <pc:Label value="" type="char_blacklist"/>
                <pc:Label value="" type="char_unblacklist"/>
                <pc:Label value="{}" type="tesseract_parameters"/>
                <pc:Label value="{}" type="xpath_parameters"/>
                <pc:Label value="{}" type="xpath_model"/>
                <pc:Label value="False" type="auto_model"/>
                <pc:Label value="DEFAULT" type="oem"/>
            </pc:Labels>
            <pc:Labels externalModel="ocrd-tool" externalId="version">
                <pc:Label value="0.13.6 (tesseract 5.0.1)" type="ocrd-tesserocr-recognize"/>
                <pc:Label value="2.30.0" type="ocrd/core"/>
            </pc:Labels>
        </pc:MetadataItem>
    </pc:Metadata>
    <pc:Page imageFilename="OCR-D-IMG/OCR-D-IMG_0029.tif" imageWidth="1785" imageHeight="2530">
        <pc:AlternativeImage filename="OCR-D-OCR/OCR-D-OCR_0029.IMG-BIN.png" comments=",binarized,clipped"/>
        <pc:ReadingOrder>
            <pc:OrderedGroup id="reading-order">
                <pc:RegionRefIndexed index="0" regionRef="region0000"/>
                <pc:RegionRefIndexed index="1" regionRef="region0001"/>
                <pc:RegionRefIndexed index="2" regionRef="region0002"/>
                <pc:RegionRefIndexed index="3" regionRef="region0003"/>
                <pc:RegionRefIndexed index="4" regionRef="region0004"/>
                <pc:RegionRefIndexed index="5" regionRef="region0005"/>
                <pc:RegionRefIndexed index="6" regionRef="region0006"/>
                <pc:RegionRefIndexed index="7" regionRef="region0007"/>
                <pc:RegionRefIndexed index="8" regionRef="region0008"/>
                <pc:RegionRefIndexed index="10" regionRef="region0010"/>
                <pc:RegionRefIndexed index="11" regionRef="region0011"/>
            </pc:OrderedGroup>
        </pc:ReadingOrder>
        <pc:TextRegion id="region0002" orientation="-0.112512785722913" readingDirection="left-to-right" textLineOrder="top-to-bottom">
            <pc:Coords points="46,200 1306,200 1306,383 46,383"/>
            <pc:TextLine id="region0002_line0000">
                <pc:Coords points="66,200 1305,200 1305,267 66,267"/>
                <pc:Word id="region0002_line0000_word0000">
                    <pc:Coords points="66,204 147,204 147,259 66,259"/>
                    <pc:TextEquiv conf="0.90510383605957">
                        <pc:Unicode>erſte</pc:Unicode>
                    </pc:TextEquiv>
                </pc:Word>
                <pc:Word id="region0002_line0000_word0001">
                    <pc:Coords points="155,210 303,210 303,266 155,266"/>
                    <pc:TextEquiv conf="0.919115447998047">
                        <pc:Unicode>achten</pc:Unicode>
                    </pc:TextEquiv>
                </pc:Word>
                <pc:Word id="region0002_line0000_word0002">
                    <pc:Coords points="313,208 366,208 366,267 313,267"/>
                    <pc:TextEquiv conf="0.921009140014648">
                        <pc:Unicode>ſie</pc:Unicode>
                    </pc:TextEquiv>
                </pc:Word>
                <pc:Word id="region0002_line0000_word0003">
                    <pc:Coords points="375,207 605,207 605,262 375,262"/>
                    <pc:TextEquiv conf="0.22664176940918">
                        <pc:Unicode>nichts</pc:Unicode>
                    </pc:TextEquiv>
                </pc:Word>
                <pc:Word id="region0002_line0000_word0004">
                    <pc:Coords points="559,200 540,200 540,267 559,267"/>
                    <pc:TextEquiv conf="0.22664176940918">
                        <pc:Unicode>/</pc:Unicode>
                    </pc:TextEquiv>
                </pc:Word>
                <pc:Word id="region0002_line0000_word0005">
                    <pc:Coords points="615,200 572,200 572,267 615,267"/>
                    <pc:TextEquiv conf="0.778781661987305">
                        <pc:Unicode>að</pc:Unicode>
                    </pc:TextEquiv>
                </pc:Word>
                <pc:Word id="region0002_line0000_word0006">
                    <pc:Coords points="615,201 793,201 793,258 615,258"/>
                    <pc:TextEquiv conf="0.904896240234375">
                        <pc:Unicode>achtens</pc:Unicode>
                    </pc:TextEquiv>
                </pc:Word>
                <pc:Word id="region0002_line0000_word0007">
                    <pc:Coords points="803,202 931,202 931,251 803,251"/>
                    <pc:TextEquiv conf="0.922457580566406">
                        <pc:Unicode>allein</pc:Unicode>
                    </pc:TextEquiv>
                </pc:Word>
                <pc:Word id="region0002_line0000_word0008">
                    <pc:Coords points="939,200 1044,200 1044,251 939,251"/>
                    <pc:TextEquiv conf="0.910671234130859">
                        <pc:Unicode>vmb</pc:Unicode>
                    </pc:TextEquiv>
                </pc:Word>
                <pc:Word id="region0002_line0000_word0009">
                    <pc:Coords points="1054,208 1137,208 1137,250 1054,250"/>
                    <pc:TextEquiv conf="0.919534378051758">
                        <pc:Unicode>des</pc:Unicode>
                    </pc:TextEquiv>
                </pc:Word>
                <pc:Word id="region0002_line0000_word0010">
                    <pc:Coords points="1147,203 1305,203 1305,259 1147,259"/>
                    <pc:TextEquiv conf="0.914424057006836">
                        <pc:Unicode>letzten</pc:Unicode>
                    </pc:TextEquiv>
                </pc:Word>
                <pc:TextEquiv conf="0.77720701044256">
                    <pc:Unicode>erſte achten ſie nichts / að achtens allein vmb des letzten</pc:Unicode>
                </pc:TextEquiv>
            </pc:TextLine>
            <pc:TextLine id="region0002_line0001">
                <pc:Coords points="46,258 1306,258 1306,322 46,322"/>
                <pc:Word id="region0002_line0001_word0000">
                    <pc:Coords points="46,307 208,307 208,309 46,309"/>
                    <pc:TextEquiv conf="0.885733337402344">
                        <pc:Unicode>willen.</pc:Unicode>
                    </pc:TextEquiv>
                </pc:Word>
                <pc:Word id="region0002_line0001_word0001">
                    <pc:Coords points="247,268 371,268 371,316 247,316"/>
                    <pc:TextEquiv conf="0.90007194519043">
                        <pc:Unicode>Darũb</pc:Unicode>
                    </pc:TextEquiv>
                </pc:Word>
                <pc:Word id="region0002_line0001_word0002">
                    <pc:Coords points="398,268 541,268 541,312 398,312"/>
                    <pc:TextEquiv conf="0.918002166748047">
                        <pc:Unicode>werdẽ</pc:Unicode>
                    </pc:TextEquiv>
                </pc:Word>
                <pc:Word id="region0002_line0001_word0003">
                    <pc:Coords points="551,265 603,265 603,322 551,322"/>
                    <pc:TextEquiv conf="0.918002166748047">
                        <pc:Unicode>ſie</pc:Unicode>
                    </pc:TextEquiv>
                </pc:Word>
                <pc:Word id="region0002_line0001_word0004">
                    <pc:Coords points="615,276 661,276 661,320 615,320"/>
                    <pc:TextEquiv conf="0.913421173095703">
                        <pc:Unicode>yr</pc:Unicode>
                    </pc:TextEquiv>
                </pc:Word>
                <pc:Word id="region0002_line0001_word0005">
                    <pc:Coords points="672,263 792,263 792,309 672,309"/>
                    <pc:TextEquiv conf="0.913421173095703">
                        <pc:Unicode>keins</pc:Unicode>
                    </pc:TextEquiv>
                </pc:Word>
                <pc:Word id="region0002_line0001_word0006">
                    <pc:Coords points="802,258 1141,258 1141,315 802,315"/>
                    <pc:TextEquiv conf="0.663445739746094">
                        <pc:Unicode>vberkũmen/ſie</pc:Unicode>
                    </pc:TextEquiv>
                </pc:Word>
                <pc:Word id="region0002_line0001_word0007">
                    <pc:Coords points="1160,261 1306,261 1306,317 1160,317"/>
                    <pc:TextEquiv conf="0.904015502929687">
                        <pc:Unicode>wollẽ</pc:Unicode>
                    </pc:TextEquiv>
                </pc:Word>
                <pc:TextEquiv conf="0.877014150619507">
                    <pc:Unicode>willen. Darũb werdẽ ſie yr keins vberkũmen/ſie wollẽ</pc:Unicode>
                </pc:TextEquiv>
            </pc:TextLine>
            <pc:TextLine id="region0002_line0002">
                <pc:Coords points="68,314 1211,314 1211,383 68,383"/>
                <pc:Word id="region0002_line0002_word0000">
                    <pc:Coords points="68,315 135,315 135,368 68,368"/>
                    <pc:TextEquiv conf="0.929431457519531">
                        <pc:Unicode>den</pc:Unicode>
                    </pc:TextEquiv>
                </pc:Word>
                <pc:Word id="region0002_line0002_word0001">
                    <pc:Coords points="147,325 344,325 344,383 147,383"/>
                    <pc:TextEquiv conf="0.862826461791992">
                        <pc:Unicode>vorganck</pc:Unicode>
                    </pc:TextEquiv>
                </pc:Word>
                <pc:Word id="region0002_line0002_word0002">
                    <pc:Coords points="353,327 398,327 398,371 353,371"/>
                    <pc:TextEquiv conf="0.921489868164063">
                        <pc:Unicode>nit</pc:Unicode>
                    </pc:TextEquiv>
                </pc:Word>
                <pc:Word id="region0002_line0002_word0003">
                    <pc:Coords points="401,322 608,322 608,379 401,379"/>
                    <pc:TextEquiv conf="0.873362884521484">
                        <pc:Unicode>recht</pc:Unicode>
                    </pc:TextEquiv>
                </pc:Word>
                <pc:Word id="region0002_line0002_word0004">
                    <pc:Coords points="565,314 550,314 550,383 565,383"/>
                    <pc:TextEquiv conf="0.873362884521484">
                        <pc:Unicode>/</pc:Unicode>
                    </pc:TextEquiv>
                </pc:Word>
                <pc:Word id="region0002_line0002_word0005">
                    <pc:Coords points="628,314 583,314 583,383 628,383"/>
                    <pc:TextEquiv conf="0.930116348266602">
                        <pc:Unicode>ſo</pc:Unicode>
                    </pc:TextEquiv>
                </pc:Word>
                <pc:Word id="region0002_line0002_word0006">
                    <pc:Coords points="621,323 725,323 725,368 621,368"/>
                    <pc:TextEquiv conf="0.926305084228516">
                        <pc:Unicode>wirt</pc:Unicode>
                    </pc:TextEquiv>
                </pc:Word>
                <pc:Word id="region0002_line0002_word0007">
                    <pc:Coords points="733,329 787,329 787,376 733,376"/>
                    <pc:TextEquiv conf="0.932302017211914">
                        <pc:Unicode>yn</pc:Unicode>
                    </pc:TextEquiv>
                </pc:Word>
                <pc:Word id="region0002_line0002_word0008">
                    <pc:Coords points="797,321 867,321 867,366 797,366"/>
                    <pc:TextEquiv conf="0.93131706237793">
                        <pc:Unicode>die</pc:Unicode>
                    </pc:TextEquiv>
                </pc:Word>
                <pc:Word id="region0002_line0002_word0009">
                    <pc:Coords points="875,314 991,314 991,371 875,371"/>
                    <pc:TextEquiv conf="0.927556610107422">
                        <pc:Unicode>folge</pc:Unicode>
                    </pc:TextEquiv>
                </pc:Word>
                <pc:Word id="region0002_line0002_word0010">
                    <pc:Coords points="1001,319 1113,319 1113,374 1001,374"/>
                    <pc:TextEquiv conf="0.921301116943359">
                        <pc:Unicode>auch</pc:Unicode>
                    </pc:TextEquiv>
                </pc:Word>
                <pc:Word id="region0002_line0002_word0011">
                    <pc:Coords points="1130,319 1211,319 1211,364 1130,364"/>
                    <pc:TextEquiv conf="0.928817291259766">
                        <pc:Unicode>nit.</pc:Unicode>
                    </pc:TextEquiv>
                </pc:Word>
                <pc:TextEquiv conf="0.913182423909505">
                    <pc:Unicode>den vorganck nit recht / ſo wirt yn die folge auch nit.</pc:Unicode>
                </pc:TextEquiv>
            </pc:TextLine>
            <pc:TextEquiv conf="0.855801194990524">
                <pc:Unicode>erſte achten ſie nichts / að achtens allein vmb des letzten
willen. Darũb werdẽ ſie yr keins vberkũmen/ſie wollẽ
den vorganck nit recht / ſo wirt yn die folge auch nit.</pc:Unicode>
            </pc:TextEquiv>
        </pc:TextRegion>
        <pc:TextRegion id="region0003" orientation="-0.112512785722913" readingDirection="left-to-right" textLineOrder="top-to-bottom">
            <pc:Coords points="100,423 1250,423 1250,750 100,750"/>
            <pc:TextLine id="region0003_line0000">
                <pc:Coords points="191,423 1039,423 1039,556 191,556"/>
                <pc:Word id="region0003_line0000_word0000">
                    <pc:Coords points="191,435 535,435 535,556 191,556"/>
                    <pc:TextEquiv conf="0.455233383178711">
                        <pc:Unicode>Die</pc:Unicode>
                    </pc:TextEquiv>
                </pc:Word>
                <pc:Word id="region0003_line0000_word0001">
                    <pc:Coords points="555,432 739,432 739,523 555,523"/>
                    <pc:TextEquiv conf="0.231260528564453">
                        <pc:Unicode>duꝛittte</pc:Unicode>
                    </pc:TextEquiv>
                </pc:Word>
                <pc:Word id="region0003_line0000_word0002">
                    <pc:Coords points="751,423 1039,423 1039,520 751,520"/>
                    <pc:TextEquiv conf="0.719645080566406">
                        <pc:Unicode>bitt.</pc:Unicode>
                    </pc:TextEquiv>
                </pc:Word>
                <pc:TextEquiv conf="0.468712997436523">
                    <pc:Unicode>Die duꝛittte bitt.</pc:Unicode>
                </pc:TextEquiv>
            </pc:TextLine>
            <pc:TextLine id="region0003_line0001">
                <pc:Coords points="100,529 1250,529 1250,643 100,643"/>
                <pc:Word id="region0003_line0001_word0000">
                    <pc:Coords points="100,535 292,535 292,631 100,631"/>
                    <pc:TextEquiv conf="0.900340423583984">
                        <pc:Unicode>Dein</pc:Unicode>
                    </pc:TextEquiv>
                </pc:Word>
                <pc:Word id="region0003_line0001_word0001">
                    <pc:Coords points="305,540 446,540 446,629 305,629"/>
                    <pc:TextEquiv conf="0.921116790771484">
                        <pc:Unicode>will</pc:Unicode>
                    </pc:TextEquiv>
                </pc:Word>
                <pc:Word id="region0003_line0001_word0002">
                    <pc:Coords points="460,534 748,534 748,643 460,643"/>
                    <pc:TextEquiv conf="0.892918930053711">
                        <pc:Unicode>geſchehe</pc:Unicode>
                    </pc:TextEquiv>
                </pc:Word>
                <pc:Word id="region0003_line0001_word0003">
                    <pc:Coords points="762,531 873,531 873,626 762,626"/>
                    <pc:TextEquiv conf="0.923531494140625">
                        <pc:Unicode>als</pc:Unicode>
                    </pc:TextEquiv>
                </pc:Word>
                <pc:Word id="region0003_line0001_word0004">
                    <pc:Coords points="898,543 1014,543 1014,635 898,635"/>
                    <pc:TextEquiv conf="0.921691360473633">
                        <pc:Unicode>ym</pc:Unicode>
                    </pc:TextEquiv>
                </pc:Word>
                <pc:Word id="region0003_line0001_word0005">
                    <pc:Coords points="1028,529 1250,529 1250,633 1028,633"/>
                    <pc:TextEquiv conf="0.903941497802734">
                        <pc:Unicode>hymel</pc:Unicode>
                    </pc:TextEquiv>
                </pc:Word>
                <pc:TextEquiv conf="0.910590082804362">
                    <pc:Unicode>Dein will geſchehe als ym hymel</pc:Unicode>
                </pc:TextEquiv>
            </pc:TextLine>
            <pc:TextLine id="region0003_line0002">
                <pc:Coords points="351,632 952,632 952,750 351,750"/>
                <pc:Word id="region0003_line0002_word0000">
                    <pc:Coords points="351,641 546,641 546,750 351,750"/>
                    <pc:TextEquiv conf="0.228478164672852">
                        <pc:Unicode>vnd</pc:Unicode>
                    </pc:TextEquiv>
                </pc:Word>
                <pc:Word id="region0003_line0002_word0001">
                    <pc:Coords points="562,632 719,632 719,740 562,740"/>
                    <pc:TextEquiv conf="0.522278442382813">
                        <pc:Unicode>aulf</pc:Unicode>
                    </pc:TextEquiv>
                </pc:Word>
                <pc:Word id="region0003_line0002_word0002">
                    <pc:Coords points="734,634 952,634 952,724 734,724"/>
                    <pc:TextEquiv conf="0.863771896362305">
                        <pc:Unicode>erden.</pc:Unicode>
                    </pc:TextEquiv>
                </pc:Word>
                <pc:TextEquiv conf="0.53817616780599">
                    <pc:Unicode>vnd aulf erden.</pc:Unicode>
                </pc:TextEquiv>
            </pc:TextLine>
            <pc:TextEquiv conf="0.639159749348958">
                <pc:Unicode>Die duꝛittte bitt.
Dein will geſchehe als ym hymel
vnd aulf erden.</pc:Unicode>
            </pc:TextEquiv>
        </pc:TextRegion>
        <pc:TextRegion id="region0004" orientation="-0.112512785722913" readingDirection="left-to-right" textLineOrder="top-to-bottom">
            <pc:Coords points="71,796 1313,796 1313,1259 71,1259"/>
            <pc:TextLine id="region0004_line0000">
                <pc:Coords points="142,796 1296,796 1296,861 142,861"/>
                <pc:Word id="region0004_line0000_word0000">
                    <pc:Coords points="142,803 311,803 311,861 142,861"/>
                    <pc:TextEquiv conf="0.">
                        <pc:Unicode>Dyßpße</pc:Unicode>
                    </pc:TextEquiv>
                </pc:Word>
                <pc:Word id="region0004_line0000_word0001">
                    <pc:Coords points="318,803 386,803 386,849 318,849"/>
                    <pc:TextEquiv conf="0.931928253173828">
                        <pc:Unicode>bit</pc:Unicode>
                    </pc:TextEquiv>
                </pc:Word>
                <pc:Word id="region0004_line0000_word0002">
                    <pc:Coords points="393,800 490,800 490,847 393,847"/>
                    <pc:TextEquiv conf="0.927253723144531">
                        <pc:Unicode>vbet</pc:Unicode>
                    </pc:TextEquiv>
                </pc:Word>
                <pc:Word id="region0004_line0000_word0003">
                    <pc:Coords points="498,799 606,799 606,854 498,854"/>
                    <pc:TextEquiv conf="0.919958724975586">
                        <pc:Unicode>auch</pc:Unicode>
                    </pc:TextEquiv>
                </pc:Word>
                <pc:Word id="region0004_line0000_word0004">
                    <pc:Coords points="615,800 684,800 684,845 615,845"/>
                    <pc:TextEquiv conf="0.926556549072266">
                        <pc:Unicode>die</pc:Unicode>
                    </pc:TextEquiv>
                </pc:Word>
                <pc:Word id="region0004_line0000_word0005">
                    <pc:Coords points="694,805 825,805 825,855 694,855"/>
                    <pc:TextEquiv conf="0.49131477355957">
                        <pc:Unicode>tʒwey</pc:Unicode>
                    </pc:TextEquiv>
                </pc:Word>
                <pc:Word id="region0004_line0000_word0006">
                    <pc:Coords points="834,798 965,798 965,853 834,853"/>
                    <pc:TextEquiv conf="0.644459075927734">
                        <pc:Unicode>ding</pc:Unicode>
                    </pc:TextEquiv>
                </pc:Word>
                <pc:Word id="region0004_line0000_word0007">
                    <pc:Coords points="966,796 947,796 947,861 966,861"/>
                    <pc:TextEquiv conf="0.644459075927734">
                        <pc:Unicode>/</pc:Unicode>
                    </pc:TextEquiv>
                </pc:Word>
                <pc:Word id="region0004_line0000_word0008">
                    <pc:Coords points="977,798 1045,798 1045,843 977,843"/>
                    <pc:TextEquiv conf="0.923411331176758">
                        <pc:Unicode>die</pc:Unicode>
                    </pc:TextEquiv>
                </pc:Word>
                <pc:Word id="region0004_line0000_word0009">
                    <pc:Coords points="1055,797 1101,797 1101,842 1055,842"/>
                    <pc:TextEquiv conf="0.916307525634766">
                        <pc:Unicode>in</pc:Unicode>
                    </pc:TextEquiv>
                </pc:Word>
                <pc:Word id="region0004_line0000_word0010">
                    <pc:Coords points="1119,796 1296,796 1296,850 1119,850"/>
                    <pc:TextEquiv conf="0.848331069946289">
                        <pc:Unicode>vorgan⸗</pc:Unicode>
                    </pc:TextEquiv>
                </pc:Word>
                <pc:TextEquiv conf="0.833998191139915">
                    <pc:Unicode>Dyßpße bit vbet auch die tʒwey ding / die in vorgan⸗</pc:Unicode>
                </pc:TextEquiv>
            </pc:TextLine>
            <pc:TextLine id="region0004_line0001">
                <pc:Coords points="71,852 1298,852 1298,919 71,919"/>
                <pc:Word id="region0004_line0001_word0000">
                    <pc:Coords points="71,858 176,858 176,908 71,908"/>
                    <pc:TextEquiv conf="0.240138092041016">
                        <pc:Unicode>hener</pc:Unicode>
                    </pc:TextEquiv>
                </pc:Word>
                <pc:Word id="region0004_line0001_word0001">
                    <pc:Coords points="183,863 251,863 251,907 183,907"/>
                    <pc:TextEquiv conf="0.914177322387695">
                        <pc:Unicode>bit</pc:Unicode>
                    </pc:TextEquiv>
                </pc:Word>
                <pc:Word id="region0004_line0001_word0002">
                    <pc:Coords points="260,858 399,858 399,916 260,916"/>
                    <pc:TextEquiv conf="0.9242041015625">
                        <pc:Unicode>geſagt</pc:Unicode>
                    </pc:TextEquiv>
                </pc:Word>
                <pc:Word id="region0004_line0001_word0003">
                    <pc:Coords points="522,852 418,852 418,919 522,919"/>
                    <pc:TextEquiv conf="0.738047180175781">
                        <pc:Unicode>ſein.</pc:Unicode>
                    </pc:TextEquiv>
                </pc:Word>
                <pc:Word id="region0004_line0001_word0004">
                    <pc:Coords points="700,852 540,852 540,919 700,919"/>
                    <pc:TextEquiv conf="0.912690124511719">
                        <pc:Unicode>Nemlich</pc:Unicode>
                    </pc:TextEquiv>
                </pc:Word>
                <pc:Word id="region0004_line0001_word0005">
                    <pc:Coords points="721,855 771,855 771,912 721,912"/>
                    <pc:TextEquiv conf="0.926018371582031">
                        <pc:Unicode>ſie</pc:Unicode>
                    </pc:TextEquiv>
                </pc:Word>
                <pc:Word id="region0004_line0001_word0006">
                    <pc:Coords points="780,857 964,857 964,901 780,901"/>
                    <pc:TextEquiv conf="0.925815505981445">
                        <pc:Unicode>ernidert</pc:Unicode>
                    </pc:TextEquiv>
                </pc:Word>
                <pc:Word id="region0004_line0001_word0007">
                    <pc:Coords points="981,856 1100,856 1100,901 981,901"/>
                    <pc:TextEquiv conf="0.929763107299805">
                        <pc:Unicode>vnnd</pc:Unicode>
                    </pc:TextEquiv>
                </pc:Word>
                <pc:Word id="region0004_line0001_word0008">
                    <pc:Coords points="1121,852 1298,852 1298,907 1121,907"/>
                    <pc:TextEquiv conf="0.261124801635742">
                        <pc:Unicode>erhebt</pc:Unicode>
                    </pc:TextEquiv>
                </pc:Word>
                <pc:Word id="region0004_line0001_word0009">
                    <pc:Coords points="1276,919 1298,919 1298,852 1276,852"/>
                    <pc:TextEquiv conf="0.261124801635742">
                        <pc:Unicode>/</pc:Unicode>
                    </pc:TextEquiv>
                </pc:Word>
                <pc:TextEquiv conf="0.703310340881348">
                    <pc:Unicode>hener bit geſagt ſein. Nemlich ſie ernidert vnnd erhebt /</pc:Unicode>
                </pc:TextEquiv>
            </pc:TextLine>
            <pc:TextLine id="region0004_line0002">
                <pc:Coords points="71,907 1311,907 1311,974 71,974"/>
                <pc:Word id="region0004_line0002_word0000">
                    <pc:Coords points="71,913 205,913 205,973 71,973"/>
                    <pc:TextEquiv conf="0.917437744140625">
                        <pc:Unicode>macht</pc:Unicode>
                    </pc:TextEquiv>
                </pc:Word>
                <pc:Word id="region0004_line0002_word0001">
                    <pc:Coords points="212,918 361,918 361,974 212,974"/>
                    <pc:TextEquiv conf="0.470407028198242">
                        <pc:Unicode>ſunder</pc:Unicode>
                    </pc:TextEquiv>
                </pc:Word>
                <pc:Word id="region0004_line0002_word0002">
                    <pc:Coords points="370,922 456,922 456,970 370,970"/>
                    <pc:TextEquiv conf="0.606632537841797">
                        <pc:Unicode>vnd</pc:Unicode>
                    </pc:TextEquiv>
                </pc:Word>
                <pc:Word id="region0004_line0002_word0003">
                    <pc:Coords points="469,914 709,914 709,970 469,970"/>
                    <pc:TextEquiv conf="0.907024841308594">
                        <pc:Unicode>from</pc:Unicode>
                    </pc:TextEquiv>
                </pc:Word>
                <pc:Word id="region0004_line0002_word0004">
                    <pc:Coords points="616,907 592,907 592,974 616,974"/>
                    <pc:TextEquiv conf="0.907024841308594">
                        <pc:Unicode>/</pc:Unicode>
                    </pc:TextEquiv>
                </pc:Word>
                <pc:Word id="region0004_line0002_word0005">
                    <pc:Coords points="638,914 705,914 705,970 638,970"/>
                    <pc:TextEquiv conf="0.916627578735352">
                        <pc:Unicode>dan</pc:Unicode>
                    </pc:TextEquiv>
                </pc:Word>
                <pc:Word id="region0004_line0002_word0006">
                    <pc:Coords points="718,915 787,915 787,959 718,959"/>
                    <pc:TextEquiv conf="0.928211059570312">
                        <pc:Unicode>die</pc:Unicode>
                    </pc:TextEquiv>
                </pc:Word>
                <pc:Word id="region0004_line0002_word0007">
                    <pc:Coords points="804,918 934,918 934,967 804,967"/>
                    <pc:TextEquiv conf="0.923908615112305">
                        <pc:Unicode>tzwey</pc:Unicode>
                    </pc:TextEquiv>
                </pc:Word>
                <pc:Word id="region0004_line0002_word0008">
                    <pc:Coords points="952,907 1245,907 1245,966 952,966"/>
                    <pc:TextEquiv conf="0.780299987792969">
                        <pc:Unicode>ſtuck:iudiciũ</pc:Unicode>
                    </pc:TextEquiv>
                </pc:Word>
                <pc:Word id="region0004_line0002_word0009">
                    <pc:Coords points="1255,912 1311,912 1311,952 1255,952"/>
                    <pc:TextEquiv conf="0.91596076965332">
                        <pc:Unicode>et</pc:Unicode>
                    </pc:TextEquiv>
                </pc:Word>
                <pc:TextEquiv conf="0.827353500366211">
                    <pc:Unicode>macht ſunder vnd from / dan die tzwey ſtuck:iudiciũ et</pc:Unicode>
                </pc:TextEquiv>
            </pc:TextLine>
            <pc:TextLine id="region0004_line0003">
                <pc:Coords points="72,962 1302,962 1302,1032 72,1032"/>
                <pc:Word id="region0004_line0003_word0000">
                    <pc:Coords points="72,962 282,962 282,1032 72,1032"/>
                    <pc:TextEquiv conf="0.091114959716797">
                        <pc:Unicode>luſticlam:</pc:Unicode>
                    </pc:TextEquiv>
                </pc:Word>
                <pc:Word id="region0004_line0003_word0001">
                    <pc:Coords points="293,973 451,973 451,1030 293,1030"/>
                    <pc:TextEquiv conf="0.909751968383789">
                        <pc:Unicode>gericht</pc:Unicode>
                    </pc:TextEquiv>
                </pc:Word>
                <pc:Word id="region0004_line0003_word0002">
                    <pc:Coords points="477,980 546,980 546,1018 477,1018"/>
                    <pc:TextEquiv conf="0.929505004882813">
                        <pc:Unicode>vnd</pc:Unicode>
                    </pc:TextEquiv>
                </pc:Word>
                <pc:Word id="region0004_line0003_word0003">
                    <pc:Coords points="551,968 846,968 846,1027 551,1027"/>
                    <pc:TextEquiv conf="0.907172164916992">
                        <pc:Unicode>gerechtigkeit</pc:Unicode>
                    </pc:TextEquiv>
                </pc:Word>
                <pc:Word id="region0004_line0003_word0004">
                    <pc:Coords points="872,972 879,972 879,1024 872,1024"/>
                    <pc:TextEquiv conf="0.907172164916992">
                        <pc:Unicode>/</pc:Unicode>
                    </pc:TextEquiv>
                </pc:Word>
                <pc:Word id="region0004_line0003_word0005">
                    <pc:Coords points="888,967 1058,967 1058,1014 888,1014"/>
                    <pc:TextEquiv conf="0.913476257324219">
                        <pc:Unicode>wircket</pc:Unicode>
                    </pc:TextEquiv>
                </pc:Word>
                <pc:Word id="region0004_line0003_word0006">
                    <pc:Coords points="1073,975 1162,975 1162,1014 1073,1014"/>
                    <pc:TextEquiv conf="0.928778457641602">
                        <pc:Unicode>das</pc:Unicode>
                    </pc:TextEquiv>
                </pc:Word>
                <pc:Word id="region0004_line0003_word0007">
                    <pc:Coords points="1180,971 1302,971 1302,1019 1180,1019"/>
                    <pc:TextEquiv conf="0.92866828918457">
                        <pc:Unicode>wort</pc:Unicode>
                    </pc:TextEquiv>
                </pc:Word>
                <pc:TextEquiv conf="0.814454908370972">
                    <pc:Unicode>luſticlam: gericht vnd gerechtigkeit / wircket das wort</pc:Unicode>
                </pc:TextEquiv>
            </pc:TextLine>
            <pc:TextLine id="region0004_line0004">
                <pc:Coords points="71,1024 1308,1024 1308,1092 71,1092"/>
                <pc:Word id="region0004_line0004_word0000">
                    <pc:Coords points="71,1028 199,1028 199,1092 71,1092"/>
                    <pc:TextEquiv conf="0.097750091552734">
                        <pc:Unicode>ſottes</pc:Unicode>
                    </pc:TextEquiv>
                </pc:Word>
                <pc:Word id="region0004_line0004_word0001">
                    <pc:Coords points="210,1035 286,1035 286,1078 210,1078"/>
                    <pc:TextEquiv conf="0.927314758300781">
                        <pc:Unicode>alle</pc:Unicode>
                    </pc:TextEquiv>
                </pc:Word>
                <pc:Word id="region0004_line0004_word0002">
                    <pc:Coords points="295,1032 482,1032 482,1085 295,1085"/>
                    <pc:TextEquiv conf="0.476702079772949">
                        <pc:Unicode>tzeit/</pc:Unicode>
                    </pc:TextEquiv>
                </pc:Word>
                <pc:Word id="region0004_line0004_word0003">
                    <pc:Coords points="492,1024 437,1024 437,1092 492,1092"/>
                    <pc:TextEquiv conf="0.858728103637695">
                        <pc:Unicode>als</pc:Unicode>
                    </pc:TextEquiv>
                </pc:Word>
                <pc:Word id="region0004_line0004_word0004">
                    <pc:Coords points="491,1027 688,1027 688,1083 491,1083"/>
                    <pc:TextEquiv conf="0.905770111083984">
                        <pc:Unicode>geſchribẽ</pc:Unicode>
                    </pc:TextEquiv>
                </pc:Word>
                <pc:Word id="region0004_line0004_word0005">
                    <pc:Coords points="697,1026 784,1026 784,1080 697,1080"/>
                    <pc:TextEquiv conf="0.928256988525391">
                        <pc:Unicode>ſtet.</pc:Unicode>
                    </pc:TextEquiv>
                </pc:Word>
                <pc:Word id="region0004_line0004_word0006">
                    <pc:Coords points="797,1025 946,1025 946,1072 797,1072"/>
                    <pc:TextEquiv conf="0.92671257019043">
                        <pc:Unicode>Beati</pc:Unicode>
                    </pc:TextEquiv>
                </pc:Word>
                <pc:Word id="region0004_line0004_word0007">
                    <pc:Coords points="961,1026 1040,1026 1040,1079 961,1079"/>
                    <pc:TextEquiv conf="0.92671257019043">
                        <pc:Unicode>qui</pc:Unicode>
                    </pc:TextEquiv>
                </pc:Word>
                <pc:Word id="region0004_line0004_word0008">
                    <pc:Coords points="1049,1024 1216,1024 1216,1078 1049,1078"/>
                    <pc:TextEquiv conf="0.910161666870117">
                        <pc:Unicode>faciunt</pc:Unicode>
                    </pc:TextEquiv>
                </pc:Word>
                <pc:Word id="region0004_line0004_word0009">
                    <pc:Coords points="1227,1025 1308,1025 1308,1068 1227,1068"/>
                    <pc:TextEquiv conf="0.824131164550781">
                        <pc:Unicode>iu⸗</pc:Unicode>
                    </pc:TextEquiv>
                </pc:Word>
                <pc:TextEquiv conf="0.778224010467529">
                    <pc:Unicode>ſottes alle tzeit/ als geſchribẽ ſtet. Beati qui faciunt iu⸗</pc:Unicode>
                </pc:TextEquiv>
            </pc:TextLine>
            <pc:TextLine id="region0004_line0005">
                <pc:Coords points="72,1076 1293,1076 1293,1140 72,1140"/>
                <pc:Word id="region0004_line0005_word0000">
                    <pc:Coords points="72,1076 219,1076 219,1139 72,1139"/>
                    <pc:TextEquiv conf="0.735850219726563">
                        <pc:Unicode>ſticiam</pc:Unicode>
                    </pc:TextEquiv>
                </pc:Word>
                <pc:Word id="region0004_line0005_word0001">
                    <pc:Coords points="230,1096 271,1096 271,1140 230,1140"/>
                    <pc:TextEquiv conf="0.908503723144531">
                        <pc:Unicode>et</pc:Unicode>
                    </pc:TextEquiv>
                </pc:Word>
                <pc:Word id="region0004_line0005_word0002">
                    <pc:Coords points="277,1088 485,1088 485,1134 277,1134"/>
                    <pc:TextEquiv conf="0.507070732116699">
                        <pc:Unicode>todieium</pc:Unicode>
                    </pc:TextEquiv>
                </pc:Word>
                <pc:Word id="region0004_line0005_word0003">
                    <pc:Coords points="496,1086 541,1086 541,1128 496,1128"/>
                    <pc:TextEquiv conf="0.892841644287109">
                        <pc:Unicode>in</pc:Unicode>
                    </pc:TextEquiv>
                </pc:Word>
                <pc:Word id="region0004_line0005_word0004">
                    <pc:Coords points="565,1083 668,1083 668,1136 565,1136"/>
                    <pc:TextEquiv conf="0.859165267944336">
                        <pc:Unicode>omni</pc:Unicode>
                    </pc:TextEquiv>
                </pc:Word>
                <pc:Word id="region0004_line0005_word0005">
                    <pc:Coords points="881,1076 692,1076 692,1140 881,1140"/>
                    <pc:TextEquiv conf="0.899699401855469">
                        <pc:Unicode>tempore.</pc:Unicode>
                    </pc:TextEquiv>
                </pc:Word>
                <pc:Word id="region0004_line0005_word0006">
                    <pc:Coords points="889,1079 1028,1079 1028,1133 889,1133"/>
                    <pc:TextEquiv conf="0.804384994506836">
                        <pc:Unicode>Seiig</pc:Unicode>
                    </pc:TextEquiv>
                </pc:Word>
                <pc:Word id="region0004_line0005_word0007">
                    <pc:Coords points="1044,1078 1125,1078 1125,1134 1044,1134"/>
                    <pc:TextEquiv conf="0.882535858154297">
                        <pc:Unicode>ſein</pc:Unicode>
                    </pc:TextEquiv>
                </pc:Word>
                <pc:Word id="region0004_line0005_word0008">
                    <pc:Coords points="1143,1081 1214,1081 1214,1124 1143,1124"/>
                    <pc:TextEquiv conf="0.931253814697266">
                        <pc:Unicode>die</pc:Unicode>
                    </pc:TextEquiv>
                </pc:Word>
                <pc:Word id="region0004_line0005_word0009">
                    <pc:Coords points="1228,1084 1293,1084 1293,1123 1228,1123"/>
                    <pc:TextEquiv conf="0.930082244873047">
                        <pc:Unicode>do</pc:Unicode>
                    </pc:TextEquiv>
                </pc:Word>
                <pc:TextEquiv conf="0.835138790130615">
                    <pc:Unicode>ſticiam et todieium in omni tempore. Seiig ſein die do</pc:Unicode>
                </pc:TextEquiv>
            </pc:TextLine>
            <pc:TextLine id="region0004_line0006">
                <pc:Coords points="71,1133 1297,1133 1297,1203 71,1203"/>
                <pc:Word id="region0004_line0006_word0000">
                    <pc:Coords points="71,1134 164,1134 164,1203 71,1203"/>
                    <pc:TextEquiv conf="0.225083389282227">
                        <pc:Unicode>vhen</pc:Unicode>
                    </pc:TextEquiv>
                </pc:Word>
                <pc:Word id="region0004_line0006_word0001">
                    <pc:Coords points="173,1154 261,1154 261,1193 173,1193"/>
                    <pc:TextEquiv conf="0.891681289672852">
                        <pc:Unicode>das</pc:Unicode>
                    </pc:TextEquiv>
                </pc:Word>
                <pc:Word id="region0004_line0006_word0002">
                    <pc:Coords points="269,1142 426,1142 426,1199 269,1199"/>
                    <pc:TextEquiv conf="0.273519821166992">
                        <pc:Unicode>gencht</pc:Unicode>
                    </pc:TextEquiv>
                </pc:Word>
                <pc:Word id="region0004_line0006_word0003">
                    <pc:Coords points="439,1142 528,1142 528,1185 439,1185"/>
                    <pc:TextEquiv conf="0.916268081665039">
                        <pc:Unicode>vnd</pc:Unicode>
                    </pc:TextEquiv>
                </pc:Word>
                <pc:Word id="region0004_line0006_word0004">
                    <pc:Coords points="538,1134 827,1134 827,1194 538,1194"/>
                    <pc:TextEquiv conf="0.917967681884766">
                        <pc:Unicode>gerechtigkeit</pc:Unicode>
                    </pc:TextEquiv>
                </pc:Word>
                <pc:Word id="region0004_line0006_word0005">
                    <pc:Coords points="834,1136 910,1136 910,1179 834,1179"/>
                    <pc:TextEquiv conf="0.922458572387695">
                        <pc:Unicode>alle</pc:Unicode>
                    </pc:TextEquiv>
                </pc:Word>
                <pc:Word id="region0004_line0006_word0006">
                    <pc:Coords points="920,1137 1036,1137 1036,1186 920,1186"/>
                    <pc:TextEquiv conf="0.890251235961914">
                        <pc:Unicode>tzeit.</pc:Unicode>
                    </pc:TextEquiv>
                </pc:Word>
                <pc:Word id="region0004_line0006_word0007">
                    <pc:Coords points="1096,1133 1215,1133 1215,1180 1096,1180"/>
                    <pc:TextEquiv conf="0.90810661315918">
                        <pc:Unicode>Das</pc:Unicode>
                    </pc:TextEquiv>
                </pc:Word>
                <pc:Word id="region0004_line0006_word0008">
                    <pc:Coords points="1225,1140 1297,1140 1297,1187 1225,1187"/>
                    <pc:TextEquiv conf="0.926244888305664">
                        <pc:Unicode>ge⸗</pc:Unicode>
                    </pc:TextEquiv>
                </pc:Word>
                <pc:TextEquiv conf="0.763509063720703">
                    <pc:Unicode>vhen das gencht vnd gerechtigkeit alle tzeit. Das ge⸗</pc:Unicode>
                </pc:TextEquiv>
            </pc:TextLine>
            <pc:TextLine id="region0004_line0007">
                <pc:Coords points="74,1186 1313,1186 1313,1259 74,1259"/>
                <pc:Word id="region0004_line0007_word0000">
                    <pc:Coords points="74,1196 168,1196 168,1259 74,1259"/>
                    <pc:TextEquiv conf="0.658945007324219">
                        <pc:Unicode>richt</pc:Unicode>
                    </pc:TextEquiv>
                </pc:Word>
                <pc:Word id="region0004_line0007_word0001">
                    <pc:Coords points="174,1204 227,1204 227,1259 174,1259"/>
                    <pc:TextEquiv conf="0.901198120117187">
                        <pc:Unicode>iſt</pc:Unicode>
                    </pc:TextEquiv>
                </pc:Word>
                <pc:Word id="region0004_line0007_word0002">
                    <pc:Coords points="234,1204 300,1204 300,1248 234,1248"/>
                    <pc:TextEquiv conf="0.825554580688477">
                        <pc:Unicode>nit</pc:Unicode>
                    </pc:TextEquiv>
                </pc:Word>
                <pc:Word id="region0004_line0007_word0003">
                    <pc:Coords points="307,1201 466,1201 466,1246 307,1246"/>
                    <pc:TextEquiv conf="0.788162231445312">
                        <pc:Unicode>anders</pc:Unicode>
                    </pc:TextEquiv>
                </pc:Word>
                <pc:Word id="region0004_line0007_word0004">
                    <pc:Coords points="484,1203 500,1203 500,1255 484,1255"/>
                    <pc:TextEquiv conf="0.788162231445312">
                        <pc:Unicode>/</pc:Unicode>
                    </pc:TextEquiv>
                </pc:Word>
                <pc:Word id="region0004_line0007_word0005">
                    <pc:Coords points="524,1203 580,1203 580,1255 524,1255"/>
                    <pc:TextEquiv conf="0.916809463500977">
                        <pc:Unicode>dan</pc:Unicode>
                    </pc:TextEquiv>
                </pc:Word>
                <pc:Word id="region0004_line0007_word0006">
                    <pc:Coords points="591,1202 680,1202 680,1245 591,1245"/>
                    <pc:TextEquiv conf="0.915233840942383">
                        <pc:Unicode>das</pc:Unicode>
                    </pc:TextEquiv>
                </pc:Word>
                <pc:Word id="region0004_line0007_word0007">
                    <pc:Coords points="690,1195 754,1195 754,1240 690,1240"/>
                    <pc:TextEquiv conf="0.915233840942383">
                        <pc:Unicode>ein</pc:Unicode>
                    </pc:TextEquiv>
                </pc:Word>
                <pc:Word id="region0004_line0007_word0008">
                    <pc:Coords points="761,1189 902,1189 902,1248 761,1248"/>
                    <pc:TextEquiv conf="0.915170364379883">
                        <pc:Unicode>mẽſch</pc:Unicode>
                    </pc:TextEquiv>
                </pc:Word>
                <pc:Word id="region0004_line0007_word0009">
                    <pc:Coords points="912,1189 994,1189 994,1248 912,1248"/>
                    <pc:TextEquiv conf="0.927557144165039">
                        <pc:Unicode>ſich</pc:Unicode>
                    </pc:TextEquiv>
                </pc:Word>
                <pc:Word id="region0004_line0007_word0010">
                    <pc:Coords points="1002,1188 1124,1188 1124,1247 1002,1247"/>
                    <pc:TextEquiv conf="0.91307991027832">
                        <pc:Unicode>ſelbſt</pc:Unicode>
                    </pc:TextEquiv>
                </pc:Word>
                <pc:Word id="region0004_line0007_word0011">
                    <pc:Coords points="1134,1186 1313,1186 1313,1243 1134,1243"/>
                    <pc:TextEquiv conf="0.662889709472656">
                        <pc:Unicode>erkẽne/</pc:Unicode>
                    </pc:TextEquiv>
                </pc:Word>
                <pc:TextEquiv conf="0.843999703725179">
                    <pc:Unicode>richt iſt nit anders / dan das ein mẽſch ſich ſelbſt erkẽne/</pc:Unicode>
                </pc:TextEquiv>
            </pc:TextLine>
            <pc:TextEquiv conf="0.799998563600309">
                <pc:Unicode>Dyßpße bit vbet auch die tʒwey ding / die in vorgan⸗
hener bit geſagt ſein. Nemlich ſie ernidert vnnd erhebt /
macht ſunder vnd from / dan die tzwey ſtuck:iudiciũ et
luſticlam: gericht vnd gerechtigkeit / wircket das wort
ſottes alle tzeit/ als geſchribẽ ſtet. Beati qui faciunt iu⸗
ſticiam et todieium in omni tempore. Seiig ſein die do
vhen das gencht vnd gerechtigkeit alle tzeit. Das ge⸗
richt iſt nit anders / dan das ein mẽſch ſich ſelbſt erkẽne/</pc:Unicode>
            </pc:TextEquiv>
        </pc:TextRegion>
        <pc:TextRegion id="region0005" orientation="-0.112512785722913" type="floating" readingDirection="left-to-right" textLineOrder="top-to-bottom">
            <pc:Coords points="23,1243 1315,1243 1315,1317 23,1317"/>
            <pc:TextLine id="region0005_line0000">
                <pc:Coords points="23,1243 1315,1243 1315,1317 23,1317"/>
                <pc:Word id="region0005_line0000_word0000">
                    <pc:Coords points="23,1252 298,1252 298,1317 23,1317"/>
                    <pc:TextEquiv conf="0.">
                        <pc:Unicode>lchte/vnd</pc:Unicode>
                    </pc:TextEquiv>
                </pc:Word>
                <pc:Word id="region0005_line0000_word0001">
                    <pc:Coords points="310,1264 554,1264 554,1306 310,1306"/>
                    <pc:TextEquiv conf="0.919278259277344">
                        <pc:Unicode>vordamme</pc:Unicode>
                    </pc:TextEquiv>
                </pc:Word>
                <pc:Word id="region0005_line0000_word0002">
                    <pc:Coords points="565,1259 590,1259 590,1311 565,1311"/>
                    <pc:TextEquiv conf="0.864391860961914">
                        <pc:Unicode>/</pc:Unicode>
                    </pc:TextEquiv>
                </pc:Word>
                <pc:Word id="region0005_line0000_word0003">
                    <pc:Coords points="645,1243 598,1243 598,1317 645,1317"/>
                    <pc:TextEquiv conf="0.864391860961914">
                        <pc:Unicode>vñ</pc:Unicode>
                    </pc:TextEquiv>
                </pc:Word>
                <pc:Word id="region0005_line0000_word0004">
                    <pc:Coords points="657,1250 811,1250 811,1307 657,1307"/>
                    <pc:TextEquiv conf="0.919585418701172">
                        <pc:Unicode>das</pc:Unicode>
                    </pc:TextEquiv>
                </pc:Word>
                <pc:Word id="region0005_line0000_word0005">
                    <pc:Coords points="824,1243 757,1243 757,1317 824,1317"/>
                    <pc:TextEquiv conf="0.924125061035156">
                        <pc:Unicode>iſt</pc:Unicode>
                    </pc:TextEquiv>
                </pc:Word>
                <pc:Word id="region0005_line0000_word0006">
                    <pc:Coords points="820,1252 935,1252 935,1297 820,1297"/>
                    <pc:TextEquiv conf="0.91503044128418">
                        <pc:Unicode>ware</pc:Unicode>
                    </pc:TextEquiv>
                </pc:Word>
                <pc:Word id="region0005_line0000_word0007">
                    <pc:Coords points="946,1251 1013,1251 1013,1297 946,1297"/>
                    <pc:TextEquiv conf="0.931893997192383">
                        <pc:Unicode>die</pc:Unicode>
                    </pc:TextEquiv>
                </pc:Word>
                <pc:Word id="region0005_line0000_word0008">
                    <pc:Coords points="1024,1243 1315,1243 1315,1302 1024,1302"/>
                    <pc:TextEquiv conf="0.923950271606445">
                        <pc:Unicode>demutigkeit</pc:Unicode>
                    </pc:TextEquiv>
                </pc:Word>
                <pc:TextEquiv conf="0.918071907891167">
                    <pc:Unicode>lchte/vnd vordamme / vñ das iſt ware die demutigkeit</pc:Unicode>
                </pc:TextEquiv>
            </pc:TextLine>
            <pc:TextEquiv conf="0.918071907891167">
                <pc:Unicode>lchte/vnd vordamme / vñ das iſt ware die demutigkeit</pc:Unicode>
            </pc:TextEquiv>
        </pc:TextRegion>
        <pc:TextRegion id="region0006" orientation="-0.112512785722913" readingDirection="left-to-right" textLineOrder="top-to-bottom">
            <pc:Coords points="61,1304 1315,1304 1315,1547 61,1547"/>
            <pc:TextLine id="region0006_line0000">
                <pc:Coords points="61,1304 1300,1304 1300,1374 61,1374"/>
                <pc:Word id="region0006_line0000_word0000">
                    <pc:Coords points="61,1308 145,1308 145,1364 61,1364"/>
                    <pc:TextEquiv conf="0.545605392456055">
                        <pc:Unicode>vnð</pc:Unicode>
                    </pc:TextEquiv>
                </pc:Word>
                <pc:Word id="region0006_line0000_word0001">
                    <pc:Coords points="154,1317 234,1317 234,1374 154,1374"/>
                    <pc:TextEquiv conf="0.922411804199219">
                        <pc:Unicode>ſein</pc:Unicode>
                    </pc:TextEquiv>
                </pc:Word>
                <pc:Word id="region0006_line0000_word0002">
                    <pc:Coords points="254,1316 374,1316 374,1374 254,1374"/>
                    <pc:TextEquiv conf="0.915459899902344">
                        <pc:Unicode>ſelbſt</pc:Unicode>
                    </pc:TextEquiv>
                </pc:Word>
                <pc:Word id="region0006_line0000_word0003">
                    <pc:Coords points="388,1323 685,1323 685,1370 388,1370"/>
                    <pc:TextEquiv conf="0.848747253417969">
                        <pc:Unicode>ernyderunge.</pc:Unicode>
                    </pc:TextEquiv>
                </pc:Word>
                <pc:Word id="region0006_line0000_word0004">
                    <pc:Coords points="737,1310 843,1310 843,1359 737,1359"/>
                    <pc:TextEquiv conf="0.912391052246094">
                        <pc:Unicode>Die</pc:Unicode>
                    </pc:TextEquiv>
                </pc:Word>
                <pc:Word id="region0006_line0000_word0005">
                    <pc:Coords points="860,1304 1149,1304 1149,1366 860,1366"/>
                    <pc:TextEquiv conf="0.895030975341797">
                        <pc:Unicode>gerechtigkeit</pc:Unicode>
                    </pc:TextEquiv>
                </pc:Word>
                <pc:Word id="region0006_line0000_word0006">
                    <pc:Coords points="1167,1305 1219,1305 1219,1362 1167,1362"/>
                    <pc:TextEquiv conf="0.907823028564453">
                        <pc:Unicode>iſt</pc:Unicode>
                    </pc:TextEquiv>
                </pc:Word>
                <pc:Word id="region0006_line0000_word0007">
                    <pc:Coords points="1229,1305 1300,1305 1300,1350 1229,1350"/>
                    <pc:TextEquiv conf="0.891779937744141">
                        <pc:Unicode>nit</pc:Unicode>
                    </pc:TextEquiv>
                </pc:Word>
                <pc:TextEquiv conf="0.854906167984009">
                    <pc:Unicode>vnð ſein ſelbſt ernyderunge. Die gerechtigkeit iſt nit</pc:Unicode>
                </pc:TextEquiv>
            </pc:TextLine>
            <pc:TextLine id="region0006_line0001">
                <pc:Coords points="75,1364 1315,1364 1315,1431 75,1431"/>
                <pc:Word id="region0006_line0001_word0000">
                    <pc:Coords points="75,1368 336,1368 336,1431 75,1431"/>
                    <pc:TextEquiv conf="0.78036003112793">
                        <pc:Unicode>anders</pc:Unicode>
                    </pc:TextEquiv>
                </pc:Word>
                <pc:Word id="region0006_line0001_word0001">
                    <pc:Coords points="254,1364 235,1364 235,1431 254,1431"/>
                    <pc:TextEquiv conf="0.78036003112793">
                        <pc:Unicode>/</pc:Unicode>
                    </pc:TextEquiv>
                </pc:Word>
                <pc:Word id="region0006_line0001_word0002">
                    <pc:Coords points="343,1364 277,1364 277,1431 343,1431"/>
                    <pc:TextEquiv conf="0.910169143676758">
                        <pc:Unicode>dan</pc:Unicode>
                    </pc:TextEquiv>
                </pc:Word>
                <pc:Word id="region0006_line0001_word0003">
                    <pc:Coords points="348,1384 450,1384 450,1419 348,1419"/>
                    <pc:TextEquiv conf="0.92679443359375">
                        <pc:Unicode>wan</pc:Unicode>
                    </pc:TextEquiv>
                </pc:Word>
                <pc:Word id="region0006_line0001_word0004">
                    <pc:Coords points="459,1374 521,1374 521,1420 459,1420"/>
                    <pc:TextEquiv conf="0.913110046386719">
                        <pc:Unicode>ein</pc:Unicode>
                    </pc:TextEquiv>
                </pc:Word>
                <pc:Word id="region0006_line0001_word0005">
                    <pc:Coords points="648,1364 539,1364 539,1431 648,1431"/>
                    <pc:TextEquiv conf="0.903912048339844">
                        <pc:Unicode>mẽſch</pc:Unicode>
                    </pc:TextEquiv>
                </pc:Word>
                <pc:Word id="region0006_line0001_word0006">
                    <pc:Coords points="679,1367 762,1367 762,1424 679,1424"/>
                    <pc:TextEquiv conf="0.9212255859375">
                        <pc:Unicode>ſich</pc:Unicode>
                    </pc:TextEquiv>
                </pc:Word>
                <pc:Word id="region0006_line0001_word0007">
                    <pc:Coords points="768,1366 895,1366 895,1421 768,1421"/>
                    <pc:TextEquiv conf="0.915651168823242">
                        <pc:Unicode>ſelbſt</pc:Unicode>
                    </pc:TextEquiv>
                </pc:Word>
                <pc:Word id="region0006_line0001_word0008">
                    <pc:Coords points="903,1364 1008,1364 1008,1421 903,1421"/>
                    <pc:TextEquiv conf="0.887054748535156">
                        <pc:Unicode>alſzo</pc:Unicode>
                    </pc:TextEquiv>
                </pc:Word>
                <pc:Word id="region0006_line0001_word0009">
                    <pc:Coords points="1016,1364 1130,1364 1130,1411 1016,1411"/>
                    <pc:TextEquiv conf="0.339965667724609">
                        <pc:Unicode>erkent</pc:Unicode>
                    </pc:TextEquiv>
                </pc:Word>
                <pc:Word id="region0006_line0001_word0010">
                    <pc:Coords points="1181,1367 1196,1367 1196,1420 1181,1420"/>
                    <pc:TextEquiv conf="0.339965667724609">
                        <pc:Unicode>/</pc:Unicode>
                    </pc:TextEquiv>
                </pc:Word>
                <pc:Word id="region0006_line0001_word0011">
                    <pc:Coords points="1208,1368 1315,1368 1315,1409 1208,1409"/>
                    <pc:TextEquiv conf="0.922702407836914">
                        <pc:Unicode>gnad</pc:Unicode>
                    </pc:TextEquiv>
                </pc:Word>
                <pc:TextEquiv conf="0.79510591506958">
                    <pc:Unicode>anders / dan wan ein mẽſch ſich ſelbſt alſzo erkent / gnad</pc:Unicode>
                </pc:TextEquiv>
            </pc:TextLine>
            <pc:TextLine id="region0006_line0002">
                <pc:Coords points="76,1420 1304,1420 1304,1488 76,1488"/>
                <pc:Word id="region0006_line0002_word0000">
                    <pc:Coords points="76,1424 179,1424 179,1477 76,1477"/>
                    <pc:TextEquiv conf="0.245755310058594">
                        <pc:Unicode>vnnd</pc:Unicode>
                    </pc:TextEquiv>
                </pc:Word>
                <pc:Word id="region0006_line0002_word0001">
                    <pc:Coords points="190,1428 324,1428 324,1488 190,1488"/>
                    <pc:TextEquiv conf="0.901670379638672">
                        <pc:Unicode>hulffe</pc:Unicode>
                    </pc:TextEquiv>
                </pc:Word>
                <pc:Word id="region0006_line0002_word0002">
                    <pc:Coords points="333,1441 417,1441 417,1476 333,1476"/>
                    <pc:TextEquiv conf="0.926169738769531">
                        <pc:Unicode>von</pc:Unicode>
                    </pc:TextEquiv>
                </pc:Word>
                <pc:Word id="region0006_line0002_word0003">
                    <pc:Coords points="428,1433 504,1433 504,1483 428,1483"/>
                    <pc:TextEquiv conf="0.923665313720703">
                        <pc:Unicode>got</pc:Unicode>
                    </pc:TextEquiv>
                </pc:Word>
                <pc:Word id="region0006_line0002_word0004">
                    <pc:Coords points="647,1420 518,1420 518,1488 647,1488"/>
                    <pc:TextEquiv conf="0.918576812744141">
                        <pc:Unicode>bittet</pc:Unicode>
                    </pc:TextEquiv>
                </pc:Word>
                <pc:Word id="region0006_line0002_word0005">
                    <pc:Coords points="670,1430 756,1430 756,1471 670,1471"/>
                    <pc:TextEquiv conf="0.91117301940918">
                        <pc:Unicode>vnnd</pc:Unicode>
                    </pc:TextEquiv>
                </pc:Word>
                <pc:Word id="region0006_line0002_word0006">
                    <pc:Coords points="769,1422 932,1422 932,1481 769,1481"/>
                    <pc:TextEquiv conf="0.907409362792969">
                        <pc:Unicode>ſuchet</pc:Unicode>
                    </pc:TextEquiv>
                </pc:Word>
                <pc:Word id="region0006_line0002_word0007">
                    <pc:Coords points="951,1420 931,1420 931,1488 951,1488"/>
                    <pc:TextEquiv conf="0.907409362792969">
                        <pc:Unicode>/</pc:Unicode>
                    </pc:TextEquiv>
                </pc:Word>
                <pc:Word id="region0006_line0002_word0008">
                    <pc:Coords points="939,1422 1074,1422 1074,1478 939,1478"/>
                    <pc:TextEquiv conf="0.922340698242187">
                        <pc:Unicode>durch</pc:Unicode>
                    </pc:TextEquiv>
                </pc:Word>
                <pc:Word id="region0006_line0002_word0009">
                    <pc:Coords points="1087,1420 1247,1420 1247,1477 1087,1477"/>
                    <pc:TextEquiv conf="0.9072216796875">
                        <pc:Unicode>welche</pc:Unicode>
                    </pc:TextEquiv>
                </pc:Word>
                <pc:Word id="region0006_line0002_word0010">
                    <pc:Coords points="1255,1424 1304,1424 1304,1466 1255,1466"/>
                    <pc:TextEquiv conf="0.9072216796875">
                        <pc:Unicode>er</pc:Unicode>
                    </pc:TextEquiv>
                </pc:Word>
                <pc:TextEquiv conf="0.852601214322177">
                    <pc:Unicode>vnnd hulffe von got bittet vnnd ſuchet / durch welche er</pc:Unicode>
                </pc:TextEquiv>
            </pc:TextLine>
            <pc:TextLine id="region0006_line0003">
                <pc:Coords points="76,1473 1298,1473 1298,1547 76,1547"/>
                <pc:Word id="region0006_line0003_word0000">
                    <pc:Coords points="76,1473 152,1473 152,1531 76,1531"/>
                    <pc:TextEquiv conf="0.909958190917969">
                        <pc:Unicode>dan</pc:Unicode>
                    </pc:TextEquiv>
                </pc:Word>
                <pc:Word id="region0006_line0003_word0001">
                    <pc:Coords points="162,1499 313,1499 313,1536 162,1536"/>
                    <pc:TextEquiv conf="0.642621002197266">
                        <pc:Unicode>vorgot</pc:Unicode>
                    </pc:TextEquiv>
                </pc:Word>
                <pc:Word id="region0006_line0003_word0002">
                    <pc:Coords points="498,1473 338,1473 338,1547 498,1547"/>
                    <pc:TextEquiv conf="0.660156326293945">
                        <pc:Unicode>erhaben</pc:Unicode>
                    </pc:TextEquiv>
                </pc:Word>
                <pc:Word id="region0006_line0003_word0003">
                    <pc:Coords points="525,1484 644,1484 644,1539 525,1539"/>
                    <pc:TextEquiv conf="0.90902473449707">
                        <pc:Unicode>wirt.</pc:Unicode>
                    </pc:TextEquiv>
                </pc:Word>
                <pc:Word id="region0006_line0003_word0004">
                    <pc:Coords points="1251,1478 1298,1478 1298,1505 1251,1505"/>
                    <pc:TextEquiv conf="0.771874084472656">
                        <pc:Unicode>F</pc:Unicode>
                    </pc:TextEquiv>
                </pc:Word>
                <pc:TextEquiv conf="0.778726867675781">
                    <pc:Unicode>dan vorgot erhaben wirt. F</pc:Unicode>
                </pc:TextEquiv>
            </pc:TextLine>
            <pc:TextEquiv conf="0.820335041262887">
                <pc:Unicode>vnð ſein ſelbſt ernyderunge. Die gerechtigkeit iſt nit
anders / dan wan ein mẽſch ſich ſelbſt alſzo erkent / gnad
vnnd hulffe von got bittet vnnd ſuchet / durch welche er
dan vorgot erhaben wirt. F</pc:Unicode>
            </pc:TextEquiv>
        </pc:TextRegion>
        <pc:TextRegion id="region0007" orientation="-0.112512785722913" readingDirection="left-to-right" textLineOrder="top-to-bottom">
            <pc:Coords points="41,1581 1307,1581 1307,1918 41,1918"/>
            <pc:TextLine id="region0007_line0000">
                <pc:Coords points="41,1581 1307,1581 1307,1716 41,1716"/>
                <pc:Word id="region0007_line0000_word0000">
                    <pc:Coords points="41,1585 705,1585 705,1716 41,1716"/>
                    <pc:TextEquiv conf="0.009028472900391">
                        <pc:Unicode>Dybetaueyſtutk</pc:Unicode>
                    </pc:TextEquiv>
                </pc:Word>
                <pc:Word id="region0007_line0000_word0001">
                    <pc:Coords points="739,1591 955,1591 955,1683 739,1683"/>
                    <pc:TextEquiv conf="0.214216918945313">
                        <pc:Unicode>wolen</pc:Unicode>
                    </pc:TextEquiv>
                </pc:Word>
                <pc:Word id="region0007_line0000_word0002">
                    <pc:Coords points="982,1590 1104,1590 1104,1681 982,1681"/>
                    <pc:TextEquiv conf="0.">
                        <pc:Unicode>wut</pc:Unicode>
                    </pc:TextEquiv>
                </pc:Word>
                <pc:Word id="region0007_line0000_word0003">
                    <pc:Coords points="1119,1581 1307,1581 1307,1692 1119,1692"/>
                    <pc:TextEquiv conf="0.">
                        <pc:Unicode>lrhen</pc:Unicode>
                    </pc:TextEquiv>
                </pc:Word>
                <pc:TextEquiv conf="0.555811347961426">
                    <pc:Unicode>Dybetaueyſtutk wolen wut lrhen</pc:Unicode>
                </pc:TextEquiv>
            </pc:TextLine>
            <pc:TextLine id="region0007_line0001">
                <pc:Coords points="387,1694 1041,1694 1041,1803 387,1803"/>
                <pc:Word id="region0007_line0001_word0000">
                    <pc:Coords points="387,1715 460,1715 460,1790 387,1790"/>
                    <pc:TextEquiv conf="0.925839920043945">
                        <pc:Unicode>in</pc:Unicode>
                    </pc:TextEquiv>
                </pc:Word>
                <pc:Word id="region0007_line0001_word0001">
                    <pc:Coords points="488,1694 742,1694 742,1803 488,1803"/>
                    <pc:TextEquiv conf="0.279925842285156">
                        <pc:Unicode>dyhhem</pc:Unicode>
                    </pc:TextEquiv>
                </pc:Word>
                <pc:Word id="region0007_line0001_word0002">
                    <pc:Coords points="769,1694 991,1694 991,1799 769,1799"/>
                    <pc:TextEquiv conf="0.923272857666016">
                        <pc:Unicode>gebet.</pc:Unicode>
                    </pc:TextEquiv>
                </pc:Word>
                <pc:TextEquiv conf="0.709679539998372">
                    <pc:Unicode>in dyhhem gebet.</pc:Unicode>
                </pc:TextEquiv>
            </pc:TextLine>
            <pc:TextLine id="region0007_line0002">
                <pc:Coords points="193,1831 1305,1831 1305,1918 193,1918"/>
                <pc:Word id="region0007_line0002_word0000">
                    <pc:Coords points="193,1831 344,1831 344,1918 193,1918"/>
                    <pc:TextEquiv conf="0.058856658935547">
                        <pc:Unicode>Chyum</pc:Unicode>
                    </pc:TextEquiv>
                </pc:Word>
                <pc:Word id="region0007_line0002_word0001">
                    <pc:Coords points="451,1831 335,1831 335,1918 451,1918"/>
                    <pc:TextEquiv conf="0.360628814697266">
                        <pc:Unicode>erſtẽ</pc:Unicode>
                    </pc:TextEquiv>
                </pc:Word>
                <pc:Word id="region0007_line0002_word0002">
                    <pc:Coords points="635,1831 463,1831 463,1918 635,1918"/>
                    <pc:TextEquiv conf="0.360628814697266">
                        <pc:Unicode>/richten</pc:Unicode>
                    </pc:TextEquiv>
                </pc:Word>
                <pc:Word id="region0007_line0002_word0003">
                    <pc:Coords points="643,1858 730,1858 730,1903 643,1903"/>
                    <pc:TextEquiv conf="0.434147453308105">
                        <pc:Unicode>wir</pc:Unicode>
                    </pc:TextEquiv>
                </pc:Word>
                <pc:Word id="region0007_line0002_word0004">
                    <pc:Coords points="750,1867 814,1867 814,1905 750,1905"/>
                    <pc:TextEquiv conf="0.894263916015625">
                        <pc:Unicode>vns</pc:Unicode>
                    </pc:TextEquiv>
                </pc:Word>
                <pc:Word id="region0007_line0002_word0005">
                    <pc:Coords points="832,1854 965,1854 965,1912 832,1912"/>
                    <pc:TextEquiv conf="0.923395233154297">
                        <pc:Unicode>ſelber</pc:Unicode>
                    </pc:TextEquiv>
                </pc:Word>
                <pc:Word id="region0007_line0002_word0006">
                    <pc:Coords points="979,1860 1068,1860 1068,1903 979,1903"/>
                    <pc:TextEquiv conf="0.907299652099609">
                        <pc:Unicode>ynd</pc:Unicode>
                    </pc:TextEquiv>
                </pc:Word>
                <pc:Word id="region0007_line0002_word0007">
                    <pc:Coords points="1087,1840 1305,1840 1305,1904 1087,1904"/>
                    <pc:TextEquiv conf="0.155114440917969">
                        <pc:Unicode>vorklagen</pc:Unicode>
                    </pc:TextEquiv>
                </pc:Word>
                <pc:TextEquiv conf="0.51179187297821">
                    <pc:Unicode>Chyum erſtẽ /richten wir vns ſelber ynd vorklagen</pc:Unicode>
                </pc:TextEquiv>
            </pc:TextLine>
            <pc:TextEquiv conf="0.592427586979336">
                <pc:Unicode>Dybetaueyſtutk wolen wut lrhen
in dyhhem gebet.
Chyum erſtẽ /richten wir vns ſelber ynd vorklagen</pc:Unicode>
            </pc:TextEquiv>
        </pc:TextRegion>
        <pc:TextRegion id="region0008" orientation="-0.112512785722913" readingDirection="left-to-right" textLineOrder="top-to-bottom">
            <pc:Coords points="81,1905 1323,1905 1323,2043 81,2043"/>
            <pc:TextLine id="region0008_line0000">
                <pc:Coords points="81,1905 1309,1905 1309,1981 81,1981"/>
                <pc:Word id="region0008_line0000_word0000">
                    <pc:Coords points="81,1912 154,1912 154,1981 81,1981"/>
                    <pc:TextEquiv conf="0.512575607299805">
                        <pc:Unicode>ns</pc:Unicode>
                    </pc:TextEquiv>
                </pc:Word>
                <pc:Word id="region0008_line0000_word0001">
                    <pc:Coords points="165,1925 247,1925 247,1970 165,1970"/>
                    <pc:TextEquiv conf="0.909768447875977">
                        <pc:Unicode>mit</pc:Unicode>
                    </pc:TextEquiv>
                </pc:Word>
                <pc:Word id="region0008_line0000_word0002">
                    <pc:Coords points="255,1920 414,1920 414,1975 255,1975"/>
                    <pc:TextEquiv conf="0.792654876708984">
                        <pc:Unicode>vnßern</pc:Unicode>
                    </pc:TextEquiv>
                </pc:Word>
                <pc:Word id="region0008_line0000_word0003">
                    <pc:Coords points="428,1920 523,1920 523,1974 428,1974"/>
                    <pc:TextEquiv conf="0.905597457885742">
                        <pc:Unicode>eygẽ</pc:Unicode>
                    </pc:TextEquiv>
                </pc:Word>
                <pc:Word id="region0008_line0000_word0004">
                    <pc:Coords points="552,1913 738,1913 738,1966 552,1966"/>
                    <pc:TextEquiv conf="0.617639083862305">
                        <pc:Unicode>woꝛten</pc:Unicode>
                    </pc:TextEquiv>
                </pc:Word>
                <pc:Word id="region0008_line0000_word0005">
                    <pc:Coords points="749,1905 728,1905 728,1981 749,1981"/>
                    <pc:TextEquiv conf="0.925947723388672">
                        <pc:Unicode>/</pc:Unicode>
                    </pc:TextEquiv>
                </pc:Word>
                <pc:Word id="region0008_line0000_word0006">
                    <pc:Coords points="748,1922 836,1922 836,1962 748,1962"/>
                    <pc:TextEquiv conf="0.91032829284668">
                        <pc:Unicode>das</pc:Unicode>
                    </pc:TextEquiv>
                </pc:Word>
                <pc:Word id="region0008_line0000_word0007">
                    <pc:Coords points="845,1914 931,1914 931,1958 845,1958"/>
                    <pc:TextEquiv conf="0.91032829284668">
                        <pc:Unicode>wir</pc:Unicode>
                    </pc:TextEquiv>
                </pc:Word>
                <pc:Word id="region0008_line0000_word0008">
                    <pc:Coords points="942,1917 1019,1917 1019,1966 942,1966"/>
                    <pc:TextEquiv conf="0.920024337768555">
                        <pc:Unicode>got</pc:Unicode>
                    </pc:TextEquiv>
                </pc:Word>
                <pc:Word id="region0008_line0000_word0009">
                    <pc:Coords points="1034,1905 1309,1905 1309,1964 1034,1964"/>
                    <pc:TextEquiv conf="0.477533721923828">
                        <pc:Unicode>vngehorſam</pc:Unicode>
                    </pc:TextEquiv>
                </pc:Word>
                <pc:TextEquiv conf="0.788239784240723">
                    <pc:Unicode>ns mit vnßern eygẽ woꝛten / das wir got vngehorſam</pc:Unicode>
                </pc:TextEquiv>
            </pc:TextLine>
            <pc:TextLine id="region0008_line0001">
                <pc:Coords points="81,1955 1323,1955 1323,2043 81,2043"/>
                <pc:Word id="region0008_line0001_word0000">
                    <pc:Coords points="81,1955 153,1955 153,2043 81,2043"/>
                    <pc:TextEquiv conf="0.137633438110352">
                        <pc:Unicode>ſein</pc:Unicode>
                    </pc:TextEquiv>
                </pc:Word>
                <pc:Word id="region0008_line0001_word0001">
                    <pc:Coords points="165,1979 181,1979 181,2030 165,2030"/>
                    <pc:TextEquiv conf="0.524676895141602">
                        <pc:Unicode>/</pc:Unicode>
                    </pc:TextEquiv>
                </pc:Word>
                <pc:Word id="region0008_line0001_word0002">
                    <pc:Coords points="203,1982 236,1982 236,2027 203,2027"/>
                    <pc:TextEquiv conf="0.482832908630371">
                        <pc:Unicode>vñ</pc:Unicode>
                    </pc:TextEquiv>
                </pc:Word>
                <pc:Word id="region0008_line0001_word0003">
                    <pc:Coords points="245,1978 348,1978 348,2035 245,2035"/>
                    <pc:TextEquiv conf="0.924215087890625">
                        <pc:Unicode>ſeinẽ</pc:Unicode>
                    </pc:TextEquiv>
                </pc:Word>
                <pc:Word id="region0008_line0001_word0004">
                    <pc:Coords points="369,1977 471,1977 471,2022 369,2022"/>
                    <pc:TextEquiv conf="0.884253692626953">
                        <pc:Unicode>willẽ</pc:Unicode>
                    </pc:TextEquiv>
                </pc:Word>
                <pc:Word id="region0008_line0001_word0005">
                    <pc:Coords points="497,1960 562,1960 562,2039 497,2039"/>
                    <pc:TextEquiv conf="0.827506256103516">
                        <pc:Unicode>hit</pc:Unicode>
                    </pc:TextEquiv>
                </pc:Word>
                <pc:Word id="region0008_line0001_word0006">
                    <pc:Coords points="581,1960 696,1960 696,2039 581,2039"/>
                    <pc:TextEquiv conf="0.905832977294922">
                        <pc:Unicode>thun.</pc:Unicode>
                    </pc:TextEquiv>
                </pc:Word>
                <pc:Word id="region0008_line0001_word0007">
                    <pc:Coords points="719,1972 795,1972 795,2022 719,2022"/>
                    <pc:TextEquiv conf="0.921308975219727">
                        <pc:Unicode>Dan</pc:Unicode>
                    </pc:TextEquiv>
                </pc:Word>
                <pc:Word id="region0008_line0001_word0008">
                    <pc:Coords points="818,1979 893,1979 893,2017 818,2017"/>
                    <pc:TextEquiv conf="0.923899383544922">
                        <pc:Unicode>wen</pc:Unicode>
                    </pc:TextEquiv>
                </pc:Word>
                <pc:Word id="region0008_line0001_word0009">
                    <pc:Coords points="922,1979 970,1979 970,2013 922,2013"/>
                    <pc:TextEquiv conf="0.930823059082031">
                        <pc:Unicode>es</pc:Unicode>
                    </pc:TextEquiv>
                </pc:Word>
                <pc:Word id="region0008_line0001_word0010">
                    <pc:Coords points="989,1964 1081,1964 1081,2021 989,2021"/>
                    <pc:TextEquiv conf="0.920210342407227">
                        <pc:Unicode>alſo</pc:Unicode>
                    </pc:TextEquiv>
                </pc:Word>
                <pc:Word id="region0008_line0001_word0011">
                    <pc:Coords points="1095,1964 1200,1964 1200,2011 1095,2011"/>
                    <pc:TextEquiv conf="0.269480819702148">
                        <pc:Unicode>yvmb</pc:Unicode>
                    </pc:TextEquiv>
                </pc:Word>
                <pc:Word id="region0008_line0001_word0012">
                    <pc:Coords points="1222,1975 1323,1975 1323,2015 1222,2015"/>
                    <pc:TextEquiv conf="0.921445770263672">
                        <pc:Unicode>vns</pc:Unicode>
                    </pc:TextEquiv>
                </pc:Word>
                <pc:TextEquiv conf="0.736470738924467">
                    <pc:Unicode>ſein / vñ ſeinẽ willẽ hit thun. Dan wen es alſo yvmb vns</pc:Unicode>
                </pc:TextEquiv>
            </pc:TextLine>
            <pc:TextEquiv conf="0.762355261582595">
                <pc:Unicode>ns mit vnßern eygẽ woꝛten / das wir got vngehorſam
ſein / vñ ſeinẽ willẽ hit thun. Dan wen es alſo yvmb vns</pc:Unicode>
            </pc:TextEquiv>
        </pc:TextRegion>
        <pc:TextRegion id="region0010" orientation="-0.112512785722913" type="floating" readingDirection="left-to-right" textLineOrder="top-to-bottom">
            <pc:Coords points="19,2021 1329,2021 1329,2096 19,2096"/>
            <pc:TextLine id="region0010_line0000">
                <pc:Coords points="19,2021 1329,2021 1329,2096 19,2096"/>
                <pc:Word id="region0010_line0000_word0000">
                    <pc:Coords points="19,2034 451,2034 451,2096 19,2096"/>
                    <pc:TextEquiv conf="0.189766845703125">
                        <pc:Unicode>undt</pc:Unicode>
                    </pc:TextEquiv>
                </pc:Word>
                <pc:Word id="region0010_line0000_word0001">
                    <pc:Coords points="248,2027 224,2027 224,2096 248,2096"/>
                    <pc:TextEquiv conf="0.86670783996582">
                        <pc:Unicode>/</pc:Unicode>
                    </pc:TextEquiv>
                </pc:Word>
                <pc:Word id="region0010_line0000_word0002">
                    <pc:Coords points="344,2027 270,2027 270,2096 344,2096"/>
                    <pc:TextEquiv conf="0.921090469360352">
                        <pc:Unicode>das</pc:Unicode>
                    </pc:TextEquiv>
                </pc:Word>
                <pc:Word id="region0010_line0000_word0003">
                    <pc:Coords points="444,2027 370,2027 370,2096 444,2096"/>
                    <pc:TextEquiv conf="0.896539688110352">
                        <pc:Unicode>wir</pc:Unicode>
                    </pc:TextEquiv>
                </pc:Word>
                <pc:Word id="region0010_line0000_word0004">
                    <pc:Coords points="466,2036 611,2036 611,2087 466,2087"/>
                    <pc:TextEquiv conf="0.858283004760742">
                        <pc:Unicode>gottes</pc:Unicode>
                    </pc:TextEquiv>
                </pc:Word>
                <pc:Word id="region0010_line0000_word0005">
                    <pc:Coords points="623,2031 746,2031 746,2076 623,2076"/>
                    <pc:TextEquiv conf="0.907886581420898">
                        <pc:Unicode>willẽ</pc:Unicode>
                    </pc:TextEquiv>
                </pc:Word>
                <pc:Word id="region0010_line0000_word0006">
                    <pc:Coords points="762,2024 924,2024 924,2081 762,2081"/>
                    <pc:TextEquiv conf="0.668853454589844">
                        <pc:Unicode>theten</pc:Unicode>
                    </pc:TextEquiv>
                </pc:Word>
                <pc:Word id="region0010_line0000_word0007">
                    <pc:Coords points="911,2085 928,2085 928,2021 911,2021"/>
                    <pc:TextEquiv conf="0.668853454589844">
                        <pc:Unicode>/</pc:Unicode>
                    </pc:TextEquiv>
                </pc:Word>
                <pc:Word id="region0010_line0000_word0008">
                    <pc:Coords points="931,2021 973,2021 973,2079 931,2079"/>
                    <pc:TextEquiv conf="0.921046752929688">
                        <pc:Unicode>ſo</pc:Unicode>
                    </pc:TextEquiv>
                </pc:Word>
                <pc:Word id="region0010_line0000_word0009">
                    <pc:Coords points="982,2035 1073,2035 1073,2069 982,2069"/>
                    <pc:TextEquiv conf="0.928421249389648">
                        <pc:Unicode>wer</pc:Unicode>
                    </pc:TextEquiv>
                </pc:Word>
                <pc:Word id="region0010_line0000_word0010">
                    <pc:Coords points="1091,2023 1178,2023 1178,2080 1091,2080"/>
                    <pc:TextEquiv conf="0.926360092163086">
                        <pc:Unicode>dyß</pc:Unicode>
                    </pc:TextEquiv>
                </pc:Word>
                <pc:Word id="region0010_line0000_word0011">
                    <pc:Coords points="1192,2024 1329,2024 1329,2081 1192,2081"/>
                    <pc:TextEquiv conf="0.928901901245117">
                        <pc:Unicode>gebet</pc:Unicode>
                    </pc:TextEquiv>
                </pc:Word>
                <pc:TextEquiv conf="0.80689261118571">
                    <pc:Unicode>undt / das wir gottes willẽ theten / ſo wer dyß gebet</pc:Unicode>
                </pc:TextEquiv>
            </pc:TextLine>
            <pc:TextEquiv conf="0.80689261118571">
                <pc:Unicode>undt / das wir gottes willẽ theten / ſo wer dyß gebet</pc:Unicode>
            </pc:TextEquiv>
        </pc:TextRegion>
        <pc:TextRegion id="region0011" orientation="-0.112512785722913" readingDirection="left-to-right" textLineOrder="top-to-bottom">
            <pc:Coords points="82,2081 1367,2081 1367,2154 82,2154"/>
            <pc:TextLine id="region0011_line0000">
                <pc:Coords points="82,2081 1367,2081 1367,2154 82,2154"/>
                <pc:Word id="region0011_line0000_word0000">
                    <pc:Coords points="82,2083 178,2083 178,2139 82,2139"/>
                    <pc:TextEquiv conf="0.389267044067383">
                        <pc:Unicode>vmb</pc:Unicode>
                    </pc:TextEquiv>
                </pc:Word>
                <pc:Word id="region0011_line0000_word0001">
                    <pc:Coords points="314,2081 174,2081 174,2154 314,2154"/>
                    <pc:TextEquiv conf="0.493331489562988">
                        <pc:Unicode>ſunſt·</pc:Unicode>
                    </pc:TextEquiv>
                </pc:Word>
                <pc:Word id="region0011_line0000_word0002">
                    <pc:Coords points="458,2081 346,2081 346,2154 458,2154"/>
                    <pc:TextEquiv conf="0.871321868896484">
                        <pc:Unicode>Darũd</pc:Unicode>
                    </pc:TextEquiv>
                </pc:Word>
                <pc:Word id="region0011_line0000_word0003">
                    <pc:Coords points="501,2088 553,2088 553,2147 501,2147"/>
                    <pc:TextEquiv conf="0.931574020385742">
                        <pc:Unicode>iſt</pc:Unicode>
                    </pc:TextEquiv>
                </pc:Word>
                <pc:Word id="region0011_line0000_word0004">
                    <pc:Coords points="561,2098 612,2098 612,2134 561,2134"/>
                    <pc:TextEquiv conf="0.921448440551758">
                        <pc:Unicode>es</pc:Unicode>
                    </pc:TextEquiv>
                </pc:Word>
                <pc:Word id="region0011_line0000_word0005">
                    <pc:Coords points="622,2083 896,2083 896,2145 622,2145"/>
                    <pc:TextEquiv conf="0.895579986572266">
                        <pc:Unicode>erſchꝛecklich</pc:Unicode>
                    </pc:TextEquiv>
                </pc:Word>
                <pc:Word id="region0011_line0000_word0006">
                    <pc:Coords points="904,2087 973,2087 973,2139 904,2139"/>
                    <pc:TextEquiv conf="0.440547103881836">
                        <pc:Unicode>tzʒu</pc:Unicode>
                    </pc:TextEquiv>
                </pc:Word>
                <pc:Word id="region0011_line0000_word0007">
                    <pc:Coords points="980,2081 1076,2081 1076,2142 980,2142"/>
                    <pc:TextEquiv conf="0.927642593383789">
                        <pc:Unicode>hoꝛẽ</pc:Unicode>
                    </pc:TextEquiv>
                </pc:Word>
                <pc:Word id="region0011_line0000_word0008">
                    <pc:Coords points="1105,2085 1126,2085 1126,2142 1105,2142"/>
                    <pc:TextEquiv conf="0.926731414794922">
                        <pc:Unicode>/</pc:Unicode>
                    </pc:TextEquiv>
                </pc:Word>
                <pc:Word id="region0011_line0000_word0009">
                    <pc:Coords points="1228,2081 1151,2081 1151,2154 1228,2154"/>
                    <pc:TextEquiv conf="0.915834350585938">
                        <pc:Unicode>wan</pc:Unicode>
                    </pc:TextEquiv>
                </pc:Word>
                <pc:Word id="region0011_line0000_word0010">
                    <pc:Coords points="1225,2082 1367,2082 1367,2144 1225,2144"/>
                    <pc:TextEquiv conf="0.811587371826172">
                        <pc:Unicode>wir</pc:Unicode>
                    </pc:TextEquiv>
                </pc:Word>
                <pc:TextEquiv conf="0.774987789500843">
                    <pc:Unicode>vmb ſunſt· Darũd iſt es erſchꝛecklich tzʒu hoꝛẽ / wan wir</pc:Unicode>
                </pc:TextEquiv>
            </pc:TextLine>
            <pc:TextEquiv conf="0.774987789500843">
                <pc:Unicode>vmb ſunſt· Darũd iſt es erſchꝛecklich tzʒu hoꝛẽ / wan wir</pc:Unicode>
            </pc:TextEquiv>
        </pc:TextRegion>
        <pc:ImageRegion id="region0000" orientation="-0.112512785722913">
            <pc:Coords points="0,0 404,0 404,102 0,102"/>
        </pc:ImageRegion>
        <pc:ImageRegion id="region0001" orientation="-0.112512785722913">
            <pc:Coords points="0,2440 1780,2440 1780,2530 0,2530"/>
        </pc:ImageRegion>
        <pc:SeparatorRegion id="region0009">
            <pc:Coords points="1060,1606 1061,1606 1061,1681 1060,1681"/>
        </pc:SeparatorRegion>
        <pc:SeparatorRegion id="region0012">
            <pc:Coords points="36,96 48,96 48,2410 36,2410"/>
        </pc:SeparatorRegion>
    </pc:Page>
</pc:PcGts>
