<?xml version="1.0" encoding="UTF-8"?>
<pc:PcGts xmlns:pc="http://schema.primaresearch.org/PAGE/gts/pagecontent/2019-07-15" xmlns:xsi="http://www.w3.org/2001/XMLSchema-instance" xsi:schemaLocation="http://schema.primaresearch.org/PAGE/gts/pagecontent/2019-07-15 http://schema.primaresearch.org/PAGE/gts/pagecontent/2019-07-15/pagecontent.xsd">
    <pc:Metadata>
        <pc:Creator></pc:Creator>
        <pc:Created>2016-09-20T11:04:41</pc:Created>
        <pc:LastChange>2019-02-25T13:58:09</pc:LastChange>
    </pc:Metadata>
    <pc:Page imageFilename="OCR-D-IMG/OCR-D-IMG_0001.tif" imageWidth="1553" imageHeight="2607" imageXResolution="300." imageYResolution="300." type="content">
        <pc:Border>
            <pc:Coords points="174,112 1350,112 1350,2275 174,2275"/>
        </pc:Border>
        <pc:ReadingOrder>
            <pc:OrderedGroup id="ro357564684568544579089" caption="Regions reading order">
                <pc:RegionRefIndexed index="0" regionRef="region_1475763385177_101"/>
                <pc:RegionRefIndexed index="1" regionRef="r_1_1"/>
                <pc:RegionRefIndexed index="2" regionRef="region_1475763404506_102"/>
                <pc:RegionRefIndexed index="3" regionRef="TextRegion_1475763415410_103"/>
                <pc:RegionRefIndexed index="4" regionRef="r_1_5"/>
                <pc:RegionRefIndexed index="5" regionRef="r_1_6"/>
                <pc:RegionRefIndexed index="6" regionRef="r_1_7"/>
                <pc:RegionRefIndexed index="7" regionRef="TextRegion_1475763601044_127"/>
                <pc:RegionRefIndexed index="8" regionRef="region_1475765735938_254"/>
                <pc:RegionRefIndexed index="9" regionRef="region_1475766453835_4"/>
                <pc:RegionRefIndexed index="10" regionRef="TextRegion_1475763813859_154"/>
                <pc:RegionRefIndexed index="11" regionRef="region_1475763679465_136"/>
                <pc:RegionRefIndexed index="12" regionRef="region_1475763717639_137"/>
                <pc:RegionRefIndexed index="13" regionRef="TextRegion_1479744197375_743"/>
                <pc:RegionRefIndexed index="14" regionRef="TextRegion_1479744211718_755"/>
                <pc:RegionRefIndexed index="15" regionRef="TextRegion_1479744211717_754"/>
            </pc:OrderedGroup>
        </pc:ReadingOrder>
        <pc:TextRegion id="region_1475763385177_101" type="page-number">
            <pc:Coords points="736,144 768,144 768,191 736,191"/>
            <pc:TextLine id="line_1475763926429_210">
                <pc:Coords points="739,147 766,147 766,190 739,190"/>
                <pc:Baseline points="744,182 761,182"/>
                <pc:Word id="word_1475764033851_229">
                    <pc:Coords points="740,151 766,151 766,186 740,186"/>
                    <pc:TextEquiv>
                        <pc:Unicode>1</pc:Unicode>
                    </pc:TextEquiv>
                </pc:Word>
                <pc:TextEquiv>
                    <pc:Unicode>1</pc:Unicode>
                </pc:TextEquiv>
            </pc:TextLine>
            <pc:TextEquiv>
                <pc:Unicode>1</pc:Unicode>
            </pc:TextEquiv>
        </pc:TextRegion>
        <pc:TextRegion id="r_1_1" type="heading">
            <pc:Coords points="205,212 1292,212 1292,532 205,532"/>
            <pc:TextLine id="line_1475763929471_211">
                <pc:Coords points="687,214 809,214 809,284 687,284"/>
                <pc:Baseline points="689,273 806,276"/>
                <pc:Word id="word_1475764037923_230">
                    <pc:Coords points="687,211 807,211 807,283 687,283"/>
                    <pc:TextEquiv>
                        <pc:Unicode>Die</pc:Unicode>
                    </pc:TextEquiv>
                </pc:Word>
                <pc:TextEquiv>
                    <pc:Unicode>Die</pc:Unicode>
                </pc:TextEquiv>
            </pc:TextLine>
            <pc:TextLine id="line_1475763933246_212">
                <pc:Coords points="211,282 1291,282 1291,441 211,441"/>
                <pc:Baseline points="217,413 1282,420"/>
                <pc:Word id="word_1475764043648_231">
                    <pc:Coords points="203,285 1293,285 1293,447 203,447"/>
                    <pc:TextEquiv>
                        <pc:Unicode>Herrnhuterey</pc:Unicode>
                    </pc:TextEquiv>
                </pc:Word>
                <pc:TextEquiv>
                    <pc:Unicode>Herrnhuterey</pc:Unicode>
                </pc:TextEquiv>
            </pc:TextLine>
            <pc:TextLine id="tl_1" primaryLanguage="German">
                <pc:Coords points="317,425 1194,425 1194,531 317,531"/>
                <pc:Baseline points="317,514 1194,514"/>
                <pc:Word id="w_w1aab1b1b2b1b1ab1" language="German">
                    <pc:Coords points="317,430 391,430 391,511 317,511"/>
                    <pc:TextEquiv>
                        <pc:Unicode>in</pc:Unicode>
                    </pc:TextEquiv>
                </pc:Word>
                <pc:Word id="w_w1aab1b1b2b1b1ab7" language="German">
                    <pc:Coords points="445,433 657,433 657,520 445,520"/>
                    <pc:TextEquiv>
                        <pc:Unicode>ihrer</pc:Unicode>
                    </pc:TextEquiv>
                </pc:Word>
                <pc:Word id="w_w1aab1b1b2b1b1ac19" language="German">
                    <pc:Coords points="703,432 1194,432 1194,526 703,526"/>
                    <pc:TextEquiv>
                        <pc:Unicode>Schalkheit.</pc:Unicode>
                    </pc:TextEquiv>
                </pc:Word>
                <pc:TextEquiv>
                    <pc:Unicode>in ihrer Schalkheit.</pc:Unicode>
                </pc:TextEquiv>
            </pc:TextLine>
            <pc:TextEquiv>
                <pc:Unicode>Die
Herrnhuterey
in ihrer Schalkheit.</pc:Unicode>
            </pc:TextEquiv>
        </pc:TextRegion>
        <pc:TextRegion id="region_1475763404506_102" type="heading">
            <pc:Coords points="565,533 933,533 933,594 565,594"/>
            <pc:TextLine id="line_1475763936335_213">
                <pc:Coords points="564,536 937,536 937,594 564,594"/>
                <pc:Baseline points="571,586 923,591"/>
                <pc:Word id="word_1475764047142_232">
                    <pc:Coords points="564,535 754,535 754,591 564,591"/>
                    <pc:TextEquiv>
                        <pc:Unicode>Vierter</pc:Unicode>
                    </pc:TextEquiv>
                </pc:Word>
                <pc:Word id="word_1475764050527_233">
                    <pc:Coords points="775,535 925,535 925,595 775,595"/>
                    <pc:TextEquiv>
                        <pc:Unicode>Theil.</pc:Unicode>
                    </pc:TextEquiv>
                </pc:Word>
                <pc:TextEquiv>
                    <pc:Unicode>Vierter Theil.</pc:Unicode>
                </pc:TextEquiv>
            </pc:TextLine>
            <pc:TextEquiv>
                <pc:Unicode>Vierter Theil.</pc:Unicode>
            </pc:TextEquiv>
        </pc:TextRegion>
        <pc:TextRegion id="TextRegion_1475763415410_103" type="heading">
            <pc:Coords points="685,639 807,639 1181,696 1181,850 323,850 323,696"/>
            <pc:TextLine id="tl_3" primaryLanguage="German">
                <pc:Coords points="686,640 806,640 806,696 686,696"/>
                <pc:Baseline points="686,691 806,691"/>
                <pc:Word id="w_w1aab1b1b2b5b1ab1" language="German">
                    <pc:Coords points="686,640 806,640 806,695 686,695"/>
                    <pc:TextEquiv>
                        <pc:Unicode>Von</pc:Unicode>
                    </pc:TextEquiv>
                </pc:Word>
                <pc:TextEquiv>
                    <pc:Unicode>Von</pc:Unicode>
                </pc:TextEquiv>
            </pc:TextLine>
            <pc:TextLine id="tl_4" primaryLanguage="German">
                <pc:Coords points="324,697 1180,697 1180,782 324,782"/>
                <pc:Baseline points="324,767 1180,767"/>
                <pc:Word id="w_w1aab1b1b2b7b1ab1" language="German">
                    <pc:Coords points="324,707 419,707 419,767 324,767"/>
                    <pc:TextEquiv>
                        <pc:Unicode>den</pc:Unicode>
                    </pc:TextEquiv>
                </pc:Word>
                <pc:Word id="w_w1aab1b1b2b7b1ab9" language="German">
                    <pc:Coords points="452,700 901,700 901,778 452,778"/>
                    <pc:TextEquiv>
                        <pc:Unicode>Zinzendorfiſchen</pc:Unicode>
                    </pc:TextEquiv>
                </pc:Word>
                <pc:Word id="w_w1aab1b1b2b7b1ac41" language="German">
                    <pc:Coords points="936,704 1180,704 1180,775 936,775"/>
                    <pc:TextEquiv>
                        <pc:Unicode>Haͤndeln</pc:Unicode>
                    </pc:TextEquiv>
                </pc:Word>
                <pc:TextEquiv>
                    <pc:Unicode>den Zinzendorfiſchen Haͤndeln</pc:Unicode>
                </pc:TextEquiv>
            </pc:TextLine>
            <pc:TextLine id="tl_5" primaryLanguage="German">
                <pc:Coords points="508,772 967,772 967,849 508,849"/>
                <pc:Baseline points="508,838 967,838"/>
                <pc:Word id="w_w1aab1b1b2b7b3ab1" language="German">
                    <pc:Coords points="508,778 564,778 564,836 508,836"/>
                    <pc:TextEquiv>
                        <pc:Unicode>in</pc:Unicode>
                    </pc:TextEquiv>
                </pc:Word>
                <pc:Word id="w_w1aab1b1b2b7b3ab7" language="German">
                    <pc:Coords points="586,774 967,774 967,848 586,848"/>
                    <pc:TextEquiv>
                        <pc:Unicode>Penſilvanien.</pc:Unicode>
                    </pc:TextEquiv>
                </pc:Word>
                <pc:TextEquiv>
                    <pc:Unicode>in Penſilvanien.</pc:Unicode>
                </pc:TextEquiv>
            </pc:TextLine>
            <pc:TextEquiv>
                <pc:Unicode>Von
den Zinzendorfiſchen Haͤndeln
in Penſilvanien.</pc:Unicode>
            </pc:TextEquiv>
        </pc:TextRegion>
        <pc:TextRegion id="r_1_5" type="heading">
            <pc:Coords points="725,863 765,863 765,906 725,906"/>
            <pc:TextLine id="tl_6" primaryLanguage="German">
                <pc:Coords points="726,864 764,864 764,905 726,905"/>
                <pc:Baseline points="726,908 764,908"/>
                <pc:Word id="w_w1aab1b1b2b9b1ab1" language="German">
                    <pc:Coords points="726,864 764,864 764,905 726,905"/>
                    <pc:TextEquiv>
                        <pc:Unicode>1.</pc:Unicode>
                    </pc:TextEquiv>
                </pc:Word>
                <pc:TextEquiv>
                    <pc:Unicode>1.</pc:Unicode>
                </pc:TextEquiv>
            </pc:TextLine>
            <pc:TextEquiv>
                <pc:Unicode>1.</pc:Unicode>
            </pc:TextEquiv>
        </pc:TextRegion>
        <pc:TextRegion id="r_1_6" type="heading">
            <pc:Coords points="190,912 1312,912 1312,1050 190,1050"/>
            <pc:TextLine id="tl_7" primaryLanguage="German">
                <pc:Coords points="191,913 1311,913 1311,994 191,994"/>
                <pc:Baseline points="191,975 1311,975"/>
                <pc:Word id="w_w1aab1b1b2c11b1ab1" language="German">
                    <pc:Coords points="191,918 304,918 304,977 191,977"/>
                    <pc:TextEquiv>
                        <pc:Unicode>Wie</pc:Unicode>
                    </pc:TextEquiv>
                </pc:Word>
                <pc:Word id="w_w1aab1b1b2c11b1ab9" language="German">
                    <pc:Coords points="321,918 400,918 400,984 321,984"/>
                    <pc:TextEquiv>
                        <pc:Unicode>ſich</pc:Unicode>
                    </pc:TextEquiv>
                </pc:Word>
                <pc:Word id="w_w1aab1b1b2c11b1ac19" language="German">
                    <pc:Coords points="417,918 676,918 676,985 417,985"/>
                    <pc:TextEquiv>
                        <pc:Unicode>Zinzendorf</pc:Unicode>
                    </pc:TextEquiv>
                </pc:Word>
                <pc:Word id="w_w1aab1b1b2c11b1ac41" language="German">
                    <pc:Coords points="692,924 798,924 798,983 692,983"/>
                    <pc:TextEquiv>
                        <pc:Unicode>ohne</pc:Unicode>
                    </pc:TextEquiv>
                </pc:Word>
                <pc:Word id="w_w1aab1b1b2c11b1ac51" language="German">
                    <pc:Coords points="813,918 971,918 971,983 813,983"/>
                    <pc:TextEquiv>
                        <pc:Unicode>Beruf</pc:Unicode>
                    </pc:TextEquiv>
                </pc:Word>
                <pc:Word id="w_w1aab1b1b2c11b1ac63" language="German">
                    <pc:Coords points="983,924 1059,924 1059,976 983,976"/>
                    <pc:TextEquiv>
                        <pc:Unicode>als</pc:Unicode>
                    </pc:TextEquiv>
                </pc:Word>
                <pc:Word id="w_w1aab1b1b2c11b1ac69" language="German">
                    <pc:Coords points="1077,924 1145,924 1145,977 1077,977"/>
                    <pc:TextEquiv>
                        <pc:Unicode>ein</pc:Unicode>
                    </pc:TextEquiv>
                </pc:Word>
                <pc:Word id="w_w1aab1b1b2c11b1ac77" language="German">
                    <pc:Coords points="1164,921 1311,921 1311,993 1164,993"/>
                    <pc:TextEquiv>
                        <pc:Unicode>Wolf</pc:Unicode>
                    </pc:TextEquiv>
                </pc:Word>
                <pc:TextEquiv>
                    <pc:Unicode>Wie ſich Zinzendorf ohne Beruf als ein Wolf</pc:Unicode>
                </pc:TextEquiv>
            </pc:TextLine>
            <pc:TextLine id="tl_8" primaryLanguage="German">
                <pc:Coords points="467,983 1229,983 1229,1049 467,1049"/>
                <pc:Baseline points="467,1041 1229,1041"/>
                <pc:Word id="w_w1aab1b1b2c11b3ab1" language="German">
                    <pc:Coords points="467,987 566,987 566,1034 467,1034"/>
                    <pc:TextEquiv>
                        <pc:Unicode>dort</pc:Unicode>
                    </pc:TextEquiv>
                </pc:Word>
                <pc:Word id="w_w1aab1b1b2c11b3ac11" language="German">
                    <pc:Coords points="586,986 898,986 898,1045 586,1045"/>
                    <pc:TextEquiv>
                        <pc:Unicode>eingedrungen</pc:Unicode>
                    </pc:TextEquiv>
                </pc:Word>
                <pc:Word id="w_w1aab1b1b2c11b3ac33" language="German">
                    <pc:Coords points="921,985 1010,985 1010,1044 921,1044"/>
                    <pc:TextEquiv>
                        <pc:Unicode>hat.</pc:Unicode>
                    </pc:TextEquiv>
                </pc:Word>
                <pc:TextEquiv>
                    <pc:Unicode>dort eingedrungen hat.</pc:Unicode>
                </pc:TextEquiv>
            </pc:TextLine>
            <pc:TextEquiv>
                <pc:Unicode>Wie ſich Zinzendorf ohne Beruf als ein Wolf
dort eingedrungen hat.</pc:Unicode>
            </pc:TextEquiv>
        </pc:TextRegion>
        <pc:TextRegion id="r_1_7" type="heading">
            <pc:Coords points="506,1070 971,1070 971,1137 506,1137"/>
            <pc:TextLine id="tl_9" primaryLanguage="German">
                <pc:Coords points="507,1071 970,1071 970,1136 507,1136"/>
                <pc:Baseline points="507,1129 970,1129"/>
                <pc:Word id="w_w1aab1b1b2c13b1ab1" language="German">
                    <pc:Coords points="507,1074 675,1074 675,1133 507,1133"/>
                    <pc:TextEquiv>
                        <pc:Unicode>Erſtes</pc:Unicode>
                    </pc:TextEquiv>
                </pc:Word>
                <pc:Word id="w_w1aab1b1b2c13b1ac15" language="German">
                    <pc:Coords points="691,1073 970,1073 970,1135 691,1135"/>
                    <pc:TextEquiv>
                        <pc:Unicode>Hauptſtuͤk.</pc:Unicode>
                    </pc:TextEquiv>
                </pc:Word>
                <pc:TextEquiv>
                    <pc:Unicode>Erſtes Hauptſtuͤk.</pc:Unicode>
                </pc:TextEquiv>
            </pc:TextLine>
            <pc:TextEquiv>
                <pc:Unicode>Erſtes Hauptſtuͤk.</pc:Unicode>
            </pc:TextEquiv>
        </pc:TextRegion>
        <pc:TextRegion id="TextRegion_1475763601044_127" type="paragraph">
            <pc:Coords points="759,1376 234,1376 194,1216 194,1143 759,1143"/>
            <pc:TextLine id="line_1475763601122_129" primaryLanguage="German">
                <pc:Coords points="727,1215 195,1215 195,1144 727,1144"/>
                <pc:Baseline points="195,1197 759,1197"/>
                <pc:Word id="w_w1aab1b1b2c15b1ab1" language="German">
                    <pc:Coords points="195,1151 235,1151 235,1202 195,1202"/>
                    <pc:TextEquiv>
                        <pc:Unicode>1)</pc:Unicode>
                    </pc:TextEquiv>
                </pc:Word>
                <pc:Word id="word_1475764181505_237" language="German">
                    <pc:Coords points="527,1203 258,1203 258,1148 527,1148"/>
                    <pc:TextEquiv>
                        <pc:Unicode>Veranlaſung</pc:Unicode>
                    </pc:TextEquiv>
                </pc:Word>
                <pc:Word id="word_1475764181505_236" language="German">
                    <pc:Coords points="576,1203 527,1203 527,1148 576,1148"/>
                    <pc:TextEquiv>
                        <pc:Unicode>zu</pc:Unicode>
                    </pc:TextEquiv>
                </pc:Word>
                <pc:Word id="w_w1aab1b1b2c15b1ac35" language="German">
                    <pc:Coords points="585,1152 720,1152 720,1202 585,1202"/>
                    <pc:TextEquiv>
                        <pc:Unicode>dieſem</pc:Unicode>
                    </pc:TextEquiv>
                </pc:Word>
                <pc:TextEquiv>
                    <pc:Unicode>1) Veranlaſung zu dieſem</pc:Unicode>
                </pc:TextEquiv>
            </pc:TextLine>
            <pc:TextLine id="line_1475763601138_131" primaryLanguage="German">
                <pc:Coords points="727,1261 236,1261 236,1196 727,1196"/>
                <pc:Baseline points="236,1250 759,1250"/>
                <pc:Word id="w_w1aab1b1b2c17b1ab1" language="German">
                    <pc:Coords points="236,1199 465,1199 465,1254 236,1254"/>
                    <pc:TextEquiv>
                        <pc:Unicode>Vorhaben,</pc:Unicode>
                    </pc:TextEquiv>
                </pc:Word>
                <pc:Word id="w_w1aab1b1b2c17b1ac21" language="German">
                    <pc:Coords points="497,1206 576,1206 576,1245 497,1245"/>
                    <pc:TextEquiv>
                        <pc:Unicode>und</pc:Unicode>
                    </pc:TextEquiv>
                </pc:Word>
                <pc:Word id="w_w1aab1b1b2c17b1ac29" language="German">
                    <pc:Coords points="604,1204 718,1204 718,1255 604,1255"/>
                    <pc:TextEquiv>
                        <pc:Unicode>kurtze</pc:Unicode>
                    </pc:TextEquiv>
                </pc:Word>
                <pc:TextEquiv>
                    <pc:Unicode>Vorhaben, und kurtze</pc:Unicode>
                </pc:TextEquiv>
            </pc:TextLine>
            <pc:TextLine id="line_1475763601138_133" primaryLanguage="German">
                <pc:Coords points="727,1315 236,1315 236,1251 727,1251"/>
                <pc:Baseline points="236,1303 759,1303"/>
                <pc:Word id="w_w1aab1b1b2c19b1ab1" language="German">
                    <pc:Coords points="236,1253 437,1253 437,1310 236,1310"/>
                    <pc:TextEquiv>
                        <pc:Unicode>hiſtoriſche</pc:Unicode>
                    </pc:TextEquiv>
                </pc:Word>
                <pc:Word id="w_w1aab1b1b2c19b1ac25" language="German">
                    <pc:Coords points="471,1256 716,1256 716,1308 471,1308"/>
                    <pc:TextEquiv>
                        <pc:Unicode>Einleitung,</pc:Unicode>
                    </pc:TextEquiv>
                </pc:Word>
                <pc:TextEquiv>
                    <pc:Unicode>hiſtoriſche Einleitung,</pc:Unicode>
                </pc:TextEquiv>
            </pc:TextLine>
            <pc:TextLine id="line_1475763601138_135" primaryLanguage="German">
                <pc:Coords points="379,1375 235,1375 235,1307 379,1307"/>
                <pc:Word id="word_1475764561718_240" language="German">
                    <pc:Coords points="276,1360 235,1360 235,1317 276,1317"/>
                    <pc:TextEquiv>
                        <pc:Unicode>§.</pc:Unicode>
                    </pc:TextEquiv>
                </pc:Word>
                <pc:Word id="word_1475764561714_239" language="German">
                    <pc:Coords points="317,1360 276,1360 276,1317 317,1317"/>
                    <pc:TextEquiv>
                        <pc:Unicode>1.</pc:Unicode>
                    </pc:TextEquiv>
                </pc:Word>
                <pc:Word id="word_1475764219086_238" language="German">
                    <pc:Coords points="329,1319 355,1319 373,1342 373,1363 361,1363 329,1349"/>
                    <pc:TextEquiv>
                        <pc:Unicode>2.</pc:Unicode>
                    </pc:TextEquiv>
                </pc:Word>
                <pc:TextEquiv>
                    <pc:Unicode>§. 1. 2.</pc:Unicode>
                </pc:TextEquiv>
            </pc:TextLine>
            <pc:TextEquiv>
                <pc:Unicode>1) Veranlaſung zu dieſem
Vorhaben, und kurtze
hiſtoriſche Einleitung,
§. 1. 2.</pc:Unicode>
            </pc:TextEquiv>
        </pc:TextRegion>
        <pc:TextRegion id="TextRegion_1475763813859_154" type="paragraph">
            <pc:Coords points="724,1781 238,1781 203,1735 190,1424 190,1357 761,1357 761,1778"/>
            <pc:TextLine id="line_1475766440217_2">
                <pc:Coords points="192,1359 726,1359 726,1412 192,1412"/>
                <pc:Word id="word_1475766517920_14">
                    <pc:Coords points="192,1359 236,1359 236,1411 192,1411"/>
                    <pc:TextEquiv>
                        <pc:Unicode>2)</pc:Unicode>
                    </pc:TextEquiv>
                </pc:Word>
                <pc:Word id="word_1475766520791_15">
                    <pc:Coords points="256,1357 358,1357 358,1408 256,1408"/>
                    <pc:TextEquiv>
                        <pc:Unicode>Von</pc:Unicode>
                    </pc:TextEquiv>
                </pc:Word>
                <pc:Word id="word_1475766523287_16">
                    <pc:Coords points="387,1359 453,1359 453,1405 387,1405"/>
                    <pc:TextEquiv>
                        <pc:Unicode>der</pc:Unicode>
                    </pc:TextEquiv>
                </pc:Word>
                <pc:Word id="word_1475766527327_17">
                    <pc:Coords points="485,1360 722,1360 722,1405 485,1405"/>
                    <pc:TextEquiv>
                        <pc:Unicode>angeblichen</pc:Unicode>
                    </pc:TextEquiv>
                </pc:Word>
                <pc:TextEquiv>
                    <pc:Unicode>2) Von der angeblichen</pc:Unicode>
                </pc:TextEquiv>
            </pc:TextLine>
            <pc:TextLine id="line_1475766444054_3">
                <pc:Coords points="238,1412 720,1412 720,1458 238,1458"/>
                <pc:Word id="word_1475766534971_18">
                    <pc:Coords points="238,1413 512,1413 512,1461 238,1461"/>
                    <pc:TextEquiv>
                        <pc:Unicode>Niederlegung</pc:Unicode>
                    </pc:TextEquiv>
                </pc:Word>
                <pc:Word id="word_1475766537498_19">
                    <pc:Coords points="519,1413 589,1413 589,1455 519,1455"/>
                    <pc:TextEquiv>
                        <pc:Unicode>des</pc:Unicode>
                    </pc:TextEquiv>
                </pc:Word>
                <pc:Word id="word_1475766541960_20">
                    <pc:Coords points="595,1409 720,1409 720,1462 595,1462"/>
                    <pc:TextEquiv>
                        <pc:Unicode>Maͤh-</pc:Unicode>
                    </pc:TextEquiv>
                </pc:Word>
                <pc:TextEquiv>
                    <pc:Unicode>Niederlegung des Maͤh-</pc:Unicode>
                </pc:TextEquiv>
            </pc:TextLine>
            <pc:TextLine id="line_1475763813969_164" primaryLanguage="German">
                <pc:Coords points="727,1524 237,1524 237,1464 727,1464"/>
                <pc:Baseline points="237,1513 761,1513"/>
                <pc:Word id="w_w1aab1b1b2c27b1ab1" language="German">
                    <pc:Coords points="237,1467 371,1467 371,1519 237,1519"/>
                    <pc:TextEquiv>
                        <pc:Unicode>riſchen</pc:Unicode>
                    </pc:TextEquiv>
                </pc:Word>
                <pc:Word id="w_w1aab1b1b2c27b1ac17" language="German">
                    <pc:Coords points="427,1466 721,1466 721,1518 427,1518"/>
                    <pc:TextEquiv>
                        <pc:Unicode>Biſchofamtes.</pc:Unicode>
                    </pc:TextEquiv>
                </pc:Word>
                <pc:TextEquiv>
                    <pc:Unicode>riſchen Biſchofamtes.</pc:Unicode>
                </pc:TextEquiv>
            </pc:TextLine>
            <pc:TextLine id="line_1475763813984_166" primaryLanguage="German">
                <pc:Coords points="723,1573 238,1573 238,1515 723,1515"/>
                <pc:Baseline points="238,1566 761,1566"/>
                <pc:Word id="w_w1aab1b1b2c29b1ab1" language="German">
                    <pc:Coords points="238,1520 299,1520 299,1563 238,1563"/>
                    <pc:TextEquiv>
                        <pc:Unicode>Es</pc:Unicode>
                    </pc:TextEquiv>
                </pc:Word>
                <pc:Word id="w_w1aab1b1b2c29b1ab7" language="German">
                    <pc:Coords points="317,1522 414,1522 414,1569 317,1569"/>
                    <pc:TextEquiv>
                        <pc:Unicode>wird</pc:Unicode>
                    </pc:TextEquiv>
                </pc:Word>
                <pc:Word id="w_w1aab1b1b2c29b1ac17" language="German">
                    <pc:Coords points="432,1518 659,1518 659,1568 432,1568"/>
                    <pc:TextEquiv>
                        <pc:Unicode>unterſuchet</pc:Unicode>
                    </pc:TextEquiv>
                </pc:Word>
                <pc:Word id="w_w1aab1b1b2c29b1ac41" language="German">
                    <pc:Coords points="680,1519 722,1519 722,1568 680,1568"/>
                    <pc:TextEquiv>
                        <pc:Unicode>a)</pc:Unicode>
                    </pc:TextEquiv>
                </pc:Word>
                <pc:TextEquiv>
                    <pc:Unicode>Es wird unterſuchet a)</pc:Unicode>
                </pc:TextEquiv>
            </pc:TextLine>
            <pc:TextLine id="line_1475763813984_168" primaryLanguage="German">
                <pc:Coords points="725,1637 234,1637 234,1563 725,1563"/>
                <pc:Baseline points="234,1618 761,1618"/>
                <pc:Word id="w_w1aab1b1b2c31b1ab1" language="German">
                    <pc:Coords points="235,1572 284,1572 284,1613 235,1613"/>
                    <pc:TextEquiv>
                        <pc:Unicode>ob</pc:Unicode>
                    </pc:TextEquiv>
                </pc:Word>
                <pc:Word id="w_w1aab1b1b2c31b1ab7" language="German">
                    <pc:Coords points="299,1571 346,1571 346,1632 299,1632"/>
                    <pc:TextEquiv>
                        <pc:Unicode>ſie</pc:Unicode>
                    </pc:TextEquiv>
                </pc:Word>
                <pc:Word id="w_w1aab1b1b2c31b1ac15" language="German">
                    <pc:Coords points="365,1565 575,1565 575,1624 365,1624"/>
                    <pc:TextEquiv>
                        <pc:Unicode>rechtmaͤſig</pc:Unicode>
                    </pc:TextEquiv>
                </pc:Word>
                <pc:Word id="w_w1aab1b1b2c31b1ac37" language="German">
                    <pc:Coords points="588,1571 721,1571 721,1624 588,1624"/>
                    <pc:TextEquiv>
                        <pc:Unicode>geſche-</pc:Unicode>
                    </pc:TextEquiv>
                </pc:Word>
                <pc:TextEquiv>
                    <pc:Unicode>ob ſie rechtmaͤſig geſche-</pc:Unicode>
                </pc:TextEquiv>
            </pc:TextLine>
            <pc:TextLine id="line_1475766433290_1">
                <pc:Coords points="239,1622 719,1622 719,1672 239,1672"/>
                <pc:Word id="word_1475766546562_21">
                    <pc:Coords points="240,1622 308,1622 308,1671 240,1671"/>
                    <pc:TextEquiv>
                        <pc:Unicode>hen</pc:Unicode>
                    </pc:TextEquiv>
                </pc:Word>
                <pc:Word id="word_1475766550197_22">
                    <pc:Coords points="315,1625 480,1625 480,1669 315,1669"/>
                    <pc:TextEquiv>
                        <pc:Unicode>koͤnnen,</pc:Unicode>
                    </pc:TextEquiv>
                </pc:Word>
                <pc:Word id="word_1475766553254_23">
                    <pc:Coords points="502,1626 582,1626 582,1669 502,1669"/>
                    <pc:TextEquiv>
                        <pc:Unicode>und</pc:Unicode>
                    </pc:TextEquiv>
                </pc:Word>
                <pc:Word id="word_1475766555828_24">
                    <pc:Coords points="597,1625 716,1625 716,1669 597,1669"/>
                    <pc:TextEquiv>
                        <pc:Unicode>wuͤrck-</pc:Unicode>
                    </pc:TextEquiv>
                </pc:Word>
                <pc:TextEquiv>
                    <pc:Unicode>hen koͤnnen, und wuͤrck-</pc:Unicode>
                </pc:TextEquiv>
            </pc:TextLine>
            <pc:TextLine id="line_1475763798665_152" primaryLanguage="German">
                <pc:Coords points="728,1734 236,1734 236,1673 728,1673"/>
                <pc:Baseline points="236,1722 759,1722"/>
                <pc:Word id="w_w1aab1b1b2c33b3ab1" language="German">
                    <pc:Coords points="236,1679 303,1679 303,1729 236,1729"/>
                    <pc:TextEquiv>
                        <pc:Unicode>lich</pc:Unicode>
                    </pc:TextEquiv>
                </pc:Word>
                <pc:Word id="w_w1aab1b1b2c33b3ac11" language="German">
                    <pc:Coords points="314,1675 499,1675 499,1727 314,1727"/>
                    <pc:TextEquiv>
                        <pc:Unicode>geſchehen</pc:Unicode>
                    </pc:TextEquiv>
                </pc:Word>
                <pc:Word id="w_w1aab1b1b2c33b3ac31" language="German">
                    <pc:Coords points="508,1676 607,1676 607,1730 508,1730"/>
                    <pc:TextEquiv>
                        <pc:Unicode>seye,</pc:Unicode>
                    </pc:TextEquiv>
                </pc:Word>
                <pc:Word id="w_w1aab1b1b2c33b3ac43" language="German">
                    <pc:Coords points="634,1678 668,1678 668,1726 634,1726"/>
                    <pc:TextEquiv>
                        <pc:Unicode>§.</pc:Unicode>
                    </pc:TextEquiv>
                </pc:Word>
                <pc:Word id="w_w1aab1b1b2c33b3ac49" language="German">
                    <pc:Coords points="680,1683 723,1683 723,1724 680,1724"/>
                    <pc:TextEquiv>
                        <pc:Unicode>3-</pc:Unicode>
                    </pc:TextEquiv>
                </pc:Word>
                <pc:TextEquiv>
                    <pc:Unicode>lich geſchehen seye, §. 3-</pc:Unicode>
                </pc:TextEquiv>
            </pc:TextLine>
            <pc:TextLine id="tl_21" primaryLanguage="German">
                <pc:Coords points="239,1724 723,1724 723,1780 239,1780"/>
                <pc:Baseline points="239,1775 723,1775"/>
                <pc:Word id="w_w1aab1b1b2c35b1ab1" language="German">
                    <pc:Coords points="239,1736 280,1736 280,1775 239,1775"/>
                    <pc:TextEquiv>
                        <pc:Unicode>8.</pc:Unicode>
                    </pc:TextEquiv>
                </pc:Word>
                <pc:Word id="w_w1aab1b1b2c35b1ab7" language="German">
                    <pc:Coords points="328,1731 378,1731 378,1779 328,1779"/>
                    <pc:TextEquiv>
                        <pc:Unicode>b)</pc:Unicode>
                    </pc:TextEquiv>
                </pc:Word>
                <pc:Word id="w_w1aab1b1b2c35b1ac13" language="German">
                    <pc:Coords points="413,1730 471,1730 471,1770 413,1770"/>
                    <pc:TextEquiv>
                        <pc:Unicode>die</pc:Unicode>
                    </pc:TextEquiv>
                </pc:Word>
                <pc:Word id="w_w1aab1b1b2c35b1ac21" language="German">
                    <pc:Coords points="503,1726 723,1726 723,1779 503,1779"/>
                    <pc:TextEquiv>
                        <pc:Unicode>ſchalkhafte</pc:Unicode>
                    </pc:TextEquiv>
                </pc:Word>
                <pc:TextEquiv>
                    <pc:Unicode>8. b) die ſchalkhafte</pc:Unicode>
                </pc:TextEquiv>
            </pc:TextLine>
            <pc:TextEquiv>
                <pc:Unicode>2) Von der angeblichen
Niederlegung des Maͤh-
riſchen Biſchofamtes.
Es wird unterſuchet a)
ob ſie rechtmaͤſig geſche-
hen koͤnnen, und wuͤrck-
lich geſchehen seye, §. 3-
8. b) die ſchalkhafte</pc:Unicode>
            </pc:TextEquiv>
        </pc:TextRegion>
        <pc:TextRegion id="region_1475765735938_254" type="paragraph">
            <pc:Coords points="812,1149 1310,1149 1310,1250 812,1250"/>
            <pc:TextLine id="line_1475765748792_255">
                <pc:Coords points="817,1149 1304,1149 1304,1213 817,1213"/>
                <pc:Baseline points="822,1198 1299,1203"/>
                <pc:Word id="word_1475765805233_266">
                    <pc:Coords points="820,1154 967,1154 967,1198 820,1198"/>
                    <pc:TextEquiv>
                        <pc:Unicode>Abſicht</pc:Unicode>
                    </pc:TextEquiv>
                </pc:Word>
                <pc:Word id="word_1475765807729_267">
                    <pc:Coords points="999,1152 1124,1152 1124,1198 999,1198"/>
                    <pc:TextEquiv>
                        <pc:Unicode>dieſes</pc:Unicode>
                    </pc:TextEquiv>
                </pc:Word>
                <pc:Word id="word_1475765811177_268">
                    <pc:Coords points="1154,1152 1306,1152 1306,1208 1154,1208"/>
                    <pc:TextEquiv>
                        <pc:Unicode>Vorge-</pc:Unicode>
                    </pc:TextEquiv>
                </pc:Word>
                <pc:TextEquiv>
                    <pc:Unicode>Abſicht dieſes Vorge-</pc:Unicode>
                </pc:TextEquiv>
            </pc:TextLine>
            <pc:TextLine id="line_1475765752536_256">
                <pc:Coords points="815,1205 1098,1205 1098,1258 815,1258"/>
                <pc:Baseline points="820,1246 1092,1249"/>
                <pc:Word id="word_1475765814453_269">
                    <pc:Coords points="814,1204 932,1204 932,1255 814,1255"/>
                    <pc:TextEquiv>
                        <pc:Unicode>bens,</pc:Unicode>
                    </pc:TextEquiv>
                </pc:Word>
                <pc:Word id="word_1475765959112_305">
                    <pc:Coords points="1001,1256 955,1256 955,1204 1001,1204"/>
                    <pc:TextEquiv>
                        <pc:Unicode>§.</pc:Unicode>
                    </pc:TextEquiv>
                </pc:Word>
                <pc:Word id="word_1475765959112_304">
                    <pc:Coords points="1050,1256 1001,1256 1001,1204 1050,1204"/>
                    <pc:TextEquiv>
                        <pc:Unicode>8.</pc:Unicode>
                    </pc:TextEquiv>
                </pc:Word>
                <pc:Word id="word_1475765958020_302">
                    <pc:Coords points="1097,1256 1050,1256 1050,1204 1097,1204"/>
                    <pc:TextEquiv>
                        <pc:Unicode>9.</pc:Unicode>
                    </pc:TextEquiv>
                </pc:Word>
                <pc:TextEquiv>
                    <pc:Unicode>bens, §. 8. 9.</pc:Unicode>
                </pc:TextEquiv>
            </pc:TextLine>
            <pc:TextEquiv>
                <pc:Unicode>Abſicht dieſes Vorge-
bens, §. 8. 9.</pc:Unicode>
            </pc:TextEquiv>
        </pc:TextRegion>
        <pc:TextRegion id="region_1475766453835_4" type="paragraph">
            <pc:Coords points="766,1251 1316,1251 1316,1732 766,1732"/>
            <pc:TextLine id="line_1475766462977_5">
                <pc:Coords points="766,1254 1313,1254 1313,1314 766,1314"/>
                <pc:Baseline points="768,1300 1306,1305"/>
                <pc:Word id="word_1475766560789_25">
                    <pc:Coords points="770,1260 815,1260 815,1311 770,1311"/>
                    <pc:TextEquiv>
                        <pc:Unicode>3)</pc:Unicode>
                    </pc:TextEquiv>
                </pc:Word>
                <pc:Word id="word_1475766564050_26">
                    <pc:Coords points="835,1255 977,1255 977,1303 835,1303"/>
                    <pc:TextEquiv>
                        <pc:Unicode>Dieſes</pc:Unicode>
                    </pc:TextEquiv>
                </pc:Word>
                <pc:Word id="word_1475766566312_27">
                    <pc:Coords points="990,1261 1092,1261 1092,1304 990,1304"/>
                    <pc:TextEquiv>
                        <pc:Unicode>wird</pc:Unicode>
                    </pc:TextEquiv>
                </pc:Word>
                <pc:Word id="word_1475766573425_28">
                    <pc:Coords points="1102,1257 1312,1257 1312,1313 1102,1313"/>
                    <pc:TextEquiv>
                        <pc:Unicode>verglichen</pc:Unicode>
                    </pc:TextEquiv>
                </pc:Word>
                <pc:TextEquiv>
                    <pc:Unicode>3) Dieſes wird verglichen</pc:Unicode>
                </pc:TextEquiv>
            </pc:TextLine>
            <pc:TextLine id="line_1475766467376_6">
                <pc:Coords points="821,1313 1312,1313 1312,1363 821,1363"/>
                <pc:Baseline points="822,1352 1305,1358"/>
                <pc:Word id="word_1475766577185_29">
                    <pc:Coords points="821,1313 895,1313 895,1357 821,1357"/>
                    <pc:TextEquiv>
                        <pc:Unicode>mit</pc:Unicode>
                    </pc:TextEquiv>
                </pc:Word>
                <pc:Word id="word_1475766580164_30">
                    <pc:Coords points="927,1311 1000,1311 1000,1356 927,1356"/>
                    <pc:TextEquiv>
                        <pc:Unicode>den</pc:Unicode>
                    </pc:TextEquiv>
                </pc:Word>
                <pc:Word id="word_1475766584220_31">
                    <pc:Coords points="1029,1307 1309,1307 1309,1365 1029,1365"/>
                    <pc:TextEquiv>
                        <pc:Unicode>Eigenſchaften</pc:Unicode>
                    </pc:TextEquiv>
                </pc:Word>
                <pc:TextEquiv>
                    <pc:Unicode>mit den Eigenſchaften</pc:Unicode>
                </pc:TextEquiv>
            </pc:TextLine>
            <pc:TextLine id="line_1475766471292_7">
                <pc:Coords points="822,1363 1311,1363 1311,1418 822,1418"/>
                <pc:Baseline points="826,1406 1306,1410"/>
                <pc:Word id="word_1475766588479_32">
                    <pc:Coords points="822,1365 926,1365 926,1408 822,1408"/>
                    <pc:TextEquiv>
                        <pc:Unicode>eines</pc:Unicode>
                    </pc:TextEquiv>
                </pc:Word>
                <pc:Word id="word_1475766592083_33">
                    <pc:Coords points="936,1362 1181,1362 1181,1412 936,1412"/>
                    <pc:TextEquiv>
                        <pc:Unicode>Lutheriſchen</pc:Unicode>
                    </pc:TextEquiv>
                </pc:Word>
                <pc:Word id="word_1475766596123_34">
                    <pc:Coords points="1190,1365 1312,1365 1312,1411 1190,1411"/>
                    <pc:TextEquiv>
                        <pc:Unicode>Pfar-</pc:Unicode>
                    </pc:TextEquiv>
                </pc:Word>
                <pc:TextEquiv>
                    <pc:Unicode>eines Lutheriſchen Pfar-</pc:Unicode>
                </pc:TextEquiv>
            </pc:TextLine>
            <pc:TextLine id="line_1475766477282_8">
                <pc:Coords points="821,1413 1315,1413 1315,1468 821,1468"/>
                <pc:Baseline points="825,1459 1311,1463"/>
                <pc:Word id="word_1475766599274_35">
                    <pc:Coords points="824,1418 941,1418 941,1461 824,1461"/>
                    <pc:TextEquiv>
                        <pc:Unicode>rers,</pc:Unicode>
                    </pc:TextEquiv>
                </pc:Word>
                <pc:Word id="word_1475766603096_36">
                    <pc:Coords points="964,1415 1099,1415 1099,1467 964,1467"/>
                    <pc:TextEquiv>
                        <pc:Unicode>(dafuͤr</pc:Unicode>
                    </pc:TextEquiv>
                </pc:Word>
                <pc:Word id="word_1475766606638_37">
                    <pc:Coords points="1121,1415 1193,1415 1193,1465 1121,1465"/>
                    <pc:TextEquiv>
                        <pc:Unicode>ſich</pc:Unicode>
                    </pc:TextEquiv>
                </pc:Word>
                <pc:Word id="word_1475766609851_38">
                    <pc:Coords points="1213,1419 1306,1419 1306,1469 1213,1469"/>
                    <pc:TextEquiv>
                        <pc:Unicode>Zin-</pc:Unicode>
                    </pc:TextEquiv>
                </pc:Word>
                <pc:TextEquiv>
                    <pc:Unicode>rers, (dafuͤr ſich Zin-</pc:Unicode>
                </pc:TextEquiv>
            </pc:TextLine>
            <pc:TextLine id="line_1475766482056_9">
                <pc:Coords points="821,1465 1311,1465 1311,1523 821,1523"/>
                <pc:Baseline points="825,1508 1305,1518"/>
                <pc:Word id="word_1475766615077_39">
                    <pc:Coords points="825,1468 972,1468 972,1515 825,1515"/>
                    <pc:TextEquiv>
                        <pc:Unicode>zerdorf</pc:Unicode>
                    </pc:TextEquiv>
                </pc:Word>
                <pc:Word id="word_1475766617761_40">
                    <pc:Coords points="986,1469 1029,1469 1029,1511 986,1511"/>
                    <pc:TextEquiv>
                        <pc:Unicode>in</pc:Unicode>
                    </pc:TextEquiv>
                </pc:Word>
                <pc:Word id="word_1475766621895_41">
                    <pc:Coords points="1042,1467 1308,1467 1308,1523 1042,1523"/>
                    <pc:TextEquiv>
                        <pc:Unicode>Penſilvanien</pc:Unicode>
                    </pc:TextEquiv>
                </pc:Word>
                <pc:TextEquiv>
                    <pc:Unicode>zerdorf in Penſilvanien</pc:Unicode>
                </pc:TextEquiv>
            </pc:TextLine>
            <pc:TextLine id="line_1475766486814_10">
                <pc:Coords points="824,1521 1312,1521 1312,1576 824,1576"/>
                <pc:Baseline points="822,1561 1310,1568"/>
                <pc:Word id="word_1475766626871_42">
                    <pc:Coords points="824,1524 1078,1524 1078,1571 824,1571"/>
                    <pc:TextEquiv>
                        <pc:Unicode>ausgegeben)</pc:Unicode>
                    </pc:TextEquiv>
                </pc:Word>
                <pc:Word id="word_1475766629663_43">
                    <pc:Coords points="1079,1527 1155,1527 1155,1564 1079,1564"/>
                    <pc:TextEquiv>
                        <pc:Unicode>und</pc:Unicode>
                    </pc:TextEquiv>
                </pc:Word>
                <pc:Word id="word_1475766633142_44">
                    <pc:Coords points="1164,1524 1222,1524 1222,1567 1164,1567"/>
                    <pc:TextEquiv>
                        <pc:Unicode>die</pc:Unicode>
                    </pc:TextEquiv>
                </pc:Word>
                <pc:Word id="word_1475766636481_45">
                    <pc:Coords points="1230,1523 1308,1523 1308,1569 1230,1569"/>
                    <pc:TextEquiv>
                        <pc:Unicode>Un-</pc:Unicode>
                    </pc:TextEquiv>
                </pc:Word>
                <pc:TextEquiv>
                    <pc:Unicode>ausgegeben) und die Un-</pc:Unicode>
                </pc:TextEquiv>
            </pc:TextLine>
            <pc:TextLine id="line_1475766492133_11">
                <pc:Coords points="822,1567 1312,1567 1312,1625 822,1625"/>
                <pc:Baseline points="822,1615 1304,1620"/>
                <pc:Word id="word_1475766640817_46">
                    <pc:Coords points="824,1574 1055,1574 1055,1622 824,1622"/>
                    <pc:TextEquiv>
                        <pc:Unicode>moͤglichkeit</pc:Unicode>
                    </pc:TextEquiv>
                </pc:Word>
                <pc:Word id="word_1475766644359_47">
                    <pc:Coords points="1071,1577 1181,1577 1181,1619 1071,1619"/>
                    <pc:TextEquiv>
                        <pc:Unicode>eines</pc:Unicode>
                    </pc:TextEquiv>
                </pc:Word>
                <pc:Word id="word_1475766646933_48">
                    <pc:Coords points="1199,1580 1308,1580 1308,1623 1199,1623"/>
                    <pc:TextEquiv>
                        <pc:Unicode>wah-</pc:Unicode>
                    </pc:TextEquiv>
                </pc:Word>
                <pc:TextEquiv>
                    <pc:Unicode>moͤglichkeit eines wah-</pc:Unicode>
                </pc:TextEquiv>
            </pc:TextLine>
            <pc:TextLine id="line_1475766496314_12">
                <pc:Coords points="821,1629 1313,1629 1313,1676 821,1676"/>
                <pc:Baseline points="825,1668 1306,1670"/>
                <pc:Word id="word_1475766650255_49">
                    <pc:Coords points="822,1630 891,1630 891,1669 822,1669"/>
                    <pc:TextEquiv>
                        <pc:Unicode>ren</pc:Unicode>
                    </pc:TextEquiv>
                </pc:Word>
                <pc:Word id="word_1475766656683_50">
                    <pc:Coords points="908,1625 1058,1625 1058,1671 908,1671"/>
                    <pc:TextEquiv>
                        <pc:Unicode>Berufs</pc:Unicode>
                    </pc:TextEquiv>
                </pc:Word>
                <pc:Word id="word_1475766660333_51">
                    <pc:Coords points="1078,1627 1229,1627 1229,1672 1078,1672"/>
                    <pc:TextEquiv>
                        <pc:Unicode>daraus</pc:Unicode>
                    </pc:TextEquiv>
                </pc:Word>
                <pc:Word id="word_1475766663500_52">
                    <pc:Coords points="1252,1636 1311,1636 1311,1675 1252,1675"/>
                    <pc:TextEquiv>
                        <pc:Unicode>er-</pc:Unicode>
                    </pc:TextEquiv>
                </pc:Word>
                <pc:TextEquiv>
                    <pc:Unicode>ren Berufs daraus er-</pc:Unicode>
                </pc:TextEquiv>
            </pc:TextLine>
            <pc:TextLine id="line_1475766499512_13">
                <pc:Coords points="818,1673 1174,1673 1174,1728 818,1728"/>
                <pc:Baseline points="821,1719 1168,1727"/>
                <pc:Word id="word_1475766667166_53">
                    <pc:Coords points="822,1676 970,1676 970,1727 822,1727"/>
                    <pc:TextEquiv>
                        <pc:Unicode>wieſen.</pc:Unicode>
                    </pc:TextEquiv>
                </pc:Word>
                <pc:Word id="word_1475766669599_54">
                    <pc:Coords points="983,1676 1020,1676 1020,1728 983,1728"/>
                    <pc:TextEquiv>
                        <pc:Unicode>§.</pc:Unicode>
                    </pc:TextEquiv>
                </pc:Word>
                <pc:Word id="word_1475766672985_55">
                    <pc:Coords points="1038,1684 1173,1684 1173,1728 1038,1728"/>
                    <pc:TextEquiv>
                        <pc:Unicode>10-13.</pc:Unicode>
                    </pc:TextEquiv>
                </pc:Word>
                <pc:TextEquiv>
                    <pc:Unicode>wieſen. §. 10-13.</pc:Unicode>
                </pc:TextEquiv>
            </pc:TextLine>
            <pc:TextEquiv>
                <pc:Unicode>3) Dieſes wird verglichen
mit den Eigenſchaften
eines Lutheriſchen Pfar-
rers, (dafuͤr ſich Zin-
zerdorf in Penſilvanien
ausgegeben) und die Un-
moͤglichkeit eines wah-
ren Berufs daraus er-
wieſen. §. 10-13.</pc:Unicode>
            </pc:TextEquiv>
        </pc:TextRegion>
        <pc:TextRegion id="region_1475763679465_136" type="paragraph">
            <pc:Coords points="668,1787 831,1787 831,1857 668,1857"/>
            <pc:TextLine id="line_1475763944245_214">
                <pc:Coords points="672,1789 829,1789 829,1852 672,1852"/>
                <pc:Baseline points="672,1841 828,1843"/>
                <pc:Word id="word_1475764069388_234">
                    <pc:Coords points="670,1788 718,1788 718,1852 670,1852"/>
                    <pc:TextEquiv>
                        <pc:Unicode>§.</pc:Unicode>
                    </pc:TextEquiv>
                </pc:Word>
                <pc:Word id="word_1475764073116_235">
                    <pc:Coords points="783,1804 827,1804 827,1843 783,1843"/>
                    <pc:TextEquiv>
                        <pc:Unicode>1.</pc:Unicode>
                    </pc:TextEquiv>
                </pc:Word>
                <pc:TextEquiv>
                    <pc:Unicode>§. 1.</pc:Unicode>
                </pc:TextEquiv>
            </pc:TextLine>
            <pc:TextEquiv>
                <pc:Unicode>§. 1.</pc:Unicode>
            </pc:TextEquiv>
        </pc:TextRegion>
        <pc:TextRegion id="region_1475763717639_137" type="drop-capital">
            <pc:Coords points="194,1806 480,1806 480,2145 194,2145"/>
            <pc:TextLine id="line_1475765100315_248">
                <pc:Coords points="198,1797 487,1797 487,2144 198,2144"/>
                <pc:Baseline points="202,2133 477,2133"/>
                <pc:Word id="word_1475765109160_249">
                    <pc:Coords points="203,1800 483,1800 483,2140 203,2140"/>
                    <pc:TextEquiv>
                        <pc:Unicode>V</pc:Unicode>
                    </pc:TextEquiv>
                </pc:Word>
                <pc:TextEquiv>
                    <pc:Unicode>V</pc:Unicode>
                </pc:TextEquiv>
            </pc:TextLine>
            <pc:TextEquiv>
                <pc:Unicode>V</pc:Unicode>
            </pc:TextEquiv>
        </pc:TextRegion>
        <pc:TextRegion id="TextRegion_1479744197375_743" type="paragraph">
            <pc:Coords points="1313,2161 481,2168 481,2155 484,2149 482,1847 1313,1848"/>
            <pc:TextLine id="tl_22" primaryLanguage="German">
                <pc:Coords points="472,1849 1311,1849 1311,1926 472,1926"/>
                <pc:Baseline points="472,1912 1311,1912"/>
                <pc:Word id="w_w1aab1b5b2b1b1ab5" language="German">
                    <pc:Coords points="487,1852 570,1852 570,1907 487,1907"/>
                    <pc:TextEquiv>
                        <pc:Unicode>On</pc:Unicode>
                    </pc:TextEquiv>
                </pc:Word>
                <pc:Word id="w_w1aab1b5b2b1b1ac13" language="German">
                    <pc:Coords points="590,1858 669,1858 669,1906 590,1906"/>
                    <pc:TextEquiv>
                        <pc:Unicode>den</pc:Unicode>
                    </pc:TextEquiv>
                </pc:Word>
                <pc:Word id="w_w1aab1b5b2b1b1ac21" language="German">
                    <pc:Coords points="679,1855 1045,1855 1045,1918 679,1918"/>
                    <pc:TextEquiv>
                        <pc:Unicode>Penſilvaniſchen</pc:Unicode>
                    </pc:TextEquiv>
                </pc:Word>
                <pc:Word id="w_w1aab1b5b2b1b1ac53" language="German">
                    <pc:Coords points="1057,1854 1311,1854 1311,1920 1057,1920"/>
                    <pc:TextEquiv>
                        <pc:Unicode>Bewegun-</pc:Unicode>
                    </pc:TextEquiv>
                </pc:Word>
                <pc:TextEquiv>
                    <pc:Unicode>On den Penſilvaniſchen Bewegun-</pc:Unicode>
                </pc:TextEquiv>
            </pc:TextLine>
            <pc:TextLine id="tl_23" primaryLanguage="German">
                <pc:Coords points="518,1914 1310,1914 1310,1996 518,1996"/>
                <pc:Baseline points="518,1975 1310,1975"/>
                <pc:Word id="w_w1aab1b5b2b1b3ab1" language="German">
                    <pc:Coords points="518,1929 598,1929 598,1975 518,1975"/>
                    <pc:TextEquiv>
                        <pc:Unicode>gen</pc:Unicode>
                    </pc:TextEquiv>
                </pc:Word>
                <pc:Word id="w_w1aab1b5b2b1b3ab9" language="German">
                    <pc:Coords points="619,1923 690,1923 690,1967 619,1967"/>
                    <pc:TextEquiv>
                        <pc:Unicode>der</pc:Unicode>
                    </pc:TextEquiv>
                </pc:Word>
                <pc:Word id="w_w1aab1b5b2b1b3ac17" language="German">
                    <pc:Coords points="709,1918 979,1918 979,1994 709,1994"/>
                    <pc:TextEquiv>
                        <pc:Unicode>Herrnhuter</pc:Unicode>
                    </pc:TextEquiv>
                </pc:Word>
                <pc:Word id="w_w1aab1b5b2b1b3ac39" language="German">
                    <pc:Coords points="1001,1928 1089,1928 1089,1973 1001,1973"/>
                    <pc:TextEquiv>
                        <pc:Unicode>und</pc:Unicode>
                    </pc:TextEquiv>
                </pc:Word>
                <pc:Word id="w_w1aab1b5b2b1b3ac45" language="German">
                    <pc:Coords points="1107,1922 1226,1922 1226,1982 1107,1982"/>
                    <pc:TextEquiv>
                        <pc:Unicode>ihres</pc:Unicode>
                    </pc:TextEquiv>
                </pc:Word>
                <pc:Word id="w_w1aab1b5b2b1b3ac57" language="German">
                    <pc:Coords points="1236,1926 1310,1926 1310,1979 1236,1979"/>
                    <pc:TextEquiv>
                        <pc:Unicode>O-</pc:Unicode>
                    </pc:TextEquiv>
                </pc:Word>
                <pc:TextEquiv>
                    <pc:Unicode>gen der Herrnhuter und ihres O-</pc:Unicode>
                </pc:TextEquiv>
            </pc:TextLine>
            <pc:TextLine id="tl_24" primaryLanguage="German">
                <pc:Coords points="517,1976 1310,1976 1310,2050 517,2050"/>
                <pc:Baseline points="517,2039 1310,2039"/>
                <pc:Word id="w_w1aab1b5b2b1b5ab1" language="German">
                    <pc:Coords points="517,1979 774,1979 774,2040 517,2040"/>
                    <pc:TextEquiv>
                        <pc:Unicode>berhaupts,</pc:Unicode>
                    </pc:TextEquiv>
                </pc:Word>
                <pc:Word id="w_w1aab1b5b2b1b5ac23" language="German">
                    <pc:Coords points="808,1988 959,1988 959,2040 808,2040"/>
                    <pc:TextEquiv>
                        <pc:Unicode>wuͤrde</pc:Unicode>
                    </pc:TextEquiv>
                </pc:Word>
                <pc:Word id="w_w1aab1b5b2b1b5ac35" language="German">
                    <pc:Coords points="991,1986 1051,1986 1051,2044 991,2044"/>
                    <pc:TextEquiv>
                        <pc:Unicode>ich</pc:Unicode>
                    </pc:TextEquiv>
                </pc:Word>
                <pc:Word id="w_w1aab1b5b2b1b5ac43" language="German">
                    <pc:Coords points="1075,1985 1214,1985 1214,2047 1075,2047"/>
                    <pc:TextEquiv>
                        <pc:Unicode>nichts</pc:Unicode>
                    </pc:TextEquiv>
                </pc:Word>
                <pc:Word id="w_w1aab1b5b2b1b5ac57" language="German">
                    <pc:Coords points="1241,2000 1310,2000 1310,2046 1241,2046"/>
                    <pc:TextEquiv>
                        <pc:Unicode>ge-</pc:Unicode>
                    </pc:TextEquiv>
                </pc:Word>
                <pc:TextEquiv>
                    <pc:Unicode>berhaupts, wuͤrde ich nichts ge-</pc:Unicode>
                </pc:TextEquiv>
            </pc:TextLine>
            <pc:TextLine id="tl_25" primaryLanguage="German">
                <pc:Coords points="516,2040 1312,2040 1312,2113 516,2113"/>
                <pc:Baseline points="516,2100 1312,2100"/>
                <pc:Word id="w_w1aab1b5b2b1b7ab1" language="German">
                    <pc:Coords points="516,2046 710,2046 710,2099 516,2099"/>
                    <pc:TextEquiv>
                        <pc:Unicode>dencken,</pc:Unicode>
                    </pc:TextEquiv>
                </pc:Word>
                <pc:Word id="w_w1aab1b5b2b1b7ac19" language="German">
                    <pc:Coords points="745,2055 879,2055 879,2100 745,2100"/>
                    <pc:TextEquiv>
                        <pc:Unicode>wann</pc:Unicode>
                    </pc:TextEquiv>
                </pc:Word>
                <pc:Word id="w_w1aab1b5b2b1b7ac29" language="German">
                    <pc:Coords points="909,2047 1023,2047 1023,2107 909,2107"/>
                    <pc:TextEquiv>
                        <pc:Unicode>nicht</pc:Unicode>
                    </pc:TextEquiv>
                </pc:Word>
                <pc:Word id="w_w1aab1b5b2b1b7ac41" language="German">
                    <pc:Coords points="1053,2049 1140,2049 1140,2101 1053,2101"/>
                    <pc:TextEquiv>
                        <pc:Unicode>eine</pc:Unicode>
                    </pc:TextEquiv>
                </pc:Word>
                <pc:Word id="w_w1aab1b5b2b1b7ac51" language="German">
                    <pc:Coords points="1156,2053 1312,2053 1312,2109 1156,2109"/>
                    <pc:TextEquiv>
                        <pc:Unicode>gedop-</pc:Unicode>
                    </pc:TextEquiv>
                </pc:Word>
                <pc:TextEquiv>
                    <pc:Unicode>dencken, wann nicht eine gedop-</pc:Unicode>
                </pc:TextEquiv>
            </pc:TextLine>
            <pc:TextLine id="tl_26" primaryLanguage="German">
                <pc:Coords points="516,2100 1310,2100 1310,2171 516,2171"/>
                <pc:Baseline points="516,2164 1310,2164"/>
                <pc:Word id="word_1479744250898_758" language="German">
                    <pc:Coords points="516,2109 621,2109 621,2164 516,2164"/>
                    <pc:TextEquiv>
                        <pc:Unicode>pelte</pc:Unicode>
                    </pc:TextEquiv>
                </pc:Word>
                <pc:Word id="word_1479744254418_759" language="German">
                    <pc:Coords points="630,2105 802,2105 802,2169 630,2169"/>
                    <pc:TextEquiv>
                        <pc:Unicode>Urſache</pc:Unicode>
                    </pc:TextEquiv>
                </pc:Word>
                <pc:Word id="word_1479744258242_760" language="German">
                    <pc:Coords points="823,2111 930,2111 930,2170 823,2170"/>
                    <pc:TextEquiv>
                        <pc:Unicode>mich</pc:Unicode>
                    </pc:TextEquiv>
                </pc:Word>
                <pc:Word id="word_1479744260905_761" language="German">
                    <pc:Coords points="952,2114 1082,2114 1082,2172 952,2172"/>
                    <pc:TextEquiv>
                        <pc:Unicode>darzu</pc:Unicode>
                    </pc:TextEquiv>
                </pc:Word>
                <pc:Word id="word_1479744263897_762" language="German">
                    <pc:Coords points="1097,2111 1310,2111 1310,2173 1097,2173"/>
                    <pc:TextEquiv>
                        <pc:Unicode>aufgefor-</pc:Unicode>
                    </pc:TextEquiv>
                </pc:Word>
                <pc:TextEquiv>
                    <pc:Unicode>pelte Urſache mich darzu aufgefor-</pc:Unicode>
                </pc:TextEquiv>
            </pc:TextLine>
            <pc:TextEquiv>
                <pc:Unicode>On den Penſilvaniſchen Bewegun-
gen der Herrnhuter und ihres O-
berhaupts, wuͤrde ich nichts ge-
dencken, wann nicht eine gedop-
pelte Urſache mich darzu aufgefor-</pc:Unicode>
            </pc:TextEquiv>
        </pc:TextRegion>
        <pc:TextRegion id="TextRegion_1479744211718_755" type="signature-mark">
            <pc:Coords points="1199,2237 253,2237 252,2161 1199,2161"/>
            <pc:TextLine id="line_1479744211753_757" primaryLanguage="German">
                <pc:Coords points="1199,2236 254,2236 254,2163 1199,2163"/>
                <pc:Baseline points="254,2228 1199,2228"/>
                <pc:Word id="word_1475765174976_251" language="German">
                    <pc:Coords points="451,2230 254,2230 254,2167 451,2167"/>
                    <pc:TextEquiv>
                        <pc:Unicode>Herrnh.</pc:Unicode>
                    </pc:TextEquiv>
                </pc:Word>
                <pc:Word id="word_1475765179438_253" language="German">
                    <pc:Coords points="536,2230 451,2230 451,2167 536,2167"/>
                    <pc:TextEquiv>
                        <pc:Unicode>IV.</pc:Unicode>
                    </pc:TextEquiv>
                </pc:Word>
                <pc:Word id="word_1475765179438_252" language="German">
                    <pc:Coords points="686,2230 536,2230 536,2167 686,2167"/>
                    <pc:TextEquiv>
                        <pc:Unicode>Theil.</pc:Unicode>
                    </pc:TextEquiv>
                </pc:Word>
                <pc:Word id="w_w1aab1b5b2b1c11ac33" language="German">
                    <pc:Coords points="862,2172 906,2172 906,2227 862,2227"/>
                    <pc:TextEquiv>
                        <pc:Unicode>A</pc:Unicode>
                    </pc:TextEquiv>
                </pc:Word>
                <pc:TextEquiv>
                    <pc:Unicode>Herrnh. IV. Theil. A</pc:Unicode>
                </pc:TextEquiv>
            </pc:TextLine>
            <pc:TextEquiv>
                <pc:Unicode>Herrnh. IV. Theil. A</pc:Unicode>
            </pc:TextEquiv>
        </pc:TextRegion>
        <pc:TextRegion id="TextRegion_1479744211717_754" type="catch-word">
            <pc:Coords points="1313,2237 1199,2237 1199,2161 1313,2161"/>
            <pc:TextLine id="line_1479744211751_756" primaryLanguage="German">
                <pc:Coords points="1311,2236 1199,2236 1199,2163 1311,2163"/>
                <pc:Baseline points="1199,2228 1311,2228"/>
                <pc:Word id="w_w1aab1b5b2b1c11ac37" language="German">
                    <pc:Coords points="1214,2177 1311,2177 1311,2226 1214,2226"/>
                    <pc:TextEquiv>
                        <pc:Unicode>dert</pc:Unicode>
                    </pc:TextEquiv>
                </pc:Word>
                <pc:TextEquiv>
                    <pc:Unicode>dert</pc:Unicode>
                </pc:TextEquiv>
            </pc:TextLine>
            <pc:TextEquiv>
                <pc:Unicode>dert</pc:Unicode>
            </pc:TextEquiv>
        </pc:TextRegion>
        <pc:SeparatorRegion id="r_5">
            <pc:Coords points="223,612 1293,612 1293,635 223,635"/>
        </pc:SeparatorRegion>
        <pc:SeparatorRegion id="S1">
            <pc:Coords points="722,123 722,143 721,143 721,184 720,184 720,205 542,205 542,123"/>
        </pc:SeparatorRegion>
        <pc:SeparatorRegion id="S7">
            <pc:Coords points="960,123 960,205 791,205 791,197 792,197 792,181 793,181 793,164 794,164 794,148 795,148 795,132 796,132 796,123"/>
        </pc:SeparatorRegion>
    </pc:Page>
</pc:PcGts>
