<?xml version="1.0" encoding="UTF-8"?>
<pc:PcGts xmlns:pc="http://schema.primaresearch.org/PAGE/gts/pagecontent/2019-07-15" xmlns:xsi="http://www.w3.org/2001/XMLSchema-instance" xsi:schemaLocation="http://schema.primaresearch.org/PAGE/gts/pagecontent/2019-07-15 http://schema.primaresearch.org/PAGE/gts/pagecontent/2019-07-15/pagecontent.xsd">
    <pc:Metadata>
        <pc:Creator>OCR-D</pc:Creator>
        <pc:Created>2016-10-10T13:22:30</pc:Created>
        <pc:LastChange>2018-04-24T13:48:47</pc:LastChange>
    </pc:Metadata>
    <pc:Page imageFilename="OCR-D-IMG/OCR-D-IMG_0004.tif" imageWidth="1553" imageHeight="2607" type="content">
        <pc:Border>
            <pc:Coords points="232,108 1442,108 1442,2271 232,2271"/>
        </pc:Border>
        <pc:ReadingOrder>
            <pc:OrderedGroup id="ro357564684568544579089" caption="Regions reading order">
                <pc:RegionRefIndexed index="0" regionRef="region_1476111630948_496"/>
                <pc:RegionRefIndexed index="1" regionRef="region_1476111633812_497"/>
                <pc:RegionRefIndexed index="2" regionRef="TextRegion_1476174474215_11"/>
                <pc:RegionRefIndexed index="3" regionRef="TextRegion_1476174474215_10"/>
                <pc:RegionRefIndexed index="4" regionRef="TextRegion_1476111656493_498"/>
                <pc:RegionRefIndexed index="5" regionRef="TextRegion_1476174526199_16"/>
                <pc:RegionRefIndexed index="6" regionRef="TextRegion_1476174526198_15"/>
            </pc:OrderedGroup>
        </pc:ReadingOrder>
        <pc:TextRegion id="region_1476111630948_496" type="page-number" primaryLanguage="German" secondaryLanguage="Latin">
            <pc:Coords points="263,130 308,130 308,198 263,198"/>
            <pc:TextLine id="line_1476111819877_506">
                <pc:Coords points="268,134 302,134 302,195 268,195"/>
                <pc:Baseline points="269,191 297,191"/>
                <pc:Word id="word_1476111829902_508">
                    <pc:Coords points="265,136 300,136 300,193 265,193"/>
                    <pc:TextEquiv>
                        <pc:Unicode>4</pc:Unicode>
                    </pc:TextEquiv>
                </pc:Word>
                <pc:TextEquiv>
                    <pc:Unicode>4</pc:Unicode>
                </pc:TextEquiv>
            </pc:TextLine>
            <pc:TextEquiv>
                <pc:Unicode>4</pc:Unicode>
            </pc:TextEquiv>
        </pc:TextRegion>
        <pc:TextRegion id="region_1476111633812_497" type="header" primaryLanguage="German" secondaryLanguage="Latin">
            <pc:Coords points="397,124 1239,124 1239,198 397,198"/>
            <pc:TextLine id="line_1476111824137_507">
                <pc:Coords points="401,126 1232,126 1232,193 401,193"/>
                <pc:Baseline points="407,182 1224,186"/>
                <pc:Word id="word_1476111835418_509">
                    <pc:Coords points="401,126 735,126 735,190 401,190"/>
                    <pc:TextEquiv>
                        <pc:Unicode>Herrnhuterey</pc:Unicode>
                    </pc:TextEquiv>
                </pc:Word>
                <pc:Word id="word_1476111837382_510">
                    <pc:Coords points="743,124 797,124 797,185 743,185"/>
                    <pc:TextEquiv>
                        <pc:Unicode>in</pc:Unicode>
                    </pc:TextEquiv>
                </pc:Word>
                <pc:Word id="word_1476111839997_511">
                    <pc:Coords points="802,126 920,126 920,190 802,190"/>
                    <pc:TextEquiv>
                        <pc:Unicode>ihrer</pc:Unicode>
                    </pc:TextEquiv>
                </pc:Word>
                <pc:Word id="word_1476111843601_512">
                    <pc:Coords points="930,129 1232,129 1232,190 930,190"/>
                    <pc:TextEquiv>
                        <pc:Unicode>Schalkheit.</pc:Unicode>
                    </pc:TextEquiv>
                </pc:Word>
                <pc:TextEquiv>
                    <pc:Unicode>Herrnhuterey in ihrer Schalkheit.</pc:Unicode>
                </pc:TextEquiv>
            </pc:TextLine>
            <pc:TextEquiv>
                <pc:Unicode>Herrnhuterey in ihrer Schalkheit.</pc:Unicode>
            </pc:TextEquiv>
        </pc:TextRegion>
        <pc:TextRegion id="TextRegion_1476174474215_11" type="paragraph" primaryLanguage="German" secondaryLanguage="Latin">
            <pc:Coords points="1416,681 273,681 273,216 1416,216"/>
            <pc:TextLine id="tl_1" primaryLanguage="German">
                <pc:Coords points="274,217 1404,217 1404,310 274,310"/>
                <pc:Baseline points="274,274 1404,274"/>
                <pc:Word id="word_1476111974512_514" language="German">
                    <pc:Coords points="395,288 274,288 274,227 395,227"/>
                    <pc:TextEquiv>
                        <pc:Unicode>deſen</pc:Unicode>
                    </pc:TextEquiv>
                </pc:Word>
                <pc:Word id="word_1476111974508_513" language="German">
                    <pc:Coords points="654,288 395,288 395,227 654,227"/>
                    <pc:TextEquiv>
                        <pc:Unicode>Verfahren</pc:Unicode>
                    </pc:TextEquiv>
                </pc:Word>
                <pc:Word id="word_1476111978497_516" language="German">
                    <pc:Coords points="718,288 667,288 667,228 718,228"/>
                    <pc:TextEquiv>
                        <pc:Unicode>in</pc:Unicode>
                    </pc:TextEquiv>
                </pc:Word>
                <pc:Word id="word_1476111978494_515" language="German">
                    <pc:Coords points="1048,288 718,288 718,228 1048,228"/>
                    <pc:TextEquiv>
                        <pc:Unicode>Penſilvanien,</pc:Unicode>
                    </pc:TextEquiv>
                </pc:Word>
                <pc:Word id="w_w1aab1b3b2b1b1ac61" language="German">
                    <pc:Coords points="1057,227 1404,227 1404,300 1057,300"/>
                    <pc:TextEquiv>
                        <pc:Unicode>Beweisgruͤnde</pc:Unicode>
                    </pc:TextEquiv>
                </pc:Word>
                <pc:TextEquiv>
                    <pc:Unicode>deſen Verfahren in Penſilvanien, Beweisgruͤnde</pc:Unicode>
                </pc:TextEquiv>
            </pc:TextLine>
            <pc:TextLine id="tl_2" primaryLanguage="German">
                <pc:Coords points="280,275 1403,275 1403,362 280,362"/>
                <pc:Baseline points="280,338 1403,338"/>
                <pc:Word id="w_w1aab1b3b2b1b3ab1" language="German">
                    <pc:Coords points="280,299 362,299 362,346 280,346"/>
                    <pc:TextEquiv>
                        <pc:Unicode>des</pc:Unicode>
                    </pc:TextEquiv>
                </pc:Word>
                <pc:Word id="word_1476112059493_520" language="German">
                    <pc:Coords points="380,290 700,290 725,302 725,344 700,351 380,351"/>
                    <pc:TextEquiv>
                        <pc:Unicode>Kreutzreichs/</pc:Unicode>
                    </pc:TextEquiv>
                </pc:Word>
                <pc:Word id="w_w1aab1b3b2b1b3ac39" language="German">
                    <pc:Coords points="745,293 793,293 793,340 745,340"/>
                    <pc:TextEquiv>
                        <pc:Unicode>in</pc:Unicode>
                    </pc:TextEquiv>
                </pc:Word>
                <pc:Word id="w_w1aab1b3b2b1b3ac45" language="German">
                    <pc:Coords points="813,291 945,291 945,347 813,347"/>
                    <pc:TextEquiv>
                        <pc:Unicode>ſeiner</pc:Unicode>
                    </pc:TextEquiv>
                </pc:Word>
                <pc:Word id="word_1476111984061_517" language="German">
                    <pc:Coords points="958,289 1201,289 1233,303 1233,342 1201,348 958,348"/>
                    <pc:TextEquiv>
                        <pc:Unicode>Unſchuld/</pc:Unicode>
                    </pc:TextEquiv>
                </pc:Word>
                <pc:Word id="w_w1aab1b3b2b1b3ac81" language="German">
                    <pc:Coords points="1250,303 1296,303 1296,350 1250,350"/>
                    <pc:TextEquiv>
                        <pc:Unicode>zu</pc:Unicode>
                    </pc:TextEquiv>
                </pc:Word>
                <pc:Word id="w_w1aab1b3b2b1b3ac87" language="German">
                    <pc:Coords points="1309,282 1403,282 1403,353 1309,353"/>
                    <pc:TextEquiv>
                        <pc:Unicode>neh-</pc:Unicode>
                    </pc:TextEquiv>
                </pc:Word>
                <pc:TextEquiv>
                    <pc:Unicode>des Kreutzreichs/ in ſeiner Unſchuld/ zu neh-</pc:Unicode>
                </pc:TextEquiv>
            </pc:TextLine>
            <pc:TextLine id="tl_3" primaryLanguage="German">
                <pc:Coords points="278,346 1405,346 1405,430 278,430"/>
                <pc:Baseline points="278,399 1405,399"/>
                <pc:Word id="word_1476112075080_522" language="German">
                    <pc:Coords points="395,416 278,416 278,354 395,354"/>
                    <pc:TextEquiv>
                        <pc:Unicode>men,</pc:Unicode>
                    </pc:TextEquiv>
                </pc:Word>
                <pc:Word id="word_1476112075076_521" language="German">
                    <pc:Coords points="567,416 395,416 395,354 567,354"/>
                    <pc:TextEquiv>
                        <pc:Unicode>dienlich</pc:Unicode>
                    </pc:TextEquiv>
                </pc:Word>
                <pc:Word id="word_1476112079623_524" language="German">
                    <pc:Coords points="721,413 577,413 577,352 721,352"/>
                    <pc:TextEquiv>
                        <pc:Unicode>findet.</pc:Unicode>
                    </pc:TextEquiv>
                </pc:Word>
                <pc:Word id="word_1476112079620_523" language="German">
                    <pc:Coords points="835,413 721,413 721,352 835,352"/>
                    <pc:TextEquiv>
                        <pc:Unicode>Das</pc:Unicode>
                    </pc:TextEquiv>
                </pc:Word>
                <pc:Word id="word_1476112087503_526" language="German">
                    <pc:Coords points="899,408 845,408 845,347 899,347"/>
                    <pc:TextEquiv>
                        <pc:Unicode>iſt</pc:Unicode>
                    </pc:TextEquiv>
                </pc:Word>
                <pc:Word id="word_1476112087500_525" language="German">
                    <pc:Coords points="967,408 899,408 899,347 967,347"/>
                    <pc:TextEquiv>
                        <pc:Unicode>die</pc:Unicode>
                    </pc:TextEquiv>
                </pc:Word>
                <pc:Word id="word_1476112092767_528" language="German">
                    <pc:Coords points="1066,418 975,418 975,352 1066,352"/>
                    <pc:TextEquiv>
                        <pc:Unicode>eꝛſte</pc:Unicode>
                    </pc:TextEquiv>
                </pc:Word>
                <pc:Word id="word_1476112092764_527" language="German">
                    <pc:Coords points="1238,418 1066,418 1066,352 1238,352"/>
                    <pc:TextEquiv>
                        <pc:Unicode>Uꝛſache</pc:Unicode>
                    </pc:TextEquiv>
                </pc:Word>
                <pc:Word id="w_w1aab1b3b2b1b5ac87" language="German">
                    <pc:Coords points="1250,356 1405,356 1405,406 1250,406"/>
                    <pc:TextEquiv>
                        <pc:Unicode>meines</pc:Unicode>
                    </pc:TextEquiv>
                </pc:Word>
                <pc:TextEquiv>
                    <pc:Unicode>men, dienlich findet. Das iſt die eꝛſte Uꝛſache meines</pc:Unicode>
                </pc:TextEquiv>
            </pc:TextLine>
            <pc:TextLine id="tl_4" primaryLanguage="German">
                <pc:Coords points="282,403 1405,403 1405,490 282,490"/>
                <pc:Baseline points="282,464 1405,464"/>
                <pc:Word id="word_1476112156813_530" language="German">
                    <pc:Coords points="452,482 282,482 282,406 452,406"/>
                    <pc:TextEquiv>
                        <pc:Unicode>jetzigen</pc:Unicode>
                    </pc:TextEquiv>
                </pc:Word>
                <pc:Word id="word_1476112156810_529" language="German">
                    <pc:Coords points="751,482 452,482 452,406 751,406"/>
                    <pc:TextEquiv>
                        <pc:Unicode>Vorhabens.</pc:Unicode>
                    </pc:TextEquiv>
                </pc:Word>
                <pc:Word id="w_w1aab1b3b2b1b7ac39" language="German">
                    <pc:Coords points="809,409 908,409 908,466 809,466"/>
                    <pc:TextEquiv>
                        <pc:Unicode>Die</pc:Unicode>
                    </pc:TextEquiv>
                </pc:Word>
                <pc:Word id="w_w1aab1b3b2b1b7ac47" language="German">
                    <pc:Coords points="918,409 1072,409 1072,465 918,465"/>
                    <pc:TextEquiv>
                        <pc:Unicode>andere</pc:Unicode>
                    </pc:TextEquiv>
                </pc:Word>
                <pc:Word id="w_w1aab1b3b2b1b7ac61" language="German">
                    <pc:Coords points="1083,415 1256,415 1256,479 1083,479"/>
                    <pc:TextEquiv>
                        <pc:Unicode>beſtehet</pc:Unicode>
                    </pc:TextEquiv>
                </pc:Word>
                <pc:Word id="w_w1aab1b3b2b1b7ac77" language="German">
                    <pc:Coords points="1264,421 1404,421 1404,469 1264,469"/>
                    <pc:TextEquiv>
                        <pc:Unicode>darin-</pc:Unicode>
                    </pc:TextEquiv>
                </pc:Word>
                <pc:TextEquiv>
                    <pc:Unicode>jetzigen Vorhabens. Die andere beſtehet darin-</pc:Unicode>
                </pc:TextEquiv>
            </pc:TextLine>
            <pc:TextLine id="tl_5" primaryLanguage="German">
                <pc:Coords points="275,467 1400,467 1400,555 275,555"/>
                <pc:Baseline points="275,526 1400,526"/>
                <pc:Word id="w_w1aab1b3b2b1b9ab1" language="German">
                    <pc:Coords points="275,497 382,497 382,535 275,535"/>
                    <pc:TextEquiv>
                        <pc:Unicode>nen,</pc:Unicode>
                    </pc:TextEquiv>
                </pc:Word>
                <pc:Word id="w_w1aab1b3b2b1b9ac11" language="German">
                    <pc:Coords points="400,480 486,480 486,535 400,535"/>
                    <pc:TextEquiv>
                        <pc:Unicode>daß</pc:Unicode>
                    </pc:TextEquiv>
                </pc:Word>
                <pc:Word id="word_1476112198008_532" language="German">
                    <pc:Coords points="806,538 496,538 496,468 806,468"/>
                    <pc:TextEquiv>
                        <pc:Unicode>verſchiedenes</pc:Unicode>
                    </pc:TextEquiv>
                </pc:Word>
                <pc:Word id="word_1476112198006_531" language="German">
                    <pc:Coords points="901,538 806,538 806,468 901,468"/>
                    <pc:TextEquiv>
                        <pc:Unicode>von</pc:Unicode>
                    </pc:TextEquiv>
                </pc:Word>
                <pc:Word id="w_w1aab1b3b2b1b9ac49" language="German">
                    <pc:Coords points="923,479 1002,479 1002,544 923,544"/>
                    <pc:TextEquiv>
                        <pc:Unicode>den</pc:Unicode>
                    </pc:TextEquiv>
                </pc:Word>
                <pc:Word id="w_w1aab1b3b2b1b9ac57" language="German">
                    <pc:Coords points="1024,470 1400,470 1400,537 1024,537"/>
                    <pc:TextEquiv>
                        <pc:Unicode>Penſylvaniſchen</pc:Unicode>
                    </pc:TextEquiv>
                </pc:Word>
                <pc:TextEquiv>
                    <pc:Unicode>nen, daß verſchiedenes von den Penſylvaniſchen</pc:Unicode>
                </pc:TextEquiv>
            </pc:TextLine>
            <pc:TextLine id="tl_6" primaryLanguage="German">
                <pc:Coords points="283,532 1406,532 1406,608 283,608"/>
                <pc:Baseline points="283,587 1406,587"/>
                <pc:Word id="w_w1aab1b3b2b1c11ab1" language="German">
                    <pc:Coords points="283,543 498,543 498,607 283,607"/>
                    <pc:TextEquiv>
                        <pc:Unicode>Haͤndeln</pc:Unicode>
                    </pc:TextEquiv>
                </pc:Word>
                <pc:Word id="w_w1aab1b3b2b1c11ac17" language="German">
                    <pc:Coords points="510,545 598,545 598,592 510,592"/>
                    <pc:TextEquiv>
                        <pc:Unicode>und</pc:Unicode>
                    </pc:TextEquiv>
                </pc:Word>
                <pc:Word id="w_w1aab1b3b2b1c11ac25" language="German">
                    <pc:Coords points="608,550 724,550 724,600 608,600"/>
                    <pc:TextEquiv>
                        <pc:Unicode>zwar</pc:Unicode>
                    </pc:TextEquiv>
                </pc:Word>
                <pc:Word id="w_w1aab1b3b2b1c11ac35" language="German">
                    <pc:Coords points="737,532 851,532 851,597 737,597"/>
                    <pc:TextEquiv>
                        <pc:Unicode>ſelbſt</pc:Unicode>
                    </pc:TextEquiv>
                </pc:Word>
                <pc:Word id="w_w1aab1b3b2b1c11ac49" language="German">
                    <pc:Coords points="860,551 946,551 946,587 860,587"/>
                    <pc:TextEquiv>
                        <pc:Unicode>von</pc:Unicode>
                    </pc:TextEquiv>
                </pc:Word>
                <pc:Word id="word_1476112243096_534" language="German">
                    <pc:Coords points="1105,597 955,597 955,534 1105,534"/>
                    <pc:TextEquiv>
                        <pc:Unicode>deren</pc:Unicode>
                    </pc:TextEquiv>
                </pc:Word>
                <pc:Word id="word_1476112243093_533" language="German">
                    <pc:Coords points="1341,597 1105,597 1105,534 1341,534"/>
                    <pc:TextEquiv>
                        <pc:Unicode>Urhebern,</pc:Unicode>
                    </pc:TextEquiv>
                </pc:Word>
                <pc:Word id="w_w1aab1b3b2b1c11ac87" language="German">
                    <pc:Coords points="1365,544 1406,544 1406,593 1365,593"/>
                    <pc:TextEquiv>
                        <pc:Unicode>in</pc:Unicode>
                    </pc:TextEquiv>
                </pc:Word>
                <pc:TextEquiv>
                    <pc:Unicode>Haͤndeln und zwar ſelbſt von deren Urhebern, in</pc:Unicode>
                </pc:TextEquiv>
            </pc:TextLine>
            <pc:TextLine id="tl_7" primaryLanguage="German">
                <pc:Coords points="280,590 1408,590 1408,673 280,673"/>
                <pc:Baseline points="280,652 1408,652"/>
                <pc:Word id="w_w1aab1b3b2b1c13ab1" language="German">
                    <pc:Coords points="280,612 367,612 367,664 280,664"/>
                    <pc:TextEquiv>
                        <pc:Unicode>den</pc:Unicode>
                    </pc:TextEquiv>
                </pc:Word>
                <pc:Word id="w_w1aab1b3b2b1c13ab9" language="German">
                    <pc:Coords points="392,606 492,606 492,671 392,671"/>
                    <pc:TextEquiv>
                        <pc:Unicode>(**)</pc:Unicode>
                    </pc:TextEquiv>
                </pc:Word>
                <pc:Word id="w_w1aab1b3b2b1c13ac17" language="German">
                    <pc:Coords points="522,601 672,601 672,659 522,659"/>
                    <pc:TextEquiv>
                        <pc:Unicode>Druck</pc:Unicode>
                    </pc:TextEquiv>
                </pc:Word>
                <pc:Word id="w_w1aab1b3b2b1c13ac29" language="German">
                    <pc:Coords points="701,601 883,601 883,663 701,663"/>
                    <pc:TextEquiv>
                        <pc:Unicode>gegeben</pc:Unicode>
                    </pc:TextEquiv>
                </pc:Word>
                <pc:Word id="w_w1aab1b3b2b1c13ac45" language="German">
                    <pc:Coords points="904,590 1000,590 1000,662 904,662"/>
                    <pc:TextEquiv>
                        <pc:Unicode>iſt.</pc:Unicode>
                    </pc:TextEquiv>
                </pc:Word>
                <pc:Word id="w_w1aab1b3b2b1c13ac57" language="German">
                    <pc:Coords points="1026,600 1111,600 1111,656 1026,656"/>
                    <pc:TextEquiv>
                        <pc:Unicode>Da</pc:Unicode>
                    </pc:TextEquiv>
                </pc:Word>
                <pc:Word id="w_w1aab1b3b2b1c13ac63" language="German">
                    <pc:Coords points="1134,614 1222,614 1222,659 1134,659"/>
                    <pc:TextEquiv>
                        <pc:Unicode>nun</pc:Unicode>
                    </pc:TextEquiv>
                </pc:Word>
                <pc:Word id="w_w1aab1b3b2b1c13ac71" language="German">
                    <pc:Coords points="1240,601 1408,601 1408,664 1240,664"/>
                    <pc:TextEquiv>
                        <pc:Unicode>Zinzen-</pc:Unicode>
                    </pc:TextEquiv>
                </pc:Word>
                <pc:TextEquiv>
                    <pc:Unicode>den (**) Druck gegeben iſt. Da nun Zinzen-</pc:Unicode>
                </pc:TextEquiv>
            </pc:TextLine>
            <pc:TextEquiv>
                <pc:Unicode>deſen Verfahren in Penſilvanien, Beweisgruͤnde
des Kreutzreichs/ in ſeiner Unſchuld/ zu neh-
men, dienlich findet. Das iſt die eꝛſte Uꝛſache meines
jetzigen Vorhabens. Die andere beſtehet darin-
nen, daß verſchiedenes von den Penſylvaniſchen
Haͤndeln und zwar ſelbſt von deren Urhebern, in
den (**) Druck gegeben iſt. Da nun Zinzen-</pc:Unicode>
            </pc:TextEquiv>
        </pc:TextRegion>
        <pc:TextRegion id="TextRegion_1476174474215_10" type="catch-word" primaryLanguage="German" secondaryLanguage="Latin">
            <pc:Coords points="1416,733 273,733 273,681 1416,681"/>
            <pc:TextLine id="tl_8" primaryLanguage="German">
                <pc:Coords points="1229,663 1415,663 1415,732 1229,732"/>
                <pc:Baseline points="1229,714 1415,714"/>
                <pc:Word id="word_1476174495197_14" language="German">
                    <pc:Coords points="1318,665 1415,665 1415,732 1318,732"/>
                    <pc:TextEquiv>
                        <pc:Unicode>dorf</pc:Unicode>
                    </pc:TextEquiv>
                </pc:Word>
                <pc:TextEquiv>
                    <pc:Unicode>dorf</pc:Unicode>
                </pc:TextEquiv>
            </pc:TextLine>
            <pc:TextEquiv>
                <pc:Unicode>dorf</pc:Unicode>
            </pc:TextEquiv>
        </pc:TextRegion>
        <pc:TextRegion id="TextRegion_1476111656493_498" type="footnote-continued" primaryLanguage="German" secondaryLanguage="Latin">
            <pc:Coords points="410,783 1431,783 1434,925 1434,998 319,998 319,925"/>
            <pc:TextLine id="tl_14" primaryLanguage="German">
                <pc:Coords points="413,784 1418,784 1418,868 413,868"/>
                <pc:Baseline points="413,852 1413,852"/>
                <pc:Word id="w_w1aab1c11b2b1b1ab1" language="German">
                    <pc:Coords points="413,800 649,800 649,862 413,862"/>
                    <pc:TextEquiv>
                        <pc:Unicode>mittheilet,</pc:Unicode>
                    </pc:TextEquiv>
                </pc:Word>
                <pc:Word id="w_w1aab1c11b2b1b1ac25" language="German">
                    <pc:Coords points="660,800 815,800 815,861 660,861"/>
                    <pc:TextEquiv>
                        <pc:Unicode>welche</pc:Unicode>
                    </pc:TextEquiv>
                </pc:Word>
                <pc:Word id="w_w1aab1c11b2b1b1ac41" language="German">
                    <pc:Coords points="825,812 870,812 870,849 825,849"/>
                    <pc:TextEquiv>
                        <pc:Unicode>er</pc:Unicode>
                    </pc:TextEquiv>
                </pc:Word>
                <pc:Word id="w_w1aab1c11b2b1b1ac47" language="German">
                    <pc:Coords points="881,811 959,811 959,850 881,850"/>
                    <pc:TextEquiv>
                        <pc:Unicode>vor</pc:Unicode>
                    </pc:TextEquiv>
                </pc:Word>
                <pc:Word id="w_w1aab1c11b2b1b1ac55" language="German">
                    <pc:Coords points="976,803 1071,803 1071,851 976,851"/>
                    <pc:TextEquiv>
                        <pc:Unicode>dem</pc:Unicode>
                    </pc:TextEquiv>
                </pc:Word>
                <pc:Word id="w_w1aab1c11b2b1b1ac63" language="German">
                    <pc:Coords points="1090,804 1358,804 1358,864 1090,864"/>
                    <pc:TextEquiv>
                        <pc:Unicode>Gouverneur</pc:Unicode>
                    </pc:TextEquiv>
                </pc:Word>
                <pc:Word id="w_w1aab1c11b2b1b1ac87" language="German">
                    <pc:Coords points="1367,806 1411,806 1411,855 1367,855"/>
                    <pc:TextEquiv>
                        <pc:Unicode>in</pc:Unicode>
                    </pc:TextEquiv>
                </pc:Word>
                <pc:TextEquiv>
                    <pc:Unicode>mittheilet, welche er vor dem Gouverneur in</pc:Unicode>
                </pc:TextEquiv>
            </pc:TextLine>
            <pc:TextLine id="tl_15" primaryLanguage="German">
                <pc:Coords points="411,852 1409,852 1409,936 411,936"/>
                <pc:Baseline points="411,915 1409,915"/>
                <pc:Word id="w_w1aab1c11b2b1b3ab1" language="German">
                    <pc:Coords points="411,864 734,864 734,930 411,930"/>
                    <pc:TextEquiv>
                        <pc:Unicode>Penſylvanien</pc:Unicode>
                    </pc:TextEquiv>
                </pc:Word>
                <pc:Word id="w_w1aab1c11b2b1b3ac27" language="German">
                    <pc:Coords points="792,865 989,865 989,925 792,925"/>
                    <pc:TextEquiv>
                        <pc:Unicode>gehalten</pc:Unicode>
                    </pc:TextEquiv>
                </pc:Word>
                <pc:Word id="w_w1aab1c11b2b1b3ac45" language="German">
                    <pc:Coords points="1039,864 1176,864 1176,926 1039,926"/>
                    <pc:TextEquiv>
                        <pc:Unicode>haben</pc:Unicode>
                    </pc:TextEquiv>
                </pc:Word>
                <pc:Word id="w_w1aab1c11b2b1b3ac57" language="German">
                    <pc:Coords points="1224,853 1341,853 1341,925 1224,925"/>
                    <pc:TextEquiv>
                        <pc:Unicode>will,</pc:Unicode>
                    </pc:TextEquiv>
                </pc:Word>
                <pc:Word id="w_w1aab1c11b2b1b3ac71" language="German">
                    <pc:Coords points="1377,867 1409,867 1409,929 1377,929"/>
                    <pc:TextEquiv>
                        <pc:Unicode>f.</pc:Unicode>
                    </pc:TextEquiv>
                </pc:Word>
                <pc:TextEquiv>
                    <pc:Unicode>Penſylvanien gehalten haben will, f.</pc:Unicode>
                </pc:TextEquiv>
            </pc:TextLine>
            <pc:TextLine id="tl_16" primaryLanguage="German">
                <pc:Coords points="415,926 698,926 698,997 415,997"/>
                <pc:Baseline points="419,974 690,974"/>
                <pc:Word id="word_1476111992982_518" language="German">
                    <pc:Coords points="454,932 481,932 530,937 530,982 454,990 423,990 423,943"/>
                    <pc:TextEquiv>
                        <pc:Unicode>168.</pc:Unicode>
                    </pc:TextEquiv>
                </pc:Word>
                <pc:Word id="w_w1aab1c11b2b3b1b5b1" language="German">
                    <pc:Coords points="561,940 613,940 613,984 561,984"/>
                    <pc:TextEquiv>
                        <pc:Unicode>ꝛc.</pc:Unicode>
                    </pc:TextEquiv>
                </pc:Word>
                <pc:Word id="w_w1aab1c11b2b3b1b6b3" language="German">
                    <pc:Coords points="637,939 690,939 690,977 637,977"/>
                    <pc:TextEquiv>
                        <pc:Unicode>ꝛc.</pc:Unicode>
                    </pc:TextEquiv>
                </pc:Word>
                <pc:TextEquiv>
                    <pc:Unicode>168. ꝛc. ꝛc.</pc:Unicode>
                </pc:TextEquiv>
            </pc:TextLine>
            <pc:TextEquiv>
                <pc:Unicode>mittheilet, welche er vor dem Gouverneur in
Penſylvanien gehalten haben will, f.
168. ꝛc. ꝛc.</pc:Unicode>
            </pc:TextEquiv>
        </pc:TextRegion>
        <pc:TextRegion id="TextRegion_1476174526199_16" type="footnote" primaryLanguage="German" secondaryLanguage="Latin">
            <pc:Coords points="1434,2200 392,2200 296,2074 296,1848 318,983 1429,983 1434,2047"/>
            <pc:TextLine id="tl_17" primaryLanguage="German">
                <pc:Coords points="352,984 1427,984 1427,1055 352,1055"/>
                <pc:Baseline points="352,1038 1423,1038"/>
                <pc:Word id="w_w1aab1c11b2b5b1ab1" language="German">
                    <pc:Coords points="352,992 452,992 452,1054 352,1054"/>
                    <pc:TextEquiv>
                        <pc:Unicode>(**)</pc:Unicode>
                    </pc:TextEquiv>
                </pc:Word>
                <pc:Word id="w_w1aab1c11b2b5b1ab9" language="German">
                    <pc:Coords points="471,993 572,993 572,1045 471,1045"/>
                    <pc:TextEquiv>
                        <pc:Unicode>Der</pc:Unicode>
                    </pc:TextEquiv>
                </pc:Word>
                <pc:Word id="w_w1aab1c11b2b5b1ac17" language="German">
                    <pc:Coords points="581,989 703,989 703,1046 581,1046"/>
                    <pc:TextEquiv>
                        <pc:Unicode>Titel</pc:Unicode>
                    </pc:TextEquiv>
                </pc:Word>
                <pc:Word id="w_w1aab1c11b2b5b1ac29" language="German">
                    <pc:Coords points="721,986 847,986 847,1045 721,1045"/>
                    <pc:TextEquiv>
                        <pc:Unicode>dieſer</pc:Unicode>
                    </pc:TextEquiv>
                </pc:Word>
                <pc:Word id="word_1476112395943_538" language="German">
                    <pc:Coords points="1060,1047 863,1047 863,984 1060,984"/>
                    <pc:TextEquiv>
                        <pc:Unicode>Schrift</pc:Unicode>
                    </pc:TextEquiv>
                </pc:Word>
                <pc:Word id="word_1476112395941_537" language="German">
                    <pc:Coords points="1217,1047 1060,1047 1060,984 1217,984"/>
                    <pc:TextEquiv>
                        <pc:Unicode>heiſet:</pc:Unicode>
                    </pc:TextEquiv>
                </pc:Word>
                <pc:Word id="word_1476112394005_535" language="German">
                    <pc:Coords points="1409,1047 1217,1047 1217,984 1409,984"/>
                    <pc:TextEquiv>
                        <pc:Unicode>authenti-</pc:Unicode>
                    </pc:TextEquiv>
                </pc:Word>
                <pc:TextEquiv>
                    <pc:Unicode>(**) Der Titel dieſer Schrift heiſet: authenti-</pc:Unicode>
                </pc:TextEquiv>
            </pc:TextLine>
            <pc:TextLine id="tl_18" primaryLanguage="German">
                <pc:Coords points="419,1052 1427,1052 1427,1120 419,1120"/>
                <pc:Baseline points="419,1104 1421,1104"/>
                <pc:Word id="w_w1aab1c11b2b5b3ab1" language="German">
                    <pc:Coords points="419,1056 514,1056 514,1115 419,1115"/>
                    <pc:TextEquiv>
                        <pc:Unicode>ſche</pc:Unicode>
                    </pc:TextEquiv>
                </pc:Word>
                <pc:Word id="w_w1aab1c11b2b5b3ac11" language="German">
                    <pc:Coords points="524,1054 751,1054 751,1105 524,1105"/>
                    <pc:TextEquiv>
                        <pc:Unicode>Relation</pc:Unicode>
                    </pc:TextEquiv>
                </pc:Word>
                <pc:Word id="w_w1aab1c11b2b5b3ac29" language="German">
                    <pc:Coords points="762,1065 859,1065 859,1102 762,1102"/>
                    <pc:TextEquiv>
                        <pc:Unicode>von</pc:Unicode>
                    </pc:TextEquiv>
                </pc:Word>
                <pc:Word id="w_w1aab1c11b2b5b3ac37" language="German">
                    <pc:Coords points="871,1054 974,1054 974,1101 871,1101"/>
                    <pc:TextEquiv>
                        <pc:Unicode>dem</pc:Unicode>
                    </pc:TextEquiv>
                </pc:Word>
                <pc:Word id="word_1476112442015_540" language="German">
                    <pc:Coords points="1166,1116 988,1116 988,1053 1166,1053"/>
                    <pc:TextEquiv>
                        <pc:Unicode>Anlaß/</pc:Unicode>
                    </pc:TextEquiv>
                </pc:Word>
                <pc:Word id="word_1476112442013_539" language="German">
                    <pc:Coords points="1414,1116 1166,1116 1166,1053 1414,1053"/>
                    <pc:TextEquiv>
                        <pc:Unicode>Fortgang/</pc:Unicode>
                    </pc:TextEquiv>
                </pc:Word>
                <pc:TextEquiv>
                    <pc:Unicode>ſche Relation von dem Anlaß/ Fortgang/</pc:Unicode>
                </pc:TextEquiv>
            </pc:TextLine>
            <pc:TextLine id="tl_19" primaryLanguage="German">
                <pc:Coords points="417,1104 1426,1104 1426,1185 417,1185"/>
                <pc:Baseline points="417,1168 1418,1168"/>
                <pc:Word id="w_w1aab1c11b2b5b5ab1" language="German">
                    <pc:Coords points="417,1119 519,1119 519,1170 417,1170"/>
                    <pc:TextEquiv>
                        <pc:Unicode>und</pc:Unicode>
                    </pc:TextEquiv>
                </pc:Word>
                <pc:Word id="w_w1aab1c11b2b5b5ab9" language="German">
                    <pc:Coords points="537,1115 755,1115 755,1177 537,1177"/>
                    <pc:TextEquiv>
                        <pc:Unicode>Schluſſe</pc:Unicode>
                    </pc:TextEquiv>
                </pc:Word>
                <pc:Word id="w_w1aab1c11b2b5b5ac27" language="German">
                    <pc:Coords points="777,1109 855,1109 855,1167 777,1167"/>
                    <pc:TextEquiv>
                        <pc:Unicode>der</pc:Unicode>
                    </pc:TextEquiv>
                </pc:Word>
                <pc:Word id="w_w1aab1c11b2b5b5ac35" language="German">
                    <pc:Coords points="872,1128 952,1128 952,1165 872,1165"/>
                    <pc:TextEquiv>
                        <pc:Unicode>am</pc:Unicode>
                    </pc:TextEquiv>
                </pc:Word>
                <pc:Word id="w_w1aab1c11b2b5b5ac41" language="German">
                    <pc:Coords points="980,1128 1017,1128 1017,1160 980,1160"/>
                    <pc:TextEquiv>
                        <pc:Unicode>1.</pc:Unicode>
                    </pc:TextEquiv>
                </pc:Word>
                <pc:Word id="w_w1aab1c11b2b5b5ac47" language="German">
                    <pc:Coords points="1037,1121 1136,1121 1136,1167 1037,1167"/>
                    <pc:TextEquiv>
                        <pc:Unicode>und</pc:Unicode>
                    </pc:TextEquiv>
                </pc:Word>
                <pc:Word id="word_1476112477933_541">
                    <pc:Coords points="1154,1125 1200,1125 1200,1166 1154,1166"/>
                    <pc:TextEquiv>
                        <pc:Unicode>2.</pc:Unicode>
                    </pc:TextEquiv>
                </pc:Word>
                <pc:Word id="w_w1aab1c11b2b5b5ac55" language="German">
                    <pc:Coords points="1220,1113 1414,1113 1414,1182 1220,1182"/>
                    <pc:TextEquiv>
                        <pc:Unicode>Januar.</pc:Unicode>
                    </pc:TextEquiv>
                </pc:Word>
                <pc:TextEquiv>
                    <pc:Unicode>und Schluſſe der am 1. und 2. Januar.</pc:Unicode>
                </pc:TextEquiv>
            </pc:TextLine>
            <pc:TextLine id="tl_20" primaryLanguage="German">
                <pc:Coords points="425,1168 1437,1168 1437,1246 425,1246"/>
                <pc:Baseline points="425,1229 1424,1229"/>
                <pc:Word id="word_1476111999422_519" language="German">
                    <pc:Coords points="452,1185 487,1185 544,1192 558,1215 558,1224 544,1238 452,1238 425,1226 425,1197"/>
                    <pc:TextEquiv>
                        <pc:Unicode>1742.</pc:Unicode>
                    </pc:TextEquiv>
                </pc:Word>
                <pc:Word id="w_w1aab1c11b2b5b7b3b5" language="German">
                    <pc:Coords points="577,1181 626,1181 626,1231 577,1231"/>
                    <pc:TextEquiv>
                        <pc:Unicode>in</pc:Unicode>
                    </pc:TextEquiv>
                </pc:Word>
                <pc:Word id="w_w1aab1c11b2b5b7b3c11" language="German">
                    <pc:Coords points="645,1181 996,1181 996,1230 645,1230"/>
                    <pc:TextEquiv>
                        <pc:Unicode>Germantown</pc:Unicode>
                    </pc:TextEquiv>
                </pc:Word>
                <pc:Word id="w_w1aab1c11b2b5b7b3c33" language="German">
                    <pc:Coords points="1017,1173 1285,1173 1285,1243 1017,1243"/>
                    <pc:TextEquiv>
                        <pc:Unicode>gehaltenen</pc:Unicode>
                    </pc:TextEquiv>
                </pc:Word>
                <pc:Word id="w_w1aab1c11b2b5b7b3c57" language="German">
                    <pc:Coords points="1303,1168 1414,1168 1414,1232 1303,1232"/>
                    <pc:TextEquiv>
                        <pc:Unicode>Ver-</pc:Unicode>
                    </pc:TextEquiv>
                </pc:Word>
                <pc:TextEquiv>
                    <pc:Unicode>1742. in Germantown gehaltenen Ver-</pc:Unicode>
                </pc:TextEquiv>
            </pc:TextLine>
            <pc:TextLine id="tl_21" primaryLanguage="German">
                <pc:Coords points="421,1229 1439,1229 1439,1323 421,1323"/>
                <pc:Baseline points="421,1292 1423,1292"/>
                <pc:Word id="w_w1aab1c11b2b5b9ab1" language="German">
                    <pc:Coords points="421,1243 633,1243 633,1303 421,1303"/>
                    <pc:TextEquiv>
                        <pc:Unicode>ſamlung</pc:Unicode>
                    </pc:TextEquiv>
                </pc:Word>
                <pc:Word id="w_w1aab1c11b2b5b9ac17" language="German">
                    <pc:Coords points="650,1257 703,1257 703,1291 650,1291"/>
                    <pc:TextEquiv>
                        <pc:Unicode>ꝛc.</pc:Unicode>
                    </pc:TextEquiv>
                </pc:Word>
                <pc:Word id="w_w1aab1c11b2b5b9ac25" language="German">
                    <pc:Coords points="724,1256 781,1256 781,1290 724,1290"/>
                    <pc:TextEquiv>
                        <pc:Unicode>ꝛc.</pc:Unicode>
                    </pc:TextEquiv>
                </pc:Word>
                <pc:Word id="w_w1aab1c11b2b5b9ac31" language="German">
                    <pc:Coords points="812,1242 1175,1242 1175,1305 812,1305"/>
                    <pc:TextEquiv>
                        <pc:Unicode>Philadelphia/</pc:Unicode>
                    </pc:TextEquiv>
                </pc:Word>
                <pc:Word id="w_w1aab1c11b2b5b9ac59" language="German">
                    <pc:Coords points="1210,1245 1412,1245 1412,1302 1210,1302"/>
                    <pc:TextEquiv>
                        <pc:Unicode>gedruckt</pc:Unicode>
                    </pc:TextEquiv>
                </pc:Word>
                <pc:TextEquiv>
                    <pc:Unicode>ſamlung ꝛc. ꝛc. Philadelphia/ gedruckt</pc:Unicode>
                </pc:TextEquiv>
            </pc:TextLine>
            <pc:TextLine id="tl_22" primaryLanguage="German">
                <pc:Coords points="416,1290 1427,1290 1427,1371 416,1371"/>
                <pc:Baseline points="423,1357 1421,1357"/>
                <pc:Word id="w_w1aab1c11b2b5c11ab5" language="German">
                    <pc:Coords points="424,1310 524,1310 524,1361 424,1361"/>
                    <pc:TextEquiv>
                        <pc:Unicode>und</pc:Unicode>
                    </pc:TextEquiv>
                </pc:Word>
                <pc:Word id="w_w1aab1c11b2b5c11ac13" language="German">
                    <pc:Coords points="537,1319 590,1319 590,1365 537,1365"/>
                    <pc:TextEquiv>
                        <pc:Unicode>zu</pc:Unicode>
                    </pc:TextEquiv>
                </pc:Word>
                <pc:Word id="w_w1aab1c11b2b5c11ac19" language="German">
                    <pc:Coords points="600,1307 752,1307 752,1367 600,1367"/>
                    <pc:TextEquiv>
                        <pc:Unicode>haben</pc:Unicode>
                    </pc:TextEquiv>
                </pc:Word>
                <pc:Word id="w_w1aab1c11b2b5c11ac31" language="German">
                    <pc:Coords points="765,1306 845,1306 845,1366 765,1366"/>
                    <pc:TextEquiv>
                        <pc:Unicode>bey</pc:Unicode>
                    </pc:TextEquiv>
                </pc:Word>
                <pc:Word id="word_1476112545120_543" language="German">
                    <pc:Coords points="923,1365 857,1365 857,1293 923,1293"/>
                    <pc:TextEquiv>
                        <pc:Unicode>B.</pc:Unicode>
                    </pc:TextEquiv>
                </pc:Word>
                <pc:Word id="word_1476112545116_542" language="German">
                    <pc:Coords points="1176,1365 923,1365 923,1293 1176,1293"/>
                    <pc:TextEquiv>
                        <pc:Unicode>Fraͤncklin.</pc:Unicode>
                    </pc:TextEquiv>
                </pc:Word>
                <pc:Word id="w_w1aab1c11b2b5c11ac59" language="German">
                    <pc:Coords points="1184,1295 1313,1295 1313,1368 1184,1368"/>
                    <pc:TextEquiv>
                        <pc:Unicode>Unter</pc:Unicode>
                    </pc:TextEquiv>
                </pc:Word>
                <pc:Word id="w_w1aab1c11b2b5c11ac67" language="German">
                    <pc:Coords points="1322,1308 1412,1308 1412,1356 1322,1356"/>
                    <pc:TextEquiv>
                        <pc:Unicode>eben</pc:Unicode>
                    </pc:TextEquiv>
                </pc:Word>
                <pc:TextEquiv>
                    <pc:Unicode>und zu haben bey B. Fraͤncklin. Unter eben</pc:Unicode>
                </pc:TextEquiv>
            </pc:TextLine>
            <pc:TextLine id="tl_23" primaryLanguage="German">
                <pc:Coords points="437,1355 1421,1355 1421,1438 437,1438"/>
                <pc:Baseline points="437,1419 1413,1419"/>
                <pc:Word id="w_w1aab1c11b2b5c13ab1" language="German">
                    <pc:Coords points="437,1366 588,1366 588,1427 437,1427"/>
                    <pc:TextEquiv>
                        <pc:Unicode>dieſem</pc:Unicode>
                    </pc:TextEquiv>
                </pc:Word>
                <pc:Word id="w_w1aab1c11b2b5c13ac15" language="German">
                    <pc:Coords points="607,1368 725,1368 725,1428 607,1428"/>
                    <pc:TextEquiv>
                        <pc:Unicode>Titel</pc:Unicode>
                    </pc:TextEquiv>
                </pc:Word>
                <pc:Word id="w_w1aab1c11b2b5c13ac27" language="German">
                    <pc:Coords points="748,1367 798,1367 798,1427 748,1427"/>
                    <pc:TextEquiv>
                        <pc:Unicode>iſt</pc:Unicode>
                    </pc:TextEquiv>
                </pc:Word>
                <pc:Word id="w_w1aab1c11b2b5c13ac35" language="German">
                    <pc:Coords points="821,1369 893,1369 893,1421 821,1421"/>
                    <pc:TextEquiv>
                        <pc:Unicode>die</pc:Unicode>
                    </pc:TextEquiv>
                </pc:Word>
                <pc:Word id="word_1476112595995_545" language="German">
                    <pc:Coords points="1208,1436 925,1436 925,1364 1208,1364"/>
                    <pc:TextEquiv>
                        <pc:Unicode>Nachricht</pc:Unicode>
                    </pc:TextEquiv>
                </pc:Word>
                <pc:Word id="word_1476112595992_544" language="German">
                    <pc:Coords points="1314,1436 1208,1436 1208,1364 1314,1364"/>
                    <pc:TextEquiv>
                        <pc:Unicode>von</pc:Unicode>
                    </pc:TextEquiv>
                </pc:Word>
                <pc:Word id="w_w1aab1c11b2b5c13ac65" language="German">
                    <pc:Coords points="1340,1371 1411,1371 1411,1421 1340,1421"/>
                    <pc:TextEquiv>
                        <pc:Unicode>der</pc:Unicode>
                    </pc:TextEquiv>
                </pc:Word>
                <pc:TextEquiv>
                    <pc:Unicode>dieſem Titel iſt die Nachricht von der</pc:Unicode>
                </pc:TextEquiv>
            </pc:TextLine>
            <pc:TextLine id="tl_24" primaryLanguage="German">
                <pc:Coords points="426,1414 1427,1414 1427,1506 426,1506"/>
                <pc:Baseline points="426,1482 1423,1482"/>
                <pc:Word id="w_w1aab1c11b2b5c15ab1" language="German">
                    <pc:Coords points="426,1442 629,1442 629,1492 426,1492"/>
                    <pc:TextEquiv>
                        <pc:Unicode>zweyten</pc:Unicode>
                    </pc:TextEquiv>
                </pc:Word>
                <pc:Word id="word_1476112631198_546" language="German">
                    <pc:Coords points="637,1430 949,1430 982,1437 982,1486 949,1492 637,1492"/>
                    <pc:TextEquiv>
                        <pc:Unicode>Verſamlung/</pc:Unicode>
                    </pc:TextEquiv>
                </pc:Word>
                <pc:Word id="w_w1aab1c11b2b5c15ac45" language="German">
                    <pc:Coords points="1000,1433 1044,1433 1044,1480 1000,1480"/>
                    <pc:TextEquiv>
                        <pc:Unicode>in</pc:Unicode>
                    </pc:TextEquiv>
                </pc:Word>
                <pc:Word id="w_w1aab1c11b2b5c15ac51" language="German">
                    <pc:Coords points="1054,1427 1276,1427 1276,1488 1054,1488"/>
                    <pc:TextEquiv>
                        <pc:Unicode>demſelben</pc:Unicode>
                    </pc:TextEquiv>
                </pc:Word>
                <pc:Word id="w_w1aab1c11b2b5c15ac71" language="German">
                    <pc:Coords points="1295,1431 1414,1431 1414,1492 1295,1492"/>
                    <pc:TextEquiv>
                        <pc:Unicode>Jahr</pc:Unicode>
                    </pc:TextEquiv>
                </pc:Word>
                <pc:TextEquiv>
                    <pc:Unicode>zweyten Verſamlung/ in demſelben Jahr</pc:Unicode>
                </pc:TextEquiv>
            </pc:TextLine>
            <pc:TextLine id="tl_25" primaryLanguage="German">
                <pc:Coords points="430,1477 1424,1477 1424,1568 430,1568"/>
                <pc:Baseline points="430,1544 1423,1544"/>
                <pc:Word id="w_w1aab1c11b2b5c17ab1" language="German">
                    <pc:Coords points="430,1501 517,1501 517,1544 430,1544"/>
                    <pc:TextEquiv>
                        <pc:Unicode>ans</pc:Unicode>
                    </pc:TextEquiv>
                </pc:Word>
                <pc:Word id="w_w1aab1c11b2b5c17ab9" language="German">
                    <pc:Coords points="529,1494 639,1494 639,1560 529,1560"/>
                    <pc:TextEquiv>
                        <pc:Unicode>Licht</pc:Unicode>
                    </pc:TextEquiv>
                </pc:Word>
                <pc:Word id="w_w1aab1c11b2b5c17ac21" language="German">
                    <pc:Coords points="651,1501 867,1501 867,1554 651,1554"/>
                    <pc:TextEquiv>
                        <pc:Unicode>getreten,</pc:Unicode>
                    </pc:TextEquiv>
                </pc:Word>
                <pc:Word id="w_w1aab1c11b2b5c17ac41" language="German">
                    <pc:Coords points="886,1499 974,1499 974,1543 886,1543"/>
                    <pc:TextEquiv>
                        <pc:Unicode>und</pc:Unicode>
                    </pc:TextEquiv>
                </pc:Word>
                <pc:Word id="w_w1aab1c11b2b5c17ac49" language="German">
                    <pc:Coords points="998,1492 1039,1492 1039,1550 998,1550"/>
                    <pc:TextEquiv>
                        <pc:Unicode>ſo</pc:Unicode>
                    </pc:TextEquiv>
                </pc:Word>
                <pc:Word id="w_w1aab1c11b2b5c17ac55" language="German">
                    <pc:Coords points="1061,1494 1165,1494 1165,1552 1061,1552"/>
                    <pc:TextEquiv>
                        <pc:Unicode>auch</pc:Unicode>
                    </pc:TextEquiv>
                </pc:Word>
                <pc:Word id="word_1476112654311_548" language="German">
                    <pc:Coords points="1251,1556 1182,1556 1182,1491 1251,1491"/>
                    <pc:TextEquiv>
                        <pc:Unicode>die</pc:Unicode>
                    </pc:TextEquiv>
                </pc:Word>
                <pc:Word id="word_1476112654308_547" language="German">
                    <pc:Coords points="1415,1556 1251,1556 1251,1491 1415,1491"/>
                    <pc:TextEquiv>
                        <pc:Unicode>uͤbrige.</pc:Unicode>
                    </pc:TextEquiv>
                </pc:Word>
                <pc:TextEquiv>
                    <pc:Unicode>ans Licht getreten, und ſo auch die uͤbrige.</pc:Unicode>
                </pc:TextEquiv>
            </pc:TextLine>
            <pc:TextLine id="tl_26" primaryLanguage="German">
                <pc:Coords points="424,1538 1429,1538 1429,1633 424,1633"/>
                <pc:Baseline points="431,1607 1421,1607"/>
                <pc:Word id="w_w1aab1c11b2b5c19ab5" language="German">
                    <pc:Coords points="427,1550 564,1550 564,1613 427,1613"/>
                    <pc:TextEquiv>
                        <pc:Unicode>Auſer</pc:Unicode>
                    </pc:TextEquiv>
                </pc:Word>
                <pc:Word id="w_w1aab1c11b2b5c19ac17" language="German">
                    <pc:Coords points="580,1560 666,1560 666,1614 580,1614"/>
                    <pc:TextEquiv>
                        <pc:Unicode>daß</pc:Unicode>
                    </pc:TextEquiv>
                </pc:Word>
                <pc:Word id="word_1476174127982_2" language="German">
                    <pc:Coords points="793,1616 685,1616 685,1553 793,1553"/>
                    <pc:TextEquiv>
                        <pc:Unicode>dieſe</pc:Unicode>
                    </pc:TextEquiv>
                </pc:Word>
                <pc:Word id="word_1476174127980_1" language="German">
                    <pc:Coords points="1101,1616 793,1616 793,1553 1101,1553"/>
                    <pc:TextEquiv>
                        <pc:Unicode>Verſamlung</pc:Unicode>
                    </pc:TextEquiv>
                </pc:Word>
                <pc:Word id="word_1476174145734_4" language="German">
                    <pc:Coords points="1201,1613 1113,1613 1113,1549 1201,1549"/>
                    <pc:TextEquiv>
                        <pc:Unicode>eine</pc:Unicode>
                    </pc:TextEquiv>
                </pc:Word>
                <pc:Word id="word_1476174145733_3" language="German">
                    <pc:Coords points="1419,1613 1201,1613 1201,1549 1419,1549"/>
                    <pc:TextEquiv>
                        <pc:Unicode>General-</pc:Unicode>
                    </pc:TextEquiv>
                </pc:Word>
                <pc:TextEquiv>
                    <pc:Unicode>Auſer daß dieſe Verſamlung eine General-</pc:Unicode>
                </pc:TextEquiv>
            </pc:TextLine>
            <pc:TextLine id="tl_27" primaryLanguage="German">
                <pc:Coords points="431,1599 1427,1599 1427,1694 431,1694"/>
                <pc:Baseline points="433,1670 1425,1670"/>
                <pc:Word id="w_w1aab1c11b2b5c21b1b1" language="German">
                    <pc:Coords points="429,1616 738,1616 738,1681 429,1681"/>
                    <pc:TextEquiv>
                        <pc:Unicode>Verſamlung</pc:Unicode>
                    </pc:TextEquiv>
                </pc:Word>
                <pc:Word id="w_w1aab1c11b2b5c21b1c25" language="German">
                    <pc:Coords points="763,1618 846,1618 846,1679 763,1679"/>
                    <pc:TextEquiv>
                        <pc:Unicode>auf</pc:Unicode>
                    </pc:TextEquiv>
                </pc:Word>
                <pc:Word id="w_w1aab1c11b2b5c21b1c33" language="German">
                    <pc:Coords points="861,1623 955,1623 955,1669 861,1669"/>
                    <pc:TextEquiv>
                        <pc:Unicode>dem</pc:Unicode>
                    </pc:TextEquiv>
                </pc:Word>
                <pc:Word id="w_w1aab1c11b2b5c21b1c41" language="German">
                    <pc:Coords points="976,1619 1133,1619 1133,1672 976,1672"/>
                    <pc:TextEquiv>
                        <pc:Unicode>vierten</pc:Unicode>
                    </pc:TextEquiv>
                </pc:Word>
                <pc:Word id="w_w1aab1c11b2b5c21b1c57" language="German">
                    <pc:Coords points="1145,1619 1345,1619 1345,1674 1145,1674"/>
                    <pc:TextEquiv>
                        <pc:Unicode>Titelblat</pc:Unicode>
                    </pc:TextEquiv>
                </pc:Word>
                <pc:Word id="w_w1aab1c11b2b5c21b1c77" language="German">
                    <pc:Coords points="1357,1632 1419,1632 1419,1678 1357,1678"/>
                    <pc:TextEquiv>
                        <pc:Unicode>ge-</pc:Unicode>
                    </pc:TextEquiv>
                </pc:Word>
                <pc:TextEquiv>
                    <pc:Unicode>Verſamlung auf dem vierten Titelblat ge-</pc:Unicode>
                </pc:TextEquiv>
            </pc:TextLine>
            <pc:TextLine id="tl_28" primaryLanguage="German">
                <pc:Coords points="428,1662 1431,1662 1431,1759 428,1759"/>
                <pc:Baseline points="433,1733 1432,1733"/>
                <pc:Word id="w_w1aab1c11b2b5c23ab9" language="German">
                    <pc:Coords points="424,1690 583,1690 583,1732 424,1732"/>
                    <pc:TextEquiv>
                        <pc:Unicode>nennet</pc:Unicode>
                    </pc:TextEquiv>
                </pc:Word>
                <pc:Word id="w_w1aab1c11b2b5c23ac23" language="German">
                    <pc:Coords points="602,1676 731,1676 731,1738 602,1738"/>
                    <pc:TextEquiv>
                        <pc:Unicode>wird,</pc:Unicode>
                    </pc:TextEquiv>
                </pc:Word>
                <pc:Word id="w_w1aab1c11b2b5c23ac35" language="German">
                    <pc:Coords points="746,1685 833,1685 833,1739 746,1739"/>
                    <pc:TextEquiv>
                        <pc:Unicode>und</pc:Unicode>
                    </pc:TextEquiv>
                </pc:Word>
                <pc:Word id="w_w1aab1c11b2b5c23ac43" language="German">
                    <pc:Coords points="850,1679 932,1679 932,1744 850,1744"/>
                    <pc:TextEquiv>
                        <pc:Unicode>auf</pc:Unicode>
                    </pc:TextEquiv>
                </pc:Word>
                <pc:Word id="word_1476174188707_6" language="German">
                    <pc:Coords points="1045,1749 947,1749 947,1682 1045,1682"/>
                    <pc:TextEquiv>
                        <pc:Unicode>dem</pc:Unicode>
                    </pc:TextEquiv>
                </pc:Word>
                <pc:Word id="word_1476174188704_5" language="German">
                    <pc:Coords points="1249,1749 1045,1749 1045,1682 1249,1682"/>
                    <pc:TextEquiv>
                        <pc:Unicode>Fuͤnften</pc:Unicode>
                    </pc:TextEquiv>
                </pc:Word>
                <pc:Word id="w_w1aab1c11b2b5c23ac73" language="German">
                    <pc:Coords points="1266,1680 1416,1680 1416,1742 1266,1742"/>
                    <pc:TextEquiv>
                        <pc:Unicode>ſchlech-</pc:Unicode>
                    </pc:TextEquiv>
                </pc:Word>
                <pc:TextEquiv>
                    <pc:Unicode>nennet wird, und auf dem Fuͤnften ſchlech-</pc:Unicode>
                </pc:TextEquiv>
            </pc:TextLine>
            <pc:TextLine id="tl_29" primaryLanguage="German">
                <pc:Coords points="429,1725 1429,1725 1429,1811 429,1811"/>
                <pc:Baseline points="429,1798 1429,1798"/>
                <pc:Word id="w_w1aab1c11b2b5c25ab1" language="German">
                    <pc:Coords points="429,1744 657,1744 657,1807 429,1807"/>
                    <pc:TextEquiv>
                        <pc:Unicode>terdings,</pc:Unicode>
                    </pc:TextEquiv>
                </pc:Word>
                <pc:Word id="w_w1aab1c11b2b5c25ac23" language="German">
                    <pc:Coords points="675,1746 765,1746 765,1801 675,1801"/>
                    <pc:TextEquiv>
                        <pc:Unicode>eine</pc:Unicode>
                    </pc:TextEquiv>
                </pc:Word>
                <pc:Word id="w_w1aab1c11b2b5c25ac33" language="German">
                    <pc:Coords points="783,1746 1096,1746 1096,1811 783,1811"/>
                    <pc:TextEquiv>
                        <pc:Unicode>Verſamlung</pc:Unicode>
                    </pc:TextEquiv>
                </pc:Word>
                <pc:Word id="w_w1aab1c11b2b5c25ac57" language="German">
                    <pc:Coords points="1113,1752 1191,1752 1191,1800 1113,1800"/>
                    <pc:TextEquiv>
                        <pc:Unicode>der</pc:Unicode>
                    </pc:TextEquiv>
                </pc:Word>
                <pc:Word id="w_w1aab1c11b2b5c25ac65" language="German">
                    <pc:Coords points="1209,1749 1417,1749 1417,1800 1209,1800"/>
                    <pc:TextEquiv>
                        <pc:Unicode>Gemeine</pc:Unicode>
                    </pc:TextEquiv>
                </pc:Word>
                <pc:TextEquiv>
                    <pc:Unicode>terdings, eine Verſamlung der Gemeine</pc:Unicode>
                </pc:TextEquiv>
            </pc:TextLine>
            <pc:TextLine id="tl_30" primaryLanguage="German">
                <pc:Coords points="427,1795 1431,1795 1431,1883 427,1883"/>
                <pc:Baseline points="427,1859 1425,1859"/>
                <pc:Word id="word_1476174235448_8" language="German">
                    <pc:Coords points="643,1859 427,1859 427,1807 643,1807"/>
                    <pc:TextEquiv>
                        <pc:Unicode>GOttes</pc:Unicode>
                    </pc:TextEquiv>
                </pc:Word>
                <pc:Word id="word_1476174235445_7" language="German">
                    <pc:Coords points="715,1859 643,1859 643,1807 715,1807"/>
                    <pc:TextEquiv>
                        <pc:Unicode>im</pc:Unicode>
                    </pc:TextEquiv>
                </pc:Word>
                <pc:Word id="w_w1aab1c11b2b5c27ac19" language="German">
                    <pc:Coords points="722,1809 876,1809 876,1871 722,1871"/>
                    <pc:TextEquiv>
                        <pc:Unicode>Geiſt.</pc:Unicode>
                    </pc:TextEquiv>
                </pc:Word>
                <pc:Word id="w_w1aab1c11b2b5c27ac33" language="German">
                    <pc:Coords points="923,1806 1016,1806 1016,1861 923,1861"/>
                    <pc:TextEquiv>
                        <pc:Unicode>Die</pc:Unicode>
                    </pc:TextEquiv>
                </pc:Word>
                <pc:Word id="w_w1aab1c11b2b5c27ac41" language="German">
                    <pc:Coords points="1027,1809 1209,1809 1209,1869 1027,1869"/>
                    <pc:TextEquiv>
                        <pc:Unicode>ſiebende</pc:Unicode>
                    </pc:TextEquiv>
                </pc:Word>
                <pc:Word id="w_w1aab1c11b2b5c27ac59" language="German">
                    <pc:Coords points="1219,1806 1421,1806 1421,1866 1219,1866"/>
                    <pc:TextEquiv>
                        <pc:Unicode>Verſam-</pc:Unicode>
                    </pc:TextEquiv>
                </pc:Word>
                <pc:TextEquiv>
                    <pc:Unicode>GOttes im Geiſt. Die ſiebende Verſam-</pc:Unicode>
                </pc:TextEquiv>
            </pc:TextLine>
            <pc:TextLine id="tl_31" primaryLanguage="German">
                <pc:Coords points="425,1849 1427,1849 1427,1938 425,1938"/>
                <pc:Baseline points="423,1922 1425,1922"/>
                <pc:Word id="w_w1aab1c11b2b7b1ab5" language="German">
                    <pc:Coords points="430,1871 534,1871 534,1929 430,1929"/>
                    <pc:TextEquiv>
                        <pc:Unicode>lung</pc:Unicode>
                    </pc:TextEquiv>
                </pc:Word>
                <pc:Word id="w_w1aab1c11b2b7b1ac15" language="German">
                    <pc:Coords points="556,1870 684,1870 684,1926 556,1926"/>
                    <pc:TextEquiv>
                        <pc:Unicode>aber,</pc:Unicode>
                    </pc:TextEquiv>
                </pc:Word>
                <pc:Word id="w_w1aab1c11b2b7b1ac27" language="German">
                    <pc:Coords points="717,1869 838,1869 838,1930 717,1930"/>
                    <pc:TextEquiv>
                        <pc:Unicode>heiſet</pc:Unicode>
                    </pc:TextEquiv>
                </pc:Word>
                <pc:Word id="w_w1aab1c11b2b7b1ac41" language="German">
                    <pc:Coords points="872,1869 936,1869 936,1921 872,1921"/>
                    <pc:TextEquiv>
                        <pc:Unicode>ein</pc:Unicode>
                    </pc:TextEquiv>
                </pc:Word>
                <pc:Word id="w_w1aab1c11b2b7b1ac49" language="German">
                    <pc:Coords points="968,1873 1417,1873 1417,1936 968,1936"/>
                    <pc:TextEquiv>
                        <pc:Unicode>General-Synodus</pc:Unicode>
                    </pc:TextEquiv>
                </pc:Word>
                <pc:TextEquiv>
                    <pc:Unicode>lung aber, heiſet ein General-Synodus</pc:Unicode>
                </pc:TextEquiv>
            </pc:TextLine>
            <pc:TextLine id="tl_32" primaryLanguage="German">
                <pc:Coords points="429,1917 1429,1917 1429,2009 429,2009"/>
                <pc:Baseline points="429,1986 1421,1986"/>
                <pc:Word id="w_w1aab1c11b2b7b3ab1" language="German">
                    <pc:Coords points="429,1934 511,1934 511,1984 429,1984"/>
                    <pc:TextEquiv>
                        <pc:Unicode>der</pc:Unicode>
                    </pc:TextEquiv>
                </pc:Word>
                <pc:Word id="w_w1aab1c11b2b7b3ab9" language="German">
                    <pc:Coords points="541,1933 762,1933 762,1985 541,1985"/>
                    <pc:TextEquiv>
                        <pc:Unicode>Gemeine</pc:Unicode>
                    </pc:TextEquiv>
                </pc:Word>
                <pc:Word id="w_w1aab1c11b2b7b3ac25" language="German">
                    <pc:Coords points="781,1935 990,1935 990,1987 781,1987"/>
                    <pc:TextEquiv>
                        <pc:Unicode>GOttes</pc:Unicode>
                    </pc:TextEquiv>
                </pc:Word>
                <pc:Word id="w_w1aab1c11b2b7b3ac41" language="German">
                    <pc:Coords points="1007,1938 1075,1938 1075,1987 1007,1987"/>
                    <pc:TextEquiv>
                        <pc:Unicode>im</pc:Unicode>
                    </pc:TextEquiv>
                </pc:Word>
                <pc:Word id="w_w1aab1c11b2b7b3ac47" language="German">
                    <pc:Coords points="1094,1931 1245,1931 1245,1997 1094,1997"/>
                    <pc:TextEquiv>
                        <pc:Unicode>Geiſt.</pc:Unicode>
                    </pc:TextEquiv>
                </pc:Word>
                <pc:Word id="w_w1aab1c11b2b7b3ac61" language="German">
                    <pc:Coords points="1304,1934 1420,1934 1420,1987 1304,1987"/>
                    <pc:TextEquiv>
                        <pc:Unicode>Alles</pc:Unicode>
                    </pc:TextEquiv>
                </pc:Word>
                <pc:TextEquiv>
                    <pc:Unicode>der Gemeine GOttes im Geiſt. Alles</pc:Unicode>
                </pc:TextEquiv>
            </pc:TextLine>
            <pc:TextLine id="tl_33" primaryLanguage="German">
                <pc:Coords points="433,1972 1422,1972 1422,2073 433,2073"/>
                <pc:Baseline points="433,2050 1417,2050"/>
                <pc:Word id="w_w1aab1c11b2b7b5ab1" language="German">
                    <pc:Coords points="433,1994 671,1994 671,2056 433,2056"/>
                    <pc:TextEquiv>
                        <pc:Unicode>zuſammen</pc:Unicode>
                    </pc:TextEquiv>
                </pc:Word>
                <pc:Word id="w_w1aab1c11b2b7b5ac19" language="German">
                    <pc:Coords points="692,1993 863,1993 863,2056 692,2056"/>
                    <pc:TextEquiv>
                        <pc:Unicode>beſtehet</pc:Unicode>
                    </pc:TextEquiv>
                </pc:Word>
                <pc:Word id="w_w1aab1c11b2b7b5ac37" language="German">
                    <pc:Coords points="877,2002 963,2002 963,2047 877,2047"/>
                    <pc:TextEquiv>
                        <pc:Unicode>aus</pc:Unicode>
                    </pc:TextEquiv>
                </pc:Word>
                <pc:Word id="word_1476174292572_9" language="German">
                    <pc:Coords points="1009,2007 1082,2007 1082,2047 1009,2047 979,2044 979,2010"/>
                    <pc:TextEquiv>
                        <pc:Unicode>120.</pc:Unicode>
                    </pc:TextEquiv>
                </pc:Word>
                <pc:Word id="w_w1aab1c11b2b7b5ac57" language="German">
                    <pc:Coords points="1100,1988 1267,1988 1267,2052 1100,2052"/>
                    <pc:TextEquiv>
                        <pc:Unicode>Seiten</pc:Unicode>
                    </pc:TextEquiv>
                </pc:Word>
                <pc:Word id="w_w1aab1c11b2b7b5ac71" language="German">
                    <pc:Coords points="1287,2000 1332,2000 1332,2054 1287,2054"/>
                    <pc:TextEquiv>
                        <pc:Unicode>in</pc:Unicode>
                    </pc:TextEquiv>
                </pc:Word>
                <pc:Word id="w_w1aab1c11b2b7b5b1b1" language="German">
                    <pc:Coords points="1340,2016 1364,2016 1364,2054 1340,2054"/>
                    <pc:TextEquiv>
                        <pc:Unicode>4</pc:Unicode>
                    </pc:TextEquiv>
                </pc:Word>
                <pc:Word id="w_w1aab1c11b2b7b5b2b1" language="German">
                    <pc:Coords points="1368,2004 1414,2004 1414,2044 1368,2044"/>
                    <pc:TextEquiv>
                        <pc:Unicode>to.</pc:Unicode>
                    </pc:TextEquiv>
                </pc:Word>
                <pc:TextEquiv>
                    <pc:Unicode>zuſammen beſtehet aus 120. Seiten in 4 to.</pc:Unicode>
                </pc:TextEquiv>
            </pc:TextLine>
            <pc:TextLine id="tl_34" primaryLanguage="German">
                <pc:Coords points="496,2048 1411,2048 1411,2129 496,2129"/>
                <pc:Baseline points="496,2111 1411,2111"/>
                <pc:Word id="w_w1aab1c11b2b9b1ab1" language="German">
                    <pc:Coords points="496,2054 589,2054 589,2117 496,2117"/>
                    <pc:TextEquiv>
                        <pc:Unicode>Jch</pc:Unicode>
                    </pc:TextEquiv>
                </pc:Word>
                <pc:Word id="w_w1aab1c11b2b9b1ab9" language="German">
                    <pc:Coords points="615,2056 701,2056 701,2126 615,2126"/>
                    <pc:TextEquiv>
                        <pc:Unicode>ſehe</pc:Unicode>
                    </pc:TextEquiv>
                </pc:Word>
                <pc:Word id="w_w1aab1c11b2b9b1ac19" language="German">
                    <pc:Coords points="724,2069 841,2069 841,2118 724,2118"/>
                    <pc:TextEquiv>
                        <pc:Unicode>zwar</pc:Unicode>
                    </pc:TextEquiv>
                </pc:Word>
                <pc:Word id="w_w1aab1c11b2b9b1ac29" language="German">
                    <pc:Coords points="872,2066 960,2066 960,2114 872,2114"/>
                    <pc:TextEquiv>
                        <pc:Unicode>aus</pc:Unicode>
                    </pc:TextEquiv>
                </pc:Word>
                <pc:Word id="w_w1aab1c11b2b9b1ac37" language="German">
                    <pc:Coords points="987,2062 1151,2062 1151,2121 987,2121"/>
                    <pc:TextEquiv>
                        <pc:Unicode>einigen</pc:Unicode>
                    </pc:TextEquiv>
                </pc:Word>
                <pc:Word id="w_w1aab1c11b2b9b1ac53" language="German">
                    <pc:Coords points="1185,2065 1410,2065 1410,2113 1185,2113"/>
                    <pc:TextEquiv>
                        <pc:Unicode>anderswo</pc:Unicode>
                    </pc:TextEquiv>
                </pc:Word>
                <pc:TextEquiv>
                    <pc:Unicode>Jch ſehe zwar aus einigen anderswo</pc:Unicode>
                </pc:TextEquiv>
            </pc:TextLine>
            <pc:TextLine id="tl_35" primaryLanguage="German">
                <pc:Coords points="432,2096 1424,2096 1424,2191 432,2191"/>
                <pc:Baseline points="432,2176 1423,2176"/>
                <pc:Word id="w_w1aab1c11b2b9b3ab1" language="German">
                    <pc:Coords points="432,2118 712,2118 712,2184 432,2184"/>
                    <pc:TextEquiv>
                        <pc:Unicode>angefuͤhrten</pc:Unicode>
                    </pc:TextEquiv>
                </pc:Word>
                <pc:Word id="w_w1aab1c11b2b9b3ac25" language="German">
                    <pc:Coords points="741,2123 946,2123 946,2183 741,2183"/>
                    <pc:TextEquiv>
                        <pc:Unicode>Stellen,</pc:Unicode>
                    </pc:TextEquiv>
                </pc:Word>
                <pc:Word id="w_w1aab1c11b2b9b3ac43" language="German">
                    <pc:Coords points="971,2125 1057,2125 1057,2185 971,2185"/>
                    <pc:TextEquiv>
                        <pc:Unicode>daß</pc:Unicode>
                    </pc:TextEquiv>
                </pc:Word>
                <pc:Word id="w_w1aab1c11b2b9b3ac51" language="German">
                    <pc:Coords points="1089,2128 1163,2128 1163,2178 1089,2178"/>
                    <pc:TextEquiv>
                        <pc:Unicode>der</pc:Unicode>
                    </pc:TextEquiv>
                </pc:Word>
                <pc:Word id="w_w1aab1c11b2b9b3ac59" language="German">
                    <pc:Coords points="1197,2116 1419,2116 1419,2188 1197,2188"/>
                    <pc:TextEquiv>
                        <pc:Unicode>Zeitungs-</pc:Unicode>
                    </pc:TextEquiv>
                </pc:Word>
                <pc:TextEquiv>
                    <pc:Unicode>angefuͤhrten Stellen, daß der Zeitungs-</pc:Unicode>
                </pc:TextEquiv>
            </pc:TextLine>
            <pc:TextEquiv>
                <pc:Unicode>(**) Der Titel dieſer Schrift heiſet: authenti-
ſche Relation von dem Anlaß/ Fortgang/
und Schluſſe der am 1. und 2. Januar.
1742. in Germantown gehaltenen Ver-
ſamlung ꝛc. ꝛc. Philadelphia/ gedruckt
und zu haben bey B. Fraͤncklin. Unter eben
dieſem Titel iſt die Nachricht von der
zweyten Verſamlung/ in demſelben Jahr
ans Licht getreten, und ſo auch die uͤbrige.
Auſer daß dieſe Verſamlung eine General-
Verſamlung auf dem vierten Titelblat ge-
nennet wird, und auf dem Fuͤnften ſchlech-
terdings, eine Verſamlung der Gemeine
GOttes im Geiſt. Die ſiebende Verſam-
lung aber, heiſet ein General-Synodus
der Gemeine GOttes im Geiſt. Alles
zuſammen beſtehet aus 120. Seiten in 4 to.
Jch ſehe zwar aus einigen anderswo
angefuͤhrten Stellen, daß der Zeitungs-</pc:Unicode>
            </pc:TextEquiv>
        </pc:TextRegion>
        <pc:TextRegion id="TextRegion_1476174526198_15" type="catch-word" primaryLanguage="German" secondaryLanguage="Latin">
            <pc:Coords points="1434,2251 431,2251 392,2200 1434,2200"/>
            <pc:TextLine id="tl_36" primaryLanguage="German">
                <pc:Coords points="1243,2182 1429,2182 1429,2250 1243,2250"/>
                <pc:Baseline points="1243,2243 1427,2243"/>
                <pc:Word id="word_1476174543805_19" language="German">
                    <pc:Coords points="1243,2184 1420,2184 1420,2248 1243,2248"/>
                    <pc:TextEquiv>
                        <pc:Unicode>Schrei-</pc:Unicode>
                    </pc:TextEquiv>
                </pc:Word>
                <pc:TextEquiv>
                    <pc:Unicode>Schrei-</pc:Unicode>
                </pc:TextEquiv>
            </pc:TextLine>
            <pc:TextEquiv>
                <pc:Unicode>Schrei-</pc:Unicode>
            </pc:TextEquiv>
        </pc:TextRegion>
        <pc:SeparatorRegion id="r_8">
            <pc:Coords points="277,207 1392,207 1392,228 277,228"/>
        </pc:SeparatorRegion>
        <pc:SeparatorRegion id="r_9">
            <pc:Coords points="316,754 1397,754 1397,773 316,773"/>
        </pc:SeparatorRegion>
    </pc:Page>
</pc:PcGts>
