<?xml version="1.0" encoding="UTF-8"?>
<pc:PcGts xmlns:pc="http://schema.primaresearch.org/PAGE/gts/pagecontent/2019-07-15" xmlns:xsi="http://www.w3.org/2001/XMLSchema-instance" xsi:schemaLocation="http://schema.primaresearch.org/PAGE/gts/pagecontent/2019-07-15 http://schema.primaresearch.org/PAGE/gts/pagecontent/2019-07-15/pagecontent.xsd" pcGtsId="OCR-D-OCR_0002">
    <pc:Metadata>
        <pc:Creator>OCR-D/core 2.30.0</pc:Creator>
        <pc:Created>2022-11-21T12:03:24.697723</pc:Created>
        <pc:LastChange>2022-11-21T12:03:24.697723</pc:LastChange>
        <pc:MetadataItem type="processingStep" name="layout/segmentation/region" value="ocrd-tesserocr-recognize">
            <pc:Labels externalModel="ocrd-tool" externalId="parameters">
                <pc:Label value="region" type="segmentation_level"/>
                <pc:Label value="word" type="textequiv_level"/>
                <pc:Label value="True" type="find_tables"/>
                <pc:Label value="Fraktur_GT4HistOCR" type="model"/>
                <pc:Label value="0" type="dpi"/>
                <pc:Label value="0" type="padding"/>
                <pc:Label value="False" type="overwrite_segments"/>
                <pc:Label value="True" type="overwrite_text"/>
                <pc:Label value="False" type="shrink_polygons"/>
                <pc:Label value="False" type="block_polygons"/>
                <pc:Label value="False" type="find_staves"/>
                <pc:Label value="False" type="sparse_text"/>
                <pc:Label value="False" type="raw_lines"/>
                <pc:Label value="" type="char_whitelist"/>
                <pc:Label value="" type="char_blacklist"/>
                <pc:Label value="" type="char_unblacklist"/>
                <pc:Label value="{}" type="tesseract_parameters"/>
                <pc:Label value="{}" type="xpath_parameters"/>
                <pc:Label value="{}" type="xpath_model"/>
                <pc:Label value="False" type="auto_model"/>
                <pc:Label value="DEFAULT" type="oem"/>
            </pc:Labels>
            <pc:Labels externalModel="ocrd-tool" externalId="version">
                <pc:Label value="0.13.6 (tesseract 5.0.1)" type="ocrd-tesserocr-recognize"/>
                <pc:Label value="2.30.0" type="ocrd/core"/>
            </pc:Labels>
        </pc:MetadataItem>
    </pc:Metadata>
    <pc:Page imageFilename="OCR-D-IMG/OCR-D-IMG_0002.tif" imageWidth="1000" imageHeight="1545">
        <pc:AlternativeImage filename="OCR-D-OCR/OCR-D-OCR_0002.IMG-BIN.png" comments=",binarized,clipped"/>
        <pc:ReadingOrder>
            <pc:OrderedGroup id="reading-order">
                <pc:RegionRefIndexed index="1" regionRef="region0001"/>
                <pc:RegionRefIndexed index="2" regionRef="region0002"/>
                <pc:RegionRefIndexed index="3" regionRef="region0003"/>
                <pc:RegionRefIndexed index="4" regionRef="region0004"/>
                <pc:RegionRefIndexed index="5" regionRef="region0005"/>
                <pc:RegionRefIndexed index="6" regionRef="region0006"/>
                <pc:RegionRefIndexed index="7" regionRef="region0007"/>
                <pc:RegionRefIndexed index="8" regionRef="region0008"/>
                <pc:RegionRefIndexed index="11" regionRef="region0011"/>
                <pc:RegionRefIndexed index="12" regionRef="region0012"/>
                <pc:RegionRefIndexed index="13" regionRef="region0013"/>
            </pc:OrderedGroup>
        </pc:ReadingOrder>
        <pc:TextRegion id="region0002" orientation="0.609934612221679" readingDirection="left-to-right" textLineOrder="top-to-bottom">
            <pc:Coords points="374,67 694,67 694,198 374,198"/>
            <pc:TextLine id="region0002_line0000">
                <pc:Coords points="523,67 550,67 550,89 523,89"/>
                <pc:Word id="region0002_line0000_word0000">
                    <pc:Coords points="523,67 550,67 550,89 523,89"/>
                    <pc:TextEquiv conf="0.">
                        <pc:Unicode>J</pc:Unicode>
                    </pc:TextEquiv>
                </pc:Word>
                <pc:TextEquiv conf="1.">
                    <pc:Unicode>J</pc:Unicode>
                </pc:TextEquiv>
            </pc:TextLine>
            <pc:TextLine id="region0002_line0001">
                <pc:Coords points="374,107 694,107 694,159 374,159"/>
                <pc:Word id="region0002_line0001_word0000">
                    <pc:Coords points="374,107 694,107 694,159 374,159"/>
                    <pc:TextEquiv conf="0.802180633544922">
                        <pc:Unicode>Beutelſchneider</pc:Unicode>
                    </pc:TextEquiv>
                </pc:Word>
                <pc:Word id="region0002_line0001_word0001">
                    <pc:Coords points="676,159 694,159 694,107 676,107"/>
                    <pc:TextEquiv conf="0.802180633544922">
                        <pc:Unicode>/</pc:Unicode>
                    </pc:TextEquiv>
                </pc:Word>
                <pc:TextEquiv conf="0.802180633544922">
                    <pc:Unicode>Beutelſchneider /</pc:Unicode>
                </pc:TextEquiv>
            </pc:TextLine>
            <pc:TextLine id="region0002_line0002">
                <pc:Coords points="478,161 596,161 596,198 478,198"/>
                <pc:Word id="region0002_line0002_word0000">
                    <pc:Coords points="478,161 546,161 546,193 478,193"/>
                    <pc:TextEquiv conf="0.92344108581543">
                        <pc:Unicode>Das</pc:Unicode>
                    </pc:TextEquiv>
                </pc:Word>
                <pc:Word id="region0002_line0002_word0001">
                    <pc:Coords points="573,161 535,161 535,198 573,198"/>
                    <pc:TextEquiv conf="0.926577987670898">
                        <pc:Unicode>iſt</pc:Unicode>
                    </pc:TextEquiv>
                </pc:Word>
                <pc:Word id="region0002_line0002_word0002">
                    <pc:Coords points="583,164 596,164 596,198 583,198"/>
                    <pc:TextEquiv conf="0.927821655273438">
                        <pc:Unicode>/</pc:Unicode>
                    </pc:TextEquiv>
                </pc:Word>
                <pc:TextEquiv conf="0.925946909586589">
                    <pc:Unicode>Das iſt /</pc:Unicode>
                </pc:TextEquiv>
            </pc:TextLine>
            <pc:TextEquiv conf="0.909375847710503">
                <pc:Unicode>J
Beutelſchneider /
Das iſt /</pc:Unicode>
            </pc:TextEquiv>
        </pc:TextRegion>
        <pc:TextRegion id="region0003" orientation="0.609934612221679" readingDirection="left-to-right" textLineOrder="top-to-bottom">
            <pc:Coords points="227,204 844,204 844,276 227,276"/>
            <pc:TextLine id="region0003_line0000">
                <pc:Coords points="227,204 844,204 844,276 227,276"/>
                <pc:Word id="region0003_line0000_word0000">
                    <pc:Coords points="227,204 516,204 516,273 227,273"/>
                    <pc:TextEquiv conf="0.920004501342773">
                        <pc:Unicode>Allgemeine</pc:Unicode>
                    </pc:TextEquiv>
                </pc:Word>
                <pc:Word id="region0003_line0000_word0001">
                    <pc:Coords points="528,208 844,208 844,276 528,276"/>
                    <pc:TextEquiv conf="0.894685516357422">
                        <pc:Unicode>Verzeichnuß</pc:Unicode>
                    </pc:TextEquiv>
                </pc:Word>
                <pc:TextEquiv conf="0.907345008850098">
                    <pc:Unicode>Allgemeine Verzeichnuß</pc:Unicode>
                </pc:TextEquiv>
            </pc:TextLine>
            <pc:TextEquiv conf="0.907345008850098">
                <pc:Unicode>Allgemeine Verzeichnuß</pc:Unicode>
            </pc:TextEquiv>
        </pc:TextRegion>
        <pc:TextRegion id="region0004" orientation="0.609934612221679" readingDirection="left-to-right" textLineOrder="top-to-bottom">
            <pc:Coords points="332,276 741,276 741,367 332,367"/>
            <pc:TextLine id="region0004_line0000">
                <pc:Coords points="332,276 741,276 741,328 332,328"/>
                <pc:Word id="region0004_line0000_word0000">
                    <pc:Coords points="332,279 413,279 413,322 332,322"/>
                    <pc:TextEquiv conf="0.915659332275391">
                        <pc:Unicode>uͤber</pc:Unicode>
                    </pc:TextEquiv>
                </pc:Word>
                <pc:Word id="region0004_line0000_word0001">
                    <pc:Coords points="424,282 474,282 474,320 424,320"/>
                    <pc:TextEquiv conf="0.915659332275391">
                        <pc:Unicode>die</pc:Unicode>
                    </pc:TextEquiv>
                </pc:Word>
                <pc:Word id="region0004_line0000_word0002">
                    <pc:Coords points="484,276 661,276 661,328 484,328"/>
                    <pc:TextEquiv conf="0.047823486328125">
                        <pc:Unicode>Hiſtorſen</pc:Unicode>
                    </pc:TextEquiv>
                </pc:Word>
                <pc:Word id="region0004_line0000_word0003">
                    <pc:Coords points="669,288 741,288 741,322 669,322"/>
                    <pc:TextEquiv conf="0.929257507324219">
                        <pc:Unicode>von</pc:Unicode>
                    </pc:TextEquiv>
                </pc:Word>
                <pc:TextEquiv conf="0.702099914550781">
                    <pc:Unicode>uͤber die Hiſtorſen von</pc:Unicode>
                </pc:TextEquiv>
            </pc:TextLine>
            <pc:TextLine id="region0004_line0001">
                <pc:Coords points="443,329 626,329 626,367 443,367"/>
                <pc:Word id="region0004_line0001_word0000">
                    <pc:Coords points="443,337 495,337 495,367 443,367"/>
                    <pc:TextEquiv conf="0.926041488647461">
                        <pc:Unicode>den</pc:Unicode>
                    </pc:TextEquiv>
                </pc:Word>
                <pc:Word id="region0004_line0001_word0001">
                    <pc:Coords points="503,329 626,329 626,366 503,366"/>
                    <pc:TextEquiv conf="0.919768371582031">
                        <pc:Unicode>Dieben.</pc:Unicode>
                    </pc:TextEquiv>
                </pc:Word>
                <pc:TextEquiv conf="0.922904930114746">
                    <pc:Unicode>den Dieben.</pc:Unicode>
                </pc:TextEquiv>
            </pc:TextLine>
            <pc:TextEquiv conf="0.812502422332764">
                <pc:Unicode>uͤber die Hiſtorſen von
den Dieben.</pc:Unicode>
            </pc:TextEquiv>
        </pc:TextRegion>
        <pc:TextRegion id="region0005" orientation="0.609934612221679" readingDirection="left-to-right" textLineOrder="top-to-bottom">
            <pc:Coords points="214,398 875,398 875,722 214,722"/>
            <pc:TextLine id="region0005_line0000">
                <pc:Coords points="385,398 684,398 684,452 385,452"/>
                <pc:Word id="region0005_line0000_word0000">
                    <pc:Coords points="385,398 485,398 485,447 385,447"/>
                    <pc:TextEquiv conf="0.922774047851562">
                        <pc:Unicode>Das</pc:Unicode>
                    </pc:TextEquiv>
                </pc:Word>
                <pc:Word id="region0005_line0000_word0001">
                    <pc:Coords points="494,405 520,405 520,442 494,442"/>
                    <pc:TextEquiv conf="0.876735076904297">
                        <pc:Unicode>J.</pc:Unicode>
                    </pc:TextEquiv>
                </pc:Word>
                <pc:Word id="region0005_line0000_word0002">
                    <pc:Coords points="532,402 684,402 684,452 532,452"/>
                    <pc:TextEquiv conf="0.891126022338867">
                        <pc:Unicode>Capitel.</pc:Unicode>
                    </pc:TextEquiv>
                </pc:Word>
                <pc:TextEquiv conf="0.896878382364909">
                    <pc:Unicode>Das J. Capitel.</pc:Unicode>
                </pc:TextEquiv>
            </pc:TextLine>
            <pc:TextLine id="region0005_line0001">
                <pc:Coords points="214,452 869,452 869,498 214,498"/>
                <pc:Word id="region0005_line0001_word0000">
                    <pc:Coords points="214,454 292,454 292,488 214,488"/>
                    <pc:TextEquiv conf="0.8993505859375">
                        <pc:Unicode>Von</pc:Unicode>
                    </pc:TextEquiv>
                </pc:Word>
                <pc:Word id="region0005_line0001_word0001">
                    <pc:Coords points="298,458 368,458 368,488 298,488"/>
                    <pc:TextEquiv conf="0.923520278930664">
                        <pc:Unicode>dem</pc:Unicode>
                    </pc:TextEquiv>
                </pc:Word>
                <pc:Word id="region0005_line0001_word0002">
                    <pc:Coords points="384,455 618,455 618,498 384,498"/>
                    <pc:TextEquiv conf="0.921029739379883">
                        <pc:Unicode>erſchrecklichen</pc:Unicode>
                    </pc:TextEquiv>
                </pc:Word>
                <pc:Word id="region0005_line0001_word0003">
                    <pc:Coords points="627,455 727,455 727,488 627,488"/>
                    <pc:TextEquiv conf="0.929985198974609">
                        <pc:Unicode>Leben</pc:Unicode>
                    </pc:TextEquiv>
                </pc:Word>
                <pc:Word id="region0005_line0001_word0004">
                    <pc:Coords points="745,452 802,452 802,496 745,496"/>
                    <pc:TextEquiv conf="0.924450378417969">
                        <pc:Unicode>deß</pc:Unicode>
                    </pc:TextEquiv>
                </pc:Word>
                <pc:Word id="region0005_line0001_word0005">
                    <pc:Coords points="810,453 869,453 869,485 810,485"/>
                    <pc:TextEquiv conf="0.874437026977539">
                        <pc:Unicode>Ca⸗</pc:Unicode>
                    </pc:TextEquiv>
                </pc:Word>
                <pc:TextEquiv conf="0.912128868103027">
                    <pc:Unicode>Von dem erſchrecklichen Leben deß Ca⸗</pc:Unicode>
                </pc:TextEquiv>
            </pc:TextLine>
            <pc:TextLine id="region0005_line0002">
                <pc:Coords points="258,498 870,498 870,544 258,544"/>
                <pc:Word id="region0005_line0002_word0000">
                    <pc:Coords points="258,504 394,504 394,544 258,544"/>
                    <pc:TextEquiv conf="0.908239288330078">
                        <pc:Unicode>pitainen</pc:Unicode>
                    </pc:TextEquiv>
                </pc:Word>
                <pc:Word id="region0005_line0002_word0001">
                    <pc:Coords points="403,502 536,502 536,543 403,543"/>
                    <pc:TextEquiv conf="0.92597770690918">
                        <pc:Unicode>Lycaon</pc:Unicode>
                    </pc:TextEquiv>
                </pc:Word>
                <pc:Word id="region0005_line0002_word0002">
                    <pc:Coords points="535,498 517,498 517,544 535,544"/>
                    <pc:TextEquiv conf="0.923771743774414">
                        <pc:Unicode>/</pc:Unicode>
                    </pc:TextEquiv>
                </pc:Word>
                <pc:Word id="region0005_line0002_word0003">
                    <pc:Coords points="543,501 590,501 590,533 543,533"/>
                    <pc:TextEquiv conf="0.929426498413086">
                        <pc:Unicode>als</pc:Unicode>
                    </pc:TextEquiv>
                </pc:Word>
                <pc:Word id="region0005_line0002_word0004">
                    <pc:Coords points="597,499 652,499 652,541 597,541"/>
                    <pc:TextEquiv conf="0.872635192871094">
                        <pc:Unicode>deß</pc:Unicode>
                    </pc:TextEquiv>
                </pc:Word>
                <pc:Word id="region0005_line0002_word0005">
                    <pc:Coords points="661,498 813,498 813,539 661,539"/>
                    <pc:TextEquiv conf="0.522160148620605">
                        <pc:Unicode>Oberſten</pc:Unicode>
                    </pc:TextEquiv>
                </pc:Word>
                <pc:Word id="region0005_line0002_word0006">
                    <pc:Coords points="820,499 870,499 870,530 820,530"/>
                    <pc:TextEquiv conf="0.920553131103516">
                        <pc:Unicode>der</pc:Unicode>
                    </pc:TextEquiv>
                </pc:Word>
                <pc:TextEquiv conf="0.857537672860282">
                    <pc:Unicode>pitainen Lycaon / als deß Oberſten der</pc:Unicode>
                </pc:TextEquiv>
            </pc:TextLine>
            <pc:TextLine id="region0005_line0003">
                <pc:Coords points="259,543 870,543 870,589 259,589"/>
                <pc:Word id="region0005_line0003_word0000">
                    <pc:Coords points="259,544 393,544 393,582 259,582"/>
                    <pc:TextEquiv conf="0.922596282958984">
                        <pc:Unicode>Dieben</pc:Unicode>
                    </pc:TextEquiv>
                </pc:Word>
                <pc:Word id="region0005_line0003_word0001">
                    <pc:Coords points="400,543 382,543 382,589 400,589"/>
                    <pc:TextEquiv conf="0.908034744262695">
                        <pc:Unicode>/</pc:Unicode>
                    </pc:TextEquiv>
                </pc:Word>
                <pc:Word id="region0005_line0003_word0002">
                    <pc:Coords points="404,546 480,546 480,580 404,580"/>
                    <pc:TextEquiv conf="0.929333267211914">
                        <pc:Unicode>Von</pc:Unicode>
                    </pc:TextEquiv>
                </pc:Word>
                <pc:Word id="region0005_line0003_word0003">
                    <pc:Coords points="487,547 592,547 592,589 487,589"/>
                    <pc:TextEquiv conf="0.925260543823242">
                        <pc:Unicode>ſeinem</pc:Unicode>
                    </pc:TextEquiv>
                </pc:Word>
                <pc:Word id="region0005_line0003_word0004">
                    <pc:Coords points="781,543 609,543 609,589 781,589"/>
                    <pc:TextEquiv conf="0.919282531738281">
                        <pc:Unicode>Geſchlecht</pc:Unicode>
                    </pc:TextEquiv>
                </pc:Word>
                <pc:Word id="region0005_line0003_word0005">
                    <pc:Coords points="801,543 870,543 870,575 801,575"/>
                    <pc:TextEquiv conf="0.927405014038086">
                        <pc:Unicode>vnnd</pc:Unicode>
                    </pc:TextEquiv>
                </pc:Word>
                <pc:TextEquiv conf="0.921985397338867">
                    <pc:Unicode>Dieben / Von ſeinem Geſchlecht vnnd</pc:Unicode>
                </pc:TextEquiv>
            </pc:TextLine>
            <pc:TextLine id="region0005_line0004">
                <pc:Coords points="259,588 872,588 872,632 259,632"/>
                <pc:Word id="region0005_line0004_word0000">
                    <pc:Coords points="259,589 464,589 464,630 259,630"/>
                    <pc:TextEquiv conf="0.916679077148438">
                        <pc:Unicode>Herkommen</pc:Unicode>
                    </pc:TextEquiv>
                </pc:Word>
                <pc:Word id="region0005_line0004_word0001">
                    <pc:Coords points="487,594 569,594 569,625 487,625"/>
                    <pc:TextEquiv conf="0.832366027832031">
                        <pc:Unicode>/vnnd</pc:Unicode>
                    </pc:TextEquiv>
                </pc:Word>
                <pc:Word id="region0005_line0004_word0002">
                    <pc:Coords points="576,594 635,594 635,624 576,624"/>
                    <pc:TextEquiv conf="0.910133209228516">
                        <pc:Unicode>wie</pc:Unicode>
                    </pc:TextEquiv>
                </pc:Word>
                <pc:Word id="region0005_line0004_word0003">
                    <pc:Coords points="642,600 670,600 670,622 642,622"/>
                    <pc:TextEquiv conf="0.930550003051758">
                        <pc:Unicode>er</pc:Unicode>
                    </pc:TextEquiv>
                </pc:Word>
                <pc:Word id="region0005_line0004_word0004">
                    <pc:Coords points="678,589 737,589 737,632 678,632"/>
                    <pc:TextEquiv conf="0.917435073852539">
                        <pc:Unicode>ſich</pc:Unicode>
                    </pc:TextEquiv>
                </pc:Word>
                <pc:Word id="region0005_line0004_word0005">
                    <pc:Coords points="744,592 774,592 774,621 744,621"/>
                    <pc:TextEquiv conf="0.917435073852539">
                        <pc:Unicode>in</pc:Unicode>
                    </pc:TextEquiv>
                </pc:Word>
                <pc:Word id="region0005_line0004_word0006">
                    <pc:Coords points="782,588 872,588 872,630 782,630"/>
                    <pc:TextEquiv conf="0.904659729003906">
                        <pc:Unicode>ſeiner</pc:Unicode>
                    </pc:TextEquiv>
                </pc:Word>
                <pc:TextEquiv conf="0.904179741995675">
                    <pc:Unicode>Herkommen /vnnd wie er ſich in ſeiner</pc:Unicode>
                </pc:TextEquiv>
            </pc:TextLine>
            <pc:TextLine id="region0005_line0005">
                <pc:Coords points="260,636 638,636 638,679 260,679"/>
                <pc:Word id="region0005_line0005_word0000">
                    <pc:Coords points="260,636 465,636 465,679 260,679"/>
                    <pc:TextEquiv conf="0.891234664916992">
                        <pc:Unicode>Jugendt</pc:Unicode>
                    </pc:TextEquiv>
                </pc:Word>
                <pc:Word id="region0005_line0005_word0001">
                    <pc:Coords points="455,636 405,636 405,679 455,679"/>
                    <pc:TextEquiv conf="0.912714691162109">
                        <pc:Unicode>hat</pc:Unicode>
                    </pc:TextEquiv>
                </pc:Word>
                <pc:Word id="region0005_line0005_word0002">
                    <pc:Coords points="471,637 638,637 638,679 471,679"/>
                    <pc:TextEquiv conf="0.909025039672852">
                        <pc:Unicode>verhalten.</pc:Unicode>
                    </pc:TextEquiv>
                </pc:Word>
                <pc:TextEquiv conf="0.904324798583984">
                    <pc:Unicode>Jugendt hat verhalten.</pc:Unicode>
                </pc:TextEquiv>
            </pc:TextLine>
            <pc:TextLine id="region0005_line0006">
                <pc:Coords points="536,678 875,678 875,722 536,722"/>
                <pc:Word id="region0005_line0006_word0000">
                    <pc:Coords points="536,686 609,686 609,722 536,722"/>
                    <pc:TextEquiv conf="0.914345626831055">
                        <pc:Unicode>Ann</pc:Unicode>
                    </pc:TextEquiv>
                </pc:Word>
                <pc:Word id="region0005_line0006_word0001">
                    <pc:Coords points="627,689 669,689 669,718 627,718"/>
                    <pc:TextEquiv conf="0.91705810546875">
                        <pc:Unicode>ein</pc:Unicode>
                    </pc:TextEquiv>
                </pc:Word>
                <pc:Word id="region0005_line0006_word0002">
                    <pc:Coords points="684,678 808,678 808,720 684,720"/>
                    <pc:TextEquiv conf="0.904977493286133">
                        <pc:Unicode>Menſch</pc:Unicode>
                    </pc:TextEquiv>
                </pc:Word>
                <pc:Word id="region0005_line0006_word0003">
                    <pc:Coords points="821,683 875,683 875,712 821,712"/>
                    <pc:TextEquiv conf="0.904977493286133">
                        <pc:Unicode>ein⸗</pc:Unicode>
                    </pc:TextEquiv>
                </pc:Word>
                <pc:TextEquiv conf="0.910339679718018">
                    <pc:Unicode>Ann ein Menſch ein⸗</pc:Unicode>
                </pc:TextEquiv>
            </pc:TextLine>
            <pc:TextEquiv conf="0.901053505852109">
                <pc:Unicode>Das J. Capitel.
Von dem erſchrecklichen Leben deß Ca⸗
pitainen Lycaon / als deß Oberſten der
Dieben / Von ſeinem Geſchlecht vnnd
Herkommen /vnnd wie er ſich in ſeiner
Jugendt hat verhalten.
Ann ein Menſch ein⸗</pc:Unicode>
            </pc:TextEquiv>
        </pc:TextRegion>
        <pc:TextRegion id="region0006" orientation="0.609934612221679" readingDirection="left-to-right" textLineOrder="top-to-bottom">
            <pc:Coords points="218,723 884,723 884,1283 218,1283"/>
            <pc:TextLine id="region0006_line0000">
                <pc:Coords points="541,723 875,723 875,764 541,764"/>
                <pc:Word id="region0006_line0000_word0000">
                    <pc:Coords points="541,731 594,731 594,764 541,764"/>
                    <pc:TextEquiv conf="0.917227096557617">
                        <pc:Unicode>mal</pc:Unicode>
                    </pc:TextEquiv>
                </pc:Word>
                <pc:Word id="region0006_line0000_word0001">
                    <pc:Coords points="608,729 729,729 729,764 608,764"/>
                    <pc:TextEquiv conf="0.856316680908203">
                        <pc:Unicode>anfanget</pc:Unicode>
                    </pc:TextEquiv>
                </pc:Word>
                <pc:Word id="region0006_line0000_word0002">
                    <pc:Coords points="749,732 777,732 777,759 749,759"/>
                    <pc:TextEquiv conf="0.917869262695313">
                        <pc:Unicode>zu</pc:Unicode>
                    </pc:TextEquiv>
                </pc:Word>
                <pc:Word id="region0006_line0000_word0003">
                    <pc:Coords points="792,723 875,723 875,755 792,755"/>
                    <pc:TextEquiv conf="0.897229995727539">
                        <pc:Unicode>raſen</pc:Unicode>
                    </pc:TextEquiv>
                </pc:Word>
                <pc:Word id="region0006_line0000_word0004">
                    <pc:Coords points="861,764 875,764 875,723 861,723"/>
                    <pc:TextEquiv conf="0.897229995727539">
                        <pc:Unicode>/</pc:Unicode>
                    </pc:TextEquiv>
                </pc:Word>
                <pc:TextEquiv conf="0.897174606323242">
                    <pc:Unicode>mal anfanget zu raſen /</pc:Unicode>
                </pc:TextEquiv>
            </pc:TextLine>
            <pc:TextLine id="region0006_line0001">
                <pc:Coords points="440,761 844,761 844,838 440,838"/>
                <pc:Word id="region0006_line0001_word0000">
                    <pc:Coords points="440,773 632,773 632,819 440,819"/>
                    <pc:TextEquiv conf="0.">
                        <pc:Unicode>vndin</pc:Unicode>
                    </pc:TextEquiv>
                </pc:Word>
                <pc:Word id="region0006_line0001_word0001">
                    <pc:Coords points="644,762 698,762 698,808 644,808"/>
                    <pc:TextEquiv conf="0.929006576538086">
                        <pc:Unicode>Ver</pc:Unicode>
                    </pc:TextEquiv>
                </pc:Word>
                <pc:Word id="region0006_line0001_word0002">
                    <pc:Coords points="710,761 844,761 844,838 710,838"/>
                    <pc:TextEquiv conf="0.507603530883789">
                        <pc:Unicode>—</pc:Unicode>
                    </pc:TextEquiv>
                </pc:Word>
                <pc:TextEquiv conf="0.812203369140625">
                    <pc:Unicode>vndin Ver —</pc:Unicode>
                </pc:TextEquiv>
            </pc:TextLine>
            <pc:TextLine id="region0006_line0002">
                <pc:Coords points="343,807 878,807 878,853 343,853"/>
                <pc:Word id="region0006_line0002_word0000">
                    <pc:Coords points="343,822 408,822 408,853 343,853"/>
                    <pc:TextEquiv conf="0.280972595214844">
                        <pc:Unicode>—</pc:Unicode>
                    </pc:TextEquiv>
                </pc:Word>
                <pc:Word id="region0006_line0002_word0001">
                    <pc:Coords points="541,807 815,807 815,848 541,848"/>
                    <pc:TextEquiv conf="0.901253051757812">
                        <pc:Unicode>gerathen</pc:Unicode>
                    </pc:TextEquiv>
                </pc:Word>
                <pc:Word id="region0006_line0002_word0002">
                    <pc:Coords points="653,852 669,852 669,807 653,807"/>
                    <pc:TextEquiv conf="0.901253051757812">
                        <pc:Unicode>/</pc:Unicode>
                    </pc:TextEquiv>
                </pc:Word>
                <pc:Word id="region0006_line0002_word0003">
                    <pc:Coords points="677,852 727,852 727,807 677,807"/>
                    <pc:TextEquiv conf="0.92513786315918">
                        <pc:Unicode>oder</pc:Unicode>
                    </pc:TextEquiv>
                </pc:Word>
                <pc:Word id="region0006_line0002_word0004">
                    <pc:Coords points="742,807 815,807 815,848 742,848"/>
                    <pc:TextEquiv conf="0.916738967895508">
                        <pc:Unicode>einmal</pc:Unicode>
                    </pc:TextEquiv>
                </pc:Word>
                <pc:Word id="region0006_line0002_word0005">
                    <pc:Coords points="844,811 878,811 878,831 844,831"/>
                    <pc:TextEquiv conf="0.848768768310547">
                        <pc:Unicode>fol⸗</pc:Unicode>
                    </pc:TextEquiv>
                </pc:Word>
                <pc:TextEquiv conf="0.795687383015951">
                    <pc:Unicode>— gerathen / oder einmal fol⸗</pc:Unicode>
                </pc:TextEquiv>
            </pc:TextLine>
            <pc:TextLine id="region0006_line0003">
                <pc:Coords points="345,831 879,831 879,907 345,907"/>
                <pc:Word id="region0006_line0003_word0000">
                    <pc:Coords points="345,842 386,842 386,907 345,907"/>
                    <pc:TextEquiv conf="0.627982902526856">
                        <pc:Unicode>9</pc:Unicode>
                    </pc:TextEquiv>
                </pc:Word>
                <pc:Word id="region0006_line0003_word0001">
                    <pc:Coords points="413,831 519,831 519,907 413,907"/>
                    <pc:TextEquiv conf="0.463037109375">
                        <pc:Unicode>—</pc:Unicode>
                    </pc:TextEquiv>
                </pc:Word>
                <pc:Word id="region0006_line0003_word0002">
                    <pc:Coords points="544,857 582,857 582,887 544,887"/>
                    <pc:TextEquiv conf="0.">
                        <pc:Unicode>In</pc:Unicode>
                    </pc:TextEquiv>
                </pc:Word>
                <pc:Word id="region0006_line0003_word0003">
                    <pc:Coords points="592,856 669,856 669,882 592,882"/>
                    <pc:TextEquiv conf="0.399812316894531">
                        <pc:Unicode>won</pc:Unicode>
                    </pc:TextEquiv>
                </pc:Word>
                <pc:Word id="region0006_line0003_word0004">
                    <pc:Coords points="677,846 724,846 724,882 677,882"/>
                    <pc:TextEquiv conf="0.808242416381836">
                        <pc:Unicode>ſein</pc:Unicode>
                    </pc:TextEquiv>
                </pc:Word>
                <pc:Word id="region0006_line0003_word0005">
                    <pc:Coords points="732,846 813,846 813,883 732,883"/>
                    <pc:TextEquiv conf="0.888298110961914">
                        <pc:Unicode>blinde</pc:Unicode>
                    </pc:TextEquiv>
                </pc:Word>
                <pc:Word id="region0006_line0003_word0006">
                    <pc:Coords points="828,833 855,833 855,893 828,893"/>
                    <pc:TextEquiv conf="0.263975982666016">
                        <pc:Unicode>Be</pc:Unicode>
                    </pc:TextEquiv>
                </pc:Word>
                <pc:Word id="region0006_line0003_word0007">
                    <pc:Coords points="866,850 879,850 879,870 866,870"/>
                    <pc:TextEquiv conf="0.263975982666016">
                        <pc:Unicode>⸗</pc:Unicode>
                    </pc:TextEquiv>
                </pc:Word>
                <pc:TextEquiv conf="0.589415602684021">
                    <pc:Unicode>9 — In won ſein blinde Be ⸗</pc:Unicode>
                </pc:TextEquiv>
            </pc:TextLine>
            <pc:TextLine id="region0006_line0004">
                <pc:Coords points="295,879 881,879 881,954 295,954"/>
                <pc:Word id="region0006_line0004_word0000">
                    <pc:Coords points="295,904 331,904 331,934 295,934"/>
                    <pc:TextEquiv conf="0.196934127807617">
                        <pc:Unicode>X</pc:Unicode>
                    </pc:TextEquiv>
                </pc:Word>
                <pc:Word id="region0006_line0004_word0001">
                    <pc:Coords points="337,879 395,879 395,954 337,954"/>
                    <pc:TextEquiv conf="0.145682373046875">
                        <pc:Unicode>*</pc:Unicode>
                    </pc:TextEquiv>
                </pc:Word>
                <pc:Word id="region0006_line0004_word0002">
                    <pc:Coords points="432,895 469,895 469,934 432,934"/>
                    <pc:TextEquiv conf="0.199933319091797">
                        <pc:Unicode>—R</pc:Unicode>
                    </pc:TextEquiv>
                </pc:Word>
                <pc:Word id="region0006_line0004_word0003">
                    <pc:Coords points="479,885 517,885 517,944 479,944"/>
                    <pc:TextEquiv conf="0.500471801757812">
                        <pc:Unicode>3</pc:Unicode>
                    </pc:TextEquiv>
                </pc:Word>
                <pc:Word id="region0006_line0004_word0004">
                    <pc:Coords points="545,893 625,893 625,927 545,927"/>
                    <pc:TextEquiv conf="0.738981857299805">
                        <pc:Unicode>glerde</pc:Unicode>
                    </pc:TextEquiv>
                </pc:Word>
                <pc:Word id="region0006_line0004_word0005">
                    <pc:Coords points="633,882 847,882 847,922 633,922"/>
                    <pc:TextEquiv conf="0.019613494873047">
                        <pc:Unicode>hinreiſſen</pc:Unicode>
                    </pc:TextEquiv>
                </pc:Word>
                <pc:Word id="region0006_line0004_word0006">
                    <pc:Coords points="759,931 773,931 773,879 759,879"/>
                    <pc:TextEquiv conf="0.796413116455078">
                        <pc:Unicode>/</pc:Unicode>
                    </pc:TextEquiv>
                </pc:Word>
                <pc:Word id="region0006_line0004_word0007">
                    <pc:Coords points="782,931 800,931 800,879 782,879"/>
                    <pc:TextEquiv conf="0.852540054321289">
                        <pc:Unicode>ſo</pc:Unicode>
                    </pc:TextEquiv>
                </pc:Word>
                <pc:Word id="region0006_line0004_word0008">
                    <pc:Coords points="809,931 850,931 850,879 809,879"/>
                    <pc:TextEquiv conf="0.288106689453125">
                        <pc:Unicode>laͤſ</pc:Unicode>
                    </pc:TextEquiv>
                </pc:Word>
                <pc:Word id="region0006_line0004_word0009">
                    <pc:Coords points="855,888 881,888 881,912 855,912"/>
                    <pc:TextEquiv conf="0.895193939208984">
                        <pc:Unicode>er</pc:Unicode>
                    </pc:TextEquiv>
                </pc:Word>
                <pc:TextEquiv conf="0.463387077331543">
                    <pc:Unicode>X * —R 3 glerde hinreiſſen / ſo laͤſ er</pc:Unicode>
                </pc:TextEquiv>
            </pc:TextLine>
            <pc:TextLine id="region0006_line0005">
                <pc:Coords points="267,918 879,918 879,975 267,975"/>
                <pc:Word id="region0006_line0005_word0000">
                    <pc:Coords points="267,930 319,930 319,971 267,971"/>
                    <pc:TextEquiv conf="0.544101028442383">
                        <pc:Unicode>—</pc:Unicode>
                    </pc:TextEquiv>
                </pc:Word>
                <pc:Word id="region0006_line0005_word0001">
                    <pc:Coords points="346,918 463,918 463,975 346,975"/>
                    <pc:TextEquiv conf="0.382979393005371">
                        <pc:Unicode>——</pc:Unicode>
                    </pc:TextEquiv>
                </pc:Word>
                <pc:Word id="region0006_line0005_word0002">
                    <pc:Coords points="488,927 653,927 653,960 488,960"/>
                    <pc:TextEquiv conf="0.372447776794434">
                        <pc:Unicode>Edarnach</pc:Unicode>
                    </pc:TextEquiv>
                </pc:Word>
                <pc:Word id="region0006_line0005_word0003">
                    <pc:Coords points="662,931 705,931 705,956 662,956"/>
                    <pc:TextEquiv conf="0.917146072387695">
                        <pc:Unicode>den</pc:Unicode>
                    </pc:TextEquiv>
                </pc:Word>
                <pc:Word id="region0006_line0005_word0004">
                    <pc:Coords points="719,966 775,966 775,918 719,918"/>
                    <pc:TextEquiv conf="0.917146072387695">
                        <pc:Unicode>Zaum</pc:Unicode>
                    </pc:TextEquiv>
                </pc:Word>
                <pc:Word id="region0006_line0005_word0005">
                    <pc:Coords points="801,921 879,921 879,958 801,958"/>
                    <pc:TextEquiv conf="0.862763748168945">
                        <pc:Unicode>ſchieſ⸗</pc:Unicode>
                    </pc:TextEquiv>
                </pc:Word>
                <pc:TextEquiv conf="0.666097348531087">
                    <pc:Unicode>— —— Edarnach den Zaum ſchieſ⸗</pc:Unicode>
                </pc:TextEquiv>
            </pc:TextLine>
            <pc:TextLine id="region0006_line0006">
                <pc:Coords points="304,963 878,963 878,1003 304,1003"/>
                <pc:Word id="region0006_line0006_word0000">
                    <pc:Coords points="304,966 464,966 464,999 304,999"/>
                    <pc:TextEquiv conf="0.404062805175781">
                        <pc:Unicode>qq</pc:Unicode>
                    </pc:TextEquiv>
                </pc:Word>
                <pc:Word id="region0006_line0006_word0001">
                    <pc:Coords points="662,963 578,963 578,1003 662,1003"/>
                    <pc:TextEquiv conf="0.906278228759766">
                        <pc:Unicode>ſeinen</pc:Unicode>
                    </pc:TextEquiv>
                </pc:Word>
                <pc:Word id="region0006_line0006_word0002">
                    <pc:Coords points="674,963 748,963 748,999 674,999"/>
                    <pc:TextEquiv conf="0.870401840209961">
                        <pc:Unicode>boͤſen</pc:Unicode>
                    </pc:TextEquiv>
                </pc:Word>
                <pc:Word id="region0006_line0006_word0003">
                    <pc:Coords points="757,965 878,965 878,992 757,992"/>
                    <pc:TextEquiv conf="0.812397689819336">
                        <pc:Unicode>vnorden⸗</pc:Unicode>
                    </pc:TextEquiv>
                </pc:Word>
                <pc:TextEquiv conf="0.748285140991211">
                    <pc:Unicode>qq ſeinen boͤſen vnorden⸗</pc:Unicode>
                </pc:TextEquiv>
            </pc:TextLine>
            <pc:TextLine id="region0006_line0007">
                <pc:Coords points="220,999 881,999 881,1048 220,1048"/>
                <pc:Word id="region0006_line0007_word0000">
                    <pc:Coords points="220,1015 301,1015 301,1048 220,1048"/>
                    <pc:TextEquiv conf="0.857350387573242">
                        <pc:Unicode>lichen</pc:Unicode>
                    </pc:TextEquiv>
                </pc:Word>
                <pc:Word id="region0006_line0007_word0001">
                    <pc:Coords points="310,1010 381,1010 381,1047 310,1047"/>
                    <pc:TextEquiv conf="0.871789855957031">
                        <pc:Unicode>boͤſen</pc:Unicode>
                    </pc:TextEquiv>
                </pc:Word>
                <pc:Word id="region0006_line0007_word0002">
                    <pc:Coords points="391,1008 518,1008 518,1046 391,1046"/>
                    <pc:TextEquiv conf="0.646618957519531">
                        <pc:Unicode>Affecten</pc:Unicode>
                    </pc:TextEquiv>
                </pc:Word>
                <pc:Word id="region0006_line0007_word0003">
                    <pc:Coords points="537,999 525,999 525,1048 537,1048"/>
                    <pc:TextEquiv conf="0.646618957519531">
                        <pc:Unicode>·</pc:Unicode>
                    </pc:TextEquiv>
                </pc:Word>
                <pc:Word id="region0006_line0007_word0004">
                    <pc:Coords points="550,1006 580,1006 580,1040 550,1040"/>
                    <pc:TextEquiv conf="0.780556488037109">
                        <pc:Unicode>Da</pc:Unicode>
                    </pc:TextEquiv>
                </pc:Word>
                <pc:Word id="region0006_line0007_word0005">
                    <pc:Coords points="590,1008 635,1008 635,1037 590,1037"/>
                    <pc:TextEquiv conf="0.780556488037109">
                        <pc:Unicode>kan</pc:Unicode>
                    </pc:TextEquiv>
                </pc:Word>
                <pc:Word id="region0006_line0007_word0006">
                    <pc:Coords points="650,1013 713,1013 713,1036 650,1036"/>
                    <pc:TextEquiv conf="0.919271621704102">
                        <pc:Unicode>man</pc:Unicode>
                    </pc:TextEquiv>
                </pc:Word>
                <pc:Word id="region0006_line0007_word0007">
                    <pc:Coords points="721,1006 749,1006 749,1033 721,1033"/>
                    <pc:TextEquiv conf="0.920508041381836">
                        <pc:Unicode>in</pc:Unicode>
                    </pc:TextEquiv>
                </pc:Word>
                <pc:Word id="region0006_line0007_word0008">
                    <pc:Coords points="757,1006 797,1006 797,1032 757,1032"/>
                    <pc:TextEquiv conf="0.927273483276367">
                        <pc:Unicode>der</pc:Unicode>
                    </pc:TextEquiv>
                </pc:Word>
                <pc:Word id="region0006_line0007_word0009">
                    <pc:Coords points="804,999 881,999 881,1030 804,1030"/>
                    <pc:TextEquiv conf="0.930304565429688">
                        <pc:Unicode>Welt</pc:Unicode>
                    </pc:TextEquiv>
                </pc:Word>
                <pc:TextEquiv conf="0.828084884643555">
                    <pc:Unicode>lichen boͤſen Affecten · Da kan man in der Welt</pc:Unicode>
                </pc:TextEquiv>
            </pc:TextLine>
            <pc:TextLine id="region0006_line0008">
                <pc:Coords points="219,1040 881,1040 881,1087 219,1087"/>
                <pc:Word id="region0006_line0008_word0000">
                    <pc:Coords points="219,1057 360,1057 360,1087 219,1087"/>
                    <pc:TextEquiv conf="0.365739593505859">
                        <pc:Unicode>nemands</pc:Unicode>
                    </pc:TextEquiv>
                </pc:Word>
                <pc:Word id="region0006_line0008_word0001">
                    <pc:Coords points="368,1047 540,1047 540,1086 368,1086"/>
                    <pc:TextEquiv conf="0.921591186523438">
                        <pc:Unicode>uͤbermuͤtiger</pc:Unicode>
                    </pc:TextEquiv>
                </pc:Word>
                <pc:Word id="region0006_line0008_word0002">
                    <pc:Coords points="547,1052 600,1052 600,1078 547,1078"/>
                    <pc:TextEquiv conf="0.927641983032227">
                        <pc:Unicode>vnd</pc:Unicode>
                    </pc:TextEquiv>
                </pc:Word>
                <pc:Word id="region0006_line0008_word0003">
                    <pc:Coords points="608,1044 695,1044 695,1081 608,1081"/>
                    <pc:TextEquiv conf="0.868426742553711">
                        <pc:Unicode>aͤrger</pc:Unicode>
                    </pc:TextEquiv>
                </pc:Word>
                <pc:Word id="region0006_line0008_word0004">
                    <pc:Coords points="686,1085 699,1085 699,1040 686,1040"/>
                    <pc:TextEquiv conf="0.868426742553711">
                        <pc:Unicode>/</pc:Unicode>
                    </pc:TextEquiv>
                </pc:Word>
                <pc:Word id="region0006_line0008_word0005">
                    <pc:Coords points="711,1046 748,1046 748,1074 711,1074"/>
                    <pc:TextEquiv conf="0.930866851806641">
                        <pc:Unicode>als</pc:Unicode>
                    </pc:TextEquiv>
                </pc:Word>
                <pc:Word id="region0006_line0008_word0006">
                    <pc:Coords points="760,1044 817,1044 817,1072 760,1072"/>
                    <pc:TextEquiv conf="0.912292251586914">
                        <pc:Unicode>einen</pc:Unicode>
                    </pc:TextEquiv>
                </pc:Word>
                <pc:Word id="region0006_line0008_word0007">
                    <pc:Coords points="838,1040 881,1040 881,1074 838,1074"/>
                    <pc:TextEquiv conf="0.912292251586914">
                        <pc:Unicode>ſol⸗</pc:Unicode>
                    </pc:TextEquiv>
                </pc:Word>
                <pc:TextEquiv conf="0.838409700393677">
                    <pc:Unicode>nemands uͤbermuͤtiger vnd aͤrger / als einen ſol⸗</pc:Unicode>
                </pc:TextEquiv>
            </pc:TextLine>
            <pc:TextLine id="region0006_line0009">
                <pc:Coords points="218,1078 882,1078 882,1128 218,1128"/>
                <pc:Word id="region0006_line0009_word0000">
                    <pc:Coords points="218,1096 279,1096 279,1128 218,1128"/>
                    <pc:TextEquiv conf="0.89858512878418">
                        <pc:Unicode>chen</pc:Unicode>
                    </pc:TextEquiv>
                </pc:Word>
                <pc:Word id="region0006_line0009_word0001">
                    <pc:Coords points="287,1089 508,1089 508,1127 287,1127"/>
                    <pc:TextEquiv conf="0.707528381347656">
                        <pc:Unicode>Menſchen</pc:Unicode>
                    </pc:TextEquiv>
                </pc:Word>
                <pc:Word id="region0006_line0009_word0002">
                    <pc:Coords points="440,1079 426,1079 426,1128 440,1128"/>
                    <pc:TextEquiv conf="0.901904296875">
                        <pc:Unicode>/</pc:Unicode>
                    </pc:TextEquiv>
                </pc:Word>
                <pc:Word id="region0006_line0009_word0003">
                    <pc:Coords points="452,1089 524,1089 524,1127 452,1127"/>
                    <pc:TextEquiv conf="0.67781608581543">
                        <pc:Unicode>ſehen:</pc:Unicode>
                    </pc:TextEquiv>
                </pc:Word>
                <pc:Word id="region0006_line0009_word0004">
                    <pc:Coords points="533,1087 622,1087 622,1118 533,1118"/>
                    <pc:TextEquiv conf="0.909839782714844">
                        <pc:Unicode>Dann</pc:Unicode>
                    </pc:TextEquiv>
                </pc:Word>
                <pc:Word id="region0006_line0009_word0005">
                    <pc:Coords points="632,1088 670,1088 670,1114 632,1114"/>
                    <pc:TextEquiv conf="0.909839782714844">
                        <pc:Unicode>ein</pc:Unicode>
                    </pc:TextEquiv>
                </pc:Word>
                <pc:Word id="region0006_line0009_word0006">
                    <pc:Coords points="678,1083 766,1083 766,1119 678,1119"/>
                    <pc:TextEquiv conf="0.825613708496094">
                        <pc:Unicode>ſelcher</pc:Unicode>
                    </pc:TextEquiv>
                </pc:Word>
                <pc:Word id="region0006_line0009_word0007">
                    <pc:Coords points="772,1078 882,1078 882,1113 772,1113"/>
                    <pc:TextEquiv conf="0.910774612426758">
                        <pc:Unicode>Menſch</pc:Unicode>
                    </pc:TextEquiv>
                </pc:Word>
                <pc:TextEquiv conf="0.842737722396851">
                    <pc:Unicode>chen Menſchen / ſehen: Dann ein ſelcher Menſch</pc:Unicode>
                </pc:TextEquiv>
            </pc:TextLine>
            <pc:TextLine id="region0006_line0010">
                <pc:Coords points="221,1114 882,1114 882,1167 221,1167"/>
                <pc:Word id="region0006_line0010_word0000">
                    <pc:Coords points="221,1138 289,1138 289,1167 221,1167"/>
                    <pc:TextEquiv conf="0.285887985229492">
                        <pc:Unicode>crotzt</pc:Unicode>
                    </pc:TextEquiv>
                </pc:Word>
                <pc:Word id="region0006_line0010_word0001">
                    <pc:Coords points="296,1136 410,1136 410,1164 296,1164"/>
                    <pc:TextEquiv conf="0.738576889038086">
                        <pc:Unicode>alsdann</pc:Unicode>
                    </pc:TextEquiv>
                </pc:Word>
                <pc:Word id="region0006_line0010_word0002">
                    <pc:Coords points="420,1134 465,1134 465,1160 420,1160"/>
                    <pc:TextEquiv conf="0.921679611206055">
                        <pc:Unicode>den</pc:Unicode>
                    </pc:TextEquiv>
                </pc:Word>
                <pc:Word id="region0006_line0010_word0003">
                    <pc:Coords points="475,1127 631,1127 631,1163 475,1163"/>
                    <pc:TextEquiv conf="0.849825439453125">
                        <pc:Unicode>Himmel</pc:Unicode>
                    </pc:TextEquiv>
                </pc:Word>
                <pc:Word id="region0006_line0010_word0004">
                    <pc:Coords points="603,1123 593,1123 593,1167 603,1167"/>
                    <pc:TextEquiv conf="0.916456832885742">
                        <pc:Unicode>/</pc:Unicode>
                    </pc:TextEquiv>
                </pc:Word>
                <pc:Word id="region0006_line0010_word0005">
                    <pc:Coords points="634,1123 615,1123 615,1167 634,1167"/>
                    <pc:TextEquiv conf="0.920135726928711">
                        <pc:Unicode>er</pc:Unicode>
                    </pc:TextEquiv>
                </pc:Word>
                <pc:Word id="region0006_line0010_word0006">
                    <pc:Coords points="640,1114 808,1114 808,1162 640,1162"/>
                    <pc:TextEquiv conf="0.927169723510742">
                        <pc:Unicode>verſchmaͤhet</pc:Unicode>
                    </pc:TextEquiv>
                </pc:Word>
                <pc:Word id="region0006_line0010_word0007">
                    <pc:Coords points="828,1114 882,1114 882,1162 828,1162"/>
                    <pc:TextEquiv conf="0.924215393066406">
                        <pc:Unicode>Got⸗</pc:Unicode>
                    </pc:TextEquiv>
                </pc:Word>
                <pc:TextEquiv conf="0.810493450164795">
                    <pc:Unicode>crotzt alsdann den Himmel / er verſchmaͤhet Got⸗</pc:Unicode>
                </pc:TextEquiv>
            </pc:TextLine>
            <pc:TextLine id="region0006_line0011">
                <pc:Coords points="219,1159 883,1159 883,1207 219,1207"/>
                <pc:Word id="region0006_line0011_word0000">
                    <pc:Coords points="219,1179 260,1179 260,1202 219,1202"/>
                    <pc:TextEquiv conf="0.">
                        <pc:Unicode>a⸗</pc:Unicode>
                    </pc:TextEquiv>
                </pc:Word>
                <pc:Word id="region0006_line0011_word0001">
                    <pc:Coords points="267,1171 423,1171 423,1207 267,1207"/>
                    <pc:TextEquiv conf="0.840509033203125">
                        <pc:Unicode>Schickung</pc:Unicode>
                    </pc:TextEquiv>
                </pc:Word>
                <pc:Word id="region0006_line0011_word0002">
                    <pc:Coords points="433,1171 505,1171 505,1200 433,1200"/>
                    <pc:TextEquiv conf="0.884558868408203">
                        <pc:Unicode>vnnd</pc:Unicode>
                    </pc:TextEquiv>
                </pc:Word>
                <pc:Word id="region0006_line0011_word0003">
                    <pc:Coords points="513,1166 650,1166 650,1199 513,1199"/>
                    <pc:TextEquiv conf="0.843009262084961">
                        <pc:Unicode>Ordnung</pc:Unicode>
                    </pc:TextEquiv>
                </pc:Word>
                <pc:Word id="region0006_line0011_word0004">
                    <pc:Coords points="658,1170 666,1170 666,1192 658,1192"/>
                    <pc:TextEquiv conf="0.888122177124023">
                        <pc:Unicode>/</pc:Unicode>
                    </pc:TextEquiv>
                </pc:Word>
                <pc:Word id="region0006_line0011_word0005">
                    <pc:Coords points="674,1161 714,1161 714,1193 674,1193"/>
                    <pc:TextEquiv conf="0.915987854003906">
                        <pc:Unicode>Er</pc:Unicode>
                    </pc:TextEquiv>
                </pc:Word>
                <pc:Word id="region0006_line0011_word0006">
                    <pc:Coords points="723,1162 821,1162 821,1198 723,1198"/>
                    <pc:TextEquiv conf="0.929008483886719">
                        <pc:Unicode>glaubet</pc:Unicode>
                    </pc:TextEquiv>
                </pc:Word>
                <pc:Word id="region0006_line0011_word0007">
                    <pc:Coords points="830,1159 883,1159 883,1188 830,1188"/>
                    <pc:TextEquiv conf="0.911886291503906">
                        <pc:Unicode>vnd</pc:Unicode>
                    </pc:TextEquiv>
                </pc:Word>
                <pc:TextEquiv conf="0.901635246276855">
                    <pc:Unicode>a⸗ Schickung vnnd Ordnung / Er glaubet vnd</pc:Unicode>
                </pc:TextEquiv>
            </pc:TextLine>
            <pc:TextLine id="region0006_line0012">
                <pc:Coords points="219,1198 882,1198 882,1244 219,1244"/>
                <pc:Word id="region0006_line0012_word0000">
                    <pc:Coords points="219,1212 293,1212 293,1241 219,1241"/>
                    <pc:TextEquiv conf="0.801831283569336">
                        <pc:Unicode>bildee</pc:Unicode>
                    </pc:TextEquiv>
                </pc:Word>
                <pc:Word id="region0006_line0012_word0001">
                    <pc:Coords points="301,1213 355,1213 355,1244 301,1244"/>
                    <pc:TextEquiv conf="0.393313026428223">
                        <pc:Unicode>in</pc:Unicode>
                    </pc:TextEquiv>
                </pc:Word>
                <pc:Word id="region0006_line0012_word0002">
                    <pc:Coords points="363,1213 403,1213 403,1242 363,1242"/>
                    <pc:TextEquiv conf="0.083818664550781">
                        <pc:Unicode>ein</pc:Unicode>
                    </pc:TextEquiv>
                </pc:Word>
                <pc:Word id="region0006_line0012_word0003">
                    <pc:Coords points="411,1218 420,1218 420,1240 411,1240"/>
                    <pc:TextEquiv conf="0.792041091918945">
                        <pc:Unicode>/</pc:Unicode>
                    </pc:TextEquiv>
                </pc:Word>
                <pc:Word id="region0006_line0012_word0004">
                    <pc:Coords points="433,1212 470,1212 470,1240 433,1240"/>
                    <pc:TextEquiv conf="0.915094604492187">
                        <pc:Unicode>die</pc:Unicode>
                    </pc:TextEquiv>
                </pc:Word>
                <pc:Word id="region0006_line0012_word0005">
                    <pc:Coords points="481,1205 635,1205 635,1244 481,1244"/>
                    <pc:TextEquiv conf="0.919326248168945">
                        <pc:Unicode>Geſtirn</pc:Unicode>
                    </pc:TextEquiv>
                </pc:Word>
                <pc:Word id="region0006_line0012_word0006">
                    <pc:Coords points="637,1198 606,1198 606,1244 637,1244"/>
                    <pc:TextEquiv conf="0.908526382446289">
                        <pc:Unicode>am</pc:Unicode>
                    </pc:TextEquiv>
                </pc:Word>
                <pc:Word id="region0006_line0012_word0007">
                    <pc:Coords points="645,1202 735,1202 735,1238 645,1238"/>
                    <pc:TextEquiv conf="0.908526382446289">
                        <pc:Unicode>Himel</pc:Unicode>
                    </pc:TextEquiv>
                </pc:Word>
                <pc:Word id="region0006_line0012_word0008">
                    <pc:Coords points="744,1198 839,1198 839,1235 744,1235"/>
                    <pc:TextEquiv conf="0.890401000976562">
                        <pc:Unicode>muͤſſen</pc:Unicode>
                    </pc:TextEquiv>
                </pc:Word>
                <pc:Word id="region0006_line0012_word0009">
                    <pc:Coords points="847,1198 882,1198 882,1231 847,1231"/>
                    <pc:TextEquiv conf="0.890401000976562">
                        <pc:Unicode>jm</pc:Unicode>
                    </pc:TextEquiv>
                </pc:Word>
                <pc:TextEquiv conf="0.750327968597412">
                    <pc:Unicode>bildee in ein / die Geſtirn am Himel muͤſſen jm</pc:Unicode>
                </pc:TextEquiv>
            </pc:TextLine>
            <pc:TextLine id="region0006_line0013">
                <pc:Coords points="219,1241 884,1241 884,1283 219,1283"/>
                <pc:Word id="region0006_line0013_word0000">
                    <pc:Coords points="219,1249 284,1249 284,1282 219,1282"/>
                    <pc:TextEquiv conf="0.930387268066406">
                        <pc:Unicode>nach</pc:Unicode>
                    </pc:TextEquiv>
                </pc:Word>
                <pc:Word id="region0006_line0013_word0001">
                    <pc:Coords points="291,1249 384,1249 384,1283 291,1283"/>
                    <pc:TextEquiv conf="0.577009391784668">
                        <pc:Unicode>ſeinem</pc:Unicode>
                    </pc:TextEquiv>
                </pc:Word>
                <pc:Word id="region0006_line0013_word0002">
                    <pc:Coords points="395,1247 480,1247 480,1283 395,1283"/>
                    <pc:TextEquiv conf="0.917559509277344">
                        <pc:Unicode>Kopff</pc:Unicode>
                    </pc:TextEquiv>
                </pc:Word>
                <pc:Word id="region0006_line0013_word0003">
                    <pc:Coords points="486,1245 563,1245 563,1281 486,1281"/>
                    <pc:TextEquiv conf="0.920320281982422">
                        <pc:Unicode>gehen</pc:Unicode>
                    </pc:TextEquiv>
                </pc:Word>
                <pc:Word id="region0006_line0013_word0004">
                    <pc:Coords points="572,1248 625,1248 625,1274 572,1274"/>
                    <pc:TextEquiv conf="0.929427108764648">
                        <pc:Unicode>vnd</pc:Unicode>
                    </pc:TextEquiv>
                </pc:Word>
                <pc:Word id="region0006_line0013_word0005">
                    <pc:Coords points="634,1244 757,1244 757,1278 634,1278"/>
                    <pc:TextEquiv conf="0.922958450317383">
                        <pc:Unicode>operieren</pc:Unicode>
                    </pc:TextEquiv>
                </pc:Word>
                <pc:Word id="region0006_line0013_word0006">
                    <pc:Coords points="768,1246 775,1246 775,1270 768,1270"/>
                    <pc:TextEquiv conf="0.926874084472656">
                        <pc:Unicode>/</pc:Unicode>
                    </pc:TextEquiv>
                </pc:Word>
                <pc:Word id="region0006_line0013_word0007">
                    <pc:Coords points="819,1241 793,1241 793,1283 819,1283"/>
                    <pc:TextEquiv conf="0.921955261230469">
                        <pc:Unicode>es</pc:Unicode>
                    </pc:TextEquiv>
                </pc:Word>
                <pc:Word id="region0006_line0013_word0008">
                    <pc:Coords points="818,1241 884,1241 884,1266 818,1266"/>
                    <pc:TextEquiv conf="0.770773696899414">
                        <pc:Unicode>dun⸗</pc:Unicode>
                    </pc:TextEquiv>
                </pc:Word>
                <pc:TextEquiv conf="0.868585005866157">
                    <pc:Unicode>nach ſeinem Kopff gehen vnd operieren / es dun⸗</pc:Unicode>
                </pc:TextEquiv>
            </pc:TextLine>
            <pc:TextEquiv conf="0.772323179025499">
                <pc:Unicode>mal anfanget zu raſen /
vndin Ver —
— gerathen / oder einmal fol⸗
9 — In won ſein blinde Be ⸗
X * —R 3 glerde hinreiſſen / ſo laͤſ er
— —— Edarnach den Zaum ſchieſ⸗
qq ſeinen boͤſen vnorden⸗
lichen boͤſen Affecten · Da kan man in der Welt
nemands uͤbermuͤtiger vnd aͤrger / als einen ſol⸗
chen Menſchen / ſehen: Dann ein ſelcher Menſch
crotzt alsdann den Himmel / er verſchmaͤhet Got⸗
a⸗ Schickung vnnd Ordnung / Er glaubet vnd
bildee in ein / die Geſtirn am Himel muͤſſen jm
nach ſeinem Kopff gehen vnd operieren / es dun⸗</pc:Unicode>
            </pc:TextEquiv>
        </pc:TextRegion>
        <pc:TextRegion id="region0007" orientation="0.609934612221679" readingDirection="left-to-right" textLineOrder="top-to-bottom">
            <pc:Coords points="224,1273 885,1273 885,1357 224,1357"/>
            <pc:TextLine id="region0007_line0000">
                <pc:Coords points="224,1273 884,1273 884,1325 224,1325"/>
                <pc:Word id="region0007_line0000_word0000">
                    <pc:Coords points="224,1288 324,1288 324,1325 224,1325"/>
                    <pc:TextEquiv conf="0.">
                        <pc:Unicode>ceihhn</pc:Unicode>
                    </pc:TextEquiv>
                </pc:Word>
                <pc:Word id="region0007_line0000_word0001">
                    <pc:Coords points="331,1291 368,1291 368,1319 331,1319"/>
                    <pc:TextEquiv conf="0.870116195678711">
                        <pc:Unicode>die</pc:Unicode>
                    </pc:TextEquiv>
                </pc:Word>
                <pc:Word id="region0007_line0000_word0002">
                    <pc:Coords points="375,1287 444,1287 444,1320 375,1320"/>
                    <pc:TextEquiv conf="0.908186340332031">
                        <pc:Unicode>Erde</pc:Unicode>
                    </pc:TextEquiv>
                </pc:Word>
                <pc:Word id="region0007_line0000_word0003">
                    <pc:Coords points="452,1288 487,1288 487,1325 452,1325"/>
                    <pc:TextEquiv conf="0.41040225982666">
                        <pc:Unicode>ſoy</pc:Unicode>
                    </pc:TextEquiv>
                </pc:Word>
                <pc:Word id="region0007_line0000_word0004">
                    <pc:Coords points="496,1284 565,1284 565,1320 496,1320"/>
                    <pc:TextEquiv conf="0.770213317871094">
                        <pc:Unicode>hicht</pc:Unicode>
                    </pc:TextEquiv>
                </pc:Word>
                <pc:Word id="region0007_line0000_word0005">
                    <pc:Coords points="573,1284 650,1284 650,1319 573,1319"/>
                    <pc:TextEquiv conf="0.686449737548828">
                        <pc:Unicode>werch</pc:Unicode>
                    </pc:TextEquiv>
                </pc:Word>
                <pc:Word id="region0007_line0000_word0006">
                    <pc:Coords points="660,1289 669,1289 669,1314 660,1314"/>
                    <pc:TextEquiv conf="0.891737976074219">
                        <pc:Unicode>/</pc:Unicode>
                    </pc:TextEquiv>
                </pc:Word>
                <pc:Word id="region0007_line0000_word0007">
                    <pc:Coords points="678,1280 726,1280 726,1316 678,1316"/>
                    <pc:TextEquiv conf="0.173612594604492">
                        <pc:Unicode>dah</pc:Unicode>
                    </pc:TextEquiv>
                </pc:Word>
                <pc:Word id="region0007_line0000_word0008">
                    <pc:Coords points="734,1280 763,1280 763,1315 734,1315"/>
                    <pc:TextEquiv conf="0.860853118896484">
                        <pc:Unicode>ſie</pc:Unicode>
                    </pc:TextEquiv>
                </pc:Word>
                <pc:Word id="region0007_line0000_word0009">
                    <pc:Coords points="771,1277 815,1277 815,1313 771,1313"/>
                    <pc:TextEquiv conf="0.324776611328125">
                        <pc:Unicode>jhn</pc:Unicode>
                    </pc:TextEquiv>
                </pc:Word>
                <pc:Word id="region0007_line0000_word0010">
                    <pc:Coords points="826,1273 884,1273 884,1309 826,1309"/>
                    <pc:TextEquiv conf="0.360858192443848">
                        <pc:Unicode>ſolte</pc:Unicode>
                    </pc:TextEquiv>
                </pc:Word>
                <pc:TextEquiv conf="0.659746031327681">
                    <pc:Unicode>ceihhn die Erde ſoy hicht werch / dah ſie jhn ſolte</pc:Unicode>
                </pc:TextEquiv>
            </pc:TextLine>
            <pc:TextLine id="region0007_line0001">
                <pc:Coords points="786,1317 885,1317 885,1357 786,1357"/>
                <pc:Word id="region0007_line0001_word0000">
                    <pc:Coords points="786,1317 885,1317 885,1357 786,1357"/>
                    <pc:TextEquiv conf="0.902026901245117">
                        <pc:Unicode>tragen</pc:Unicode>
                    </pc:TextEquiv>
                </pc:Word>
                <pc:TextEquiv conf="0.902026901245117">
                    <pc:Unicode>tragen</pc:Unicode>
                </pc:TextEquiv>
            </pc:TextLine>
            <pc:TextEquiv conf="0.780886466286399">
                <pc:Unicode>ceihhn die Erde ſoy hicht werch / dah ſie jhn ſolte
tragen</pc:Unicode>
            </pc:TextEquiv>
        </pc:TextRegion>
        <pc:TextRegion id="region0008" orientation="0.609934612221679" readingDirection="left-to-right" textLineOrder="top-to-bottom">
            <pc:Coords points="212,381 327,381 327,391 212,391"/>
            <pc:TextLine id="region0008_line0000">
                <pc:Coords points="212,381 327,381 327,391 212,391"/>
                <pc:Word id="region0008_line0000_word0000">
                    <pc:Coords points="257,381 212,381 212,391 257,391"/>
                    <pc:TextEquiv conf="0.794422760009766">
                        <pc:Unicode>—</pc:Unicode>
                    </pc:TextEquiv>
                </pc:Word>
                <pc:Word id="region0008_line0000_word0001">
                    <pc:Coords points="285,381 327,381 327,391 285,391"/>
                    <pc:TextEquiv conf="0.794422760009766">
                        <pc:Unicode>—</pc:Unicode>
                    </pc:TextEquiv>
                </pc:Word>
                <pc:TextEquiv conf="0.794422760009766">
                    <pc:Unicode>— —</pc:Unicode>
                </pc:TextEquiv>
            </pc:TextLine>
            <pc:TextEquiv conf="0.794422760009766">
                <pc:Unicode>— —</pc:Unicode>
            </pc:TextEquiv>
        </pc:TextRegion>
        <pc:ImageRegion id="region0001" orientation="0.609934612221679">
            <pc:Coords points="0,524 146,524 146,1364 0,1364"/>
        </pc:ImageRegion>
        <pc:ImageRegion id="region0011" orientation="0.609934612221679">
            <pc:Coords points="218,698 535,698 535,1003 218,1003"/>
        </pc:ImageRegion>
        <pc:ImageRegion id="region0012" orientation="0.609934612221679">
            <pc:Coords points="517,910 533,910 533,995 517,995"/>
        </pc:ImageRegion>
        <pc:ImageRegion id="region0013" orientation="0.609934612221679">
            <pc:Coords points="921,0 1000,0 1000,1495 921,1495"/>
        </pc:ImageRegion>
        <pc:SeparatorRegion id="region0000">
            <pc:Coords points="114,614 123,614 123,931 114,931"/>
        </pc:SeparatorRegion>
        <pc:SeparatorRegion id="region0009">
            <pc:Coords points="341,382 642,382 642,391 341,391"/>
        </pc:SeparatorRegion>
        <pc:SeparatorRegion id="region0010">
            <pc:Coords points="752,381 867,381 867,389 752,389"/>
        </pc:SeparatorRegion>
    </pc:Page>
</pc:PcGts>
