<?xml version="1.0" encoding="UTF-8"?>
<pc:PcGts xmlns:pc="http://schema.primaresearch.org/PAGE/gts/pagecontent/2019-07-15" xmlns:xsi="http://www.w3.org/2001/XMLSchema-instance" xsi:schemaLocation="http://schema.primaresearch.org/PAGE/gts/pagecontent/2019-07-15 http://schema.primaresearch.org/PAGE/gts/pagecontent/2019-07-15/pagecontent.xsd" pcGtsId="OCR-D-OCR_0001">
    <pc:Metadata>
        <pc:Creator>OCR-D/core 2.30.0</pc:Creator>
        <pc:Created>2022-11-17T13:17:01.370812</pc:Created>
        <pc:LastChange>2022-11-17T13:17:01.370812</pc:LastChange>
        <pc:MetadataItem type="processingStep" name="layout/segmentation/region" value="ocrd-tesserocr-recognize">
            <pc:Labels externalModel="ocrd-tool" externalId="parameters">
                <pc:Label value="region" type="segmentation_level"/>
                <pc:Label value="word" type="textequiv_level"/>
                <pc:Label value="True" type="find_tables"/>
                <pc:Label value="Fraktur_GT4HistOCR" type="model"/>
                <pc:Label value="0" type="dpi"/>
                <pc:Label value="0" type="padding"/>
                <pc:Label value="False" type="overwrite_segments"/>
                <pc:Label value="True" type="overwrite_text"/>
                <pc:Label value="False" type="shrink_polygons"/>
                <pc:Label value="False" type="block_polygons"/>
                <pc:Label value="False" type="find_staves"/>
                <pc:Label value="False" type="sparse_text"/>
                <pc:Label value="False" type="raw_lines"/>
                <pc:Label value="" type="char_whitelist"/>
                <pc:Label value="" type="char_blacklist"/>
                <pc:Label value="" type="char_unblacklist"/>
                <pc:Label value="{}" type="tesseract_parameters"/>
                <pc:Label value="{}" type="xpath_parameters"/>
                <pc:Label value="{}" type="xpath_model"/>
                <pc:Label value="False" type="auto_model"/>
                <pc:Label value="DEFAULT" type="oem"/>
            </pc:Labels>
            <pc:Labels externalModel="ocrd-tool" externalId="version">
                <pc:Label value="0.13.6 (tesseract 5.0.1)" type="ocrd-tesserocr-recognize"/>
                <pc:Label value="2.30.0" type="ocrd/core"/>
            </pc:Labels>
        </pc:MetadataItem>
    </pc:Metadata>
    <pc:Page imageFilename="OCR-D-IMG/OCR-D-IMG_0001.tif" imageWidth="1000" imageHeight="1550">
        <pc:AlternativeImage filename="OCR-D-OCR/OCR-D-OCR_0001.IMG-BIN.png" comments=",binarized,clipped"/>
        <pc:ReadingOrder>
            <pc:OrderedGroup id="reading-order">
                <pc:RegionRefIndexed index="2" regionRef="region0002"/>
                <pc:RegionRefIndexed index="4" regionRef="region0004"/>
                <pc:RegionRefIndexed index="5" regionRef="region0005"/>
                <pc:RegionRefIndexed index="6" regionRef="region0006"/>
                <pc:RegionRefIndexed index="7" regionRef="region0007"/>
            </pc:OrderedGroup>
        </pc:ReadingOrder>
        <pc:TextRegion id="region0005" orientation="0.079595002513031" readingDirection="left-to-right" textLineOrder="top-to-bottom">
            <pc:Coords points="170,59 840,59 840,1315 170,1315"/>
            <pc:TextLine id="region0005_line0000">
                <pc:Coords points="224,59 797,59 797,90 224,90"/>
                <pc:Word id="region0005_line0000_word0000">
                    <pc:Coords points="224,63 295,63 295,79 224,79"/>
                    <pc:TextEquiv conf="0.687272186279297">
                        <pc:Unicode>—</pc:Unicode>
                    </pc:TextEquiv>
                </pc:Word>
                <pc:Word id="region0005_line0000_word0001">
                    <pc:Coords points="333,60 353,60 353,90 333,90"/>
                    <pc:TextEquiv conf="0.277218170166016">
                        <pc:Unicode>7</pc:Unicode>
                    </pc:TextEquiv>
                </pc:Word>
                <pc:Word id="region0005_line0000_word0002">
                    <pc:Coords points="369,59 374,59 374,74 369,74"/>
                    <pc:TextEquiv conf="0.277218170166016">
                        <pc:Unicode>—</pc:Unicode>
                    </pc:TextEquiv>
                </pc:Word>
                <pc:Word id="region0005_line0000_word0003">
                    <pc:Coords points="448,62 452,62 452,71 448,71"/>
                    <pc:TextEquiv conf="0.583776092529297">
                        <pc:Unicode>7</pc:Unicode>
                    </pc:TextEquiv>
                </pc:Word>
                <pc:Word id="region0005_line0000_word0004">
                    <pc:Coords points="611,81 718,81 718,59 611,59"/>
                    <pc:TextEquiv conf="0.067399444580078">
                        <pc:Unicode>—</pc:Unicode>
                    </pc:TextEquiv>
                </pc:Word>
                <pc:TextEquiv conf="0.378576812744141">
                    <pc:Unicode>— 7 — 7 —</pc:Unicode>
                </pc:TextEquiv>
            </pc:TextLine>
            <pc:TextLine id="region0005_line0001">
                <pc:Coords points="293,81 472,81 472,138 293,138"/>
                <pc:Word id="region0005_line0001_word0000">
                    <pc:Coords points="293,81 363,81 363,138 293,138"/>
                    <pc:TextEquiv conf="0.409177474975586">
                        <pc:Unicode>—</pc:Unicode>
                    </pc:TextEquiv>
                </pc:Word>
                <pc:Word id="region0005_line0001_word0001">
                    <pc:Coords points="376,125 472,125 472,134 376,134"/>
                    <pc:TextEquiv conf="0.642317962646484">
                        <pc:Unicode>—</pc:Unicode>
                    </pc:TextEquiv>
                </pc:Word>
                <pc:TextEquiv conf="0.525747718811035">
                    <pc:Unicode>— —</pc:Unicode>
                </pc:TextEquiv>
            </pc:TextLine>
            <pc:TextLine id="region0005_line0002">
                <pc:Coords points="189,79 818,79 818,221 189,221"/>
                <pc:Word id="region0005_line0002_word0000">
                    <pc:Coords points="189,79 524,79 524,221 189,221"/>
                    <pc:TextEquiv conf="0.206725845336914">
                        <pc:Unicode>————</pc:Unicode>
                    </pc:TextEquiv>
                </pc:Word>
                <pc:Word id="region0005_line0002_word0001">
                    <pc:Coords points="537,155 612,155 612,207 537,207"/>
                    <pc:TextEquiv conf="0.79244140625">
                        <pc:Unicode>der</pc:Unicode>
                    </pc:TextEquiv>
                </pc:Word>
                <pc:Word id="region0005_line0002_word0002">
                    <pc:Coords points="626,100 818,100 818,214 626,214"/>
                    <pc:TextEquiv conf="0.151725311279297">
                        <pc:Unicode>—</pc:Unicode>
                    </pc:TextEquiv>
                </pc:Word>
                <pc:TextEquiv conf="0.383630854288737">
                    <pc:Unicode>———— der —</pc:Unicode>
                </pc:TextEquiv>
            </pc:TextLine>
            <pc:TextLine id="region0005_line0003">
                <pc:Coords points="244,217 760,217 760,272 244,272"/>
                <pc:Word id="region0005_line0003_word0000">
                    <pc:Coords points="244,217 285,217 285,272 244,272"/>
                    <pc:TextEquiv conf="0.884209518432617">
                        <pc:Unicode>ſo</pc:Unicode>
                    </pc:TextEquiv>
                </pc:Word>
                <pc:Word id="region0005_line0003_word0001">
                    <pc:Coords points="293,225 328,225 328,265 293,265"/>
                    <pc:TextEquiv conf="0.862893829345703">
                        <pc:Unicode>in</pc:Unicode>
                    </pc:TextEquiv>
                </pc:Word>
                <pc:Word id="region0005_line0003_word0002">
                    <pc:Coords points="336,223 454,223 454,271 336,271"/>
                    <pc:TextEquiv conf="0.928385009765625">
                        <pc:Unicode>dieſem</pc:Unicode>
                    </pc:TextEquiv>
                </pc:Word>
                <pc:Word id="region0005_line0003_word0003">
                    <pc:Coords points="461,220 576,220 576,269 461,269"/>
                    <pc:TextEquiv conf="0.931503829956055">
                        <pc:Unicode>Buch</pc:Unicode>
                    </pc:TextEquiv>
                </pc:Word>
                <pc:Word id="region0005_line0003_word0004">
                    <pc:Coords points="584,217 760,217 760,269 584,269"/>
                    <pc:TextEquiv conf="0.895407409667969">
                        <pc:Unicode>begriffen.</pc:Unicode>
                    </pc:TextEquiv>
                </pc:Word>
                <pc:TextEquiv conf="0.900479919433594">
                    <pc:Unicode>ſo in dieſem Buch begriffen.</pc:Unicode>
                </pc:TextEquiv>
            </pc:TextLine>
            <pc:TextLine id="region0005_line0004">
                <pc:Coords points="224,274 835,274 835,323 224,323"/>
                <pc:Word id="region0005_line0004_word0000">
                    <pc:Coords points="224,281 303,281 303,323 224,323"/>
                    <pc:TextEquiv conf="0.783102188110352">
                        <pc:Unicode>Cap.</pc:Unicode>
                    </pc:TextEquiv>
                </pc:Word>
                <pc:Word id="region0005_line0004_word0001">
                    <pc:Coords points="315,282 339,282 339,317 315,317"/>
                    <pc:TextEquiv conf="0.25901985168457">
                        <pc:Unicode>J.</pc:Unicode>
                    </pc:TextEquiv>
                </pc:Word>
                <pc:Word id="region0005_line0004_word0002">
                    <pc:Coords points="351,281 433,281 433,319 351,319"/>
                    <pc:TextEquiv conf="0.921548385620117">
                        <pc:Unicode>Von</pc:Unicode>
                    </pc:TextEquiv>
                </pc:Word>
                <pc:Word id="region0005_line0004_word0003">
                    <pc:Coords points="445,287 512,287 512,317 445,317"/>
                    <pc:TextEquiv conf="0.913629989624023">
                        <pc:Unicode>dem</pc:Unicode>
                    </pc:TextEquiv>
                </pc:Word>
                <pc:Word id="region0005_line0004_word0004">
                    <pc:Coords points="740,274 508,274 508,323 740,323"/>
                    <pc:TextEquiv conf="0.913629989624023">
                        <pc:Unicode>erſchrecklichen</pc:Unicode>
                    </pc:TextEquiv>
                </pc:Word>
                <pc:Word id="region0005_line0004_word0005">
                    <pc:Coords points="754,274 835,274 835,313 754,313"/>
                    <pc:TextEquiv conf="0.928438186645508">
                        <pc:Unicode>Leben</pc:Unicode>
                    </pc:TextEquiv>
                </pc:Word>
                <pc:TextEquiv conf="0.786561431884766">
                    <pc:Unicode>Cap. J. Von dem erſchrecklichen Leben</pc:Unicode>
                </pc:TextEquiv>
            </pc:TextLine>
            <pc:TextLine id="region0005_line0005">
                <pc:Coords points="180,322 837,322 837,370 180,370"/>
                <pc:Word id="region0005_line0005_word0000">
                    <pc:Coords points="180,328 229,328 229,370 180,370"/>
                    <pc:TextEquiv conf="0.633945808410645">
                        <pc:Unicode>deß</pc:Unicode>
                    </pc:TextEquiv>
                </pc:Word>
                <pc:Word id="region0005_line0005_word0001">
                    <pc:Coords points="237,327 409,327 409,370 237,370"/>
                    <pc:TextEquiv conf="0.37408203125">
                        <pc:Unicode>Captitamen</pc:Unicode>
                    </pc:TextEquiv>
                </pc:Word>
                <pc:Word id="region0005_line0005_word0002">
                    <pc:Coords points="416,326 587,326 587,370 416,370"/>
                    <pc:TextEquiv conf="0.721796264648437">
                        <pc:Unicode>Lycson</pc:Unicode>
                    </pc:TextEquiv>
                </pc:Word>
                <pc:Word id="region0005_line0005_word0003">
                    <pc:Coords points="540,322 526,322 526,370 540,370"/>
                    <pc:TextEquiv conf="0.882058715820312">
                        <pc:Unicode>/</pc:Unicode>
                    </pc:TextEquiv>
                </pc:Word>
                <pc:Word id="region0005_line0005_word0004">
                    <pc:Coords points="593,322 550,322 550,370 593,370"/>
                    <pc:TextEquiv conf="0.900818328857422">
                        <pc:Unicode>als</pc:Unicode>
                    </pc:TextEquiv>
                </pc:Word>
                <pc:Word id="region0005_line0005_word0005">
                    <pc:Coords points="594,322 784,322 784,363 594,363"/>
                    <pc:TextEquiv conf="0.357107543945313">
                        <pc:Unicode>deh⸗Oberſten</pc:Unicode>
                    </pc:TextEquiv>
                </pc:Word>
                <pc:Word id="region0005_line0005_word0006">
                    <pc:Coords points="791,325 837,325 837,357 791,357"/>
                    <pc:TextEquiv conf="0.925258255004883">
                        <pc:Unicode>der</pc:Unicode>
                    </pc:TextEquiv>
                </pc:Word>
                <pc:TextEquiv conf="0.685009563991002">
                    <pc:Unicode>deß Captitamen Lycson / als deh⸗Oberſten der</pc:Unicode>
                </pc:TextEquiv>
            </pc:TextLine>
            <pc:TextLine id="region0005_line0006">
                <pc:Coords points="178,367 836,367 836,453 178,453"/>
                <pc:Word id="region0005_line0006_word0000">
                    <pc:Coords points="178,372 275,372 275,413 178,413"/>
                    <pc:TextEquiv conf="0.799308090209961">
                        <pc:Unicode>Diebe</pc:Unicode>
                    </pc:TextEquiv>
                </pc:Word>
                <pc:Word id="region0005_line0006_word0001">
                    <pc:Coords points="285,382 342,382 342,408 285,408"/>
                    <pc:TextEquiv conf="0.92243522644043">
                        <pc:Unicode>von</pc:Unicode>
                    </pc:TextEquiv>
                </pc:Word>
                <pc:Word id="region0005_line0006_word0002">
                    <pc:Coords points="342,373 445,373 445,453 342,453"/>
                    <pc:TextEquiv conf="0.470722274780273">
                        <pc:Unicode>*</pc:Unicode>
                    </pc:TextEquiv>
                </pc:Word>
                <pc:Word id="region0005_line0006_word0003">
                    <pc:Coords points="452,370 615,370 615,412 452,412"/>
                    <pc:TextEquiv conf="0.924043350219727">
                        <pc:Unicode>Geſchlecht</pc:Unicode>
                    </pc:TextEquiv>
                </pc:Word>
                <pc:Word id="region0005_line0006_word0004">
                    <pc:Coords points="627,371 684,371 684,401 627,401"/>
                    <pc:TextEquiv conf="0.91994384765625">
                        <pc:Unicode>vnd</pc:Unicode>
                    </pc:TextEquiv>
                </pc:Word>
                <pc:Word id="region0005_line0006_word0005">
                    <pc:Coords points="696,367 836,367 836,408 696,408"/>
                    <pc:TextEquiv conf="0.91994384765625">
                        <pc:Unicode>Herkom⸗</pc:Unicode>
                    </pc:TextEquiv>
                </pc:Word>
                <pc:TextEquiv conf="0.826066106160482">
                    <pc:Unicode>Diebe von * Geſchlecht vnd Herkom⸗</pc:Unicode>
                </pc:TextEquiv>
            </pc:TextLine>
            <pc:TextLine id="region0005_line0007">
                <pc:Coords points="181,406 836,406 836,497 181,497"/>
                <pc:Word id="region0005_line0007_word0000">
                    <pc:Coords points="181,425 264,425 264,457 181,457"/>
                    <pc:TextEquiv conf="0.930068664550781">
                        <pc:Unicode>men</pc:Unicode>
                    </pc:TextEquiv>
                </pc:Word>
                <pc:Word id="region0005_line0007_word0001">
                    <pc:Coords points="248,411 263,411 263,468 248,468"/>
                    <pc:TextEquiv conf="0.925568084716797">
                        <pc:Unicode>/</pc:Unicode>
                    </pc:TextEquiv>
                </pc:Word>
                <pc:Word id="region0005_line0007_word0002">
                    <pc:Coords points="281,419 340,419 340,454 281,454"/>
                    <pc:TextEquiv conf="0.921436080932617">
                        <pc:Unicode>vnnd</pc:Unicode>
                    </pc:TextEquiv>
                </pc:Word>
                <pc:Word id="region0005_line0007_word0003">
                    <pc:Coords points="364,418 400,418 400,455 364,455"/>
                    <pc:TextEquiv conf="0.910608596801758">
                        <pc:Unicode>wie</pc:Unicode>
                    </pc:TextEquiv>
                </pc:Word>
                <pc:Word id="region0005_line0007_word0004">
                    <pc:Coords points="415,428 441,428 441,456 415,456"/>
                    <pc:TextEquiv conf="0.922431793212891">
                        <pc:Unicode>er</pc:Unicode>
                    </pc:TextEquiv>
                </pc:Word>
                <pc:Word id="region0005_line0007_word0005">
                    <pc:Coords points="453,418 509,418 509,464 453,464"/>
                    <pc:TextEquiv conf="0.867149810791016">
                        <pc:Unicode>ſich</pc:Unicode>
                    </pc:TextEquiv>
                </pc:Word>
                <pc:Word id="region0005_line0007_word0006">
                    <pc:Coords points="524,420 548,420 548,451 524,451"/>
                    <pc:TextEquiv conf="0.867149810791016">
                        <pc:Unicode>in</pc:Unicode>
                    </pc:TextEquiv>
                </pc:Word>
                <pc:Word id="region0005_line0007_word0007">
                    <pc:Coords points="559,415 640,415 640,460 559,460"/>
                    <pc:TextEquiv conf="0.900035095214844">
                        <pc:Unicode>ſeiner</pc:Unicode>
                    </pc:TextEquiv>
                </pc:Word>
                <pc:Word id="region0005_line0007_word0008">
                    <pc:Coords points="647,406 836,406 836,497 647,497"/>
                    <pc:TextEquiv conf="0.">
                        <pc:Unicode>Zugendihat</pc:Unicode>
                    </pc:TextEquiv>
                </pc:Word>
                <pc:TextEquiv conf="0.91604977077908">
                    <pc:Unicode>men / vnnd wie er ſich in ſeiner Zugendihat</pc:Unicode>
                </pc:TextEquiv>
            </pc:TextLine>
            <pc:TextLine id="region0005_line0008">
                <pc:Coords points="180,465 325,465 325,507 180,507"/>
                <pc:Word id="region0005_line0008_word0000">
                    <pc:Coords points="180,465 325,465 325,507 180,507"/>
                    <pc:TextEquiv conf="0.894085388183594">
                        <pc:Unicode>verhalten</pc:Unicode>
                    </pc:TextEquiv>
                </pc:Word>
                <pc:TextEquiv conf="0.894085388183594">
                    <pc:Unicode>verhalten</pc:Unicode>
                </pc:TextEquiv>
            </pc:TextLine>
            <pc:TextLine id="region0005_line0009">
                <pc:Coords points="221,502 706,502 706,551 221,551"/>
                <pc:Word id="region0005_line0009_word0000">
                    <pc:Coords points="221,508 263,508 263,542 221,542"/>
                    <pc:TextEquiv conf="0.311801300048828">
                        <pc:Unicode>I1.</pc:Unicode>
                    </pc:TextEquiv>
                </pc:Word>
                <pc:Word id="region0005_line0009_word0001">
                    <pc:Coords points="290,507 416,507 416,551 290,551"/>
                    <pc:TextEquiv conf="0.882728576660156">
                        <pc:Unicode>Ferrnere</pc:Unicode>
                    </pc:TextEquiv>
                </pc:Word>
                <pc:Word id="region0005_line0009_word0002">
                    <pc:Coords points="430,503 640,503 640,549 430,549"/>
                    <pc:TextEquiv conf="0.104889678955078">
                        <pc:Unicode>Beſchreſbung</pc:Unicode>
                    </pc:TextEquiv>
                </pc:Word>
                <pc:Word id="region0005_line0009_word0003">
                    <pc:Coords points="658,502 706,502 706,543 658,543"/>
                    <pc:TextEquiv conf="0.899799957275391">
                        <pc:Unicode>deh</pc:Unicode>
                    </pc:TextEquiv>
                </pc:Word>
                <pc:TextEquiv conf="0.549804878234863">
                    <pc:Unicode>I1. Ferrnere Beſchreſbung deh</pc:Unicode>
                </pc:TextEquiv>
            </pc:TextLine>
            <pc:TextLine id="region0005_line0010">
                <pc:Coords points="183,547 839,547 839,595 183,595"/>
                <pc:Word id="region0005_line0010_word0000">
                    <pc:Coords points="183,551 235,551 235,594 183,594"/>
                    <pc:TextEquiv conf="0.354442672729492">
                        <pc:Unicode>deß</pc:Unicode>
                    </pc:TextEquiv>
                </pc:Word>
                <pc:Word id="region0005_line0010_word0001">
                    <pc:Coords points="243,553 434,553 434,595 243,595"/>
                    <pc:TextEquiv conf="0.270800170898437">
                        <pc:Unicode>Halwemans</pc:Unicode>
                    </pc:TextEquiv>
                </pc:Word>
                <pc:Word id="region0005_line0010_word0002">
                    <pc:Coords points="443,553 554,553 554,593 443,593"/>
                    <pc:TextEquiv conf="0.684480209350586">
                        <pc:Unicode>Lytaon</pc:Unicode>
                    </pc:TextEquiv>
                </pc:Word>
                <pc:Word id="region0005_line0010_word0003">
                    <pc:Coords points="566,547 550,547 550,595 566,595"/>
                    <pc:TextEquiv conf="0.9194677734375">
                        <pc:Unicode>/</pc:Unicode>
                    </pc:TextEquiv>
                </pc:Word>
                <pc:Word id="region0005_line0010_word0004">
                    <pc:Coords points="563,550 633,550 633,590 563,590"/>
                    <pc:TextEquiv conf="0.894587783813477">
                        <pc:Unicode>ſein</pc:Unicode>
                    </pc:TextEquiv>
                </pc:Word>
                <pc:Word id="region0005_line0010_word0005">
                    <pc:Coords points="640,547 715,547 715,589 640,589"/>
                    <pc:TextEquiv conf="0.814266662597656">
                        <pc:Unicode>boͤſes</pc:Unicode>
                    </pc:TextEquiv>
                </pc:Word>
                <pc:Word id="region0005_line0010_word0006">
                    <pc:Coords points="723,552 839,552 839,593 723,593"/>
                    <pc:TextEquiv conf="0.61984432220459">
                        <pc:Unicode>vorneh⸗</pc:Unicode>
                    </pc:TextEquiv>
                </pc:Word>
                <pc:TextEquiv conf="0.651127085004534">
                    <pc:Unicode>deß Halwemans Lytaon / ſein boͤſes vorneh⸗</pc:Unicode>
                </pc:TextEquiv>
            </pc:TextLine>
            <pc:TextLine id="region0005_line0011">
                <pc:Coords points="179,593 839,593 839,641 179,641"/>
                <pc:Word id="region0005_line0011_word0000">
                    <pc:Coords points="225,593 179,593 179,641 225,641"/>
                    <pc:TextEquiv conf="0.915378875732422">
                        <pc:Unicode>men</pc:Unicode>
                    </pc:TextEquiv>
                </pc:Word>
                <pc:Word id="region0005_line0011_word0001">
                    <pc:Coords points="239,607 254,607 254,635 239,635"/>
                    <pc:TextEquiv conf="0.926196594238281">
                        <pc:Unicode>/</pc:Unicode>
                    </pc:TextEquiv>
                </pc:Word>
                <pc:Word id="region0005_line0011_word0002">
                    <pc:Coords points="326,593 267,593 267,641 326,641"/>
                    <pc:TextEquiv conf="0.91827766418457">
                        <pc:Unicode>ſeine</pc:Unicode>
                    </pc:TextEquiv>
                </pc:Word>
                <pc:Word id="region0005_line0011_word0003">
                    <pc:Coords points="328,593 772,593 772,641 328,641"/>
                    <pc:TextEquiv conf="0.223496475219727">
                        <pc:Unicode>Argliſtigbeit</pc:Unicode>
                    </pc:TextEquiv>
                </pc:Word>
                <pc:Word id="region0005_line0011_word0004">
                    <pc:Coords points="542,593 527,593 527,641 542,641"/>
                    <pc:TextEquiv conf="0.920753021240234">
                        <pc:Unicode>/</pc:Unicode>
                    </pc:TextEquiv>
                </pc:Word>
                <pc:Word id="region0005_line0011_word0005">
                    <pc:Coords points="556,593 772,593 772,641 556,641"/>
                    <pc:TextEquiv conf="0.362783813476563">
                        <pc:Unicode>Verſchlagenhett</pc:Unicode>
                    </pc:TextEquiv>
                </pc:Word>
                <pc:Word id="region0005_line0011_word0006">
                    <pc:Coords points="780,599 839,599 839,629 780,629"/>
                    <pc:TextEquiv conf="0.917005462646484">
                        <pc:Unicode>vnd</pc:Unicode>
                    </pc:TextEquiv>
                </pc:Word>
                <pc:TextEquiv conf="0.740555986676897">
                    <pc:Unicode>men / ſeine Argliſtigbeit / Verſchlagenhett vnd</pc:Unicode>
                </pc:TextEquiv>
            </pc:TextLine>
            <pc:TextLine id="region0005_line0012">
                <pc:Coords points="180,638 839,638 839,688 180,688"/>
                <pc:Word id="region0005_line0012_word0000">
                    <pc:Coords points="180,640 343,640 343,688 180,688"/>
                    <pc:TextEquiv conf="0.422442932128906">
                        <pc:Unicode>Krelegoliſte</pc:Unicode>
                    </pc:TextEquiv>
                </pc:Word>
                <pc:Word id="region0005_line0012_word0001">
                    <pc:Coords points="357,651 361,651 361,680 357,680"/>
                    <pc:TextEquiv conf="0.890948638916016">
                        <pc:Unicode>/</pc:Unicode>
                    </pc:TextEquiv>
                </pc:Word>
                <pc:Word id="region0005_line0012_word0002">
                    <pc:Coords points="369,648 426,648 426,679 369,679"/>
                    <pc:TextEquiv conf="0.845362701416016">
                        <pc:Unicode>vnd</pc:Unicode>
                    </pc:TextEquiv>
                </pc:Word>
                <pc:Word id="region0005_line0012_word0003">
                    <pc:Coords points="433,654 496,654 496,680 433,680"/>
                    <pc:TextEquiv conf="0.929374160766602">
                        <pc:Unicode>was</pc:Unicode>
                    </pc:TextEquiv>
                </pc:Word>
                <pc:Word id="region0005_line0012_word0004">
                    <pc:Coords points="502,651 529,651 529,679 502,679"/>
                    <pc:TextEquiv conf="0.900106353759766">
                        <pc:Unicode>er</pc:Unicode>
                    </pc:TextEquiv>
                </pc:Word>
                <pc:Word id="region0005_line0012_word0005">
                    <pc:Coords points="538,640 642,640 642,683 538,683"/>
                    <pc:TextEquiv conf="0.925329132080078">
                        <pc:Unicode>ſonſten</pc:Unicode>
                    </pc:TextEquiv>
                </pc:Word>
                <pc:Word id="region0005_line0012_word0006">
                    <pc:Coords points="651,647 701,647 701,673 651,673"/>
                    <pc:TextEquiv conf="0.924026947021484">
                        <pc:Unicode>vor</pc:Unicode>
                    </pc:TextEquiv>
                </pc:Word>
                <pc:Word id="region0005_line0012_word0007">
                    <pc:Coords points="710,638 839,638 839,680 710,680"/>
                    <pc:TextEquiv conf="0.831605606079102">
                        <pc:Unicode>ſchreckli⸗</pc:Unicode>
                    </pc:TextEquiv>
                </pc:Word>
                <pc:TextEquiv conf="0.833649559020996">
                    <pc:Unicode>Krelegoliſte / vnd was er ſonſten vor ſchreckli⸗</pc:Unicode>
                </pc:TextEquiv>
            </pc:TextLine>
            <pc:TextLine id="region0005_line0013">
                <pc:Coords points="179,680 840,680 840,761 179,761"/>
                <pc:Word id="region0005_line0013_word0000">
                    <pc:Coords points="179,689 227,689 227,730 179,730"/>
                    <pc:TextEquiv conf="0.925700302124023">
                        <pc:Unicode>che</pc:Unicode>
                    </pc:TextEquiv>
                </pc:Word>
                <pc:Word id="region0005_line0013_word0001">
                    <pc:Coords points="236,692 317,692 317,732 236,732"/>
                    <pc:TextEquiv conf="0.922322235107422">
                        <pc:Unicode>dinge</pc:Unicode>
                    </pc:TextEquiv>
                </pc:Word>
                <pc:Word id="region0005_line0013_word0002">
                    <pc:Coords points="323,687 538,687 538,731 323,731"/>
                    <pc:TextEquiv conf="0.913518981933594">
                        <pc:Unicode>begangen</pc:Unicode>
                    </pc:TextEquiv>
                </pc:Word>
                <pc:Word id="region0005_line0013_word0003">
                    <pc:Coords points="465,682 479,682 479,736 465,736"/>
                    <pc:TextEquiv conf="0.926873016357422">
                        <pc:Unicode>/</pc:Unicode>
                    </pc:TextEquiv>
                </pc:Word>
                <pc:Word id="region0005_line0013_word0004">
                    <pc:Coords points="492,682 540,682 540,736 492,736"/>
                    <pc:TextEquiv conf="0.9191650390625">
                        <pc:Unicode>von</pc:Unicode>
                    </pc:TextEquiv>
                </pc:Word>
                <pc:Word id="region0005_line0013_word0005">
                    <pc:Coords points="545,680 651,680 651,761 545,761"/>
                    <pc:TextEquiv conf="0.362874145507812">
                        <pc:Unicode>*</pc:Unicode>
                    </pc:TextEquiv>
                </pc:Word>
                <pc:Word id="region0005_line0013_word0006">
                    <pc:Coords points="660,732 687,732 687,680 660,680"/>
                    <pc:TextEquiv conf="0.831365661621094">
                        <pc:Unicode>an</pc:Unicode>
                    </pc:TextEquiv>
                </pc:Word>
                <pc:Word id="region0005_line0013_word0007">
                    <pc:Coords points="697,686 710,686 710,719 697,719"/>
                    <pc:TextEquiv conf="0.831365661621094">
                        <pc:Unicode>/</pc:Unicode>
                    </pc:TextEquiv>
                </pc:Word>
                <pc:Word id="region0005_line0013_word0008">
                    <pc:Coords points="721,689 746,689 746,719 721,719"/>
                    <pc:TextEquiv conf="0.900769271850586">
                        <pc:Unicode>da</pc:Unicode>
                    </pc:TextEquiv>
                </pc:Word>
                <pc:Word id="region0005_line0013_word0009">
                    <pc:Coords points="754,693 777,693 777,720 754,720"/>
                    <pc:TextEquiv conf="0.615590133666992">
                        <pc:Unicode>er</pc:Unicode>
                    </pc:TextEquiv>
                </pc:Word>
                <pc:Word id="region0005_line0013_word0010">
                    <pc:Coords points="783,685 840,685 840,728 783,728"/>
                    <pc:TextEquiv conf="0.615590133666992">
                        <pc:Unicode>ſich</pc:Unicode>
                    </pc:TextEquiv>
                </pc:Word>
                <pc:TextEquiv conf="0.796830416592685">
                    <pc:Unicode>che dinge begangen / von * an / da er ſich</pc:Unicode>
                </pc:TextEquiv>
            </pc:TextLine>
            <pc:TextLine id="region0005_line0014">
                <pc:Coords points="180,725 835,725 835,776 180,776"/>
                <pc:Word id="region0005_line0014_word0000">
                    <pc:Coords points="180,733 305,733 305,773 180,773"/>
                    <pc:TextEquiv conf="0.917863159179688">
                        <pc:Unicode>auff</pc:Unicode>
                    </pc:TextEquiv>
                </pc:Word>
                <pc:Word id="region0005_line0014_word0001">
                    <pc:Coords points="320,725 268,725 268,776 320,776"/>
                    <pc:TextEquiv conf="0.927583236694336">
                        <pc:Unicode>das</pc:Unicode>
                    </pc:TextEquiv>
                </pc:Word>
                <pc:Word id="region0005_line0014_word0002">
                    <pc:Coords points="313,733 562,733 562,776 313,776"/>
                    <pc:TextEquiv conf="0.163732452392578">
                        <pc:Unicode>Staſſenrauden</pc:Unicode>
                    </pc:TextEquiv>
                </pc:Word>
                <pc:Word id="region0005_line0014_word0003">
                    <pc:Coords points="568,731 617,731 617,773 568,773"/>
                    <pc:TextEquiv conf="0.751177215576172">
                        <pc:Unicode>hat</pc:Unicode>
                    </pc:TextEquiv>
                </pc:Word>
                <pc:Word id="region0005_line0014_word0004">
                    <pc:Coords points="624,725 748,725 748,769 624,769"/>
                    <pc:TextEquiv conf="0.362077331542969">
                        <pc:Unicode>begeben.</pc:Unicode>
                    </pc:TextEquiv>
                </pc:Word>
                <pc:Word id="region0005_line0014_word0005">
                    <pc:Coords points="816,738 835,738 835,769 816,769"/>
                    <pc:TextEquiv conf="0.362077331542969">
                        <pc:Unicode>8</pc:Unicode>
                    </pc:TextEquiv>
                </pc:Word>
                <pc:TextEquiv conf="0.580751787821452">
                    <pc:Unicode>auff das Staſſenrauden hat begeben. 8</pc:Unicode>
                </pc:TextEquiv>
            </pc:TextLine>
            <pc:TextLine id="region0005_line0015">
                <pc:Coords points="202,771 838,771 838,819 202,819"/>
                <pc:Word id="region0005_line0015_word0000">
                    <pc:Coords points="202,777 268,777 268,810 202,810"/>
                    <pc:TextEquiv conf="0.690689849853516">
                        <pc:Unicode>III.</pc:Unicode>
                    </pc:TextEquiv>
                </pc:Word>
                <pc:Word id="region0005_line0015_word0001">
                    <pc:Coords points="283,777 394,777 394,819 283,819"/>
                    <pc:TextEquiv conf="0.844840698242188">
                        <pc:Unicode>Lycaon</pc:Unicode>
                    </pc:TextEquiv>
                </pc:Word>
                <pc:Word id="region0005_line0015_word0002">
                    <pc:Coords points="400,782 469,782 469,814 400,814"/>
                    <pc:TextEquiv conf="0.915656433105469">
                        <pc:Unicode>wird</pc:Unicode>
                    </pc:TextEquiv>
                </pc:Word>
                <pc:Word id="region0005_line0015_word0003">
                    <pc:Coords points="476,786 536,786 536,814 476,814"/>
                    <pc:TextEquiv conf="0.915656433105469">
                        <pc:Unicode>von</pc:Unicode>
                    </pc:TextEquiv>
                </pc:Word>
                <pc:Word id="region0005_line0015_word0004">
                    <pc:Coords points="543,780 604,780 604,809 543,809"/>
                    <pc:TextEquiv conf="0.925120544433594">
                        <pc:Unicode>dem</pc:Unicode>
                    </pc:TextEquiv>
                </pc:Word>
                <pc:Word id="region0005_line0015_word0005">
                    <pc:Coords points="611,771 704,771 704,810 611,810"/>
                    <pc:TextEquiv conf="0.635063858032227">
                        <pc:Unicode>Voat</pc:Unicode>
                    </pc:TextEquiv>
                </pc:Word>
                <pc:Word id="region0005_line0015_word0006">
                    <pc:Coords points="711,781 768,781 768,810 711,810"/>
                    <pc:TextEquiv conf="0.919375381469727">
                        <pc:Unicode>von</pc:Unicode>
                    </pc:TextEquiv>
                </pc:Word>
                <pc:Word id="region0005_line0015_word0007">
                    <pc:Coords points="775,773 838,773 838,811 775,811"/>
                    <pc:TextEquiv conf="0.910878677368164">
                        <pc:Unicode>Ro⸗</pc:Unicode>
                    </pc:TextEquiv>
                </pc:Word>
                <pc:TextEquiv conf="0.844660234451294">
                    <pc:Unicode>III. Lycaon wird von dem Voat von Ro⸗</pc:Unicode>
                </pc:TextEquiv>
            </pc:TextLine>
            <pc:TextLine id="region0005_line0016">
                <pc:Coords points="178,816 837,816 837,865 178,865"/>
                <pc:Word id="region0005_line0016_word0000">
                    <pc:Coords points="178,830 234,830 234,857 178,857"/>
                    <pc:TextEquiv conf="0.917005004882812">
                        <pc:Unicode>ven</pc:Unicode>
                    </pc:TextEquiv>
                </pc:Word>
                <pc:Word id="region0005_line0016_word0001">
                    <pc:Coords points="243,822 376,822 376,864 243,864"/>
                    <pc:TextEquiv conf="0.922618637084961">
                        <pc:Unicode>verfolget</pc:Unicode>
                    </pc:TextEquiv>
                </pc:Word>
                <pc:Word id="region0005_line0016_word0002">
                    <pc:Coords points="383,826 395,826 395,859 383,859"/>
                    <pc:TextEquiv conf="0.92857666015625">
                        <pc:Unicode>/</pc:Unicode>
                    </pc:TextEquiv>
                </pc:Word>
                <pc:Word id="region0005_line0016_word0003">
                    <pc:Coords points="402,824 488,824 488,865 402,865"/>
                    <pc:TextEquiv conf="0.761234741210937">
                        <pc:Unicode>begibt</pc:Unicode>
                    </pc:TextEquiv>
                </pc:Word>
                <pc:Word id="region0005_line0016_word0004">
                    <pc:Coords points="495,823 550,823 550,865 495,865"/>
                    <pc:TextEquiv conf="0.925737152099609">
                        <pc:Unicode>ſich</pc:Unicode>
                    </pc:TextEquiv>
                </pc:Word>
                <pc:Word id="region0005_line0016_word0005">
                    <pc:Coords points="557,826 589,826 589,855 557,855"/>
                    <pc:TextEquiv conf="0.927247467041016">
                        <pc:Unicode>in</pc:Unicode>
                    </pc:TextEquiv>
                </pc:Word>
                <pc:Word id="region0005_line0016_word0006">
                    <pc:Coords points="596,818 647,818 647,859 596,859"/>
                    <pc:TextEquiv conf="0.662024078369141">
                        <pc:Unicode>ſein</pc:Unicode>
                    </pc:TextEquiv>
                </pc:Word>
                <pc:Word id="region0005_line0016_word0007">
                    <pc:Coords points="656,816 837,816 837,861 656,861"/>
                    <pc:TextEquiv conf="0.876127395629883">
                        <pc:Unicode>Raubſchloß</pc:Unicode>
                    </pc:TextEquiv>
                </pc:Word>
                <pc:TextEquiv conf="0.865071392059326">
                    <pc:Unicode>ven verfolget / begibt ſich in ſein Raubſchloß</pc:Unicode>
                </pc:TextEquiv>
            </pc:TextLine>
            <pc:TextLine id="region0005_line0017">
                <pc:Coords points="178,864 838,864 838,908 178,908"/>
                <pc:Word id="region0005_line0017_word0000">
                    <pc:Coords points="178,864 375,864 375,908 178,908"/>
                    <pc:TextEquiv conf="0.745078659057617">
                        <pc:Unicode>Machetoufit</pc:Unicode>
                    </pc:TextEquiv>
                </pc:Word>
                <pc:Word id="region0005_line0017_word0001">
                    <pc:Coords points="394,874 398,874 398,904 394,904"/>
                    <pc:TextEquiv conf="0.856649475097656">
                        <pc:Unicode>/</pc:Unicode>
                    </pc:TextEquiv>
                </pc:Word>
                <pc:Word id="region0005_line0017_word0002">
                    <pc:Coords points="410,872 447,872 447,902 410,902"/>
                    <pc:TextEquiv conf="0.918130035400391">
                        <pc:Unicode>da</pc:Unicode>
                    </pc:TextEquiv>
                </pc:Word>
                <pc:Word id="region0005_line0017_word0003">
                    <pc:Coords points="460,878 487,878 487,905 460,905"/>
                    <pc:TextEquiv conf="0.930931625366211">
                        <pc:Unicode>er</pc:Unicode>
                    </pc:TextEquiv>
                </pc:Word>
                <pc:Word id="region0005_line0017_word0004">
                    <pc:Coords points="500,872 577,872 577,902 500,902"/>
                    <pc:TextEquiv conf="0.923749465942383">
                        <pc:Unicode>dann</pc:Unicode>
                    </pc:TextEquiv>
                </pc:Word>
                <pc:Word id="region0005_line0017_word0005">
                    <pc:Coords points="590,866 660,866 660,898 590,898"/>
                    <pc:TextEquiv conf="0.932333679199219">
                        <pc:Unicode>wird</pc:Unicode>
                    </pc:TextEquiv>
                </pc:Word>
                <pc:Word id="region0005_line0017_word0006">
                    <pc:Coords points="681,866 838,866 838,907 681,907"/>
                    <pc:TextEquiv conf="0.768115997314453">
                        <pc:Unicode>vmbeinget</pc:Unicode>
                    </pc:TextEquiv>
                </pc:Word>
                <pc:TextEquiv conf="0.867855562482561">
                    <pc:Unicode>Machetoufit / da er dann wird vmbeinget</pc:Unicode>
                </pc:TextEquiv>
            </pc:TextLine>
            <pc:TextLine id="region0005_line0018">
                <pc:Coords points="176,909 837,909 837,954 176,954"/>
                <pc:Word id="region0005_line0018_word0000">
                    <pc:Coords points="176,914 237,914 237,945 176,945"/>
                    <pc:TextEquiv conf="0.894889678955078">
                        <pc:Unicode>vnd</pc:Unicode>
                    </pc:TextEquiv>
                </pc:Word>
                <pc:Word id="region0005_line0018_word0001">
                    <pc:Coords points="247,913 379,913 379,954 247,954"/>
                    <pc:TextEquiv conf="0.902407302856445">
                        <pc:Unicode>belagert</pc:Unicode>
                    </pc:TextEquiv>
                </pc:Word>
                <pc:Word id="region0005_line0018_word0002">
                    <pc:Coords points="386,909 371,909 371,954 386,954"/>
                    <pc:TextEquiv conf="0.927271499633789">
                        <pc:Unicode>/</pc:Unicode>
                    </pc:TextEquiv>
                </pc:Word>
                <pc:Word id="region0005_line0018_word0003">
                    <pc:Coords points="388,915 447,915 447,949 388,949"/>
                    <pc:TextEquiv conf="0.924271392822266">
                        <pc:Unicode>vnd</pc:Unicode>
                    </pc:TextEquiv>
                </pc:Word>
                <pc:Word id="region0005_line0018_word0004">
                    <pc:Coords points="452,923 517,923 517,951 452,951"/>
                    <pc:TextEquiv conf="0.929130859375">
                        <pc:Unicode>was</pc:Unicode>
                    </pc:TextEquiv>
                </pc:Word>
                <pc:Word id="region0005_line0018_word0005">
                    <pc:Coords points="523,922 551,922 551,949 523,949"/>
                    <pc:TextEquiv conf="0.930178070068359">
                        <pc:Unicode>er</pc:Unicode>
                    </pc:TextEquiv>
                </pc:Word>
                <pc:Word id="region0005_line0018_word0006">
                    <pc:Coords points="558,910 676,910 676,953 558,953"/>
                    <pc:TextEquiv conf="0.574993438720703">
                        <pc:Unicode>ferrners</pc:Unicode>
                    </pc:TextEquiv>
                </pc:Word>
                <pc:Word id="region0005_line0018_word0007">
                    <pc:Coords points="683,909 726,909 726,951 683,951"/>
                    <pc:TextEquiv conf="0.896461639404297">
                        <pc:Unicode>diß</pc:Unicode>
                    </pc:TextEquiv>
                </pc:Word>
                <pc:Word id="region0005_line0018_word0008">
                    <pc:Coords points="736,920 774,920 774,945 736,945"/>
                    <pc:TextEquiv conf="0.928945846557617">
                        <pc:Unicode>an</pc:Unicode>
                    </pc:TextEquiv>
                </pc:Word>
                <pc:Word id="region0005_line0018_word0009">
                    <pc:Coords points="783,910 837,910 837,952 783,952"/>
                    <pc:TextEquiv conf="0.920385665893555">
                        <pc:Unicode>ſein</pc:Unicode>
                    </pc:TextEquiv>
                </pc:Word>
                <pc:TextEquiv conf="0.882893539428711">
                    <pc:Unicode>vnd belagert / vnd was er ferrners diß an ſein</pc:Unicode>
                </pc:TextEquiv>
            </pc:TextLine>
            <pc:TextLine id="region0005_line0019">
                <pc:Coords points="178,955 833,955 833,1000 178,1000"/>
                <pc:Word id="region0005_line0019_word0000">
                    <pc:Coords points="178,955 258,955 258,990 178,990"/>
                    <pc:TextEquiv conf="0.342696151733398">
                        <pc:Unicode>Todt</pc:Unicode>
                    </pc:TextEquiv>
                </pc:Word>
                <pc:Word id="region0005_line0019_word0001">
                    <pc:Coords points="264,956 367,956 367,998 264,998"/>
                    <pc:TextEquiv conf="0.905399551391602">
                        <pc:Unicode>gethan</pc:Unicode>
                    </pc:TextEquiv>
                </pc:Word>
                <pc:Word id="region0005_line0019_word0002">
                    <pc:Coords points="374,957 434,957 434,1000 374,1000"/>
                    <pc:TextEquiv conf="0.914000930786133">
                        <pc:Unicode>hat.</pc:Unicode>
                    </pc:TextEquiv>
                </pc:Word>
                <pc:Word id="region0005_line0019_word0003">
                    <pc:Coords points="789,955 833,955 833,989 789,989"/>
                    <pc:TextEquiv conf="0.923724517822266">
                        <pc:Unicode>26</pc:Unicode>
                    </pc:TextEquiv>
                </pc:Word>
                <pc:TextEquiv conf="0.771455287933349">
                    <pc:Unicode>Todt gethan hat. 26</pc:Unicode>
                </pc:TextEquiv>
            </pc:TextLine>
            <pc:TextLine id="region0005_line0020">
                <pc:Coords points="220,997 834,997 834,1045 220,1045"/>
                <pc:Word id="region0005_line0020_word0000">
                    <pc:Coords points="377,1036 377,997 220,997 220,1036"/>
                    <pc:TextEquiv conf="0.">
                        <pc:Unicode>IVVon</pc:Unicode>
                    </pc:TextEquiv>
                </pc:Word>
                <pc:Word id="region0005_line0020_word0001">
                    <pc:Coords points="389,1004 449,1004 449,1037 389,1037"/>
                    <pc:TextEquiv conf="0.923130569458008">
                        <pc:Unicode>dem</pc:Unicode>
                    </pc:TextEquiv>
                </pc:Word>
                <pc:Word id="region0005_line0020_word0002">
                    <pc:Coords points="456,999 590,999 590,1045 456,1045"/>
                    <pc:TextEquiv conf="0.891387481689453">
                        <pc:Unicode>Rougets</pc:Unicode>
                    </pc:TextEquiv>
                </pc:Word>
                <pc:Word id="region0005_line0020_word0003">
                    <pc:Coords points="601,1001 679,1001 679,1034 601,1034"/>
                    <pc:TextEquiv conf="0.928965072631836">
                        <pc:Unicode>vnnd</pc:Unicode>
                    </pc:TextEquiv>
                </pc:Word>
                <pc:Word id="region0005_line0020_word0004">
                    <pc:Coords points="693,997 834,997 834,1040 693,1040"/>
                    <pc:TextEquiv conf="0.53413143157959">
                        <pc:Unicode>Griſons</pc:Unicode>
                    </pc:TextEquiv>
                </pc:Word>
                <pc:Word id="region0005_line0020_word0005">
                    <pc:Coords points="818,1045 834,1045 834,997 818,997"/>
                    <pc:TextEquiv conf="0.53413143157959">
                        <pc:Unicode>/</pc:Unicode>
                    </pc:TextEquiv>
                </pc:Word>
                <pc:TextEquiv conf="0.801957664489746">
                    <pc:Unicode>IVVon dem Rougets vnnd Griſons /</pc:Unicode>
                </pc:TextEquiv>
            </pc:TextLine>
            <pc:TextLine id="region0005_line0021">
                <pc:Coords points="174,1044 836,1044 836,1088 174,1088"/>
                <pc:Word id="region0005_line0021_word0000">
                    <pc:Coords points="174,1047 233,1047 233,1081 174,1081"/>
                    <pc:TextEquiv conf="0.798429641723633">
                        <pc:Unicode>von</pc:Unicode>
                    </pc:TextEquiv>
                </pc:Word>
                <pc:Word id="region0005_line0021_word0001">
                    <pc:Coords points="241,1045 318,1045 318,1088 241,1088"/>
                    <pc:TextEquiv conf="0.91633056640625">
                        <pc:Unicode>jhren</pc:Unicode>
                    </pc:TextEquiv>
                </pc:Word>
                <pc:Word id="region0005_line0021_word0002">
                    <pc:Coords points="327,1044 640,1044 640,1087 327,1087"/>
                    <pc:TextEquiv conf="0.915353927612305">
                        <pc:Unicode>Sitten</pc:Unicode>
                    </pc:TextEquiv>
                </pc:Word>
                <pc:Word id="region0005_line0021_word0003">
                    <pc:Coords points="465,1044 451,1044 451,1088 465,1088"/>
                    <pc:TextEquiv conf="0.915339050292969">
                        <pc:Unicode>/</pc:Unicode>
                    </pc:TextEquiv>
                </pc:Word>
                <pc:Word id="region0005_line0021_word0004">
                    <pc:Coords points="481,1044 638,1044 638,1087 481,1087"/>
                    <pc:TextEquiv conf="0.773605804443359">
                        <pc:Unicode>Ordnungen</pc:Unicode>
                    </pc:TextEquiv>
                </pc:Word>
                <pc:Word id="region0005_line0021_word0005">
                    <pc:Coords points="647,1048 727,1048 727,1078 647,1078"/>
                    <pc:TextEquiv conf="0.915741958618164">
                        <pc:Unicode>vnnd</pc:Unicode>
                    </pc:TextEquiv>
                </pc:Word>
                <pc:Word id="region0005_line0021_word0006">
                    <pc:Coords points="738,1044 836,1044 836,1087 738,1087"/>
                    <pc:TextEquiv conf="0.896638107299805">
                        <pc:Unicode>Argli⸗</pc:Unicode>
                    </pc:TextEquiv>
                </pc:Word>
                <pc:TextEquiv conf="0.875919865199498">
                    <pc:Unicode>von jhren Sitten / Ordnungen vnnd Argli⸗</pc:Unicode>
                </pc:TextEquiv>
            </pc:TextLine>
            <pc:TextLine id="region0005_line0022">
                <pc:Coords points="173,1089 837,1089 837,1135 173,1135"/>
                <pc:Word id="region0005_line0022_word0000">
                    <pc:Coords points="173,1090 377,1090 377,1131 173,1131"/>
                    <pc:TextEquiv conf="0.900533447265625">
                        <pc:Unicode>ſtigkeit</pc:Unicode>
                    </pc:TextEquiv>
                </pc:Word>
                <pc:Word id="region0005_line0022_word0001">
                    <pc:Coords points="301,1089 287,1089 287,1135 301,1135"/>
                    <pc:TextEquiv conf="0.921097183227539">
                        <pc:Unicode>/</pc:Unicode>
                    </pc:TextEquiv>
                </pc:Word>
                <pc:Word id="region0005_line0022_word0002">
                    <pc:Coords points="314,1090 377,1090 377,1131 314,1131"/>
                    <pc:TextEquiv conf="0.919085311889648">
                        <pc:Unicode>deren</pc:Unicode>
                    </pc:TextEquiv>
                </pc:Word>
                <pc:Word id="region0005_line0022_word0003">
                    <pc:Coords points="385,1089 422,1089 422,1132 385,1132"/>
                    <pc:TextEquiv conf="0.901206817626953">
                        <pc:Unicode>ſie</pc:Unicode>
                    </pc:TextEquiv>
                </pc:Word>
                <pc:Word id="region0005_line0022_word0004">
                    <pc:Coords points="435,1091 490,1091 490,1133 435,1133"/>
                    <pc:TextEquiv conf="0.926285018920898">
                        <pc:Unicode>ſich</pc:Unicode>
                    </pc:TextEquiv>
                </pc:Word>
                <pc:Word id="region0005_line0022_word0005">
                    <pc:Coords points="505,1091 677,1091 677,1133 505,1133"/>
                    <pc:TextEquiv conf="0.893939971923828">
                        <pc:Unicode>gebrauchen</pc:Unicode>
                    </pc:TextEquiv>
                </pc:Word>
                <pc:Word id="region0005_line0022_word0006">
                    <pc:Coords points="689,1092 699,1092 699,1124 689,1124"/>
                    <pc:TextEquiv conf="0.905771179199219">
                        <pc:Unicode>/</pc:Unicode>
                    </pc:TextEquiv>
                </pc:Word>
                <pc:Word id="region0005_line0022_word0007">
                    <pc:Coords points="712,1090 768,1090 768,1135 712,1135"/>
                    <pc:TextEquiv conf="0.910871429443359">
                        <pc:Unicode>jhre</pc:Unicode>
                    </pc:TextEquiv>
                </pc:Word>
                <pc:Word id="region0005_line0022_word0008">
                    <pc:Coords points="776,1089 837,1089 837,1133 776,1133"/>
                    <pc:TextEquiv conf="0.647365570068359">
                        <pc:Unicode>böſe</pc:Unicode>
                    </pc:TextEquiv>
                </pc:Word>
                <pc:TextEquiv conf="0.880683992173937">
                    <pc:Unicode>ſtigkeit / deren ſie ſich gebrauchen / jhre böſe</pc:Unicode>
                </pc:TextEquiv>
            </pc:TextLine>
            <pc:TextLine id="region0005_line0023">
                <pc:Coords points="174,1133 832,1133 832,1179 174,1179"/>
                <pc:Word id="region0005_line0023_word0000">
                    <pc:Coords points="174,1133 358,1133 358,1174 174,1174"/>
                    <pc:TextEquiv conf="0.852207641601562">
                        <pc:Unicode>Bubenſtuͤck</pc:Unicode>
                    </pc:TextEquiv>
                </pc:Word>
                <pc:Word id="region0005_line0023_word0001">
                    <pc:Coords points="365,1141 412,1141 412,1170 365,1170"/>
                    <pc:TextEquiv conf="0.913181915283203">
                        <pc:Unicode>ins</pc:Unicode>
                    </pc:TextEquiv>
                </pc:Word>
                <pc:Word id="region0005_line0023_word0002">
                    <pc:Coords points="419,1135 527,1135 527,1172 419,1172"/>
                    <pc:TextEquiv conf="0.906978149414063">
                        <pc:Unicode>Werck</pc:Unicode>
                    </pc:TextEquiv>
                </pc:Word>
                <pc:Word id="region0005_line0023_word0003">
                    <pc:Coords points="533,1146 564,1146 564,1179 533,1179"/>
                    <pc:TextEquiv conf="0.861052474975586">
                        <pc:Unicode>zu</pc:Unicode>
                    </pc:TextEquiv>
                </pc:Word>
                <pc:Word id="region0005_line0023_word0004">
                    <pc:Coords points="571,1137 657,1137 657,1177 571,1177"/>
                    <pc:TextEquiv conf="0.907719268798828">
                        <pc:Unicode>ſetzen.</pc:Unicode>
                    </pc:TextEquiv>
                </pc:Word>
                <pc:Word id="region0005_line0023_word0005">
                    <pc:Coords points="787,1148 832,1148 832,1177 787,1177"/>
                    <pc:TextEquiv conf="0.924629287719727">
                        <pc:Unicode>40</pc:Unicode>
                    </pc:TextEquiv>
                </pc:Word>
                <pc:TextEquiv conf="0.894294789632161">
                    <pc:Unicode>Bubenſtuͤck ins Werck zu ſetzen. 40</pc:Unicode>
                </pc:TextEquiv>
            </pc:TextLine>
            <pc:TextLine id="region0005_line0024">
                <pc:Coords points="218,1174 835,1174 835,1224 218,1224"/>
                <pc:Word id="region0005_line0024_word0000">
                    <pc:Coords points="218,1174 259,1174 259,1213 218,1213"/>
                    <pc:TextEquiv conf="0.899269332885742">
                        <pc:Unicode>V.</pc:Unicode>
                    </pc:TextEquiv>
                </pc:Word>
                <pc:Word id="region0005_line0024_word0001">
                    <pc:Coords points="271,1177 354,1177 354,1215 271,1215"/>
                    <pc:TextEquiv conf="0.927201538085938">
                        <pc:Unicode>Von</pc:Unicode>
                    </pc:TextEquiv>
                </pc:Word>
                <pc:Word id="region0005_line0024_word0002">
                    <pc:Coords points="362,1184 423,1184 423,1216 362,1216"/>
                    <pc:TextEquiv conf="0.925976715087891">
                        <pc:Unicode>dem</pc:Unicode>
                    </pc:TextEquiv>
                </pc:Word>
                <pc:Word id="region0005_line0024_word0003">
                    <pc:Coords points="433,1178 557,1178 557,1220 433,1220"/>
                    <pc:TextEquiv conf="0.915415496826172">
                        <pc:Unicode>Rauben</pc:Unicode>
                    </pc:TextEquiv>
                </pc:Word>
                <pc:Word id="region0005_line0024_word0004">
                    <pc:Coords points="570,1186 628,1186 628,1216 570,1216"/>
                    <pc:TextEquiv conf="0.921504974365234">
                        <pc:Unicode>vnd</pc:Unicode>
                    </pc:TextEquiv>
                </pc:Word>
                <pc:Word id="region0005_line0024_word0005">
                    <pc:Coords points="638,1179 772,1179 772,1217 638,1217"/>
                    <pc:TextEquiv conf="0.901160049438477">
                        <pc:Unicode>Morden</pc:Unicode>
                    </pc:TextEquiv>
                </pc:Word>
                <pc:Word id="region0005_line0024_word0006">
                    <pc:Coords points="785,1186 835,1186 835,1224 785,1224"/>
                    <pc:TextEquiv conf="0.87733528137207">
                        <pc:Unicode>deß</pc:Unicode>
                    </pc:TextEquiv>
                </pc:Word>
                <pc:TextEquiv conf="0.909694769723075">
                    <pc:Unicode>V. Von dem Rauben vnd Morden deß</pc:Unicode>
                </pc:TextEquiv>
            </pc:TextLine>
            <pc:TextLine id="region0005_line0025">
                <pc:Coords points="170,1206 835,1206 835,1272 170,1272"/>
                <pc:Word id="region0005_line0025_word0000">
                    <pc:Coords points="170,1206 294,1206 294,1272 170,1272"/>
                    <pc:TextEquiv conf="0.346623001098633">
                        <pc:Unicode>Cheſnay</pc:Unicode>
                    </pc:TextEquiv>
                </pc:Word>
                <pc:Word id="region0005_line0025_word0001">
                    <pc:Coords points="310,1227 361,1227 361,1263 310,1263"/>
                    <pc:TextEquiv conf="0.346623001098633">
                        <pc:Unicode>als</pc:Unicode>
                    </pc:TextEquiv>
                </pc:Word>
                <pc:Word id="region0005_line0025_word0002">
                    <pc:Coords points="372,1228 420,1228 420,1262 372,1262"/>
                    <pc:TextEquiv conf="0.565878868103027">
                        <pc:Unicode>deß</pc:Unicode>
                    </pc:TextEquiv>
                </pc:Word>
                <pc:Word id="region0005_line0025_word0003">
                    <pc:Coords points="428,1224 574,1224 574,1268 428,1268"/>
                    <pc:TextEquiv conf="0.76478515625">
                        <pc:Unicode>Oherſten</pc:Unicode>
                    </pc:TextEquiv>
                </pc:Word>
                <pc:Word id="region0005_line0025_word0004">
                    <pc:Coords points="582,1229 627,1229 627,1260 582,1260"/>
                    <pc:TextEquiv conf="0.928974151611328">
                        <pc:Unicode>der</pc:Unicode>
                    </pc:TextEquiv>
                </pc:Word>
                <pc:Word id="region0005_line0025_word0005">
                    <pc:Coords points="636,1224 768,1224 768,1268 636,1268"/>
                    <pc:TextEquiv conf="0.928708114624023">
                        <pc:Unicode>Rougets</pc:Unicode>
                    </pc:TextEquiv>
                </pc:Word>
                <pc:Word id="region0005_line0025_word0006">
                    <pc:Coords points="775,1234 835,1234 835,1264 775,1264"/>
                    <pc:TextEquiv conf="0.928238525390625">
                        <pc:Unicode>vnd</pc:Unicode>
                    </pc:TextEquiv>
                </pc:Word>
                <pc:TextEquiv conf="0.687118688310896">
                    <pc:Unicode>Cheſnay als deß Oherſten der Rougets vnd</pc:Unicode>
                </pc:TextEquiv>
            </pc:TextLine>
            <pc:TextLine id="region0005_line0026">
                <pc:Coords points="171,1268 838,1268 838,1315 171,1315"/>
                <pc:Word id="region0005_line0026_word0000">
                    <pc:Coords points="171,1268 324,1268 324,1313 171,1313"/>
                    <pc:TextEquiv conf="0.636645393371582">
                        <pc:Unicode>Giiſons:</pc:Unicode>
                    </pc:TextEquiv>
                </pc:Word>
                <pc:Word id="region0005_line0026_word0001">
                    <pc:Coords points="343,1268 431,1268 431,1310 343,1310"/>
                    <pc:TextEquiv conf="0.904073333740234">
                        <pc:Unicode>Was</pc:Unicode>
                    </pc:TextEquiv>
                </pc:Word>
                <pc:Word id="region0005_line0026_word0002">
                    <pc:Coords points="445,1272 499,1272 499,1315 445,1315"/>
                    <pc:TextEquiv conf="0.922361221313477">
                        <pc:Unicode>ſein</pc:Unicode>
                    </pc:TextEquiv>
                </pc:Word>
                <pc:Word id="region0005_line0026_word0003">
                    <pc:Coords points="517,1269 665,1269 665,1315 517,1315"/>
                    <pc:TextEquiv conf="0.91352294921875">
                        <pc:Unicode>Mitgeſell</pc:Unicode>
                    </pc:TextEquiv>
                </pc:Word>
                <pc:Word id="region0005_line0026_word0004">
                    <pc:Coords points="688,1282 726,1282 726,1309 688,1309"/>
                    <pc:TextEquiv conf="0.928123626708984">
                        <pc:Unicode>an</pc:Unicode>
                    </pc:TextEquiv>
                </pc:Word>
                <pc:Word id="region0005_line0026_word0005">
                    <pc:Coords points="745,1282 838,1282 838,1310 745,1310"/>
                    <pc:TextEquiv conf="0.9061279296875">
                        <pc:Unicode>vnter⸗</pc:Unicode>
                    </pc:TextEquiv>
                </pc:Word>
                <pc:TextEquiv conf="0.868475742340088">
                    <pc:Unicode>Giiſons: Was ſein Mitgeſell an vnter⸗</pc:Unicode>
                </pc:TextEquiv>
            </pc:TextLine>
            <pc:TextEquiv conf="0.762926252142685">
                <pc:Unicode>— 7 — 7 —
— —
———— der —
ſo in dieſem Buch begriffen.
Cap. J. Von dem erſchrecklichen Leben
deß Captitamen Lycson / als deh⸗Oberſten der
Diebe von * Geſchlecht vnd Herkom⸗
men / vnnd wie er ſich in ſeiner Zugendihat
verhalten
I1. Ferrnere Beſchreſbung deh
deß Halwemans Lytaon / ſein boͤſes vorneh⸗
men / ſeine Argliſtigbeit / Verſchlagenhett vnd
Krelegoliſte / vnd was er ſonſten vor ſchreckli⸗
che dinge begangen / von * an / da er ſich
auff das Staſſenrauden hat begeben. 8
III. Lycaon wird von dem Voat von Ro⸗
ven verfolget / begibt ſich in ſein Raubſchloß
Machetoufit / da er dann wird vmbeinget
vnd belagert / vnd was er ferrners diß an ſein
Todt gethan hat. 26
IVVon dem Rougets vnnd Griſons /
von jhren Sitten / Ordnungen vnnd Argli⸗
ſtigkeit / deren ſie ſich gebrauchen / jhre böſe
Bubenſtuͤck ins Werck zu ſetzen. 40
V. Von dem Rauben vnd Morden deß
Cheſnay als deß Oherſten der Rougets vnd
Giiſons: Was ſein Mitgeſell an vnter⸗</pc:Unicode>
            </pc:TextEquiv>
        </pc:TextRegion>
        <pc:ImageRegion id="region0002" orientation="0.079595002513031">
            <pc:Coords points="0,1292 1000,1292 1000,1504 0,1504"/>
        </pc:ImageRegion>
        <pc:ImageRegion id="region0004" orientation="0.079595002513031">
            <pc:Coords points="347,63 460,63 460,99 347,99"/>
        </pc:ImageRegion>
        <pc:ImageRegion id="region0006" orientation="0.079595002513031">
            <pc:Coords points="553,27 1000,27 1000,109 553,109"/>
        </pc:ImageRegion>
        <pc:ImageRegion id="region0007" orientation="0.079595002513031">
            <pc:Coords points="0,0 1000,0 1000,150 0,150"/>
        </pc:ImageRegion>
        <pc:SeparatorRegion id="region0000">
            <pc:Coords points="74,34 680,34 680,39 74,39"/>
        </pc:SeparatorRegion>
        <pc:SeparatorRegion id="region0001">
            <pc:Coords points="60,39 680,39 680,43 60,43"/>
        </pc:SeparatorRegion>
        <pc:SeparatorRegion id="region0003">
            <pc:Coords points="232,39 680,39 680,43 232,43"/>
        </pc:SeparatorRegion>
    </pc:Page>
</pc:PcGts>
