<?xml version="1.0" encoding="UTF-8"?>
<pc:PcGts xmlns:pc="http://schema.primaresearch.org/PAGE/gts/pagecontent/2019-07-15" xmlns:xsi="http://www.w3.org/2001/XMLSchema-instance" xsi:schemaLocation="http://schema.primaresearch.org/PAGE/gts/pagecontent/2019-07-15 http://schema.primaresearch.org/PAGE/gts/pagecontent/2019-07-15/pagecontent.xsd" pcGtsId="OCR-D-OCR_0001">
    <pc:Metadata>
        <pc:Creator>OCR-D/core 2.30.0</pc:Creator>
        <pc:Created>2022-12-01T08:32:34.279584</pc:Created>
        <pc:LastChange>2022-12-01T08:32:34.279584</pc:LastChange>
        <pc:MetadataItem type="processingStep" name="layout/segmentation/region" value="ocrd-tesserocr-recognize">
            <pc:Labels externalModel="ocrd-tool" externalId="parameters">
                <pc:Label value="region" type="segmentation_level"/>
                <pc:Label value="word" type="textequiv_level"/>
                <pc:Label value="True" type="find_tables"/>
                <pc:Label value="Fraktur_GT4HistOCR" type="model"/>
                <pc:Label value="0" type="dpi"/>
                <pc:Label value="0" type="padding"/>
                <pc:Label value="False" type="overwrite_segments"/>
                <pc:Label value="True" type="overwrite_text"/>
                <pc:Label value="False" type="shrink_polygons"/>
                <pc:Label value="False" type="block_polygons"/>
                <pc:Label value="False" type="find_staves"/>
                <pc:Label value="False" type="sparse_text"/>
                <pc:Label value="False" type="raw_lines"/>
                <pc:Label value="" type="char_whitelist"/>
                <pc:Label value="" type="char_blacklist"/>
                <pc:Label value="" type="char_unblacklist"/>
                <pc:Label value="{}" type="tesseract_parameters"/>
                <pc:Label value="{}" type="xpath_parameters"/>
                <pc:Label value="{}" type="xpath_model"/>
                <pc:Label value="False" type="auto_model"/>
                <pc:Label value="DEFAULT" type="oem"/>
            </pc:Labels>
            <pc:Labels externalModel="ocrd-tool" externalId="version">
                <pc:Label value="0.13.6 (tesseract 5.0.1)" type="ocrd-tesserocr-recognize"/>
                <pc:Label value="2.30.0" type="ocrd/core"/>
            </pc:Labels>
        </pc:MetadataItem>
    </pc:Metadata>
    <pc:Page imageFilename="OCR-D-IMG/OCR-D-IMG_0001.tif" imageWidth="1267" imageHeight="2155">
        <pc:AlternativeImage filename="OCR-D-OCR/OCR-D-OCR_0001.IMG-BIN.png" comments=",binarized,clipped"/>
        <pc:ReadingOrder>
            <pc:OrderedGroup id="reading-order">
                <pc:RegionRefIndexed index="0" regionRef="region0000"/>
                <pc:RegionRefIndexed index="1" regionRef="region0001"/>
                <pc:RegionRefIndexed index="2" regionRef="region0002"/>
                <pc:RegionRefIndexed index="3" regionRef="region0003"/>
                <pc:RegionRefIndexed index="4" regionRef="region0004"/>
                <pc:RegionRefIndexed index="5" regionRef="region0005"/>
                <pc:RegionRefIndexed index="6" regionRef="region0006"/>
                <pc:RegionRefIndexed index="8" regionRef="region0008"/>
            </pc:OrderedGroup>
        </pc:ReadingOrder>
        <pc:TextRegion id="region0000" orientation="-0.709588886481157" readingDirection="left-to-right" textLineOrder="top-to-bottom">
            <pc:Coords points="65,429 767,429 767,473 65,473"/>
            <pc:TextLine id="region0000_line0000">
                <pc:Coords points="65,429 767,429 767,473 65,473"/>
                <pc:Word id="region0000_line0000_word0000">
                    <pc:Coords points="65,430 108,430 108,464 65,464"/>
                    <pc:TextEquiv conf="0.918043518066406">
                        <pc:Unicode>die</pc:Unicode>
                    </pc:TextEquiv>
                </pc:Word>
                <pc:Word id="region0000_line0000_word0001">
                    <pc:Coords points="123,434 179,434 179,465 123,465"/>
                    <pc:TextEquiv conf="0.918043518066406">
                        <pc:Unicode>uns</pc:Unicode>
                    </pc:TextEquiv>
                </pc:Word>
                <pc:Word id="region0000_line0000_word0002">
                    <pc:Coords points="194,430 268,430 268,472 194,472"/>
                    <pc:TextEquiv conf="0.927997589111328">
                        <pc:Unicode>ſelbſt</pc:Unicode>
                    </pc:TextEquiv>
                </pc:Word>
                <pc:Word id="region0000_line0000_word0003">
                    <pc:Coords points="336,429 302,429 302,473 336,473"/>
                    <pc:TextEquiv conf="0.930491104125977">
                        <pc:Unicode>in</pc:Unicode>
                    </pc:TextEquiv>
                </pc:Word>
                <pc:Word id="region0000_line0000_word0004">
                    <pc:Coords points="329,433 380,433 380,464 329,464"/>
                    <pc:TextEquiv conf="0.930491104125977">
                        <pc:Unicode>den</pc:Unicode>
                    </pc:TextEquiv>
                </pc:Word>
                <pc:Word id="region0000_line0000_word0005">
                    <pc:Coords points="407,429 692,429 692,473 407,473"/>
                    <pc:TextEquiv conf="0.924237899780273">
                        <pc:Unicode>Elementarbuͤchern</pc:Unicode>
                    </pc:TextEquiv>
                </pc:Word>
                <pc:Word id="region0000_line0000_word0006">
                    <pc:Coords points="714,434 767,434 767,468 714,468"/>
                    <pc:TextEquiv conf="0.92675407409668">
                        <pc:Unicode>des</pc:Unicode>
                    </pc:TextEquiv>
                </pc:Word>
                <pc:TextEquiv conf="0.92515125819615">
                    <pc:Unicode>die uns ſelbſt in den Elementarbuͤchern des</pc:Unicode>
                </pc:TextEquiv>
            </pc:TextLine>
            <pc:TextEquiv conf="0.92515125819615">
                <pc:Unicode>die uns ſelbſt in den Elementarbuͤchern des</pc:Unicode>
            </pc:TextEquiv>
        </pc:TextRegion>
        <pc:TextRegion id="region0001" orientation="-0.709588886481157" readingDirection="left-to-right" textLineOrder="top-to-bottom">
            <pc:Coords points="64,510 593,510 593,558 64,558"/>
            <pc:TextLine id="region0001_line0000">
                <pc:Coords points="64,510 593,510 593,558 64,558"/>
                <pc:Word id="region0001_line0000_word0000">
                    <pc:Coords points="64,510 164,510 164,547 64,547"/>
                    <pc:TextEquiv conf="0.926647644042969">
                        <pc:Unicode>Neuen</pc:Unicode>
                    </pc:TextEquiv>
                </pc:Word>
                <pc:Word id="region0001_line0000_word0001">
                    <pc:Coords points="179,515 303,515 303,548 179,548"/>
                    <pc:TextEquiv conf="0.922568435668945">
                        <pc:Unicode>Bundes</pc:Unicode>
                    </pc:TextEquiv>
                </pc:Word>
                <pc:Word id="region0001_line0000_word0002">
                    <pc:Coords points="318,513 497,513 497,558 318,558"/>
                    <pc:TextEquiv conf="0.922818603515625">
                        <pc:Unicode>verſprochen</pc:Unicode>
                    </pc:TextEquiv>
                </pc:Word>
                <pc:Word id="region0001_line0000_word0003">
                    <pc:Coords points="511,515 593,515 593,548 511,548"/>
                    <pc:TextEquiv conf="0.88499382019043">
                        <pc:Unicode>wird.</pc:Unicode>
                    </pc:TextEquiv>
                </pc:Word>
                <pc:TextEquiv conf="0.914257125854492">
                    <pc:Unicode>Neuen Bundes verſprochen wird.</pc:Unicode>
                </pc:TextEquiv>
            </pc:TextLine>
            <pc:TextEquiv conf="0.914257125854492">
                <pc:Unicode>Neuen Bundes verſprochen wird.</pc:Unicode>
            </pc:TextEquiv>
        </pc:TextRegion>
        <pc:TextRegion id="region0002" orientation="-0.709588886481157" readingDirection="left-to-right" textLineOrder="top-to-bottom">
            <pc:Coords points="348,642 474,642 474,688 348,688"/>
            <pc:TextLine id="region0002_line0000">
                <pc:Coords points="348,642 474,642 474,688 348,688"/>
                <pc:Word id="region0002_line0000_word0000">
                    <pc:Coords points="348,642 377,642 377,686 348,686"/>
                    <pc:TextEquiv conf="0.175821838378906">
                        <pc:Unicode>§.</pc:Unicode>
                    </pc:TextEquiv>
                </pc:Word>
                <pc:Word id="region0002_line0000_word0001">
                    <pc:Coords points="415,650 474,650 474,688 415,688"/>
                    <pc:TextEquiv conf="0.429857330322266">
                        <pc:Unicode>87.</pc:Unicode>
                    </pc:TextEquiv>
                </pc:Word>
                <pc:TextEquiv conf="0.302839584350586">
                    <pc:Unicode>§. 87.</pc:Unicode>
                </pc:TextEquiv>
            </pc:TextLine>
            <pc:TextEquiv conf="0.302839584350586">
                <pc:Unicode>§. 87.</pc:Unicode>
            </pc:TextEquiv>
        </pc:TextRegion>
        <pc:TextRegion id="region0003" orientation="-0.709588886481157" readingDirection="left-to-right" textLineOrder="top-to-bottom">
            <pc:Coords points="39,755 761,755 761,1128 39,1128"/>
            <pc:TextLine id="region0003_line0000">
                <pc:Coords points="110,755 761,755 761,805 110,805"/>
                <pc:Word id="region0003_line0000_word0000">
                    <pc:Coords points="110,760 271,760 271,801 110,801"/>
                    <pc:TextEquiv conf="0.92000114440918">
                        <pc:Unicode>Vielleicht,</pc:Unicode>
                    </pc:TextEquiv>
                </pc:Word>
                <pc:Word id="region0003_line0000_word0001">
                    <pc:Coords points="306,759 361,759 361,802 306,802"/>
                    <pc:TextEquiv conf="0.928568649291992">
                        <pc:Unicode>daß</pc:Unicode>
                    </pc:TextEquiv>
                </pc:Word>
                <pc:Word id="region0003_line0000_word0002">
                    <pc:Coords points="389,759 467,759 467,801 389,801"/>
                    <pc:TextEquiv conf="0.925811538696289">
                        <pc:Unicode>ſelbſt</pc:Unicode>
                    </pc:TextEquiv>
                </pc:Word>
                <pc:Word id="region0003_line0000_word0003">
                    <pc:Coords points="488,756 596,756 596,805 488,805"/>
                    <pc:TextEquiv conf="0.927680358886719">
                        <pc:Unicode>gewiſſe</pc:Unicode>
                    </pc:TextEquiv>
                </pc:Word>
                <pc:Word id="region0003_line0000_word0004">
                    <pc:Coords points="619,755 761,755 761,802 619,802"/>
                    <pc:TextEquiv conf="0.91075553894043">
                        <pc:Unicode>Schwaͤr⸗</pc:Unicode>
                    </pc:TextEquiv>
                </pc:Word>
                <pc:TextEquiv conf="0.922563446044922">
                    <pc:Unicode>Vielleicht, daß ſelbſt gewiſſe Schwaͤr⸗</pc:Unicode>
                </pc:TextEquiv>
            </pc:TextLine>
            <pc:TextLine id="region0003_line0001">
                <pc:Coords points="61,840 760,840 760,882 61,882"/>
                <pc:Word id="region0003_line0001_word0000">
                    <pc:Coords points="61,848 120,848 120,873 61,873"/>
                    <pc:TextEquiv conf="0.903178787231445">
                        <pc:Unicode>mer</pc:Unicode>
                    </pc:TextEquiv>
                </pc:Word>
                <pc:Word id="region0003_line0001_word0001">
                    <pc:Coords points="136,844 186,844 186,873 136,873"/>
                    <pc:TextEquiv conf="0.919280853271484">
                        <pc:Unicode>des</pc:Unicode>
                    </pc:TextEquiv>
                </pc:Word>
                <pc:Word id="region0003_line0001_word0002">
                    <pc:Coords points="205,841 385,841 385,881 205,881"/>
                    <pc:TextEquiv conf="0.91387077331543">
                        <pc:Unicode>dreyzehnten</pc:Unicode>
                    </pc:TextEquiv>
                </pc:Word>
                <pc:Word id="region0003_line0001_word0003">
                    <pc:Coords points="407,844 457,844 457,874 407,874"/>
                    <pc:TextEquiv conf="0.916850128173828">
                        <pc:Unicode>und</pc:Unicode>
                    </pc:TextEquiv>
                </pc:Word>
                <pc:Word id="region0003_line0001_word0004">
                    <pc:Coords points="458,840 646,840 646,882 458,882"/>
                    <pc:TextEquiv conf="0.916850128173828">
                        <pc:Unicode>vierzehnten</pc:Unicode>
                    </pc:TextEquiv>
                </pc:Word>
                <pc:Word id="region0003_line0001_word0005">
                    <pc:Coords points="667,844 760,844 760,881 667,881"/>
                    <pc:TextEquiv conf="0.910358276367187">
                        <pc:Unicode>Jahr⸗</pc:Unicode>
                    </pc:TextEquiv>
                </pc:Word>
                <pc:TextEquiv conf="0.913398157755534">
                    <pc:Unicode>mer des dreyzehnten und vierzehnten Jahr⸗</pc:Unicode>
                </pc:TextEquiv>
            </pc:TextLine>
            <pc:TextLine id="region0003_line0002">
                <pc:Coords points="39,910 759,910 759,965 39,965"/>
                <pc:Word id="region0003_line0002_word0000">
                    <pc:Coords points="39,910 192,910 192,960 39,960"/>
                    <pc:TextEquiv conf="0.903400192260742">
                        <pc:Unicode>hunderts</pc:Unicode>
                    </pc:TextEquiv>
                </pc:Word>
                <pc:Word id="region0003_line0002_word0001">
                    <pc:Coords points="209,920 287,920 287,956 209,956"/>
                    <pc:TextEquiv conf="0.923373489379883">
                        <pc:Unicode>einen</pc:Unicode>
                    </pc:TextEquiv>
                </pc:Word>
                <pc:Word id="region0003_line0002_word0002">
                    <pc:Coords points="302,922 411,922 411,962 302,962"/>
                    <pc:TextEquiv conf="0.907522583007813">
                        <pc:Unicode>Strahl</pc:Unicode>
                    </pc:TextEquiv>
                </pc:Word>
                <pc:Word id="region0003_line0002_word0003">
                    <pc:Coords points="430,923 517,923 517,965 430,965"/>
                    <pc:TextEquiv conf="0.917040557861328">
                        <pc:Unicode>dieſes</pc:Unicode>
                    </pc:TextEquiv>
                </pc:Word>
                <pc:Word id="region0003_line0002_word0004">
                    <pc:Coords points="540,932 629,932 629,956 540,956"/>
                    <pc:TextEquiv conf="0.923847045898437">
                        <pc:Unicode>neuen</pc:Unicode>
                    </pc:TextEquiv>
                </pc:Word>
                <pc:Word id="region0003_line0002_word0005">
                    <pc:Coords points="652,925 759,925 759,965 652,965"/>
                    <pc:TextEquiv conf="0.917882461547852">
                        <pc:Unicode>ewigen</pc:Unicode>
                    </pc:TextEquiv>
                </pc:Word>
                <pc:TextEquiv conf="0.915511054992676">
                    <pc:Unicode>hunderts einen Strahl dieſes neuen ewigen</pc:Unicode>
                </pc:TextEquiv>
            </pc:TextLine>
            <pc:TextLine id="region0003_line0003">
                <pc:Coords points="58,1002 760,1002 760,1045 58,1045"/>
                <pc:Word id="region0003_line0003_word0000">
                    <pc:Coords points="58,1003 268,1003 268,1045 58,1045"/>
                    <pc:TextEquiv conf="0.50676155090332">
                        <pc:Unicode>Evangeliums</pc:Unicode>
                    </pc:TextEquiv>
                </pc:Word>
                <pc:Word id="region0003_line0003_word0001">
                    <pc:Coords points="284,1002 474,1002 474,1045 284,1045"/>
                    <pc:TextEquiv conf="0.886184234619141">
                        <pc:Unicode>aufgefaugen</pc:Unicode>
                    </pc:TextEquiv>
                </pc:Word>
                <pc:Word id="region0003_line0003_word0002">
                    <pc:Coords points="492,1004 605,1004 605,1045 492,1045"/>
                    <pc:TextEquiv conf="0.913441619873047">
                        <pc:Unicode>hatten;</pc:Unicode>
                    </pc:TextEquiv>
                </pc:Word>
                <pc:Word id="region0003_line0003_word0003">
                    <pc:Coords points="631,1008 689,1008 689,1038 631,1038"/>
                    <pc:TextEquiv conf="0.930704345703125">
                        <pc:Unicode>und</pc:Unicode>
                    </pc:TextEquiv>
                </pc:Word>
                <pc:Word id="region0003_line0003_word0004">
                    <pc:Coords points="705,1015 760,1015 760,1039 705,1039"/>
                    <pc:TextEquiv conf="0.905098266601562">
                        <pc:Unicode>nur</pc:Unicode>
                    </pc:TextEquiv>
                </pc:Word>
                <pc:TextEquiv conf="0.828438003540039">
                    <pc:Unicode>Evangeliums aufgefaugen hatten; und nur</pc:Unicode>
                </pc:TextEquiv>
            </pc:TextLine>
            <pc:TextLine id="region0003_line0004">
                <pc:Coords points="57,1085 755,1085 755,1128 57,1128"/>
                <pc:Word id="region0003_line0004_word0000">
                    <pc:Coords points="57,1086 158,1086 158,1118 57,1118"/>
                    <pc:TextEquiv conf="0.908029022216797">
                        <pc:Unicode>darinn</pc:Unicode>
                    </pc:TextEquiv>
                </pc:Word>
                <pc:Word id="region0003_line0004_word0001">
                    <pc:Coords points="173,1086 275,1086 275,1126 173,1126"/>
                    <pc:TextEquiv conf="0.918517227172852">
                        <pc:Unicode>irrten,</pc:Unicode>
                    </pc:TextEquiv>
                </pc:Word>
                <pc:Word id="region0003_line0004_word0002">
                    <pc:Coords points="302,1087 356,1087 356,1128 302,1128"/>
                    <pc:TextEquiv conf="0.923745574951172">
                        <pc:Unicode>daß</pc:Unicode>
                    </pc:TextEquiv>
                </pc:Word>
                <pc:Word id="region0003_line0004_word0003">
                    <pc:Coords points="373,1085 407,1085 407,1126 373,1126"/>
                    <pc:TextEquiv conf="0.920980224609375">
                        <pc:Unicode>ſie</pc:Unicode>
                    </pc:TextEquiv>
                </pc:Word>
                <pc:Word id="region0003_line0004_word0004">
                    <pc:Coords points="423,1088 475,1088 475,1119 423,1119"/>
                    <pc:TextEquiv conf="0.928156890869141">
                        <pc:Unicode>den</pc:Unicode>
                    </pc:TextEquiv>
                </pc:Word>
                <pc:Word id="region0003_line0004_word0005">
                    <pc:Coords points="490,1086 641,1086 641,1128 490,1128"/>
                    <pc:TextEquiv conf="0.878657684326172">
                        <pc:Unicode>Ansbruch</pc:Unicode>
                    </pc:TextEquiv>
                </pc:Word>
                <pc:Word id="region0003_line0004_word0006">
                    <pc:Coords points="664,1086 755,1086 755,1128 664,1128"/>
                    <pc:TextEquiv conf="0.793168182373047">
                        <pc:Unicode>deſſel⸗</pc:Unicode>
                    </pc:TextEquiv>
                </pc:Word>
                <pc:TextEquiv conf="0.895893543788365">
                    <pc:Unicode>darinn irrten, daß ſie den Ansbruch deſſel⸗</pc:Unicode>
                </pc:TextEquiv>
            </pc:TextLine>
            <pc:TextEquiv conf="0.895160841224307">
                <pc:Unicode>Vielleicht, daß ſelbſt gewiſſe Schwaͤr⸗
mer des dreyzehnten und vierzehnten Jahr⸗
hunderts einen Strahl dieſes neuen ewigen
Evangeliums aufgefaugen hatten; und nur
darinn irrten, daß ſie den Ansbruch deſſel⸗</pc:Unicode>
            </pc:TextEquiv>
        </pc:TextRegion>
        <pc:TextRegion id="region0004" orientation="-0.709588886481157" readingDirection="left-to-right" textLineOrder="top-to-bottom">
            <pc:Coords points="55,1165 460,1165 460,1208 55,1208"/>
            <pc:TextLine id="region0004_line0000">
                <pc:Coords points="55,1165 460,1165 460,1208 55,1208"/>
                <pc:Word id="region0004_line0000_word0000">
                    <pc:Coords points="55,1166 108,1166 108,1199 55,1199"/>
                    <pc:TextEquiv conf="0.790386810302734">
                        <pc:Unicode>ben</pc:Unicode>
                    </pc:TextEquiv>
                </pc:Word>
                <pc:Word id="region0004_line0000_word0001">
                    <pc:Coords points="124,1167 151,1167 151,1208 124,1208"/>
                    <pc:TextEquiv conf="0.92008186340332">
                        <pc:Unicode>ſo</pc:Unicode>
                    </pc:TextEquiv>
                </pc:Word>
                <pc:Word id="region0004_line0000_word0002">
                    <pc:Coords points="167,1167 239,1167 239,1204 167,1204"/>
                    <pc:TextEquiv conf="0.928691177368164">
                        <pc:Unicode>nahe</pc:Unicode>
                    </pc:TextEquiv>
                </pc:Word>
                <pc:Word id="region0004_line0000_word0003">
                    <pc:Coords points="253,1165 460,1165 460,1208 253,1208"/>
                    <pc:TextEquiv conf="0.917510681152344">
                        <pc:Unicode>verkuͤndigten.</pc:Unicode>
                    </pc:TextEquiv>
                </pc:Word>
                <pc:TextEquiv conf="0.889167633056641">
                    <pc:Unicode>ben ſo nahe verkuͤndigten.</pc:Unicode>
                </pc:TextEquiv>
            </pc:TextLine>
            <pc:TextEquiv conf="0.889167633056641">
                <pc:Unicode>ben ſo nahe verkuͤndigten.</pc:Unicode>
            </pc:TextEquiv>
        </pc:TextRegion>
        <pc:TextRegion id="region0005" orientation="-0.709588886481157" readingDirection="left-to-right" textLineOrder="top-to-bottom">
            <pc:Coords points="340,1296 464,1296 464,1336 340,1336"/>
            <pc:TextLine id="region0005_line0000">
                <pc:Coords points="340,1296 464,1296 464,1336 340,1336"/>
                <pc:Word id="region0005_line0000_word0000">
                    <pc:Coords points="340,1296 370,1296 370,1336 340,1336"/>
                    <pc:TextEquiv conf="0.">
                        <pc:Unicode>g</pc:Unicode>
                    </pc:TextEquiv>
                </pc:Word>
                <pc:Word id="region0005_line0000_word0001">
                    <pc:Coords points="407,1302 464,1302 464,1336 407,1336"/>
                    <pc:TextEquiv conf="0.459480972290039">
                        <pc:Unicode>88.</pc:Unicode>
                    </pc:TextEquiv>
                </pc:Word>
                <pc:TextEquiv conf="0.72974048614502">
                    <pc:Unicode>g 88.</pc:Unicode>
                </pc:TextEquiv>
            </pc:TextLine>
            <pc:TextEquiv conf="0.72974048614502">
                <pc:Unicode>g 88.</pc:Unicode>
            </pc:TextEquiv>
        </pc:TextRegion>
        <pc:TextRegion id="region0006" orientation="-0.709588886481157" readingDirection="left-to-right" textLineOrder="top-to-bottom">
            <pc:Coords points="54,1407 754,1407 754,1627 54,1627"/>
            <pc:TextLine id="region0006_line0000">
                <pc:Coords points="102,1407 754,1407 754,1460 102,1460"/>
                <pc:Word id="region0006_line0000_word0000">
                    <pc:Coords points="102,1407 245,1407 245,1450 102,1450"/>
                    <pc:TextEquiv conf="0.922087707519531">
                        <pc:Unicode>Vielleicht</pc:Unicode>
                    </pc:TextEquiv>
                </pc:Word>
                <pc:Word id="region0006_line0000_word0001">
                    <pc:Coords points="270,1419 331,1419 331,1445 270,1445"/>
                    <pc:TextEquiv conf="0.918854827880859">
                        <pc:Unicode>war</pc:Unicode>
                    </pc:TextEquiv>
                </pc:Word>
                <pc:Word id="region0006_line0000_word0002">
                    <pc:Coords points="358,1412 401,1412 401,1452 358,1452"/>
                    <pc:TextEquiv conf="0.918854827880859">
                        <pc:Unicode>ihr</pc:Unicode>
                    </pc:TextEquiv>
                </pc:Word>
                <pc:Word id="region0006_line0000_word0003">
                    <pc:Coords points="428,1410 631,1410 631,1460 428,1460"/>
                    <pc:TextEquiv conf="0.92452278137207">
                        <pc:Unicode>dreyfaches</pc:Unicode>
                    </pc:TextEquiv>
                </pc:Word>
                <pc:Word id="region0006_line0000_word0004">
                    <pc:Coords points="652,1411 754,1411 754,1453 652,1453"/>
                    <pc:TextEquiv conf="0.921179809570313">
                        <pc:Unicode>Alter</pc:Unicode>
                    </pc:TextEquiv>
                </pc:Word>
                <pc:TextEquiv conf="0.921099990844727">
                    <pc:Unicode>Vielleicht war ihr dreyfaches Alter</pc:Unicode>
                </pc:TextEquiv>
            </pc:TextLine>
            <pc:TextLine id="region0006_line0001">
                <pc:Coords points="54,1490 752,1490 752,1538 54,1538"/>
                <pc:Word id="region0006_line0001_word0000">
                    <pc:Coords points="54,1491 115,1491 115,1528 54,1528"/>
                    <pc:TextEquiv conf="0.890072631835938">
                        <pc:Unicode>der</pc:Unicode>
                    </pc:TextEquiv>
                </pc:Word>
                <pc:Word id="region0006_line0001_word0001">
                    <pc:Coords points="140,1490 244,1490 244,1530 140,1530"/>
                    <pc:TextEquiv conf="0.914249725341797">
                        <pc:Unicode>Welt</pc:Unicode>
                    </pc:TextEquiv>
                </pc:Word>
                <pc:Word id="region0006_line0001_word0002">
                    <pc:Coords points="272,1492 344,1492 344,1526 272,1526"/>
                    <pc:TextEquiv conf="0.897215576171875">
                        <pc:Unicode>keine</pc:Unicode>
                    </pc:TextEquiv>
                </pc:Word>
                <pc:Word id="region0006_line0001_word0003">
                    <pc:Coords points="377,1493 405,1493 405,1535 377,1535"/>
                    <pc:TextEquiv conf="0.929451141357422">
                        <pc:Unicode>ſo</pc:Unicode>
                    </pc:TextEquiv>
                </pc:Word>
                <pc:Word id="region0006_line0001_word0004">
                    <pc:Coords points="437,1494 507,1494 507,1527 437,1527"/>
                    <pc:TextEquiv conf="0.925198059082031">
                        <pc:Unicode>leere</pc:Unicode>
                    </pc:TextEquiv>
                </pc:Word>
                <pc:Word id="region0006_line0001_word0005">
                    <pc:Coords points="540,1495 649,1495 649,1538 540,1538"/>
                    <pc:TextEquiv conf="0.837169342041016">
                        <pc:Unicode>Grille;</pc:Unicode>
                    </pc:TextEquiv>
                </pc:Word>
                <pc:Word id="region0006_line0001_word0006">
                    <pc:Coords points="692,1499 752,1499 752,1529 692,1529"/>
                    <pc:TextEquiv conf="0.926404647827148">
                        <pc:Unicode>und</pc:Unicode>
                    </pc:TextEquiv>
                </pc:Word>
                <pc:TextEquiv conf="0.902823017665318">
                    <pc:Unicode>der Welt keine ſo leere Grille; und</pc:Unicode>
                </pc:TextEquiv>
            </pc:TextLine>
            <pc:TextLine id="region0006_line0002">
                <pc:Coords points="449,1576 751,1576 751,1627 449,1627"/>
                <pc:Word id="region0006_line0002_word0000">
                    <pc:Coords points="449,1576 474,1576 474,1616 449,1616"/>
                    <pc:TextEquiv conf="0.">
                        <pc:Unicode>8</pc:Unicode>
                    </pc:TextEquiv>
                </pc:Word>
                <pc:Word id="region0006_line0002_word0001">
                    <pc:Coords points="702,1587 751,1587 751,1627 702,1627"/>
                    <pc:TextEquiv conf="0.927604675292969">
                        <pc:Unicode>ge⸗</pc:Unicode>
                    </pc:TextEquiv>
                </pc:Word>
                <pc:TextEquiv conf="0.963802337646484">
                    <pc:Unicode>8 ge⸗</pc:Unicode>
                </pc:TextEquiv>
            </pc:TextLine>
            <pc:TextEquiv conf="0.929241782052176">
                <pc:Unicode>Vielleicht war ihr dreyfaches Alter
der Welt keine ſo leere Grille; und
8 ge⸗</pc:Unicode>
            </pc:TextEquiv>
        </pc:TextRegion>
        <pc:ImageRegion id="region0008" orientation="-0.709588886481157">
            <pc:Coords points="1107,0 1267,0 1267,2155 1107,2155"/>
        </pc:ImageRegion>
        <pc:SeparatorRegion id="region0007">
            <pc:Coords points="2,2015 952,2015 952,2043 2,2043"/>
        </pc:SeparatorRegion>
    </pc:Page>
</pc:PcGts>
