<?xml version="1.0" encoding="UTF-8"?>
<pc:PcGts xmlns:pc="http://schema.primaresearch.org/PAGE/gts/pagecontent/2019-07-15" xmlns:xsi="http://www.w3.org/2001/XMLSchema-instance" xsi:schemaLocation="http://schema.primaresearch.org/PAGE/gts/pagecontent/2019-07-15 http://schema.primaresearch.org/PAGE/gts/pagecontent/2019-07-15/pagecontent.xsd" pcGtsId="OCR-D-OCR_0004">
    <pc:Metadata>
        <pc:Creator>OCR-D/core 2.30.0</pc:Creator>
        <pc:Created>2022-11-14T12:40:32.221337</pc:Created>
        <pc:LastChange>2022-11-14T12:40:32.221337</pc:LastChange>
        <pc:MetadataItem type="processingStep" name="layout/segmentation/region" value="ocrd-tesserocr-recognize">
            <pc:Labels externalModel="ocrd-tool" externalId="parameters">
                <pc:Label value="region" type="segmentation_level"/>
                <pc:Label value="word" type="textequiv_level"/>
                <pc:Label value="True" type="find_tables"/>
                <pc:Label value="Fraktur_GT4HistOCR" type="model"/>
                <pc:Label value="0" type="dpi"/>
                <pc:Label value="0" type="padding"/>
                <pc:Label value="False" type="overwrite_segments"/>
                <pc:Label value="True" type="overwrite_text"/>
                <pc:Label value="False" type="shrink_polygons"/>
                <pc:Label value="False" type="block_polygons"/>
                <pc:Label value="False" type="find_staves"/>
                <pc:Label value="False" type="sparse_text"/>
                <pc:Label value="False" type="raw_lines"/>
                <pc:Label value="" type="char_whitelist"/>
                <pc:Label value="" type="char_blacklist"/>
                <pc:Label value="" type="char_unblacklist"/>
                <pc:Label value="{}" type="tesseract_parameters"/>
                <pc:Label value="{}" type="xpath_parameters"/>
                <pc:Label value="{}" type="xpath_model"/>
                <pc:Label value="False" type="auto_model"/>
                <pc:Label value="DEFAULT" type="oem"/>
            </pc:Labels>
            <pc:Labels externalModel="ocrd-tool" externalId="version">
                <pc:Label value="0.13.6 (tesseract 5.0.1)" type="ocrd-tesserocr-recognize"/>
                <pc:Label value="2.30.0" type="ocrd/core"/>
            </pc:Labels>
        </pc:MetadataItem>
    </pc:Metadata>
    <pc:Page imageFilename="OCR-D-IMG/OCR-D-IMG_0004.tif" imageWidth="1553" imageHeight="2607">
        <pc:AlternativeImage filename="OCR-D-OCR/OCR-D-OCR_0004.IMG-BIN.png" comments=",binarized,clipped"/>
        <pc:ReadingOrder>
            <pc:OrderedGroup id="reading-order">
                <pc:RegionRefIndexed index="0" regionRef="region0000"/>
                <pc:RegionRefIndexed index="2" regionRef="region0002"/>
                <pc:RegionRefIndexed index="3" regionRef="region0003"/>
                <pc:RegionRefIndexed index="4" regionRef="region0004"/>
                <pc:RegionRefIndexed index="6" regionRef="region0006"/>
                <pc:RegionRefIndexed index="7" regionRef="region0007"/>
                <pc:RegionRefIndexed index="12" regionRef="region0012"/>
                <pc:RegionRefIndexed index="13" regionRef="region0013"/>
                <pc:RegionRefIndexed index="14" regionRef="region0014"/>
                <pc:RegionRefIndexed index="15" regionRef="region0015"/>
                <pc:RegionRefIndexed index="16" regionRef="region0016"/>
            </pc:OrderedGroup>
        </pc:ReadingOrder>
        <pc:TextRegion id="region0000" orientation="0.620749362998737" readingDirection="left-to-right" textLineOrder="top-to-bottom">
            <pc:Coords points="251,117 1417,117 1417,302 251,302"/>
            <pc:TextLine id="region0000_line0000">
                <pc:Coords points="251,117 1300,117 1300,217 251,217"/>
                <pc:Word id="region0000_line0000_word0000">
                    <pc:Coords points="406,117 727,117 727,217 406,217"/>
                    <pc:TextEquiv conf="0.517781143188477">
                        <pc:Unicode>Herrnhuterey</pc:Unicode>
                    </pc:TextEquiv>
                </pc:Word>
                <pc:Word id="region0000_line0000_word0001">
                    <pc:Coords points="745,121 796,121 796,181 745,181"/>
                    <pc:TextEquiv conf="0.82817268371582">
                        <pc:Unicode>in</pc:Unicode>
                    </pc:TextEquiv>
                </pc:Word>
                <pc:Word id="region0000_line0000_word0002">
                    <pc:Coords points="820,117 929,117 929,217 820,217"/>
                    <pc:TextEquiv conf="0.850422058105469">
                        <pc:Unicode>ihrer</pc:Unicode>
                    </pc:TextEquiv>
                </pc:Word>
                <pc:Word id="region0000_line0000_word0003">
                    <pc:Coords points="958,117 1227,117 1227,217 958,217"/>
                    <pc:TextEquiv conf="0.834483642578125">
                        <pc:Unicode>Schalkheit.</pc:Unicode>
                    </pc:TextEquiv>
                </pc:Word>
                <pc:Word id="region0000_line0000_word0004">
                    <pc:Coords points="1280,126 1300,126 1300,159 1280,159"/>
                    <pc:TextEquiv conf="0.219817352294922">
                        <pc:Unicode>—</pc:Unicode>
                    </pc:TextEquiv>
                </pc:Word>
                <pc:TextEquiv conf="0.650135375976563">
                    <pc:Unicode>Herrnhuterey in ihrer Schalkheit. —</pc:Unicode>
                </pc:TextEquiv>
            </pc:TextLine>
            <pc:TextLine id="region0000_line0001">
                <pc:Coords points="275,223 1417,223 1417,302 275,302"/>
                <pc:Word id="region0000_line0001_word0000">
                    <pc:Coords points="275,233 396,233 396,290 275,290"/>
                    <pc:TextEquiv conf="0.918838195800781">
                        <pc:Unicode>deſen</pc:Unicode>
                    </pc:TextEquiv>
                </pc:Word>
                <pc:Word id="region0000_line0001_word0001">
                    <pc:Coords points="423,228 652,228 652,289 423,289"/>
                    <pc:TextEquiv conf="0.794590911865234">
                        <pc:Unicode>Verfahren</pc:Unicode>
                    </pc:TextEquiv>
                </pc:Word>
                <pc:Word id="region0000_line0001_word0002">
                    <pc:Coords points="668,230 717,230 717,277 668,277"/>
                    <pc:TextEquiv conf="0.891394348144531">
                        <pc:Unicode>in</pc:Unicode>
                    </pc:TextEquiv>
                </pc:Word>
                <pc:Word id="region0000_line0001_word0003">
                    <pc:Coords points="725,229 1047,229 1047,289 725,289"/>
                    <pc:TextEquiv conf="0.891394348144531">
                        <pc:Unicode>Penſilvanien,</pc:Unicode>
                    </pc:TextEquiv>
                </pc:Word>
                <pc:Word id="region0000_line0001_word0004">
                    <pc:Coords points="1057,223 1417,223 1417,302 1057,302"/>
                    <pc:TextEquiv conf="0.">
                        <pc:Unicode>Beweisgtnde</pc:Unicode>
                    </pc:TextEquiv>
                </pc:Word>
                <pc:TextEquiv conf="0.899243560791016">
                    <pc:Unicode>deſen Verfahren in Penſilvanien, Beweisgtnde</pc:Unicode>
                </pc:TextEquiv>
            </pc:TextLine>
            <pc:TextEquiv conf="0.774689468383789">
                <pc:Unicode>Herrnhuterey in ihrer Schalkheit. —
deſen Verfahren in Penſilvanien, Beweisgtnde</pc:Unicode>
            </pc:TextEquiv>
        </pc:TextRegion>
        <pc:TextRegion id="region0003" orientation="0.620749362998737" readingDirection="left-to-right" textLineOrder="top-to-bottom">
            <pc:Coords points="228,350 1405,350 1405,539 228,539"/>
            <pc:TextLine id="region0003_line0000">
                <pc:Coords points="228,350 1405,350 1405,423 228,423"/>
                <pc:Word id="region0003_line0000_word0000">
                    <pc:Coords points="228,389 231,389 231,395 228,395"/>
                    <pc:TextEquiv conf="0.4066162109375">
                        <pc:Unicode>mien</pc:Unicode>
                    </pc:TextEquiv>
                </pc:Word>
                <pc:Word id="region0003_line0000_word0001">
                    <pc:Coords points="365,372 378,372 378,420 365,420"/>
                    <pc:TextEquiv conf="0.085784530639648">
                        <pc:Unicode>,</pc:Unicode>
                    </pc:TextEquiv>
                </pc:Word>
                <pc:Word id="region0003_line0000_word0002">
                    <pc:Coords points="381,353 568,353 568,420 381,420"/>
                    <pc:TextEquiv conf="0.841242523193359">
                        <pc:Unicode>dienlich</pc:Unicode>
                    </pc:TextEquiv>
                </pc:Word>
                <pc:Word id="region0003_line0000_word0003">
                    <pc:Coords points="578,354 836,354 836,421 578,421"/>
                    <pc:TextEquiv conf="0.848555450439453">
                        <pc:Unicode>findet</pc:Unicode>
                    </pc:TextEquiv>
                </pc:Word>
                <pc:Word id="region0003_line0000_word0004">
                    <pc:Coords points="807,350 740,350 740,423 807,423"/>
                    <pc:TextEquiv conf="0.848555450439453">
                        <pc:Unicode>Das</pc:Unicode>
                    </pc:TextEquiv>
                </pc:Word>
                <pc:Word id="region0003_line0000_word0005">
                    <pc:Coords points="847,350 895,350 895,423 847,423"/>
                    <pc:TextEquiv conf="0.907988204956055">
                        <pc:Unicode>iſt</pc:Unicode>
                    </pc:TextEquiv>
                </pc:Word>
                <pc:Word id="region0003_line0000_word0006">
                    <pc:Coords points="904,355 967,355 967,403 904,403"/>
                    <pc:TextEquiv conf="0.917430038452148">
                        <pc:Unicode>die</pc:Unicode>
                    </pc:TextEquiv>
                </pc:Word>
                <pc:Word id="region0003_line0000_word0007">
                    <pc:Coords points="976,353 1237,353 1237,423 976,423"/>
                    <pc:TextEquiv conf="0.">
                        <pc:Unicode>erſtellꝛeſache</pc:Unicode>
                    </pc:TextEquiv>
                </pc:Word>
                <pc:Word id="region0003_line0000_word0008">
                    <pc:Coords points="1250,358 1405,358 1405,408 1250,408"/>
                    <pc:TextEquiv conf="0.917454071044922">
                        <pc:Unicode>meines</pc:Unicode>
                    </pc:TextEquiv>
                </pc:Word>
                <pc:TextEquiv conf="0.752625164455838">
                    <pc:Unicode>mien , dienlich findet Das iſt die erſtellꝛeſache meines</pc:Unicode>
                </pc:TextEquiv>
            </pc:TextLine>
            <pc:TextLine id="region0003_line0001">
                <pc:Coords points="283,416 1403,416 1403,486 283,486"/>
                <pc:Word id="region0003_line0001_word0000">
                    <pc:Coords points="283,422 448,422 448,484 283,484"/>
                    <pc:TextEquiv conf="0.925635223388672">
                        <pc:Unicode>jetzigen</pc:Unicode>
                    </pc:TextEquiv>
                </pc:Word>
                <pc:Word id="region0003_line0001_word0001">
                    <pc:Coords points="460,417 790,417 790,486 460,486"/>
                    <pc:TextEquiv conf="0.101371078491211">
                        <pc:Unicode>Vorhabens</pc:Unicode>
                    </pc:TextEquiv>
                </pc:Word>
                <pc:Word id="region0003_line0001_word0002">
                    <pc:Coords points="800,416 907,416 907,480 800,480"/>
                    <pc:TextEquiv conf="0.101371078491211">
                        <pc:Unicode>Die</pc:Unicode>
                    </pc:TextEquiv>
                </pc:Word>
                <pc:Word id="region0003_line0001_word0003">
                    <pc:Coords points="919,421 1070,421 1070,467 919,467"/>
                    <pc:TextEquiv conf="0.740371322631836">
                        <pc:Unicode>andere</pc:Unicode>
                    </pc:TextEquiv>
                </pc:Word>
                <pc:Word id="region0003_line0001_word0004">
                    <pc:Coords points="1084,417 1254,417 1254,481 1084,481"/>
                    <pc:TextEquiv conf="0.895438003540039">
                        <pc:Unicode>beſtehet</pc:Unicode>
                    </pc:TextEquiv>
                </pc:Word>
                <pc:Word id="region0003_line0001_word0005">
                    <pc:Coords points="1265,422 1403,422 1403,469 1265,469"/>
                    <pc:TextEquiv conf="0.909066162109375">
                        <pc:Unicode>darin⸗</pc:Unicode>
                    </pc:TextEquiv>
                </pc:Word>
                <pc:TextEquiv conf="0.612208811442057">
                    <pc:Unicode>jetzigen Vorhabens Die andere beſtehet darin⸗</pc:Unicode>
                </pc:TextEquiv>
            </pc:TextLine>
            <pc:TextLine id="region0003_line0002">
                <pc:Coords points="276,473 1399,473 1399,539 276,539"/>
                <pc:Word id="region0003_line0002_word0000">
                    <pc:Coords points="276,495 386,495 386,537 276,537"/>
                    <pc:TextEquiv conf="0.635736503601074">
                        <pc:Unicode>nen/</pc:Unicode>
                    </pc:TextEquiv>
                </pc:Word>
                <pc:Word id="region0003_line0002_word0001">
                    <pc:Coords points="402,481 475,481 475,537 402,537"/>
                    <pc:TextEquiv conf="0.907581176757812">
                        <pc:Unicode>daß</pc:Unicode>
                    </pc:TextEquiv>
                </pc:Word>
                <pc:Word id="region0003_line0002_word0002">
                    <pc:Coords points="497,478 900,478 900,539 497,539"/>
                    <pc:TextEquiv conf="0.907581176757812">
                        <pc:Unicode>verſchiedenes</pc:Unicode>
                    </pc:TextEquiv>
                </pc:Word>
                <pc:Word id="region0003_line0002_word0003">
                    <pc:Coords points="910,473 833,473 833,539 910,539"/>
                    <pc:TextEquiv conf="0.930237197875977">
                        <pc:Unicode>von</pc:Unicode>
                    </pc:TextEquiv>
                </pc:Word>
                <pc:Word id="region0003_line0002_word0004">
                    <pc:Coords points="923,484 1001,484 1001,539 923,539"/>
                    <pc:TextEquiv conf="0.927944488525391">
                        <pc:Unicode>den</pc:Unicode>
                    </pc:TextEquiv>
                </pc:Word>
                <pc:Word id="region0003_line0002_word0005">
                    <pc:Coords points="1024,473 1399,473 1399,539 1024,539"/>
                    <pc:TextEquiv conf="0.863770370483398">
                        <pc:Unicode>Penſhlvaniſchen</pc:Unicode>
                    </pc:TextEquiv>
                </pc:Word>
                <pc:TextEquiv conf="0.862141819000244">
                    <pc:Unicode>nen/ daß verſchiedenes von den Penſhlvaniſchen</pc:Unicode>
                </pc:TextEquiv>
            </pc:TextLine>
            <pc:TextEquiv conf="0.742325264966046">
                <pc:Unicode>mien , dienlich findet Das iſt die erſtellꝛeſache meines
jetzigen Vorhabens Die andere beſtehet darin⸗
nen/ daß verſchiedenes von den Penſhlvaniſchen</pc:Unicode>
            </pc:TextEquiv>
        </pc:TextRegion>
        <pc:TextRegion id="region0004" orientation="0.620749362998737" readingDirection="left-to-right" textLineOrder="top-to-bottom">
            <pc:Coords points="283,600 1414,600 1414,737 283,737"/>
            <pc:TextLine id="region0004_line0000">
                <pc:Coords points="283,600 1414,600 1414,734 283,734"/>
                <pc:Word id="region0004_line0000_word0000">
                    <pc:Coords points="283,614 368,614 368,665 283,665"/>
                    <pc:TextEquiv conf="0.913965377807617">
                        <pc:Unicode>den</pc:Unicode>
                    </pc:TextEquiv>
                </pc:Word>
                <pc:Word id="region0004_line0000_word0001">
                    <pc:Coords points="394,607 499,607 499,672 394,672"/>
                    <pc:TextEquiv conf="0.786916427612305">
                        <pc:Unicode>(*)</pc:Unicode>
                    </pc:TextEquiv>
                </pc:Word>
                <pc:Word id="region0004_line0000_word0002">
                    <pc:Coords points="523,604 672,604 672,672 523,672"/>
                    <pc:TextEquiv conf="0.910987777709961">
                        <pc:Unicode>Druck</pc:Unicode>
                    </pc:TextEquiv>
                </pc:Word>
                <pc:Word id="region0004_line0000_word0003">
                    <pc:Coords points="688,600 887,600 887,670 688,670"/>
                    <pc:TextEquiv conf="0.923411102294922">
                        <pc:Unicode>gegeben</pc:Unicode>
                    </pc:TextEquiv>
                </pc:Word>
                <pc:Word id="region0004_line0000_word0004">
                    <pc:Coords points="904,603 1002,603 1002,664 904,664"/>
                    <pc:TextEquiv conf="0.925386047363281">
                        <pc:Unicode>iſt.</pc:Unicode>
                    </pc:TextEquiv>
                </pc:Word>
                <pc:Word id="region0004_line0000_word0005">
                    <pc:Coords points="1026,605 1110,605 1110,669 1026,669"/>
                    <pc:TextEquiv conf="0.932179946899414">
                        <pc:Unicode>Da</pc:Unicode>
                    </pc:TextEquiv>
                </pc:Word>
                <pc:Word id="region0004_line0000_word0006">
                    <pc:Coords points="1134,607 1221,607 1221,657 1134,657"/>
                    <pc:TextEquiv conf="0.930677108764648">
                        <pc:Unicode>nun</pc:Unicode>
                    </pc:TextEquiv>
                </pc:Word>
                <pc:Word id="region0004_line0000_word0007">
                    <pc:Coords points="1240,603 1414,603 1414,734 1240,734"/>
                    <pc:TextEquiv conf="0.702845077514648">
                        <pc:Unicode>—</pc:Unicode>
                    </pc:TextEquiv>
                </pc:Word>
                <pc:TextEquiv conf="0.87829610824585">
                    <pc:Unicode>den (*) Druck gegeben iſt. Da nun —</pc:Unicode>
                </pc:TextEquiv>
            </pc:TextLine>
            <pc:TextEquiv conf="0.87829610824585">
                <pc:Unicode>den (*) Druck gegeben iſt. Da nun —</pc:Unicode>
            </pc:TextEquiv>
        </pc:TextRegion>
        <pc:TextRegion id="region0006" orientation="0.620749362998737" readingDirection="left-to-right" textLineOrder="top-to-bottom">
            <pc:Coords points="301,801 1492,801 1492,1315 301,1315"/>
            <pc:TextLine id="region0006_line0000">
                <pc:Coords points="380,801 1410,801 1410,873 380,873"/>
                <pc:Word id="region0006_line0000_word0000">
                    <pc:Coords points="380,801 380,863 650,863 650,801"/>
                    <pc:TextEquiv conf="0.825103607177734">
                        <pc:Unicode>mittheilet,</pc:Unicode>
                    </pc:TextEquiv>
                </pc:Word>
                <pc:Word id="region0006_line0000_word0001">
                    <pc:Coords points="667,802 816,802 816,862 667,862"/>
                    <pc:TextEquiv conf="0.926849746704102">
                        <pc:Unicode>welche</pc:Unicode>
                    </pc:TextEquiv>
                </pc:Word>
                <pc:Word id="region0006_line0000_word0002">
                    <pc:Coords points="827,809 870,809 870,851 827,851"/>
                    <pc:TextEquiv conf="0.922784652709961">
                        <pc:Unicode>er</pc:Unicode>
                    </pc:TextEquiv>
                </pc:Word>
                <pc:Word id="region0006_line0000_word0003">
                    <pc:Coords points="881,813 958,813 958,852 881,852"/>
                    <pc:TextEquiv conf="0.929691009521484">
                        <pc:Unicode>vor</pc:Unicode>
                    </pc:TextEquiv>
                </pc:Word>
                <pc:Word id="region0006_line0000_word0004">
                    <pc:Coords points="977,805 1071,805 1071,853 977,853"/>
                    <pc:TextEquiv conf="0.924775314331055">
                        <pc:Unicode>dem</pc:Unicode>
                    </pc:TextEquiv>
                </pc:Word>
                <pc:Word id="region0006_line0000_word0005">
                    <pc:Coords points="1090,803 1358,803 1358,873 1090,873"/>
                    <pc:TextEquiv conf="0.731637115478516">
                        <pc:Unicode>Gouverneur</pc:Unicode>
                    </pc:TextEquiv>
                </pc:Word>
                <pc:Word id="region0006_line0000_word0006">
                    <pc:Coords points="1368,808 1410,808 1410,857 1368,857"/>
                    <pc:TextEquiv conf="0.910533599853516">
                        <pc:Unicode>in</pc:Unicode>
                    </pc:TextEquiv>
                </pc:Word>
                <pc:TextEquiv conf="0.881625006539481">
                    <pc:Unicode>mittheilet, welche er vor dem Gouverneur in</pc:Unicode>
                </pc:TextEquiv>
            </pc:TextLine>
            <pc:TextLine id="region0006_line0001">
                <pc:Coords points="390,866 1408,866 1408,933 390,933"/>
                <pc:Word id="region0006_line0001_word0000">
                    <pc:Coords points="390,866 735,866 735,933 390,933"/>
                    <pc:TextEquiv conf="0.803890609741211">
                        <pc:Unicode>Penſylvanien</pc:Unicode>
                    </pc:TextEquiv>
                </pc:Word>
                <pc:Word id="region0006_line0001_word0001">
                    <pc:Coords points="794,866 989,866 989,926 794,926"/>
                    <pc:TextEquiv conf="0.871625442504883">
                        <pc:Unicode>gehalten</pc:Unicode>
                    </pc:TextEquiv>
                </pc:Word>
                <pc:Word id="region0006_line0001_word0002">
                    <pc:Coords points="1040,866 1176,866 1176,933 1040,933"/>
                    <pc:TextEquiv conf="0.914435272216797">
                        <pc:Unicode>haben</pc:Unicode>
                    </pc:TextEquiv>
                </pc:Word>
                <pc:Word id="region0006_line0001_word0003">
                    <pc:Coords points="1224,872 1341,872 1341,927 1224,927"/>
                    <pc:TextEquiv conf="0.296495819091797">
                        <pc:Unicode>will,</pc:Unicode>
                    </pc:TextEquiv>
                </pc:Word>
                <pc:TextEquiv conf="0.721611785888672">
                    <pc:Unicode>Penſylvanien gehalten haben will,</pc:Unicode>
                </pc:TextEquiv>
            </pc:TextLine>
            <pc:TextLine id="region0006_line0002">
                <pc:Coords points="321,932 1492,932 1492,991 321,991"/>
                <pc:Word id="region0006_line0002_word0000">
                    <pc:Coords points="793,933 935,933 935,983 793,983"/>
                    <pc:TextEquiv conf="0.">
                        <pc:Unicode>————————</pc:Unicode>
                    </pc:TextEquiv>
                </pc:Word>
                <pc:Word id="region0006_line0002_word0001">
                    <pc:Coords points="1081,937 1257,937 1257,991 1081,991"/>
                    <pc:TextEquiv conf="0.61922004699707">
                        <pc:Unicode>—</pc:Unicode>
                    </pc:TextEquiv>
                </pc:Word>
                <pc:Word id="region0006_line0002_word0002">
                    <pc:Coords points="1471,932 1492,932 1492,990 1471,990"/>
                    <pc:TextEquiv conf="0.">
                        <pc:Unicode>—</pc:Unicode>
                    </pc:TextEquiv>
                </pc:Word>
                <pc:TextEquiv conf="0.873073348999024">
                    <pc:Unicode>———————— — —</pc:Unicode>
                </pc:TextEquiv>
            </pc:TextLine>
            <pc:TextLine id="region0006_line0003">
                <pc:Coords points="354,982 1453,982 1453,1055 354,1055"/>
                <pc:Word id="region0006_line0003_word0000">
                    <pc:Coords points="354,994 453,994 453,1055 354,1055"/>
                    <pc:TextEquiv conf="0.397895050048828">
                        <pc:Unicode>(</pc:Unicode>
                    </pc:TextEquiv>
                </pc:Word>
                <pc:Word id="region0006_line0003_word0001">
                    <pc:Coords points="472,995 573,995 573,1046 472,1046"/>
                    <pc:TextEquiv conf="0.397895050048828">
                        <pc:Unicode>Der</pc:Unicode>
                    </pc:TextEquiv>
                </pc:Word>
                <pc:Word id="region0006_line0003_word0002">
                    <pc:Coords points="585,992 704,992 704,1046 585,1046"/>
                    <pc:TextEquiv conf="0.922286376953125">
                        <pc:Unicode>Titel</pc:Unicode>
                    </pc:TextEquiv>
                </pc:Word>
                <pc:Word id="region0006_line0003_word0003">
                    <pc:Coords points="723,988 848,988 848,1055 723,1055"/>
                    <pc:TextEquiv conf="0.928922271728516">
                        <pc:Unicode>dieſer</pc:Unicode>
                    </pc:TextEquiv>
                </pc:Word>
                <pc:Word id="region0006_line0003_word0004">
                    <pc:Coords points="864,982 1052,982 1052,1052 864,1052"/>
                    <pc:TextEquiv conf="0.895845336914063">
                        <pc:Unicode>Schrift</pc:Unicode>
                    </pc:TextEquiv>
                </pc:Word>
                <pc:Word id="region0006_line0003_word0005">
                    <pc:Coords points="1071,989 1223,989 1223,1054 1071,1054"/>
                    <pc:TextEquiv conf="0.854495468139648">
                        <pc:Unicode>heiſet:</pc:Unicode>
                    </pc:TextEquiv>
                </pc:Word>
                <pc:Word id="region0006_line0003_word0006">
                    <pc:Coords points="1244,993 1453,993 1453,996 1244,996"/>
                    <pc:TextEquiv conf="0.673675003051758">
                        <pc:Unicode>authenti.</pc:Unicode>
                    </pc:TextEquiv>
                </pc:Word>
                <pc:TextEquiv conf="0.724430650983538">
                    <pc:Unicode>( Der Titel dieſer Schrift heiſet: authenti.</pc:Unicode>
                </pc:TextEquiv>
            </pc:TextLine>
            <pc:TextLine id="region0006_line0004">
                <pc:Coords points="301,1049 1445,1049 1445,1120 301,1120"/>
                <pc:Word id="region0006_line0004_word0000">
                    <pc:Coords points="301,1056 516,1056 516,1117 301,1117"/>
                    <pc:TextEquiv conf="0.468318214416504">
                        <pc:Unicode>ſce</pc:Unicode>
                    </pc:TextEquiv>
                </pc:Word>
                <pc:Word id="region0006_line0004_word0001">
                    <pc:Coords points="525,1055 752,1055 752,1107 525,1107"/>
                    <pc:TextEquiv conf="0.673652191162109">
                        <pc:Unicode>Relation</pc:Unicode>
                    </pc:TextEquiv>
                </pc:Word>
                <pc:Word id="region0006_line0004_word0002">
                    <pc:Coords points="763,1065 859,1065 859,1116 763,1116"/>
                    <pc:TextEquiv conf="0.930239181518555">
                        <pc:Unicode>von</pc:Unicode>
                    </pc:TextEquiv>
                </pc:Word>
                <pc:Word id="region0006_line0004_word0003">
                    <pc:Coords points="871,1055 974,1055 974,1104 871,1104"/>
                    <pc:TextEquiv conf="0.92239372253418">
                        <pc:Unicode>dem</pc:Unicode>
                    </pc:TextEquiv>
                </pc:Word>
                <pc:Word id="region0006_line0004_word0004">
                    <pc:Coords points="988,1049 1414,1049 1414,1120 988,1120"/>
                    <pc:TextEquiv conf="0.44196174621582">
                        <pc:Unicode>Anlaß</pc:Unicode>
                    </pc:TextEquiv>
                </pc:Word>
                <pc:Word id="region0006_line0004_word0005">
                    <pc:Coords points="1166,1049 1142,1049 1142,1120 1166,1120"/>
                    <pc:TextEquiv conf="0.291187591552734">
                        <pc:Unicode>/</pc:Unicode>
                    </pc:TextEquiv>
                </pc:Word>
                <pc:Word id="region0006_line0004_word0006">
                    <pc:Coords points="1188,1049 1407,1049 1407,1120 1188,1120"/>
                    <pc:TextEquiv conf="0.869942016601562">
                        <pc:Unicode>Fortgang</pc:Unicode>
                    </pc:TextEquiv>
                </pc:Word>
                <pc:Word id="region0006_line0004_word0007">
                    <pc:Coords points="1444,1060 1444,1107 1445,1107 1445,1060"/>
                    <pc:TextEquiv conf="0.869942016601562">
                        <pc:Unicode>/</pc:Unicode>
                    </pc:TextEquiv>
                </pc:Word>
                <pc:TextEquiv conf="0.683454585075378">
                    <pc:Unicode>ſce Relation von dem Anlaß / Fortgang /</pc:Unicode>
                </pc:TextEquiv>
            </pc:TextLine>
            <pc:TextLine id="region0006_line0005">
                <pc:Coords points="341,1116 1414,1116 1414,1184 341,1184"/>
                <pc:Word id="region0006_line0005_word0000">
                    <pc:Coords points="341,1121 520,1121 520,1172 341,1172"/>
                    <pc:TextEquiv conf="0.155511322021484">
                        <pc:Unicode>uind</pc:Unicode>
                    </pc:TextEquiv>
                </pc:Word>
                <pc:Word id="region0006_line0005_word0001">
                    <pc:Coords points="538,1116 756,1116 756,1178 538,1178"/>
                    <pc:TextEquiv conf="0.856009979248047">
                        <pc:Unicode>Schluſſe</pc:Unicode>
                    </pc:TextEquiv>
                </pc:Word>
                <pc:Word id="region0006_line0005_word0002">
                    <pc:Coords points="778,1120 855,1120 855,1168 778,1168"/>
                    <pc:TextEquiv conf="0.925295944213867">
                        <pc:Unicode>der</pc:Unicode>
                    </pc:TextEquiv>
                </pc:Word>
                <pc:Word id="region0006_line0005_word0003">
                    <pc:Coords points="872,1129 952,1129 952,1167 872,1167"/>
                    <pc:TextEquiv conf="0.905630874633789">
                        <pc:Unicode>am</pc:Unicode>
                    </pc:TextEquiv>
                </pc:Word>
                <pc:Word id="region0006_line0005_word0004">
                    <pc:Coords points="980,1131 1017,1131 1017,1170 980,1170"/>
                    <pc:TextEquiv conf="0.263781280517578">
                        <pc:Unicode>1.</pc:Unicode>
                    </pc:TextEquiv>
                </pc:Word>
                <pc:Word id="region0006_line0005_word0005">
                    <pc:Coords points="1038,1122 1136,1122 1136,1178 1038,1178"/>
                    <pc:TextEquiv conf="0.376989707946777">
                        <pc:Unicode>und</pc:Unicode>
                    </pc:TextEquiv>
                </pc:Word>
                <pc:Word id="region0006_line0005_word0006">
                    <pc:Coords points="1220,1119 1414,1119 1414,1184 1220,1184"/>
                    <pc:TextEquiv conf="0.638936004638672">
                        <pc:Unicode>Jamuar.</pc:Unicode>
                    </pc:TextEquiv>
                </pc:Word>
                <pc:TextEquiv conf="0.588879301888602">
                    <pc:Unicode>uind Schluſſe der am 1. und Jamuar.</pc:Unicode>
                </pc:TextEquiv>
            </pc:TextLine>
            <pc:TextLine id="region0006_line0006">
                <pc:Coords points="426,1179 1414,1179 1414,1248 426,1248"/>
                <pc:Word id="region0006_line0006_word0000">
                    <pc:Coords points="578,1183 627,1183 627,1233 578,1233"/>
                    <pc:TextEquiv conf="0.527129745483398">
                        <pc:Unicode>in</pc:Unicode>
                    </pc:TextEquiv>
                </pc:Word>
                <pc:Word id="region0006_line0006_word0001">
                    <pc:Coords points="646,1183 996,1183 996,1240 646,1240"/>
                    <pc:TextEquiv conf="0.713655395507813">
                        <pc:Unicode>Germant</pc:Unicode>
                    </pc:TextEquiv>
                </pc:Word>
                <pc:Word id="region0006_line0006_word0002">
                    <pc:Coords points="979,1179 894,1179 894,1248 979,1248"/>
                    <pc:TextEquiv conf="0.873806686401367">
                        <pc:Unicode>own</pc:Unicode>
                    </pc:TextEquiv>
                </pc:Word>
                <pc:Word id="region0006_line0006_word0003">
                    <pc:Coords points="1017,1179 1285,1179 1285,1248 1017,1248"/>
                    <pc:TextEquiv conf="0.901537857055664">
                        <pc:Unicode>gehaltenen</pc:Unicode>
                    </pc:TextEquiv>
                </pc:Word>
                <pc:Word id="region0006_line0006_word0004">
                    <pc:Coords points="1303,1184 1414,1184 1414,1238 1303,1238"/>
                    <pc:TextEquiv conf="0.809576568603516">
                        <pc:Unicode>Ver⸗</pc:Unicode>
                    </pc:TextEquiv>
                </pc:Word>
                <pc:TextEquiv conf="0.765141250610352">
                    <pc:Unicode>in Germant own gehaltenen Ver⸗</pc:Unicode>
                </pc:TextEquiv>
            </pc:TextLine>
            <pc:TextLine id="region0006_line0007">
                <pc:Coords points="412,1234 1412,1234 1412,1315 412,1315"/>
                <pc:Word id="region0006_line0007_word0000">
                    <pc:Coords points="412,1244 641,1244 641,1309 412,1309"/>
                    <pc:TextEquiv conf="0.906527481079102">
                        <pc:Unicode>ſamlung</pc:Unicode>
                    </pc:TextEquiv>
                </pc:Word>
                <pc:Word id="region0006_line0007_word0001">
                    <pc:Coords points="651,1258 704,1258 704,1303 651,1303"/>
                    <pc:TextEquiv conf="0.617734527587891">
                        <pc:Unicode>etc.</pc:Unicode>
                    </pc:TextEquiv>
                </pc:Word>
                <pc:Word id="region0006_line0007_word0002">
                    <pc:Coords points="724,1257 778,1257 778,1292 724,1292"/>
                    <pc:TextEquiv conf="0.">
                        <pc:Unicode>ꝛc.</pc:Unicode>
                    </pc:TextEquiv>
                </pc:Word>
                <pc:Word id="region0006_line0007_word0003">
                    <pc:Coords points="796,1234 1192,1234 1192,1310 796,1310"/>
                    <pc:TextEquiv conf="0.582964744567871">
                        <pc:Unicode>Philadelphia</pc:Unicode>
                    </pc:TextEquiv>
                </pc:Word>
                <pc:Word id="region0006_line0007_word0004">
                    <pc:Coords points="1187,1234 1164,1234 1164,1315 1187,1315"/>
                    <pc:TextEquiv conf="0.91881706237793">
                        <pc:Unicode>/</pc:Unicode>
                    </pc:TextEquiv>
                </pc:Word>
                <pc:Word id="region0006_line0007_word0005">
                    <pc:Coords points="1199,1246 1412,1246 1412,1315 1199,1315"/>
                    <pc:TextEquiv conf="0.912823104858398">
                        <pc:Unicode>gedruckt</pc:Unicode>
                    </pc:TextEquiv>
                </pc:Word>
                <pc:TextEquiv conf="0.823144486745199">
                    <pc:Unicode>ſamlung etc. ꝛc. Philadelphia / gedruckt</pc:Unicode>
                </pc:TextEquiv>
            </pc:TextLine>
            <pc:TextEquiv conf="0.757670052091281">
                <pc:Unicode>mittheilet, welche er vor dem Gouverneur in
Penſylvanien gehalten haben will,
———————— — —
( Der Titel dieſer Schrift heiſet: authenti.
ſce Relation von dem Anlaß / Fortgang /
uind Schluſſe der am 1. und Jamuar.
in Germant own gehaltenen Ver⸗
ſamlung etc. ꝛc. Philadelphia / gedruckt</pc:Unicode>
            </pc:TextEquiv>
        </pc:TextRegion>
        <pc:TextRegion id="region0007" orientation="0.620749362998737" readingDirection="left-to-right" textLineOrder="top-to-bottom">
            <pc:Coords points="272,1365 1547,1365 1547,2247 272,2247"/>
            <pc:TextLine id="region0007_line0000">
                <pc:Coords points="438,1365 1474,1365 1474,1435 438,1435"/>
                <pc:Word id="region0007_line0000_word0000">
                    <pc:Coords points="588,1433 588,1367 438,1367 438,1433"/>
                    <pc:TextEquiv conf="0.721211471557617">
                        <pc:Unicode>dieſem</pc:Unicode>
                    </pc:TextEquiv>
                </pc:Word>
                <pc:Word id="region0007_line0000_word0001">
                    <pc:Coords points="608,1368 806,1368 806,1430 608,1430"/>
                    <pc:TextEquiv conf="0.903354568481445">
                        <pc:Unicode>Titel</pc:Unicode>
                    </pc:TextEquiv>
                </pc:Word>
                <pc:Word id="region0007_line0000_word0002">
                    <pc:Coords points="828,1365 749,1365 749,1435 828,1435"/>
                    <pc:TextEquiv conf="0.903354568481445">
                        <pc:Unicode>iſt</pc:Unicode>
                    </pc:TextEquiv>
                </pc:Word>
                <pc:Word id="region0007_line0000_word0003">
                    <pc:Coords points="822,1370 892,1370 892,1432 822,1432"/>
                    <pc:TextEquiv conf="0.92258056640625">
                        <pc:Unicode>die</pc:Unicode>
                    </pc:TextEquiv>
                </pc:Word>
                <pc:Word id="region0007_line0000_word0004">
                    <pc:Coords points="925,1365 1203,1365 1203,1434 925,1434"/>
                    <pc:TextEquiv conf="0.910736083984375">
                        <pc:Unicode>Nachricht</pc:Unicode>
                    </pc:TextEquiv>
                </pc:Word>
                <pc:Word id="region0007_line0000_word0005">
                    <pc:Coords points="1217,1366 1313,1366 1313,1435 1217,1435"/>
                    <pc:TextEquiv conf="0.929591903686523">
                        <pc:Unicode>von</pc:Unicode>
                    </pc:TextEquiv>
                </pc:Word>
                <pc:Word id="region0007_line0000_word0006">
                    <pc:Coords points="1339,1367 1474,1367 1474,1421 1339,1421"/>
                    <pc:TextEquiv conf="0.902237396240234">
                        <pc:Unicode>der</pc:Unicode>
                    </pc:TextEquiv>
                </pc:Word>
                <pc:TextEquiv conf="0.884723794119698">
                    <pc:Unicode>dieſem Titel iſt die Nachricht von der</pc:Unicode>
                </pc:TextEquiv>
            </pc:TextLine>
            <pc:TextLine id="region0007_line0001">
                <pc:Coords points="428,1430 1413,1430 1413,1497 428,1497"/>
                <pc:Word id="region0007_line0001_word0000">
                    <pc:Coords points="428,1443 629,1443 629,1495 428,1495"/>
                    <pc:TextEquiv conf="0.904987869262695">
                        <pc:Unicode>zweyten</pc:Unicode>
                    </pc:TextEquiv>
                </pc:Word>
                <pc:Word id="region0007_line0001_word0001">
                    <pc:Coords points="638,1430 980,1430 980,1493 638,1493"/>
                    <pc:TextEquiv conf="0.868449325561523">
                        <pc:Unicode>Verſamlung</pc:Unicode>
                    </pc:TextEquiv>
                </pc:Word>
                <pc:Word id="region0007_line0001_word0002">
                    <pc:Coords points="975,1430 951,1430 951,1497 975,1497"/>
                    <pc:TextEquiv conf="0.919462585449219">
                        <pc:Unicode>/</pc:Unicode>
                    </pc:TextEquiv>
                </pc:Word>
                <pc:Word id="region0007_line0001_word0003">
                    <pc:Coords points="1000,1433 1043,1433 1043,1481 1000,1481"/>
                    <pc:TextEquiv conf="0.922342071533203">
                        <pc:Unicode>in</pc:Unicode>
                    </pc:TextEquiv>
                </pc:Word>
                <pc:Word id="region0007_line0001_word0004">
                    <pc:Coords points="1054,1432 1275,1432 1275,1497 1054,1497"/>
                    <pc:TextEquiv conf="0.891975708007812">
                        <pc:Unicode>demſelben</pc:Unicode>
                    </pc:TextEquiv>
                </pc:Word>
                <pc:Word id="region0007_line0001_word0005">
                    <pc:Coords points="1296,1432 1413,1432 1413,1493 1296,1493"/>
                    <pc:TextEquiv conf="0.915542907714844">
                        <pc:Unicode>Jahr</pc:Unicode>
                    </pc:TextEquiv>
                </pc:Word>
                <pc:TextEquiv conf="0.903793411254883">
                    <pc:Unicode>zweyten Verſamlung / in demſelben Jahr</pc:Unicode>
                </pc:TextEquiv>
            </pc:TextLine>
            <pc:TextLine id="region0007_line0002">
                <pc:Coords points="426,1492 1414,1492 1414,1561 426,1561"/>
                <pc:Word id="region0007_line0002_word0000">
                    <pc:Coords points="426,1498 517,1498 517,1545 426,1545"/>
                    <pc:TextEquiv conf="0.931756744384766">
                        <pc:Unicode>ans</pc:Unicode>
                    </pc:TextEquiv>
                </pc:Word>
                <pc:Word id="region0007_line0002_word0001">
                    <pc:Coords points="530,1494 639,1494 639,1552 530,1552"/>
                    <pc:TextEquiv conf="0.926567153930664">
                        <pc:Unicode>Licht</pc:Unicode>
                    </pc:TextEquiv>
                </pc:Word>
                <pc:Word id="region0007_line0002_word0002">
                    <pc:Coords points="653,1502 870,1502 870,1561 653,1561"/>
                    <pc:TextEquiv conf="0.23892936706543">
                        <pc:Unicode>getreten,/</pc:Unicode>
                    </pc:TextEquiv>
                </pc:Word>
                <pc:Word id="region0007_line0002_word0003">
                    <pc:Coords points="886,1500 973,1500 973,1544 886,1544"/>
                    <pc:TextEquiv conf="0.908034591674805">
                        <pc:Unicode>und</pc:Unicode>
                    </pc:TextEquiv>
                </pc:Word>
                <pc:Word id="region0007_line0002_word0004">
                    <pc:Coords points="998,1493 1038,1493 1038,1551 998,1551"/>
                    <pc:TextEquiv conf="0.919909057617188">
                        <pc:Unicode>ſo</pc:Unicode>
                    </pc:TextEquiv>
                </pc:Word>
                <pc:Word id="region0007_line0002_word0005">
                    <pc:Coords points="1057,1494 1164,1494 1164,1553 1057,1553"/>
                    <pc:TextEquiv conf="0.746353607177734">
                        <pc:Unicode>auch</pc:Unicode>
                    </pc:TextEquiv>
                </pc:Word>
                <pc:Word id="region0007_line0002_word0006">
                    <pc:Coords points="1182,1492 1249,1492 1249,1554 1182,1554"/>
                    <pc:TextEquiv conf="0.929593505859375">
                        <pc:Unicode>die</pc:Unicode>
                    </pc:TextEquiv>
                </pc:Word>
                <pc:Word id="region0007_line0002_word0007">
                    <pc:Coords points="1257,1493 1414,1493 1414,1555 1257,1555"/>
                    <pc:TextEquiv conf="0.909863128662109">
                        <pc:Unicode>uͤbrige.</pc:Unicode>
                    </pc:TextEquiv>
                </pc:Word>
                <pc:TextEquiv conf="0.813875894546509">
                    <pc:Unicode>ans Licht getreten,/ und ſo auch die uͤbrige.</pc:Unicode>
                </pc:TextEquiv>
            </pc:TextLine>
            <pc:TextLine id="region0007_line0003">
                <pc:Coords points="401,1552 1418,1552 1418,1622 401,1622"/>
                <pc:Word id="region0007_line0003_word0000">
                    <pc:Coords points="401,1552 564,1552 564,1622 401,1622"/>
                    <pc:TextEquiv conf="0.906179275512695">
                        <pc:Unicode>Auſer</pc:Unicode>
                    </pc:TextEquiv>
                </pc:Word>
                <pc:Word id="region0007_line0003_word0001">
                    <pc:Coords points="582,1556 671,1556 671,1615 582,1615"/>
                    <pc:TextEquiv conf="0.901870193481445">
                        <pc:Unicode>daß</pc:Unicode>
                    </pc:TextEquiv>
                </pc:Word>
                <pc:Word id="region0007_line0003_word0002">
                    <pc:Coords points="687,1555 788,1555 788,1615 687,1615"/>
                    <pc:TextEquiv conf="0.923965148925781">
                        <pc:Unicode>dieſe</pc:Unicode>
                    </pc:TextEquiv>
                </pc:Word>
                <pc:Word id="region0007_line0003_word0003">
                    <pc:Coords points="799,1554 1101,1554 1101,1617 799,1617"/>
                    <pc:TextEquiv conf="0.918962097167969">
                        <pc:Unicode>Verſamlung</pc:Unicode>
                    </pc:TextEquiv>
                </pc:Word>
                <pc:Word id="region0007_line0003_word0004">
                    <pc:Coords points="1114,1559 1202,1559 1202,1617 1114,1617"/>
                    <pc:TextEquiv conf="0.924733810424805">
                        <pc:Unicode>eine</pc:Unicode>
                    </pc:TextEquiv>
                </pc:Word>
                <pc:Word id="region0007_line0003_word0005">
                    <pc:Coords points="1225,1558 1418,1558 1418,1613 1225,1613"/>
                    <pc:TextEquiv conf="0.912168045043945">
                        <pc:Unicode>General⸗</pc:Unicode>
                    </pc:TextEquiv>
                </pc:Word>
                <pc:TextEquiv conf="0.914646428426107">
                    <pc:Unicode>Auſer daß dieſe Verſamlung eine General⸗</pc:Unicode>
                </pc:TextEquiv>
            </pc:TextLine>
            <pc:TextLine id="region0007_line0004">
                <pc:Coords points="430,1618 1419,1618 1419,1685 430,1685"/>
                <pc:Word id="region0007_line0004_word0000">
                    <pc:Coords points="430,1618 430,1685 739,1685 739,1618"/>
                    <pc:TextEquiv conf="0.870907974243164">
                        <pc:Unicode>Verſamlung</pc:Unicode>
                    </pc:TextEquiv>
                </pc:Word>
                <pc:Word id="region0007_line0004_word0001">
                    <pc:Coords points="765,1618 847,1618 847,1679 765,1679"/>
                    <pc:TextEquiv conf="0.904359359741211">
                        <pc:Unicode>auf</pc:Unicode>
                    </pc:TextEquiv>
                </pc:Word>
                <pc:Word id="region0007_line0004_word0002">
                    <pc:Coords points="861,1624 954,1624 954,1669 861,1669"/>
                    <pc:TextEquiv conf="0.910024871826172">
                        <pc:Unicode>dem</pc:Unicode>
                    </pc:TextEquiv>
                </pc:Word>
                <pc:Word id="region0007_line0004_word0003">
                    <pc:Coords points="976,1620 1132,1620 1132,1671 976,1671"/>
                    <pc:TextEquiv conf="0.922968139648437">
                        <pc:Unicode>vierten</pc:Unicode>
                    </pc:TextEquiv>
                </pc:Word>
                <pc:Word id="region0007_line0004_word0004">
                    <pc:Coords points="1145,1619 1344,1619 1344,1676 1145,1676"/>
                    <pc:TextEquiv conf="0.924688568115234">
                        <pc:Unicode>Titelblat</pc:Unicode>
                    </pc:TextEquiv>
                </pc:Word>
                <pc:Word id="region0007_line0004_word0005">
                    <pc:Coords points="1357,1633 1419,1633 1419,1678 1357,1678"/>
                    <pc:TextEquiv conf="0.929676284790039">
                        <pc:Unicode>ge⸗</pc:Unicode>
                    </pc:TextEquiv>
                </pc:Word>
                <pc:TextEquiv conf="0.91043753306071">
                    <pc:Unicode>Verſamlung auf dem vierten Titelblat ge⸗</pc:Unicode>
                </pc:TextEquiv>
            </pc:TextLine>
            <pc:TextLine id="region0007_line0005">
                <pc:Coords points="320,1680 1521,1680 1521,1750 320,1750"/>
                <pc:Word id="region0007_line0005_word0000">
                    <pc:Coords points="320,1691 584,1691 584,1745 320,1745"/>
                    <pc:TextEquiv conf="0.89115478515625">
                        <pc:Unicode>nennet</pc:Unicode>
                    </pc:TextEquiv>
                </pc:Word>
                <pc:Word id="region0007_line0005_word0001">
                    <pc:Coords points="604,1682 731,1682 731,1746 604,1746"/>
                    <pc:TextEquiv conf="0.095389938354492">
                        <pc:Unicode>wird,</pc:Unicode>
                    </pc:TextEquiv>
                </pc:Word>
                <pc:Word id="region0007_line0005_word0002">
                    <pc:Coords points="748,1688 833,1688 833,1733 748,1733"/>
                    <pc:TextEquiv conf="0.924929504394531">
                        <pc:Unicode>und</pc:Unicode>
                    </pc:TextEquiv>
                </pc:Word>
                <pc:Word id="region0007_line0005_word0003">
                    <pc:Coords points="851,1680 932,1680 932,1745 851,1745"/>
                    <pc:TextEquiv conf="0.924929504394531">
                        <pc:Unicode>auf</pc:Unicode>
                    </pc:TextEquiv>
                </pc:Word>
                <pc:Word id="region0007_line0005_word0004">
                    <pc:Coords points="948,1687 1041,1687 1041,1745 948,1745"/>
                    <pc:TextEquiv conf="0.931048889160156">
                        <pc:Unicode>dem</pc:Unicode>
                    </pc:TextEquiv>
                </pc:Word>
                <pc:Word id="region0007_line0005_word0005">
                    <pc:Coords points="1052,1683 1249,1683 1249,1750 1052,1750"/>
                    <pc:TextEquiv conf="0.388620147705078">
                        <pc:Unicode>Fůnften</pc:Unicode>
                    </pc:TextEquiv>
                </pc:Word>
                <pc:Word id="region0007_line0005_word0006">
                    <pc:Coords points="1261,1682 1415,1682 1415,1742 1261,1742"/>
                    <pc:TextEquiv conf="0.608256492614746">
                        <pc:Unicode>ſchlech</pc:Unicode>
                    </pc:TextEquiv>
                </pc:Word>
                <pc:Word id="region0007_line0005_word0007">
                    <pc:Coords points="1500,1739 1521,1739 1521,1744 1500,1744"/>
                    <pc:TextEquiv conf="0.429727630615234">
                        <pc:Unicode>/</pc:Unicode>
                    </pc:TextEquiv>
                </pc:Word>
                <pc:TextEquiv conf="0.649257111549377">
                    <pc:Unicode>nennet wird, und auf dem Fůnften ſchlech /</pc:Unicode>
                </pc:TextEquiv>
            </pc:TextLine>
            <pc:TextLine id="region0007_line0006">
                <pc:Coords points="349,1745 1529,1745 1529,1811 349,1811"/>
                <pc:Word id="region0007_line0006_word0000">
                    <pc:Coords points="349,1745 657,1745 657,1810 349,1810"/>
                    <pc:TextEquiv conf="0.542529487609863">
                        <pc:Unicode>terdings,</pc:Unicode>
                    </pc:TextEquiv>
                </pc:Word>
                <pc:Word id="region0007_line0006_word0001">
                    <pc:Coords points="676,1746 765,1746 765,1809 676,1809"/>
                    <pc:TextEquiv conf="0.930110244750977">
                        <pc:Unicode>eine</pc:Unicode>
                    </pc:TextEquiv>
                </pc:Word>
                <pc:Word id="region0007_line0006_word0002">
                    <pc:Coords points="784,1745 1095,1745 1095,1811 784,1811"/>
                    <pc:TextEquiv conf="0.913241806030273">
                        <pc:Unicode>Verſamlung</pc:Unicode>
                    </pc:TextEquiv>
                </pc:Word>
                <pc:Word id="region0007_line0006_word0003">
                    <pc:Coords points="1129,1750 1200,1750 1200,1808 1129,1808"/>
                    <pc:TextEquiv conf="0.911152954101562">
                        <pc:Unicode>der</pc:Unicode>
                    </pc:TextEquiv>
                </pc:Word>
                <pc:Word id="region0007_line0006_word0004">
                    <pc:Coords points="1244,1749 1529,1749 1529,1809 1244,1809"/>
                    <pc:TextEquiv conf="0.854665908813477">
                        <pc:Unicode>Gemeine</pc:Unicode>
                    </pc:TextEquiv>
                </pc:Word>
                <pc:TextEquiv conf="0.830340080261231">
                    <pc:Unicode>terdings, eine Verſamlung der Gemeine</pc:Unicode>
                </pc:TextEquiv>
            </pc:TextLine>
            <pc:TextLine id="region0007_line0007">
                <pc:Coords points="355,1807 1420,1807 1420,1872 355,1872"/>
                <pc:Word id="region0007_line0007_word0000">
                    <pc:Coords points="355,1807 875,1807 875,1872 355,1872"/>
                    <pc:TextEquiv conf="0.177864227294922">
                        <pc:Unicode>BGoOttes</pc:Unicode>
                    </pc:TextEquiv>
                </pc:Word>
                <pc:Word id="region0007_line0007_word0001">
                    <pc:Coords points="703,1807 647,1807 647,1872 703,1872"/>
                    <pc:TextEquiv conf="0.914818649291992">
                        <pc:Unicode>im</pc:Unicode>
                    </pc:TextEquiv>
                </pc:Word>
                <pc:Word id="region0007_line0007_word0002">
                    <pc:Coords points="734,1807 875,1807 875,1872 734,1872"/>
                    <pc:TextEquiv conf="0.8723486328125">
                        <pc:Unicode>Geiſt.</pc:Unicode>
                    </pc:TextEquiv>
                </pc:Word>
                <pc:Word id="region0007_line0007_word0003">
                    <pc:Coords points="991,1807 925,1807 925,1872 991,1872"/>
                    <pc:TextEquiv conf="0.92602912902832">
                        <pc:Unicode>Die</pc:Unicode>
                    </pc:TextEquiv>
                </pc:Word>
                <pc:Word id="region0007_line0007_word0004">
                    <pc:Coords points="1237,1807 1030,1807 1030,1872 1237,1872"/>
                    <pc:TextEquiv conf="0.897579803466797">
                        <pc:Unicode>ſiebende</pc:Unicode>
                    </pc:TextEquiv>
                </pc:Word>
                <pc:Word id="region0007_line0007_word0005">
                    <pc:Coords points="1268,1807 1268,1870 1420,1870 1420,1807"/>
                    <pc:TextEquiv conf="0.622107276916504">
                        <pc:Unicode>Verſan⸗</pc:Unicode>
                    </pc:TextEquiv>
                </pc:Word>
                <pc:TextEquiv conf="0.735124619801839">
                    <pc:Unicode>BGoOttes im Geiſt. Die ſiebende Verſan⸗</pc:Unicode>
                </pc:TextEquiv>
            </pc:TextLine>
            <pc:TextLine id="region0007_line0008">
                <pc:Coords points="298,1869 1501,1869 1501,1937 298,1937"/>
                <pc:Word id="region0007_line0008_word0000">
                    <pc:Coords points="298,1872 534,1872 534,1930 298,1930"/>
                    <pc:TextEquiv conf="0.583696441650391">
                        <pc:Unicode>lung</pc:Unicode>
                    </pc:TextEquiv>
                </pc:Word>
                <pc:Word id="region0007_line0008_word0001">
                    <pc:Coords points="558,1870 658,1870 658,1921 558,1921"/>
                    <pc:TextEquiv conf="0.92135124206543">
                        <pc:Unicode>aber,</pc:Unicode>
                    </pc:TextEquiv>
                </pc:Word>
                <pc:Word id="region0007_line0008_word0002">
                    <pc:Coords points="669,1869 936,1869 936,1932 669,1932"/>
                    <pc:TextEquiv conf="0.915734100341797">
                        <pc:Unicode>heiſet</pc:Unicode>
                    </pc:TextEquiv>
                </pc:Word>
                <pc:Word id="region0007_line0008_word0003">
                    <pc:Coords points="974,1869 892,1869 892,1937 974,1937"/>
                    <pc:TextEquiv conf="0.917894515991211">
                        <pc:Unicode>ein</pc:Unicode>
                    </pc:TextEquiv>
                </pc:Word>
                <pc:Word id="region0007_line0008_word0004">
                    <pc:Coords points="968,1873 1501,1873 1501,1937 968,1937"/>
                    <pc:TextEquiv conf="0.839036254882813">
                        <pc:Unicode>General⸗Synodus</pc:Unicode>
                    </pc:TextEquiv>
                </pc:Word>
                <pc:TextEquiv conf="0.835542510986328">
                    <pc:Unicode>lung aber, heiſet ein General⸗Synodus</pc:Unicode>
                </pc:TextEquiv>
            </pc:TextLine>
            <pc:TextLine id="region0007_line0009">
                <pc:Coords points="272,1934 1462,1934 1462,2000 272,2000"/>
                <pc:Word id="region0007_line0009_word0000">
                    <pc:Coords points="272,1935 512,1935 512,1998 272,1998"/>
                    <pc:TextEquiv conf="0.635727996826172">
                        <pc:Unicode>der</pc:Unicode>
                    </pc:TextEquiv>
                </pc:Word>
                <pc:Word id="region0007_line0009_word0001">
                    <pc:Coords points="542,1934 763,1934 763,1995 542,1995"/>
                    <pc:TextEquiv conf="0.903801040649414">
                        <pc:Unicode>Gemeine</pc:Unicode>
                    </pc:TextEquiv>
                </pc:Word>
                <pc:Word id="region0007_line0009_word0002">
                    <pc:Coords points="782,1935 990,1935 990,1995 782,1995"/>
                    <pc:TextEquiv conf="0.898207397460937">
                        <pc:Unicode>GOttes</pc:Unicode>
                    </pc:TextEquiv>
                </pc:Word>
                <pc:Word id="region0007_line0009_word0003">
                    <pc:Coords points="1003,1937 1075,1937 1075,1995 1003,1995"/>
                    <pc:TextEquiv conf="0.924290008544922">
                        <pc:Unicode>im</pc:Unicode>
                    </pc:TextEquiv>
                </pc:Word>
                <pc:Word id="region0007_line0009_word0004">
                    <pc:Coords points="1089,1934 1245,1934 1245,2000 1089,2000"/>
                    <pc:TextEquiv conf="0.684581985473633">
                        <pc:Unicode>Geiſt</pc:Unicode>
                    </pc:TextEquiv>
                </pc:Word>
                <pc:Word id="region0007_line0009_word0005">
                    <pc:Coords points="1277,1936 1277,1993 1462,1993 1462,1936"/>
                    <pc:TextEquiv conf="0.684581985473633">
                        <pc:Unicode>Alles</pc:Unicode>
                    </pc:TextEquiv>
                </pc:Word>
                <pc:TextEquiv conf="0.788531735738118">
                    <pc:Unicode>der Gemeine GOttes im Geiſt Alles</pc:Unicode>
                </pc:TextEquiv>
            </pc:TextLine>
            <pc:TextLine id="region0007_line0010">
                <pc:Coords points="379,1993 1526,1993 1526,2067 379,2067"/>
                <pc:Word id="region0007_line0010_word0000">
                    <pc:Coords points="379,1994 671,1994 671,2067 379,2067"/>
                    <pc:TextEquiv conf="0.806648254394531">
                        <pc:Unicode>zuſammen</pc:Unicode>
                    </pc:TextEquiv>
                </pc:Word>
                <pc:Word id="region0007_line0010_word0001">
                    <pc:Coords points="693,1993 862,1993 862,2057 693,2057"/>
                    <pc:TextEquiv conf="0.931323776245117">
                        <pc:Unicode>beſtehet</pc:Unicode>
                    </pc:TextEquiv>
                </pc:Word>
                <pc:Word id="region0007_line0010_word0002">
                    <pc:Coords points="892,2003 962,2003 962,2060 892,2060"/>
                    <pc:TextEquiv conf="0.923451538085937">
                        <pc:Unicode>aus</pc:Unicode>
                    </pc:TextEquiv>
                </pc:Word>
                <pc:Word id="region0007_line0010_word0003">
                    <pc:Coords points="990,2008 1089,2008 1089,2047 990,2047"/>
                    <pc:TextEquiv conf="0.">
                        <pc:Unicode>t20.</pc:Unicode>
                    </pc:TextEquiv>
                </pc:Word>
                <pc:Word id="region0007_line0010_word0004">
                    <pc:Coords points="1267,1993 1118,1993 1118,2067 1267,2067"/>
                    <pc:TextEquiv conf="0.91523811340332">
                        <pc:Unicode>Seiten</pc:Unicode>
                    </pc:TextEquiv>
                </pc:Word>
                <pc:Word id="region0007_line0010_word0005">
                    <pc:Coords points="1286,2000 1331,2000 1331,2050 1286,2050"/>
                    <pc:TextEquiv conf="0.918580017089844">
                        <pc:Unicode>in</pc:Unicode>
                    </pc:TextEquiv>
                </pc:Word>
                <pc:Word id="region0007_line0010_word0006">
                    <pc:Coords points="1340,2005 1526,2005 1526,2066 1340,2066"/>
                    <pc:TextEquiv conf="0.">
                        <pc:Unicode>atec.</pc:Unicode>
                    </pc:TextEquiv>
                </pc:Word>
                <pc:TextEquiv conf="0.927891671316964">
                    <pc:Unicode>zuſammen beſtehet aus t20. Seiten in atec.</pc:Unicode>
                </pc:TextEquiv>
            </pc:TextLine>
            <pc:TextLine id="region0007_line0011">
                <pc:Coords points="467,2057 1547,2057 1547,2132 467,2132"/>
                <pc:Word id="region0007_line0011_word0000">
                    <pc:Coords points="467,2057 467,2132 589,2132 589,2057"/>
                    <pc:TextEquiv conf="0.866200942993164">
                        <pc:Unicode>Ich</pc:Unicode>
                    </pc:TextEquiv>
                </pc:Word>
                <pc:Word id="region0007_line0011_word0001">
                    <pc:Coords points="617,2057 701,2057 701,2128 617,2128"/>
                    <pc:TextEquiv conf="0.914354629516602">
                        <pc:Unicode>ſehe</pc:Unicode>
                    </pc:TextEquiv>
                </pc:Word>
                <pc:Word id="region0007_line0011_word0002">
                    <pc:Coords points="725,2068 841,2068 841,2119 725,2119"/>
                    <pc:TextEquiv conf="0.922599258422852">
                        <pc:Unicode>zwar</pc:Unicode>
                    </pc:TextEquiv>
                </pc:Word>
                <pc:Word id="region0007_line0011_word0003">
                    <pc:Coords points="873,2067 959,2067 959,2111 873,2111"/>
                    <pc:TextEquiv conf="0.925193634033203">
                        <pc:Unicode>aus</pc:Unicode>
                    </pc:TextEquiv>
                </pc:Word>
                <pc:Word id="region0007_line0011_word0004">
                    <pc:Coords points="987,2063 1150,2063 1150,2123 987,2123"/>
                    <pc:TextEquiv conf="0.920682144165039">
                        <pc:Unicode>einigen</pc:Unicode>
                    </pc:TextEquiv>
                </pc:Word>
                <pc:Word id="region0007_line0011_word0005">
                    <pc:Coords points="1186,2066 1447,2066 1447,2122 1186,2122"/>
                    <pc:TextEquiv conf="0.17984375">
                        <pc:Unicode>anderswo</pc:Unicode>
                    </pc:TextEquiv>
                </pc:Word>
                <pc:TextEquiv conf="0.78814572652181">
                    <pc:Unicode>Ich ſehe zwar aus einigen anderswo</pc:Unicode>
                </pc:TextEquiv>
            </pc:TextLine>
            <pc:TextLine id="region0007_line0012">
                <pc:Coords points="348,2119 1533,2119 1533,2193 348,2193"/>
                <pc:Word id="region0007_line0012_word0000">
                    <pc:Coords points="348,2119 713,2119 713,2188 348,2188"/>
                    <pc:TextEquiv conf="0.712625427246094">
                        <pc:Unicode>angefuͤhrten</pc:Unicode>
                    </pc:TextEquiv>
                </pc:Word>
                <pc:Word id="region0007_line0012_word0001">
                    <pc:Coords points="742,2122 1058,2122 1058,2186 742,2186"/>
                    <pc:TextEquiv conf="0.91741943359375">
                        <pc:Unicode>Stellen,</pc:Unicode>
                    </pc:TextEquiv>
                </pc:Word>
                <pc:Word id="region0007_line0012_word0002">
                    <pc:Coords points="1082,2119 1000,2119 1000,2193 1082,2193"/>
                    <pc:TextEquiv conf="0.919047622680664">
                        <pc:Unicode>daß</pc:Unicode>
                    </pc:TextEquiv>
                </pc:Word>
                <pc:Word id="region0007_line0012_word0003">
                    <pc:Coords points="1090,2129 1163,2129 1163,2178 1090,2178"/>
                    <pc:TextEquiv conf="0.921835861206055">
                        <pc:Unicode>der</pc:Unicode>
                    </pc:TextEquiv>
                </pc:Word>
                <pc:Word id="region0007_line0012_word0004">
                    <pc:Coords points="1197,2122 1533,2122 1533,2193 1197,2193"/>
                    <pc:TextEquiv conf="0.">
                        <pc:Unicode>Zeitungg⸗</pc:Unicode>
                    </pc:TextEquiv>
                </pc:Word>
                <pc:TextEquiv conf="0.894185668945312">
                    <pc:Unicode>angefuͤhrten Stellen, daß der Zeitungg⸗</pc:Unicode>
                </pc:TextEquiv>
            </pc:TextLine>
            <pc:TextLine id="region0007_line0013">
                <pc:Coords points="382,2185 1438,2185 1438,2247 382,2247"/>
                <pc:Word id="region0007_line0013_word0000">
                    <pc:Coords points="382,2196 416,2196 416,2201 382,2201"/>
                    <pc:TextEquiv conf="0.836766662597656">
                        <pc:Unicode>*</pc:Unicode>
                    </pc:TextEquiv>
                </pc:Word>
                <pc:Word id="region0007_line0013_word0001">
                    <pc:Coords points="1198,2185 1438,2185 1438,2247 1198,2247"/>
                    <pc:TextEquiv conf="0.907203826904297">
                        <pc:Unicode>Schrei⸗</pc:Unicode>
                    </pc:TextEquiv>
                </pc:Word>
                <pc:TextEquiv conf="0.871985244750977">
                    <pc:Unicode>* Schrei⸗</pc:Unicode>
                </pc:TextEquiv>
            </pc:TextLine>
            <pc:TextEquiv conf="0.839177245091419">
                <pc:Unicode>dieſem Titel iſt die Nachricht von der
zweyten Verſamlung / in demſelben Jahr
ans Licht getreten,/ und ſo auch die uͤbrige.
Auſer daß dieſe Verſamlung eine General⸗
Verſamlung auf dem vierten Titelblat ge⸗
nennet wird, und auf dem Fůnften ſchlech /
terdings, eine Verſamlung der Gemeine
BGoOttes im Geiſt. Die ſiebende Verſan⸗
lung aber, heiſet ein General⸗Synodus
der Gemeine GOttes im Geiſt Alles
zuſammen beſtehet aus t20. Seiten in atec.
Ich ſehe zwar aus einigen anderswo
angefuͤhrten Stellen, daß der Zeitungg⸗
* Schrei⸗</pc:Unicode>
            </pc:TextEquiv>
        </pc:TextRegion>
        <pc:TextRegion id="region0013" orientation="0.620749362998737" type="floating" readingDirection="left-to-right" textLineOrder="top-to-bottom">
            <pc:Coords points="260,289 1455,289 1455,360 260,360"/>
            <pc:TextLine id="region0013_line0000">
                <pc:Coords points="260,289 1455,289 1455,360 260,360"/>
                <pc:Word id="region0013_line0000_word0000">
                    <pc:Coords points="260,302 363,302 363,348 260,348"/>
                    <pc:TextEquiv conf="0.907933120727539">
                        <pc:Unicode>des</pc:Unicode>
                    </pc:TextEquiv>
                </pc:Word>
                <pc:Word id="region0013_line0000_word0001">
                    <pc:Coords points="381,292 701,292 701,360 381,360"/>
                    <pc:TextEquiv conf="0.885655746459961">
                        <pc:Unicode>Kreutzreichs</pc:Unicode>
                    </pc:TextEquiv>
                </pc:Word>
                <pc:Word id="region0013_line0000_word0002">
                    <pc:Coords points="713,304 726,304 726,346 713,346"/>
                    <pc:TextEquiv conf="0.92795768737793">
                        <pc:Unicode>/</pc:Unicode>
                    </pc:TextEquiv>
                </pc:Word>
                <pc:Word id="region0013_line0000_word0003">
                    <pc:Coords points="747,295 794,295 794,342 747,342"/>
                    <pc:TextEquiv conf="0.926655960083008">
                        <pc:Unicode>in</pc:Unicode>
                    </pc:TextEquiv>
                </pc:Word>
                <pc:Word id="region0013_line0000_word0004">
                    <pc:Coords points="814,290 945,290 945,349 814,349"/>
                    <pc:TextEquiv conf="0.917398147583008">
                        <pc:Unicode>ſeiner</pc:Unicode>
                    </pc:TextEquiv>
                </pc:Word>
                <pc:Word id="region0013_line0000_word0005">
                    <pc:Coords points="958,289 1201,289 1201,351 958,351"/>
                    <pc:TextEquiv conf="0.897042770385742">
                        <pc:Unicode>Unſchuld</pc:Unicode>
                    </pc:TextEquiv>
                </pc:Word>
                <pc:Word id="region0013_line0000_word0006">
                    <pc:Coords points="1212,305 1233,305 1233,344 1212,344"/>
                    <pc:TextEquiv conf="0.903032302856445">
                        <pc:Unicode>/</pc:Unicode>
                    </pc:TextEquiv>
                </pc:Word>
                <pc:Word id="region0013_line0000_word0007">
                    <pc:Coords points="1250,305 1296,305 1296,352 1250,352"/>
                    <pc:TextEquiv conf="0.906926116943359">
                        <pc:Unicode>zu</pc:Unicode>
                    </pc:TextEquiv>
                </pc:Word>
                <pc:Word id="region0013_line0000_word0008">
                    <pc:Coords points="1309,290 1309,355 1455,355 1455,290"/>
                    <pc:TextEquiv conf="0.896798324584961">
                        <pc:Unicode>neh⸗</pc:Unicode>
                    </pc:TextEquiv>
                </pc:Word>
                <pc:TextEquiv conf="0.907711130777995">
                    <pc:Unicode>des Kreutzreichs / in ſeiner Unſchuld / zu neh⸗</pc:Unicode>
                </pc:TextEquiv>
            </pc:TextLine>
            <pc:TextEquiv conf="0.907711130777995">
                <pc:Unicode>des Kreutzreichs / in ſeiner Unſchuld / zu neh⸗</pc:Unicode>
            </pc:TextEquiv>
        </pc:TextRegion>
        <pc:TextRegion id="region0014" orientation="0.620749362998737" type="floating" readingDirection="left-to-right" textLineOrder="top-to-bottom">
            <pc:Coords points="247,537 1553,537 1553,609 247,609"/>
            <pc:TextLine id="region0014_line0000">
                <pc:Coords points="247,537 1553,537 1553,609 247,609"/>
                <pc:Word id="region0014_line0000_word0000">
                    <pc:Coords points="247,549 249,549 249,551 247,551"/>
                    <pc:TextEquiv conf="0.910437088012695">
                        <pc:Unicode>Haͤndeln</pc:Unicode>
                    </pc:TextEquiv>
                </pc:Word>
                <pc:Word id="region0014_line0000_word0001">
                    <pc:Coords points="583,537 508,537 508,609 583,609"/>
                    <pc:TextEquiv conf="0.91597282409668">
                        <pc:Unicode>und</pc:Unicode>
                    </pc:TextEquiv>
                </pc:Word>
                <pc:Word id="region0014_line0000_word0002">
                    <pc:Coords points="698,537 608,537 608,609 698,609"/>
                    <pc:TextEquiv conf="0.905912780761719">
                        <pc:Unicode>zwar</pc:Unicode>
                    </pc:TextEquiv>
                </pc:Word>
                <pc:Word id="region0014_line0000_word0003">
                    <pc:Coords points="863,537 723,537 723,609 863,609"/>
                    <pc:TextEquiv conf="0.925975570678711">
                        <pc:Unicode>ſelbſt</pc:Unicode>
                    </pc:TextEquiv>
                </pc:Word>
                <pc:Word id="region0014_line0000_word0004">
                    <pc:Coords points="945,537 883,537 883,609 945,609"/>
                    <pc:TextEquiv conf="0.921080322265625">
                        <pc:Unicode>von</pc:Unicode>
                    </pc:TextEquiv>
                </pc:Word>
                <pc:Word id="region0014_line0000_word0005">
                    <pc:Coords points="1091,537 978,537 978,609 1091,609"/>
                    <pc:TextEquiv conf="0.924159393310547">
                        <pc:Unicode>deren</pc:Unicode>
                    </pc:TextEquiv>
                </pc:Word>
                <pc:Word id="region0014_line0000_word0006">
                    <pc:Coords points="1123,541 1338,541 1338,599 1123,599"/>
                    <pc:TextEquiv conf="0.914392242431641">
                        <pc:Unicode>Urhebern,</pc:Unicode>
                    </pc:TextEquiv>
                </pc:Word>
                <pc:Word id="region0014_line0000_word0007">
                    <pc:Coords points="1365,546 1405,546 1405,595 1365,595"/>
                    <pc:TextEquiv conf="0.932569274902344">
                        <pc:Unicode>in</pc:Unicode>
                    </pc:TextEquiv>
                </pc:Word>
                <pc:TextEquiv conf="0.918812437057495">
                    <pc:Unicode>Haͤndeln und zwar ſelbſt von deren Urhebern, in</pc:Unicode>
                </pc:TextEquiv>
            </pc:TextLine>
            <pc:TextEquiv conf="0.918812437057495">
                <pc:Unicode>Haͤndeln und zwar ſelbſt von deren Urhebern, in</pc:Unicode>
            </pc:TextEquiv>
        </pc:TextRegion>
        <pc:TextRegion id="region0015" orientation="0.620749362998737" type="floating" readingDirection="left-to-right" textLineOrder="top-to-bottom">
            <pc:Coords points="339,1274 1553,1274 1553,1368 339,1368"/>
            <pc:TextLine id="region0015_line0000">
                <pc:Coords points="339,1274 1553,1274 1553,1368 339,1368"/>
                <pc:Word id="region0015_line0000_word0000">
                    <pc:Coords points="339,1310 524,1310 524,1363 339,1363"/>
                    <pc:TextEquiv conf="0.816034469604492">
                        <pc:Unicode>und</pc:Unicode>
                    </pc:TextEquiv>
                </pc:Word>
                <pc:Word id="region0015_line0000_word0001">
                    <pc:Coords points="538,1320 591,1320 591,1366 538,1366"/>
                    <pc:TextEquiv conf="0.594324531555176">
                        <pc:Unicode>zu</pc:Unicode>
                    </pc:TextEquiv>
                </pc:Word>
                <pc:Word id="region0015_line0000_word0002">
                    <pc:Coords points="605,1308 745,1308 745,1368 605,1368"/>
                    <pc:TextEquiv conf="0.90925407409668">
                        <pc:Unicode>haben</pc:Unicode>
                    </pc:TextEquiv>
                </pc:Word>
                <pc:Word id="region0015_line0000_word0003">
                    <pc:Coords points="770,1306 846,1306 846,1367 770,1367"/>
                    <pc:TextEquiv conf="0.913254547119141">
                        <pc:Unicode>bey</pc:Unicode>
                    </pc:TextEquiv>
                </pc:Word>
                <pc:Word id="region0015_line0000_word0004">
                    <pc:Coords points="857,1298 1312,1298 1312,1366 857,1366"/>
                    <pc:TextEquiv conf="0.">
                        <pc:Unicode>BFraͤncklin</pc:Unicode>
                    </pc:TextEquiv>
                </pc:Word>
                <pc:Word id="region0015_line0000_word0005">
                    <pc:Coords points="1324,1294 1200,1294 1200,1368 1324,1368"/>
                    <pc:TextEquiv conf="0.857675247192383">
                        <pc:Unicode>Unter</pc:Unicode>
                    </pc:TextEquiv>
                </pc:Word>
                <pc:Word id="region0015_line0000_word0006">
                    <pc:Coords points="1322,1305 1500,1305 1500,1357 1322,1357"/>
                    <pc:TextEquiv conf="0.800167999267578">
                        <pc:Unicode>eben</pc:Unicode>
                    </pc:TextEquiv>
                </pc:Word>
                <pc:TextEquiv conf="0.84153012411935">
                    <pc:Unicode>und zu haben bey BFraͤncklin Unter eben</pc:Unicode>
                </pc:TextEquiv>
            </pc:TextLine>
            <pc:TextEquiv conf="0.84153012411935">
                <pc:Unicode>und zu haben bey BFraͤncklin Unter eben</pc:Unicode>
            </pc:TextEquiv>
        </pc:TextRegion>
        <pc:ImageRegion id="region0002" orientation="0.620749362998737">
            <pc:Coords points="0,0 267,0 267,404 0,404"/>
        </pc:ImageRegion>
        <pc:ImageRegion id="region0012" orientation="0.620749362998737">
            <pc:Coords points="0,475 156,475 156,2530 0,2530"/>
        </pc:ImageRegion>
        <pc:ImageRegion id="region0016" orientation="0.620749362998737">
            <pc:Coords points="1418,0 1553,0 1553,2592 1418,2592"/>
        </pc:ImageRegion>
        <pc:SeparatorRegion id="region0001">
            <pc:Coords points="281,194 1391,194 1391,235 281,235"/>
        </pc:SeparatorRegion>
        <pc:SeparatorRegion id="region0005">
            <pc:Coords points="317,754 1397,754 1397,773 317,773"/>
        </pc:SeparatorRegion>
        <pc:SeparatorRegion id="region0008">
            <pc:Coords points="59,1046 78,1046 78,1487 59,1487"/>
        </pc:SeparatorRegion>
        <pc:SeparatorRegion id="region0009">
            <pc:Coords points="52,1729 78,1729 78,2451 52,2451"/>
        </pc:SeparatorRegion>
        <pc:SeparatorRegion id="region0010">
            <pc:Coords points="62,1729 89,1729 89,2451 62,2451"/>
        </pc:SeparatorRegion>
        <pc:SeparatorRegion id="region0011">
            <pc:Coords points="67,1901 82,1901 82,2451 67,2451"/>
        </pc:SeparatorRegion>
    </pc:Page>
</pc:PcGts>
