<?xml version="1.0" encoding="UTF-8"?>
<pc:PcGts xmlns:pc="http://schema.primaresearch.org/PAGE/gts/pagecontent/2019-07-15" xmlns:xsi="http://www.w3.org/2001/XMLSchema-instance" xsi:schemaLocation="http://schema.primaresearch.org/PAGE/gts/pagecontent/2019-07-15 http://schema.primaresearch.org/PAGE/gts/pagecontent/2019-07-15/pagecontent.xsd" pcGtsId="OCR-D-OCR_0003">
    <pc:Metadata>
        <pc:Creator>OCR-D/core 2.30.0</pc:Creator>
        <pc:Created>2022-11-17T11:48:48.513379</pc:Created>
        <pc:LastChange>2022-11-17T11:48:48.513379</pc:LastChange>
        <pc:MetadataItem type="processingStep" name="layout/segmentation/region" value="ocrd-tesserocr-recognize">
            <pc:Labels externalModel="ocrd-tool" externalId="parameters">
                <pc:Label value="region" type="segmentation_level"/>
                <pc:Label value="word" type="textequiv_level"/>
                <pc:Label value="True" type="find_tables"/>
                <pc:Label value="Fraktur_GT4HistOCR" type="model"/>
                <pc:Label value="0" type="dpi"/>
                <pc:Label value="0" type="padding"/>
                <pc:Label value="False" type="overwrite_segments"/>
                <pc:Label value="True" type="overwrite_text"/>
                <pc:Label value="False" type="shrink_polygons"/>
                <pc:Label value="False" type="block_polygons"/>
                <pc:Label value="False" type="find_staves"/>
                <pc:Label value="False" type="sparse_text"/>
                <pc:Label value="False" type="raw_lines"/>
                <pc:Label value="" type="char_whitelist"/>
                <pc:Label value="" type="char_blacklist"/>
                <pc:Label value="" type="char_unblacklist"/>
                <pc:Label value="{}" type="tesseract_parameters"/>
                <pc:Label value="{}" type="xpath_parameters"/>
                <pc:Label value="{}" type="xpath_model"/>
                <pc:Label value="False" type="auto_model"/>
                <pc:Label value="DEFAULT" type="oem"/>
            </pc:Labels>
            <pc:Labels externalModel="ocrd-tool" externalId="version">
                <pc:Label value="0.13.6 (tesseract 5.0.1)" type="ocrd-tesserocr-recognize"/>
                <pc:Label value="2.30.0" type="ocrd/core"/>
            </pc:Labels>
        </pc:MetadataItem>
    </pc:Metadata>
    <pc:Page imageFilename="OCR-D-IMG/OCR-D-IMG_0003.tif" imageWidth="1553" imageHeight="2607">
        <pc:AlternativeImage filename="OCR-D-OCR/OCR-D-OCR_0003.IMG-BIN.png" comments=",binarized,clipped"/>
        <pc:ReadingOrder>
            <pc:OrderedGroup id="reading-order">
                <pc:RegionRefIndexed index="0" regionRef="region0000"/>
                <pc:RegionRefIndexed index="1" regionRef="region0001"/>
                <pc:RegionRefIndexed index="2" regionRef="region0002"/>
                <pc:RegionRefIndexed index="3" regionRef="region0003"/>
                <pc:RegionRefIndexed index="4" regionRef="region0004"/>
                <pc:RegionRefIndexed index="6" regionRef="region0006"/>
                <pc:RegionRefIndexed index="7" regionRef="region0007"/>
                <pc:RegionRefIndexed index="8" regionRef="region0008"/>
                <pc:RegionRefIndexed index="9" regionRef="region0009"/>
                <pc:RegionRefIndexed index="10" regionRef="region0010"/>
                <pc:RegionRefIndexed index="11" regionRef="region0011"/>
                <pc:RegionRefIndexed index="12" regionRef="region0012"/>
                <pc:RegionRefIndexed index="13" regionRef="region0013"/>
                <pc:RegionRefIndexed index="15" regionRef="region0015"/>
            </pc:OrderedGroup>
        </pc:ReadingOrder>
        <pc:TextRegion id="region0002" orientation="-0.264210313353317" readingDirection="left-to-right" textLineOrder="top-to-bottom">
            <pc:Coords points="500,147 1268,147 1268,212 500,212"/>
            <pc:TextLine id="region0002_line0000">
                <pc:Coords points="500,147 1268,147 1268,212 500,212"/>
                <pc:Word id="region0002_line0000_word0000">
                    <pc:Coords points="500,150 668,150 668,205 500,205"/>
                    <pc:TextEquiv conf="0.877519836425781">
                        <pc:Unicode>vierter</pc:Unicode>
                    </pc:TextEquiv>
                </pc:Word>
                <pc:Word id="region0002_line0000_word0001">
                    <pc:Coords points="685,147 839,147 839,212 685,212"/>
                    <pc:TextEquiv conf="0.898096008300781">
                        <pc:Unicode>Theil.</pc:Unicode>
                    </pc:TextEquiv>
                </pc:Word>
                <pc:Word id="region0002_line0000_word0002">
                    <pc:Coords points="1242,166 1268,166 1268,210 1242,210"/>
                    <pc:TextEquiv conf="0.906074523925781">
                        <pc:Unicode>3</pc:Unicode>
                    </pc:TextEquiv>
                </pc:Word>
                <pc:TextEquiv conf="0.893896789550781">
                    <pc:Unicode>vierter Theil. 3</pc:Unicode>
                </pc:TextEquiv>
            </pc:TextLine>
            <pc:TextEquiv conf="0.893896789550781">
                <pc:Unicode>vierter Theil. 3</pc:Unicode>
            </pc:TextEquiv>
        </pc:TextRegion>
        <pc:TextRegion id="region0003" orientation="-0.264210313353317" type="floating" readingDirection="left-to-right" textLineOrder="top-to-bottom">
            <pc:Coords points="159,260 1278,260 1278,342 159,342"/>
            <pc:TextLine id="region0003_line0000">
                <pc:Coords points="159,260 1278,260 1278,342 159,342"/>
                <pc:Word id="region0003_line0000_word0000">
                    <pc:Coords points="159,275 300,275 300,342 159,342"/>
                    <pc:TextEquiv conf="0.91545280456543">
                        <pc:Unicode>geſtalt</pc:Unicode>
                    </pc:TextEquiv>
                </pc:Word>
                <pc:Word id="region0003_line0000_word0001">
                    <pc:Coords points="324,279 405,279 405,325 324,325"/>
                    <pc:TextEquiv conf="0.929190292358398">
                        <pc:Unicode>vor</pc:Unicode>
                    </pc:TextEquiv>
                </pc:Word>
                <pc:Word id="region0003_line0000_word0002">
                    <pc:Coords points="434,265 552,265 552,328 434,328"/>
                    <pc:TextEquiv conf="0.924297790527344">
                        <pc:Unicode>ihren</pc:Unicode>
                    </pc:TextEquiv>
                </pc:Word>
                <pc:Word id="region0003_line0000_word0003">
                    <pc:Coords points="576,264 753,264 753,329 576,329"/>
                    <pc:TextEquiv conf="0.907676696777344">
                        <pc:Unicode>Stifter</pc:Unicode>
                    </pc:TextEquiv>
                </pc:Word>
                <pc:Word id="region0003_line0000_word0004">
                    <pc:Coords points="774,260 978,260 978,321 774,321"/>
                    <pc:TextEquiv conf="0.918060073852539">
                        <pc:Unicode>erklaͤret,</pc:Unicode>
                    </pc:TextEquiv>
                </pc:Word>
                <pc:Word id="region0003_line0000_word0005">
                    <pc:Coords points="1009,261 1097,261 1097,322 1009,322"/>
                    <pc:TextEquiv conf="0.927491760253906">
                        <pc:Unicode>daß</pc:Unicode>
                    </pc:TextEquiv>
                </pc:Word>
                <pc:Word id="region0003_line0000_word0006">
                    <pc:Coords points="1118,263 1171,263 1171,327 1118,327"/>
                    <pc:TextEquiv conf="0.930094299316406">
                        <pc:Unicode>ſie</pc:Unicode>
                    </pc:TextEquiv>
                </pc:Word>
                <pc:Word id="region0003_line0000_word0007">
                    <pc:Coords points="1191,269 1278,269 1278,315 1191,315"/>
                    <pc:TextEquiv conf="0.904748077392578">
                        <pc:Unicode>aus</pc:Unicode>
                    </pc:TextEquiv>
                </pc:Word>
                <pc:TextEquiv conf="0.919626474380493">
                    <pc:Unicode>geſtalt vor ihren Stifter erklaͤret, daß ſie aus</pc:Unicode>
                </pc:TextEquiv>
            </pc:TextLine>
            <pc:TextEquiv conf="0.919626474380493">
                <pc:Unicode>geſtalt vor ihren Stifter erklaͤret, daß ſie aus</pc:Unicode>
            </pc:TextEquiv>
        </pc:TextRegion>
        <pc:TextRegion id="region0004" orientation="-0.264210313353317" readingDirection="left-to-right" textLineOrder="top-to-bottom">
            <pc:Coords points="1156,326 1274,326 1274,385 1156,385"/>
            <pc:TextLine id="region0004_line0000">
                <pc:Coords points="1156,326 1274,326 1274,385 1156,385"/>
                <pc:Word id="region0004_line0000_word0000">
                    <pc:Coords points="1156,326 1274,326 1274,385 1156,385"/>
                    <pc:TextEquiv conf="0.90291259765625">
                        <pc:Unicode>deſen</pc:Unicode>
                    </pc:TextEquiv>
                </pc:Word>
                <pc:TextEquiv conf="0.90291259765625">
                    <pc:Unicode>deſen</pc:Unicode>
                </pc:TextEquiv>
            </pc:TextLine>
            <pc:TextEquiv conf="0.90291259765625">
                <pc:Unicode>deſen</pc:Unicode>
            </pc:TextEquiv>
        </pc:TextRegion>
        <pc:TextRegion id="region0006" orientation="-0.264210313353317" type="floating" readingDirection="left-to-right" textLineOrder="top-to-bottom">
            <pc:Coords points="231,392 1278,392 1278,489 231,489"/>
            <pc:TextLine id="region0006_line0000">
                <pc:Coords points="231,392 1278,392 1278,489 231,489"/>
                <pc:Word id="region0006_line0000_word0000">
                    <pc:Coords points="231,413 449,413 449,486 231,486"/>
                    <pc:TextEquiv conf="0.071588592529297">
                        <pc:Unicode>WBuch/</pc:Unicode>
                    </pc:TextEquiv>
                </pc:Word>
                <pc:Word id="region0006_line0000_word0001">
                    <pc:Coords points="472,392 603,392 603,483 472,483"/>
                    <pc:TextEquiv conf="0.">
                        <pc:Unicode>ſic</pc:Unicode>
                    </pc:TextEquiv>
                </pc:Word>
                <pc:Word id="region0006_line0000_word0002">
                    <pc:Coords points="627,408 738,408 738,486 627,486"/>
                    <pc:TextEquiv conf="0.599447593688965">
                        <pc:Unicode>*</pc:Unicode>
                    </pc:TextEquiv>
                </pc:Word>
                <pc:Word id="region0006_line0000_word0003">
                    <pc:Coords points="764,408 834,408 834,476 764,476"/>
                    <pc:TextEquiv conf="0.907373657226562">
                        <pc:Unicode>wo</pc:Unicode>
                    </pc:TextEquiv>
                </pc:Word>
                <pc:Word id="region0006_line0000_word0004">
                    <pc:Coords points="857,431 904,431 904,474 857,474"/>
                    <pc:TextEquiv conf="0.859924011230469">
                        <pc:Unicode>es</pc:Unicode>
                    </pc:TextEquiv>
                </pc:Word>
                <pc:Word id="region0006_line0000_word0005">
                    <pc:Coords points="924,406 1067,406 1067,480 924,480"/>
                    <pc:TextEquiv conf="0.670459976196289">
                        <pc:Unicode>heiſet:</pc:Unicode>
                    </pc:TextEquiv>
                </pc:Word>
                <pc:Word id="region0006_line0000_word0006">
                    <pc:Coords points="1100,427 1278,427 1278,489 1100,489"/>
                    <pc:TextEquiv conf="0.166710968017578">
                        <pc:Unicode>weyte</pc:Unicode>
                    </pc:TextEquiv>
                </pc:Word>
                <pc:TextEquiv conf="0.610786399841309">
                    <pc:Unicode>WBuch/ ſic * wo es heiſet: weyte</pc:Unicode>
                </pc:TextEquiv>
            </pc:TextLine>
            <pc:TextEquiv conf="0.610786399841309">
                <pc:Unicode>WBuch/ ſic * wo es heiſet: weyte</pc:Unicode>
            </pc:TextEquiv>
        </pc:TextRegion>
        <pc:TextRegion id="region0007" orientation="-0.264210313353317" readingDirection="left-to-right" textLineOrder="top-to-bottom">
            <pc:Coords points="274,485 1276,485 1276,551 274,551"/>
            <pc:TextLine id="region0007_line0000">
                <pc:Coords points="274,485 1276,485 1276,551 274,551"/>
                <pc:Word id="region0007_line0000_word0000">
                    <pc:Coords points="274,493 506,493 506,551 274,551"/>
                    <pc:TextEquiv conf="0.051068496704102">
                        <pc:Unicode>Warcheit</pc:Unicode>
                    </pc:TextEquiv>
                </pc:Word>
                <pc:Word id="region0007_line0000_word0001">
                    <pc:Coords points="573,486 685,486 685,546 573,546"/>
                    <pc:TextEquiv conf="0.884655303955078">
                        <pc:Unicode>Daß</pc:Unicode>
                    </pc:TextEquiv>
                </pc:Word>
                <pc:Word id="region0007_line0000_word0002">
                    <pc:Coords points="711,487 784,487 784,541 711,541"/>
                    <pc:TextEquiv conf="0.929681243896484">
                        <pc:Unicode>ich</pc:Unicode>
                    </pc:TextEquiv>
                </pc:Word>
                <pc:Word id="region0007_line0000_word0003">
                    <pc:Coords points="818,489 888,489 888,536 818,536"/>
                    <pc:TextEquiv conf="0.930440444946289">
                        <pc:Unicode>die</pc:Unicode>
                    </pc:TextEquiv>
                </pc:Word>
                <pc:Word id="region0007_line0000_word0004">
                    <pc:Coords points="911,485 1276,485 1276,544 911,544"/>
                    <pc:TextEquiv conf="0.266719970703125">
                        <pc:Unicode>Puͤncktlich</pc:Unicode>
                    </pc:TextEquiv>
                </pc:Word>
                <pc:Word id="region0007_line0000_word0005">
                    <pc:Coords points="1193,551 1276,551 1276,485 1193,485"/>
                    <pc:TextEquiv conf="0.385615196228027">
                        <pc:Unicode>keit</pc:Unicode>
                    </pc:TextEquiv>
                </pc:Word>
                <pc:TextEquiv conf="0.574696776072184">
                    <pc:Unicode>Warcheit Daß ich die Puͤncktlich keit</pc:Unicode>
                </pc:TextEquiv>
            </pc:TextLine>
            <pc:TextEquiv conf="0.574696776072184">
                <pc:Unicode>Warcheit Daß ich die Puͤncktlich keit</pc:Unicode>
            </pc:TextEquiv>
        </pc:TextRegion>
        <pc:TextRegion id="region0008" orientation="-0.264210313353317" type="floating" readingDirection="left-to-right" textLineOrder="top-to-bottom">
            <pc:Coords points="275,548 1329,548 1329,618 275,618"/>
            <pc:TextLine id="region0008_line0000">
                <pc:Coords points="275,548 1329,548 1329,618 275,618"/>
                <pc:Word id="region0008_line0000_word0000">
                    <pc:Coords points="275,557 438,557 438,605 275,605"/>
                    <pc:TextEquiv conf="0.900027694702148">
                        <pc:Unicode>meiner</pc:Unicode>
                    </pc:TextEquiv>
                </pc:Word>
                <pc:Word id="region0008_line0000_word0001">
                    <pc:Coords points="461,551 780,551 780,610 461,610"/>
                    <pc:TextEquiv conf="0.">
                        <pc:Unicode>Autheriſchen</pc:Unicode>
                    </pc:TextEquiv>
                </pc:Word>
                <pc:Word id="region0008_line0000_word0002">
                    <pc:Coords points="806,548 1087,548 1087,618 806,618"/>
                    <pc:TextEquiv conf="0.885231857299805">
                        <pc:Unicode>Verfaſſung</pc:Unicode>
                    </pc:TextEquiv>
                </pc:Word>
                <pc:Word id="region0008_line0000_word0003">
                    <pc:Coords points="1117,549 1329,549 1329,609 1117,609"/>
                    <pc:TextEquiv conf="0.688932571411133">
                        <pc:Unicode>ſoweit</pc:Unicode>
                    </pc:TextEquiv>
                </pc:Word>
                <pc:TextEquiv conf="0.868548030853271">
                    <pc:Unicode>meiner Autheriſchen Verfaſſung ſoweit</pc:Unicode>
                </pc:TextEquiv>
            </pc:TextLine>
            <pc:TextEquiv conf="0.868548030853271">
                <pc:Unicode>meiner Autheriſchen Verfaſſung ſoweit</pc:Unicode>
            </pc:TextEquiv>
        </pc:TextRegion>
        <pc:TextRegion id="region0009" orientation="-0.264210313353317" readingDirection="left-to-right" textLineOrder="top-to-bottom">
            <pc:Coords points="259,612 1272,612 1272,1497 259,1497"/>
            <pc:TextLine id="region0009_line0000">
                <pc:Coords points="265,612 1272,612 1272,682 265,682"/>
                <pc:Word id="region0009_line0000_word0000">
                    <pc:Coords points="265,614 486,614 486,680 265,680"/>
                    <pc:TextEquiv conf="0.891339111328125">
                        <pc:Unicode>pouſſiret</pc:Unicode>
                    </pc:TextEquiv>
                </pc:Word>
                <pc:Word id="region0009_line0000_word0001">
                    <pc:Coords points="515,612 490,612 490,682 515,682"/>
                    <pc:TextEquiv conf="0.918616790771484">
                        <pc:Unicode>/</pc:Unicode>
                    </pc:TextEquiv>
                </pc:Word>
                <pc:Word id="region0009_line0000_word0002">
                    <pc:Coords points="519,614 614,614 614,676 519,676"/>
                    <pc:TextEquiv conf="0.18757942199707">
                        <pc:Unicode>deß</pc:Unicode>
                    </pc:TextEquiv>
                </pc:Word>
                <pc:Word id="region0009_line0000_word0003">
                    <pc:Coords points="635,613 703,613 703,679 635,679"/>
                    <pc:TextEquiv conf="0.917631912231445">
                        <pc:Unicode>ich</pc:Unicode>
                    </pc:TextEquiv>
                </pc:Word>
                <pc:Word id="region0009_line0000_word0004">
                    <pc:Coords points="728,612 862,612 862,682 728,682"/>
                    <pc:TextEquiv conf="0.899159240722656">
                        <pc:Unicode>ſogar</pc:Unicode>
                    </pc:TextEquiv>
                </pc:Word>
                <pc:Word id="region0009_line0000_word0005">
                    <pc:Coords points="880,612 927,612 927,661 880,661"/>
                    <pc:TextEquiv conf="0.928423919677734">
                        <pc:Unicode>in</pc:Unicode>
                    </pc:TextEquiv>
                </pc:Word>
                <pc:Word id="region0009_line0000_word0006">
                    <pc:Coords points="948,612 1272,612 1272,673 948,673"/>
                    <pc:TextEquiv conf="0.657717895507812">
                        <pc:Unicode>Penſylvanien</pc:Unicode>
                    </pc:TextEquiv>
                </pc:Word>
                <pc:TextEquiv conf="0.771495470319476">
                    <pc:Unicode>pouſſiret / deß ich ſogar in Penſylvanien</pc:Unicode>
                </pc:TextEquiv>
            </pc:TextLine>
            <pc:TextLine id="region0009_line0001">
                <pc:Coords points="273,673 1271,673 1271,737 273,737"/>
                <pc:Word id="region0009_line0001_word0000">
                    <pc:Coords points="273,679 402,679 402,730 273,730"/>
                    <pc:TextEquiv conf="0.440785789489746">
                        <pc:Unicode>alvo</pc:Unicode>
                    </pc:TextEquiv>
                </pc:Word>
                <pc:Word id="region0009_line0001_word0001">
                    <pc:Coords points="414,679 533,679 533,729 414,729"/>
                    <pc:TextEquiv conf="0.920623092651367">
                        <pc:Unicode>mein</pc:Unicode>
                    </pc:TextEquiv>
                </pc:Word>
                <pc:Word id="region0009_line0001_word0002">
                    <pc:Coords points="569,677 729,677 729,737 569,737"/>
                    <pc:TextEquiv conf="0.874626312255859">
                        <pc:Unicode>Haupt⸗</pc:Unicode>
                    </pc:TextEquiv>
                </pc:Word>
                <pc:Word id="region0009_line0001_word0003">
                    <pc:Coords points="1033,673 763,673 763,737 1033,737"/>
                    <pc:TextEquiv conf="0.390620613098145">
                        <pc:Unicode>Angenmerck</pc:Unicode>
                    </pc:TextEquiv>
                </pc:Word>
                <pc:Word id="region0009_line0001_word0004">
                    <pc:Coords points="1048,689 1171,689 1171,731 1048,731"/>
                    <pc:TextEquiv conf="0.889041595458984">
                        <pc:Unicode>war</pc:Unicode>
                    </pc:TextEquiv>
                </pc:Word>
                <pc:Word id="region0009_line0001_word0005">
                    <pc:Coords points="1176,673 1152,673 1152,737 1176,737"/>
                    <pc:TextEquiv conf="0.889041595458984">
                        <pc:Unicode>/</pc:Unicode>
                    </pc:TextEquiv>
                </pc:Word>
                <pc:Word id="region0009_line0001_word0006">
                    <pc:Coords points="1178,678 1271,678 1271,732 1178,732"/>
                    <pc:TextEquiv conf="0.925437088012695">
                        <pc:Unicode>den</pc:Unicode>
                    </pc:TextEquiv>
                </pc:Word>
                <pc:TextEquiv conf="0.761453726632255">
                    <pc:Unicode>alvo mein Haupt⸗ Angenmerck war / den</pc:Unicode>
                </pc:TextEquiv>
            </pc:TextLine>
            <pc:TextLine id="region0009_line0002">
                <pc:Coords points="271,738 1269,738 1269,799 271,799"/>
                <pc:Word id="region0009_line0002_word0000">
                    <pc:Coords points="271,741 446,741 446,797 271,797"/>
                    <pc:TextEquiv conf="0.909546813964844">
                        <pc:Unicode>Verfall</pc:Unicode>
                    </pc:TextEquiv>
                </pc:Word>
                <pc:Word id="region0009_line0002_word0001">
                    <pc:Coords points="467,745 544,745 544,792 467,792"/>
                    <pc:TextEquiv conf="0.923692398071289">
                        <pc:Unicode>der</pc:Unicode>
                    </pc:TextEquiv>
                </pc:Word>
                <pc:Word id="region0009_line0002_word0002">
                    <pc:Coords points="564,738 838,738 838,799 564,799"/>
                    <pc:TextEquiv conf="0.890801849365234">
                        <pc:Unicode>Religionen</pc:Unicode>
                    </pc:TextEquiv>
                </pc:Word>
                <pc:Word id="region0009_line0002_word0003">
                    <pc:Coords points="856,739 955,739 955,787 856,787"/>
                    <pc:TextEquiv conf="0.920633163452148">
                        <pc:Unicode>und</pc:Unicode>
                    </pc:TextEquiv>
                </pc:Word>
                <pc:Word id="region0009_line0002_word0004">
                    <pc:Coords points="972,742 1075,742 1075,794 972,794"/>
                    <pc:TextEquiv conf="0.910551605224609">
                        <pc:Unicode>aller</pc:Unicode>
                    </pc:TextEquiv>
                </pc:Word>
                <pc:Word id="region0009_line0002_word0005">
                    <pc:Coords points="1093,740 1269,740 1269,794 1093,794"/>
                    <pc:TextEquiv conf="0.616575698852539">
                        <pc:Unicode>Kirch⸗</pc:Unicode>
                    </pc:TextEquiv>
                </pc:Word>
                <pc:TextEquiv conf="0.861966921488444">
                    <pc:Unicode>Verfall der Religionen und aller Kirch⸗</pc:Unicode>
                </pc:TextEquiv>
            </pc:TextLine>
            <pc:TextLine id="region0009_line0003">
                <pc:Coords points="270,797 1268,797 1268,861 270,861"/>
                <pc:Word id="region0009_line0003_word0000">
                    <pc:Coords points="270,803 449,803 449,858 270,858"/>
                    <pc:TextEquiv conf="0.91861213684082">
                        <pc:Unicode>lichkeit</pc:Unicode>
                    </pc:TextEquiv>
                </pc:Word>
                <pc:Word id="region0009_line0003_word0001">
                    <pc:Coords points="586,797 494,797 494,861 586,861"/>
                    <pc:TextEquiv conf="0.910243453979492">
                        <pc:Unicode>uͤbe</pc:Unicode>
                    </pc:TextEquiv>
                </pc:Word>
                <pc:Word id="region0009_line0003_word0002">
                    <pc:Coords points="617,825 781,825 781,852 617,852"/>
                    <pc:TextEquiv conf="0.261640853881836">
                        <pc:Unicode>haupt/</pc:Unicode>
                    </pc:TextEquiv>
                </pc:Word>
                <pc:Word id="region0009_line0003_word0003">
                    <pc:Coords points="811,810 866,810 866,857 811,857"/>
                    <pc:TextEquiv conf="0.921751861572266">
                        <pc:Unicode>zu</pc:Unicode>
                    </pc:TextEquiv>
                </pc:Word>
                <pc:Word id="region0009_line0003_word0004">
                    <pc:Coords points="887,797 1142,797 1142,861 887,861"/>
                    <pc:TextEquiv conf="0.772282104492187">
                        <pc:Unicode>redreſſiren,</pc:Unicode>
                    </pc:TextEquiv>
                </pc:Word>
                <pc:Word id="region0009_line0003_word0005">
                    <pc:Coords points="1173,815 1268,815 1268,853 1173,853"/>
                    <pc:TextEquiv conf="0.926453170776367">
                        <pc:Unicode>we⸗</pc:Unicode>
                    </pc:TextEquiv>
                </pc:Word>
                <pc:TextEquiv conf="0.785163930257161">
                    <pc:Unicode>lichkeit uͤbe haupt/ zu redreſſiren, we⸗</pc:Unicode>
                </pc:TextEquiv>
            </pc:TextLine>
            <pc:TextLine id="region0009_line0004">
                <pc:Coords points="270,863 1267,863 1267,927 270,927"/>
                <pc:Word id="region0009_line0004_word0000">
                    <pc:Coords points="270,875 359,875 359,927 270,927"/>
                    <pc:TextEquiv conf="0.906559982299805">
                        <pc:Unicode>gen</pc:Unicode>
                    </pc:TextEquiv>
                </pc:Word>
                <pc:Word id="region0009_line0004_word0001">
                    <pc:Coords points="389,869 466,869 466,916 389,916"/>
                    <pc:TextEquiv conf="0.928231048583984">
                        <pc:Unicode>der</pc:Unicode>
                    </pc:TextEquiv>
                </pc:Word>
                <pc:Word id="region0009_line0004_word0002">
                    <pc:Coords points="497,864 680,864 680,923 497,923"/>
                    <pc:TextEquiv conf="0.883886413574219">
                        <pc:Unicode>diverſen</pc:Unicode>
                    </pc:TextEquiv>
                </pc:Word>
                <pc:Word id="region0009_line0004_word0003">
                    <pc:Coords points="704,864 946,864 946,922 704,922"/>
                    <pc:TextEquiv conf="0.861119537353516">
                        <pc:Unicode>Liturgien</pc:Unicode>
                    </pc:TextEquiv>
                </pc:Word>
                <pc:Word id="region0009_line0004_word0004">
                    <pc:Coords points="977,877 987,877 987,915 977,915"/>
                    <pc:TextEquiv conf="0.861119537353516">
                        <pc:Unicode>/</pc:Unicode>
                    </pc:TextEquiv>
                </pc:Word>
                <pc:Word id="region0009_line0004_word0005">
                    <pc:Coords points="1024,863 1103,863 1103,914 1024,914"/>
                    <pc:TextEquiv conf="0.931522216796875">
                        <pc:Unicode>die</pc:Unicode>
                    </pc:TextEquiv>
                </pc:Word>
                <pc:Word id="region0009_line0004_word0006">
                    <pc:Coords points="1124,864 1267,864 1267,925 1124,925"/>
                    <pc:TextEquiv conf="0.914125366210938">
                        <pc:Unicode>ernſte</pc:Unicode>
                    </pc:TextEquiv>
                </pc:Word>
                <pc:TextEquiv conf="0.898080586024693">
                    <pc:Unicode>gen der diverſen Liturgien / die ernſte</pc:Unicode>
                </pc:TextEquiv>
            </pc:TextLine>
            <pc:TextLine id="region0009_line0005">
                <pc:Coords points="268,922 1266,922 1266,988 268,988"/>
                <pc:Word id="region0009_line0005_word0000">
                    <pc:Coords points="268,924 548,924 548,988 268,988"/>
                    <pc:TextEquiv conf="0.358867416381836">
                        <pc:Unicode>VDerfuͤgung</pc:Unicode>
                    </pc:TextEquiv>
                </pc:Word>
                <pc:Word id="region0009_line0005_word0001">
                    <pc:Coords points="587,922 860,922 860,988 587,988"/>
                    <pc:TextEquiv conf="0.791495513916016">
                        <pc:Unicode>getroffen/</pc:Unicode>
                    </pc:TextEquiv>
                </pc:Word>
                <pc:Word id="region0009_line0005_word0002">
                    <pc:Coords points="891,922 988,922 988,985 891,985"/>
                    <pc:TextEquiv conf="0.91994514465332">
                        <pc:Unicode>daß</pc:Unicode>
                    </pc:TextEquiv>
                </pc:Word>
                <pc:Word id="region0009_line0005_word0003">
                    <pc:Coords points="1018,928 1165,928 1165,979 1018,979"/>
                    <pc:TextEquiv conf="0.931703872680664">
                        <pc:Unicode>weder</pc:Unicode>
                    </pc:TextEquiv>
                </pc:Word>
                <pc:Word id="region0009_line0005_word0004">
                    <pc:Coords points="1193,931 1266,931 1266,979 1193,979"/>
                    <pc:TextEquiv conf="0.926535415649414">
                        <pc:Unicode>ein</pc:Unicode>
                    </pc:TextEquiv>
                </pc:Word>
                <pc:TextEquiv conf="0.78570947265625">
                    <pc:Unicode>VDerfuͤgung getroffen/ daß weder ein</pc:Unicode>
                </pc:TextEquiv>
            </pc:TextLine>
            <pc:TextLine id="region0009_line0006">
                <pc:Coords points="267,984 1263,984 1263,1050 267,1050"/>
                <pc:Word id="region0009_line0006_word0000">
                    <pc:Coords points="267,987 607,987 607,1050 267,1050"/>
                    <pc:TextEquiv conf="0.454845275878906">
                        <pc:Unicode>Reformirter/</pc:Unicode>
                    </pc:TextEquiv>
                </pc:Word>
                <pc:Word id="region0009_line0006_word0001">
                    <pc:Coords points="616,988 734,988 734,1040 616,1040"/>
                    <pc:TextEquiv conf="0.454845275878906">
                        <pc:Unicode>noch</pc:Unicode>
                    </pc:TextEquiv>
                </pc:Word>
                <pc:Word id="region0009_line0006_word0002">
                    <pc:Coords points="745,986 815,986 815,1037 745,1037"/>
                    <pc:TextEquiv conf="0.91620979309082">
                        <pc:Unicode>ein</pc:Unicode>
                    </pc:TextEquiv>
                </pc:Word>
                <pc:Word id="region0009_line0006_word0003">
                    <pc:Coords points="823,984 1121,984 1121,1046 823,1046"/>
                    <pc:TextEquiv conf="0.905073089599609">
                        <pc:Unicode>Maͤhriſcher</pc:Unicode>
                    </pc:TextEquiv>
                </pc:Word>
                <pc:Word id="region0009_line0006_word0004">
                    <pc:Coords points="1130,989 1263,989 1263,1044 1130,1044"/>
                    <pc:TextEquiv conf="0.915002136230469">
                        <pc:Unicode>Bru⸗</pc:Unicode>
                    </pc:TextEquiv>
                </pc:Word>
                <pc:TextEquiv conf="0.729195114135742">
                    <pc:Unicode>Reformirter/ noch ein Maͤhriſcher Bru⸗</pc:Unicode>
                </pc:TextEquiv>
            </pc:TextLine>
            <pc:TextLine id="region0009_line0007">
                <pc:Coords points="268,1049 1262,1049 1262,1111 268,1111"/>
                <pc:Word id="region0009_line0007_word0000">
                    <pc:Coords points="268,1056 380,1056 380,1105 268,1105"/>
                    <pc:TextEquiv conf="0.923383331298828">
                        <pc:Unicode>der</pc:Unicode>
                    </pc:TextEquiv>
                </pc:Word>
                <pc:Word id="region0009_line0007_word0001">
                    <pc:Coords points="396,1049 373,1049 373,1111 396,1111"/>
                    <pc:TextEquiv conf="0.90393440246582">
                        <pc:Unicode>/</pc:Unicode>
                    </pc:TextEquiv>
                </pc:Word>
                <pc:Word id="region0009_line0007_word0002">
                    <pc:Coords points="412,1052 494,1052 494,1111 412,1111"/>
                    <pc:TextEquiv conf="0.912686996459961">
                        <pc:Unicode>bey</pc:Unicode>
                    </pc:TextEquiv>
                </pc:Word>
                <pc:Word id="region0009_line0007_word0003">
                    <pc:Coords points="520,1049 688,1049 688,1108 520,1108"/>
                    <pc:TextEquiv conf="0.924027328491211">
                        <pc:Unicode>unſerer</pc:Unicode>
                    </pc:TextEquiv>
                </pc:Word>
                <pc:Word id="region0009_line0007_word0004">
                    <pc:Coords points="706,1052 920,1052 920,1109 706,1109"/>
                    <pc:TextEquiv conf="0.918761367797852">
                        <pc:Unicode>dortigen</pc:Unicode>
                    </pc:TextEquiv>
                </pc:Word>
                <pc:Word id="region0009_line0007_word0005">
                    <pc:Coords points="939,1050 1262,1050 1262,1108 939,1108"/>
                    <pc:TextEquiv conf="0.227229461669922">
                        <pc:Unicode>Lutheriſchen</pc:Unicode>
                    </pc:TextEquiv>
                </pc:Word>
                <pc:TextEquiv conf="0.801670481363932">
                    <pc:Unicode>der / bey unſerer dortigen Lutheriſchen</pc:Unicode>
                </pc:TextEquiv>
            </pc:TextLine>
            <pc:TextLine id="region0009_line0008">
                <pc:Coords points="265,1112 1260,1112 1260,1174 265,1174"/>
                <pc:Word id="region0009_line0008_word0000">
                    <pc:Coords points="265,1113 583,1113 583,1165 265,1165"/>
                    <pc:TextEquiv conf="0.698487319946289">
                        <pc:Unicode>Communion</pc:Unicode>
                    </pc:TextEquiv>
                </pc:Word>
                <pc:Word id="region0009_line0008_word0001">
                    <pc:Coords points="609,1112 833,1112 833,1160 609,1160"/>
                    <pc:TextEquiv conf="0.754696502685547">
                        <pc:Unicode>admittiret</pc:Unicode>
                    </pc:TextEquiv>
                </pc:Word>
                <pc:Word id="region0009_line0008_word0002">
                    <pc:Coords points="858,1113 1035,1113 1035,1165 858,1165"/>
                    <pc:TextEquiv conf="0.896544494628906">
                        <pc:Unicode>werde</pc:Unicode>
                    </pc:TextEquiv>
                </pc:Word>
                <pc:Word id="region0009_line0008_word0003">
                    <pc:Coords points="1051,1112 1026,1112 1026,1174 1051,1174"/>
                    <pc:TextEquiv conf="0.896544494628906">
                        <pc:Unicode>/</pc:Unicode>
                    </pc:TextEquiv>
                </pc:Word>
                <pc:Word id="region0009_line0008_word0004">
                    <pc:Coords points="1065,1117 1157,1117 1157,1164 1065,1164"/>
                    <pc:TextEquiv conf="0.906893692016602">
                        <pc:Unicode>und</pc:Unicode>
                    </pc:TextEquiv>
                </pc:Word>
                <pc:Word id="region0009_line0008_word0005">
                    <pc:Coords points="1178,1113 1260,1113 1260,1174 1178,1174"/>
                    <pc:TextEquiv conf="0.909706039428711">
                        <pc:Unicode>auf</pc:Unicode>
                    </pc:TextEquiv>
                </pc:Word>
                <pc:TextEquiv conf="0.843812090555827">
                    <pc:Unicode>Communion admittiret werde / und auf</pc:Unicode>
                </pc:TextEquiv>
            </pc:TextLine>
            <pc:TextLine id="region0009_line0009">
                <pc:Coords points="263,1172 1262,1172 1262,1237 263,1237"/>
                <pc:Word id="region0009_line0009_word0000">
                    <pc:Coords points="263,1179 369,1179 369,1229 263,1229"/>
                    <pc:TextEquiv conf="0.888201217651367">
                        <pc:Unicode>dem</pc:Unicode>
                    </pc:TextEquiv>
                </pc:Word>
                <pc:Word id="region0009_line0009_word0001">
                    <pc:Coords points="386,1172 679,1172 679,1234 386,1234"/>
                    <pc:TextEquiv conf="0.888201217651367">
                        <pc:Unicode>oͤffentlichen</pc:Unicode>
                    </pc:TextEquiv>
                </pc:Word>
                <pc:Word id="region0009_line0009_word0002">
                    <pc:Coords points="700,1175 866,1175 866,1232 700,1232"/>
                    <pc:TextEquiv conf="0.768221130371094">
                        <pc:Unicode>Con/eſſu</pc:Unicode>
                    </pc:TextEquiv>
                </pc:Word>
                <pc:Word id="region0009_line0009_word0003">
                    <pc:Coords points="883,1177 984,1177 984,1226 883,1226"/>
                    <pc:TextEquiv conf="0.930066986083984">
                        <pc:Unicode>aller</pc:Unicode>
                    </pc:TextEquiv>
                </pc:Word>
                <pc:Word id="region0009_line0009_word0004">
                    <pc:Coords points="999,1174 1262,1174 1262,1237 999,1237"/>
                    <pc:TextEquiv conf="0.924208984375">
                        <pc:Unicode>proteſtan⸗</pc:Unicode>
                    </pc:TextEquiv>
                </pc:Word>
                <pc:TextEquiv conf="0.879779907226563">
                    <pc:Unicode>dem oͤffentlichen Con/eſſu aller proteſtan⸗</pc:Unicode>
                </pc:TextEquiv>
            </pc:TextLine>
            <pc:TextLine id="region0009_line0010">
                <pc:Coords points="260,1234 1258,1234 1258,1306 260,1306"/>
                <pc:Word id="region0009_line0010_word0000">
                    <pc:Coords points="260,1237 429,1237 429,1298 260,1298"/>
                    <pc:TextEquiv conf="0.919177627563477">
                        <pc:Unicode>tiſchen</pc:Unicode>
                    </pc:TextEquiv>
                </pc:Word>
                <pc:Word id="region0009_line0010_word0001">
                    <pc:Coords points="460,1237 736,1237 736,1305 460,1305"/>
                    <pc:TextEquiv conf="0.902124862670898">
                        <pc:Unicode>Keligionen</pc:Unicode>
                    </pc:TextEquiv>
                </pc:Word>
                <pc:Word id="region0009_line0010_word0002">
                    <pc:Coords points="766,1234 994,1234 994,1306 766,1306"/>
                    <pc:TextEquiv conf="0.407157135009766">
                        <pc:Unicode>dalelbſt</pc:Unicode>
                    </pc:TextEquiv>
                </pc:Word>
                <pc:Word id="region0009_line0010_word0003">
                    <pc:Coords points="1021,1234 996,1234 996,1306 1021,1306"/>
                    <pc:TextEquiv conf="0.885121154785156">
                        <pc:Unicode>/</pc:Unicode>
                    </pc:TextEquiv>
                </pc:Word>
                <pc:Word id="region0009_line0010_word0004">
                    <pc:Coords points="1034,1240 1157,1240 1157,1292 1034,1292"/>
                    <pc:TextEquiv conf="0.927613296508789">
                        <pc:Unicode>mich</pc:Unicode>
                    </pc:TextEquiv>
                </pc:Word>
                <pc:Word id="region0009_line0010_word0005">
                    <pc:Coords points="1172,1250 1258,1250 1258,1291 1172,1291"/>
                    <pc:TextEquiv conf="0.921593322753906">
                        <pc:Unicode>vor</pc:Unicode>
                    </pc:TextEquiv>
                </pc:Word>
                <pc:TextEquiv conf="0.827131233215332">
                    <pc:Unicode>tiſchen Keligionen dalelbſt / mich vor</pc:Unicode>
                </pc:TextEquiv>
            </pc:TextLine>
            <pc:TextLine id="region0009_line0011">
                <pc:Coords points="262,1295 1257,1295 1257,1358 262,1358"/>
                <pc:Word id="region0009_line0011_word0000">
                    <pc:Coords points="262,1303 351,1303 351,1354 262,1354"/>
                    <pc:TextEquiv conf="0.921578063964844">
                        <pc:Unicode>den</pc:Unicode>
                    </pc:TextEquiv>
                </pc:Word>
                <pc:Word id="region0009_line0011_word0001">
                    <pc:Coords points="360,1299 686,1299 686,1358 360,1358"/>
                    <pc:TextEquiv conf="0.798216934204102">
                        <pc:Unicode>Lutheriſchen</pc:Unicode>
                    </pc:TextEquiv>
                </pc:Word>
                <pc:Word id="region0009_line0011_word0002">
                    <pc:Coords points="703,1298 930,1298 930,1357 703,1357"/>
                    <pc:TextEquiv conf="0.912359085083008">
                        <pc:Unicode>teutſchen</pc:Unicode>
                    </pc:TextEquiv>
                </pc:Word>
                <pc:Word id="region0009_line0011_word0003">
                    <pc:Coords points="956,1295 1140,1295 1140,1357 956,1357"/>
                    <pc:TextEquiv conf="0.916358032226563">
                        <pc:Unicode>Pfarrer</pc:Unicode>
                    </pc:TextEquiv>
                </pc:Word>
                <pc:Word id="region0009_line0011_word0004">
                    <pc:Coords points="1160,1313 1257,1313 1257,1352 1160,1352"/>
                    <pc:TextEquiv conf="0.926006088256836">
                        <pc:Unicode>von</pc:Unicode>
                    </pc:TextEquiv>
                </pc:Word>
                <pc:TextEquiv conf="0.89490364074707">
                    <pc:Unicode>den Lutheriſchen teutſchen Pfarrer von</pc:Unicode>
                </pc:TextEquiv>
            </pc:TextLine>
            <pc:TextLine id="region0009_line0012">
                <pc:Coords points="260,1361 1260,1361 1260,1425 260,1425"/>
                <pc:Word id="region0009_line0012_word0000">
                    <pc:Coords points="260,1363 616,1363 616,1425 260,1425"/>
                    <pc:TextEquiv conf="0.895403289794922">
                        <pc:Unicode>Philadelphia</pc:Unicode>
                    </pc:TextEquiv>
                </pc:Word>
                <pc:Word id="region0009_line0012_word0001">
                    <pc:Coords points="625,1361 602,1361 602,1425 625,1425"/>
                    <pc:TextEquiv conf="0.921129760742188">
                        <pc:Unicode>/</pc:Unicode>
                    </pc:TextEquiv>
                </pc:Word>
                <pc:Word id="region0009_line0012_word0002">
                    <pc:Coords points="648,1366 725,1366 725,1413 648,1413"/>
                    <pc:TextEquiv conf="0.92472282409668">
                        <pc:Unicode>der</pc:Unicode>
                    </pc:TextEquiv>
                </pc:Word>
                <pc:Word id="region0009_line0012_word0003">
                    <pc:Coords points="742,1362 815,1362 815,1415 742,1415"/>
                    <pc:TextEquiv conf="0.918536758422852">
                        <pc:Unicode>ich</pc:Unicode>
                    </pc:TextEquiv>
                </pc:Word>
                <pc:Word id="region0009_line0012_word0004">
                    <pc:Coords points="834,1374 965,1374 965,1413 834,1413"/>
                    <pc:TextEquiv conf="0.913767776489258">
                        <pc:Unicode>war</pc:Unicode>
                    </pc:TextEquiv>
                </pc:Word>
                <pc:Word id="region0009_line0012_word0005">
                    <pc:Coords points="967,1361 940,1361 940,1425 967,1425"/>
                    <pc:TextEquiv conf="0.913970336914062">
                        <pc:Unicode>/</pc:Unicode>
                    </pc:TextEquiv>
                </pc:Word>
                <pc:Word id="region0009_line0012_word0006">
                    <pc:Coords points="997,1363 1084,1363 1084,1413 997,1413"/>
                    <pc:TextEquiv conf="0.920174331665039">
                        <pc:Unicode>den</pc:Unicode>
                    </pc:TextEquiv>
                </pc:Word>
                <pc:Word id="region0009_line0012_word0007">
                    <pc:Coords points="1097,1361 1260,1361 1260,1423 1097,1423"/>
                    <pc:TextEquiv conf="0.720492172241211">
                        <pc:Unicode>erſten</pc:Unicode>
                    </pc:TextEquiv>
                </pc:Word>
                <pc:Word id="region0009_line0012_word0008">
                    <pc:Coords points="1241,1425 1260,1425 1260,1361 1241,1361"/>
                    <pc:TextEquiv conf="0.720492172241211">
                        <pc:Unicode>/</pc:Unicode>
                    </pc:TextEquiv>
                </pc:Word>
                <pc:TextEquiv conf="0.872076602511936">
                    <pc:Unicode>Philadelphia / der ich war / den erſten /</pc:Unicode>
                </pc:TextEquiv>
            </pc:TextLine>
            <pc:TextLine id="region0009_line0013">
                <pc:Coords points="259,1423 1260,1423 1260,1497 259,1497"/>
                <pc:Word id="region0009_line0013_word0000">
                    <pc:Coords points="259,1428 359,1428 359,1480 259,1480"/>
                    <pc:TextEquiv conf="0.927841796875">
                        <pc:Unicode>und</pc:Unicode>
                    </pc:TextEquiv>
                </pc:Word>
                <pc:Word id="region0009_line0013_word0001">
                    <pc:Coords points="369,1426 414,1426 414,1480 369,1480"/>
                    <pc:TextEquiv conf="0.928130187988281">
                        <pc:Unicode>ſo</pc:Unicode>
                    </pc:TextEquiv>
                </pc:Word>
                <pc:Word id="region0009_line0013_word0002">
                    <pc:Coords points="420,1423 554,1423 554,1497 420,1497"/>
                    <pc:TextEquiv conf="0.928131790161133">
                        <pc:Unicode>lange</pc:Unicode>
                    </pc:TextEquiv>
                </pc:Word>
                <pc:Word id="region0009_line0013_word0003">
                    <pc:Coords points="565,1424 634,1424 634,1477 565,1477"/>
                    <pc:TextEquiv conf="0.923207931518555">
                        <pc:Unicode>ich</pc:Unicode>
                    </pc:TextEquiv>
                </pc:Word>
                <pc:Word id="region0009_line0013_word0004">
                    <pc:Coords points="645,1428 707,1428 707,1474 645,1474"/>
                    <pc:TextEquiv conf="0.928170928955078">
                        <pc:Unicode>da</pc:Unicode>
                    </pc:TextEquiv>
                </pc:Word>
                <pc:Word id="region0009_line0013_word0005">
                    <pc:Coords points="716,1436 816,1436 816,1473 716,1473"/>
                    <pc:TextEquiv conf="0.809138259887695">
                        <pc:Unicode>war</pc:Unicode>
                    </pc:TextEquiv>
                </pc:Word>
                <pc:Word id="region0009_line0013_word0006">
                    <pc:Coords points="825,1434 848,1434 848,1475 825,1475"/>
                    <pc:TextEquiv conf="0.809138259887695">
                        <pc:Unicode>/</pc:Unicode>
                    </pc:TextEquiv>
                </pc:Word>
                <pc:Word id="region0009_line0013_word0007">
                    <pc:Coords points="877,1423 998,1423 998,1480 877,1480"/>
                    <pc:TextEquiv conf="0.923436813354492">
                        <pc:Unicode>ohne</pc:Unicode>
                    </pc:TextEquiv>
                </pc:Word>
                <pc:Word id="region0009_line0013_word0008">
                    <pc:Coords points="1009,1423 1149,1423 1149,1487 1009,1487"/>
                    <pc:TextEquiv conf="0.926076889038086">
                        <pc:Unicode>einige</pc:Unicode>
                    </pc:TextEquiv>
                </pc:Word>
                <pc:Word id="region0009_line0013_word0009">
                    <pc:Coords points="1160,1430 1260,1430 1260,1471 1160,1471"/>
                    <pc:TextEquiv conf="0.560924606323242">
                        <pc:Unicode>Con-</pc:Unicode>
                    </pc:TextEquiv>
                </pc:Word>
                <pc:TextEquiv conf="0.866419746398926">
                    <pc:Unicode>und ſo lange ich da war / ohne einige Con-</pc:Unicode>
                </pc:TextEquiv>
            </pc:TextLine>
            <pc:TextEquiv conf="0.827061351680972">
                <pc:Unicode>pouſſiret / deß ich ſogar in Penſylvanien
alvo mein Haupt⸗ Angenmerck war / den
Verfall der Religionen und aller Kirch⸗
lichkeit uͤbe haupt/ zu redreſſiren, we⸗
gen der diverſen Liturgien / die ernſte
VDerfuͤgung getroffen/ daß weder ein
Reformirter/ noch ein Maͤhriſcher Bru⸗
der / bey unſerer dortigen Lutheriſchen
Communion admittiret werde / und auf
dem oͤffentlichen Con/eſſu aller proteſtan⸗
tiſchen Keligionen dalelbſt / mich vor
den Lutheriſchen teutſchen Pfarrer von
Philadelphia / der ich war / den erſten /
und ſo lange ich da war / ohne einige Con-</pc:Unicode>
            </pc:TextEquiv>
        </pc:TextRegion>
        <pc:TextRegion id="region0010" orientation="-0.264210313353317" type="floating" readingDirection="left-to-right" textLineOrder="top-to-bottom">
            <pc:Coords points="261,1486 1277,1486 1277,1548 261,1548"/>
            <pc:TextLine id="region0010_line0000">
                <pc:Coords points="261,1486 1277,1486 1277,1548 261,1548"/>
                <pc:Word id="region0010_line0000_word0000">
                    <pc:Coords points="261,1502 427,1502 427,1534 261,1534"/>
                    <pc:TextEquiv conf="0.092248916625977">
                        <pc:Unicode>currenæ</pc:Unicode>
                    </pc:TextEquiv>
                </pc:Word>
                <pc:Word id="region0010_line0000_word0001">
                    <pc:Coords points="451,1497 540,1497 540,1538 451,1538"/>
                    <pc:TextEquiv conf="0.763445434570313">
                        <pc:Unicode>nut</pc:Unicode>
                    </pc:TextEquiv>
                </pc:Word>
                <pc:Word id="region0010_line0000_word0002">
                    <pc:Coords points="560,1487 751,1487 751,1548 560,1548"/>
                    <pc:TextEquiv conf="0.916977996826172">
                        <pc:Unicode>einigem</pc:Unicode>
                    </pc:TextEquiv>
                </pc:Word>
                <pc:Word id="region0010_line0000_word0003">
                    <pc:Coords points="773,1487 942,1487 942,1537 773,1537"/>
                    <pc:TextEquiv conf="0.887711486816406">
                        <pc:Unicode>andern</pc:Unicode>
                    </pc:TextEquiv>
                </pc:Word>
                <pc:Word id="region0010_line0000_word0004">
                    <pc:Coords points="962,1494 984,1494 984,1537 962,1537"/>
                    <pc:TextEquiv conf="0.887711486816406">
                        <pc:Unicode>/</pc:Unicode>
                    </pc:TextEquiv>
                </pc:Word>
                <pc:Word id="region0010_line0000_word0005">
                    <pc:Coords points="1007,1488 1106,1488 1106,1537 1007,1537"/>
                    <pc:TextEquiv conf="0.925035400390625">
                        <pc:Unicode>und</pc:Unicode>
                    </pc:TextEquiv>
                </pc:Word>
                <pc:Word id="region0010_line0000_word0006">
                    <pc:Coords points="1137,1486 1277,1486 1277,1548 1137,1548"/>
                    <pc:TextEquiv conf="0.899247741699219">
                        <pc:Unicode>ſonſt</pc:Unicode>
                    </pc:TextEquiv>
                </pc:Word>
                <pc:TextEquiv conf="0.767482637677874">
                    <pc:Unicode>currenæ nut einigem andern / und ſonſt</pc:Unicode>
                </pc:TextEquiv>
            </pc:TextLine>
            <pc:TextEquiv conf="0.767482637677874">
                <pc:Unicode>currenæ nut einigem andern / und ſonſt</pc:Unicode>
            </pc:TextEquiv>
        </pc:TextRegion>
        <pc:TextRegion id="region0011" orientation="-0.264210313353317" readingDirection="left-to-right" textLineOrder="top-to-bottom">
            <pc:Coords points="256,1547 1257,1547 1257,1986 256,1986"/>
            <pc:TextLine id="region0011_line0000">
                <pc:Coords points="259,1547 1131,1547 1131,1614 259,1614"/>
                <pc:Word id="region0011_line0000_word0000">
                    <pc:Coords points="259,1562 347,1562 347,1604 259,1604"/>
                    <pc:TextEquiv conf="0.927712860107422">
                        <pc:Unicode>vor</pc:Unicode>
                    </pc:TextEquiv>
                </pc:Word>
                <pc:Word id="region0011_line0000_word0001">
                    <pc:Coords points="363,1553 550,1553 550,1606 363,1606"/>
                    <pc:TextEquiv conf="0.902337799072266">
                        <pc:Unicode>nichts</pc:Unicode>
                    </pc:TextEquiv>
                </pc:Word>
                <pc:Word id="region0011_line0000_word0002">
                    <pc:Coords points="564,1547 540,1547 540,1614 564,1614"/>
                    <pc:TextEquiv conf="0.908395462036133">
                        <pc:Unicode>/</pc:Unicode>
                    </pc:TextEquiv>
                </pc:Word>
                <pc:Word id="region0011_line0000_word0003">
                    <pc:Coords points="581,1547 838,1547 838,1609 581,1609"/>
                    <pc:TextEquiv conf="0.545332145690918">
                        <pc:Unicode>anggegeben</pc:Unicode>
                    </pc:TextEquiv>
                </pc:Word>
                <pc:Word id="region0011_line0000_word0004">
                    <pc:Coords points="854,1551 951,1551 951,1599 854,1599"/>
                    <pc:TextEquiv conf="0.918157272338867">
                        <pc:Unicode>und</pc:Unicode>
                    </pc:TextEquiv>
                </pc:Word>
                <pc:Word id="region0011_line0000_word0005">
                    <pc:Coords points="961,1549 1131,1549 1131,1614 961,1614"/>
                    <pc:TextEquiv conf="0.925677490234375">
                        <pc:Unicode>geriret.</pc:Unicode>
                    </pc:TextEquiv>
                </pc:Word>
                <pc:TextEquiv conf="0.854602171579997">
                    <pc:Unicode>vor nichts / anggegeben und geriret.</pc:Unicode>
                </pc:TextEquiv>
            </pc:TextLine>
            <pc:TextLine id="region0011_line0001">
                <pc:Coords points="299,1607 1254,1607 1254,1674 299,1674"/>
                <pc:Word id="region0011_line0001_word0000">
                    <pc:Coords points="299,1612 390,1612 390,1666 299,1666"/>
                    <pc:TextEquiv conf="0.92540412902832">
                        <pc:Unicode>Die</pc:Unicode>
                    </pc:TextEquiv>
                </pc:Word>
                <pc:Word id="region0011_line0001_word0001">
                    <pc:Coords points="411,1609 559,1609 559,1669 411,1669"/>
                    <pc:TextEquiv conf="0.925031356811523">
                        <pc:Unicode>uͤbrige</pc:Unicode>
                    </pc:TextEquiv>
                </pc:Word>
                <pc:Word id="region0011_line0001_word0002">
                    <pc:Coords points="582,1610 763,1610 763,1664 582,1664"/>
                    <pc:TextEquiv conf="0.824803771972656">
                        <pc:Unicode>Stellen</pc:Unicode>
                    </pc:TextEquiv>
                </pc:Word>
                <pc:Word id="region0011_line0001_word0003">
                    <pc:Coords points="785,1607 927,1607 927,1668 785,1668"/>
                    <pc:TextEquiv conf="0.857010116577148">
                        <pc:Unicode>ſind</pc:Unicode>
                    </pc:TextEquiv>
                </pc:Word>
                <pc:Word id="region0011_line0001_word0004">
                    <pc:Coords points="927,1607 912,1607 912,1674 927,1674"/>
                    <pc:TextEquiv conf="0.333021621704102">
                        <pc:Unicode>&amp;</pc:Unicode>
                    </pc:TextEquiv>
                </pc:Word>
                <pc:Word id="region0011_line0001_word0005">
                    <pc:Coords points="941,1624 1042,1624 1042,1667 941,1667"/>
                    <pc:TextEquiv conf="0.648675842285156">
                        <pc:Unicode>179.</pc:Unicode>
                    </pc:TextEquiv>
                </pc:Word>
                <pc:Word id="region0011_line0001_word0006">
                    <pc:Coords points="1062,1621 1133,1621 1133,1662 1062,1662"/>
                    <pc:TextEquiv conf="0.913952865600586">
                        <pc:Unicode>wo</pc:Unicode>
                    </pc:TextEquiv>
                </pc:Word>
                <pc:Word id="region0011_line0001_word0007">
                    <pc:Coords points="1154,1612 1254,1612 1254,1674 1154,1674"/>
                    <pc:TextEquiv conf="0.892029266357422">
                        <pc:Unicode>Zin⸗</pc:Unicode>
                    </pc:TextEquiv>
                </pc:Word>
                <pc:TextEquiv conf="0.789991121292114">
                    <pc:Unicode>Die uͤbrige Stellen ſind &amp; 179. wo Zin⸗</pc:Unicode>
                </pc:TextEquiv>
            </pc:TextLine>
            <pc:TextLine id="region0011_line0002">
                <pc:Coords points="256,1669 1256,1669 1256,1736 256,1736"/>
                <pc:Word id="region0011_line0002_word0000">
                    <pc:Coords points="256,1673 432,1673 432,1736 256,1736"/>
                    <pc:TextEquiv conf="0.925659255981445">
                        <pc:Unicode>zendorf</pc:Unicode>
                    </pc:TextEquiv>
                </pc:Word>
                <pc:Word id="region0011_line0002_word0001">
                    <pc:Coords points="441,1684 571,1684 571,1732 441,1732"/>
                    <pc:TextEquiv conf="0.927407989501953">
                        <pc:Unicode>gegen</pc:Unicode>
                    </pc:TextEquiv>
                </pc:Word>
                <pc:Word id="region0011_line0002_word0002">
                    <pc:Coords points="591,1677 669,1677 669,1726 591,1726"/>
                    <pc:TextEquiv conf="0.932673263549805">
                        <pc:Unicode>den</pc:Unicode>
                    </pc:TextEquiv>
                </pc:Word>
                <pc:Word id="region0011_line0002_word0003">
                    <pc:Coords points="692,1669 889,1669 889,1730 692,1730"/>
                    <pc:TextEquiv conf="0.919108657836914">
                        <pc:Unicode>teutſchen</pc:Unicode>
                    </pc:TextEquiv>
                </pc:Word>
                <pc:Word id="region0011_line0002_word0004">
                    <pc:Coords points="907,1669 1256,1669 1256,1734 907,1734"/>
                    <pc:TextEquiv conf="0.911116790771484">
                        <pc:Unicode>Zeitungsſchrei⸗</pc:Unicode>
                    </pc:TextEquiv>
                </pc:Word>
                <pc:TextEquiv conf="0.92319319152832">
                    <pc:Unicode>zendorf gegen den teutſchen Zeitungsſchrei⸗</pc:Unicode>
                </pc:TextEquiv>
            </pc:TextLine>
            <pc:TextLine id="region0011_line0003">
                <pc:Coords points="258,1733 1256,1733 1256,1803 258,1803"/>
                <pc:Word id="region0011_line0003_word0000">
                    <pc:Coords points="258,1738 332,1738 332,1787 258,1787"/>
                    <pc:TextEquiv conf="0.927324295043945">
                        <pc:Unicode>ber</pc:Unicode>
                    </pc:TextEquiv>
                </pc:Word>
                <pc:Word id="region0011_line0003_word0001">
                    <pc:Coords points="354,1736 397,1736 397,1786 354,1786"/>
                    <pc:TextEquiv conf="0.927324295043945">
                        <pc:Unicode>in</pc:Unicode>
                    </pc:TextEquiv>
                </pc:Word>
                <pc:Word id="region0011_line0003_word0002">
                    <pc:Coords points="420,1733 736,1733 736,1797 420,1797"/>
                    <pc:TextEquiv conf="0.918322448730469">
                        <pc:Unicode>Penſylvanien</pc:Unicode>
                    </pc:TextEquiv>
                </pc:Word>
                <pc:Word id="region0011_line0003_word0003">
                    <pc:Coords points="764,1734 839,1734 839,1793 764,1793"/>
                    <pc:TextEquiv conf="0.929024963378906">
                        <pc:Unicode>ſich</pc:Unicode>
                    </pc:TextEquiv>
                </pc:Word>
                <pc:Word id="region0011_line0003_word0004">
                    <pc:Coords points="861,1744 1008,1744 1008,1793 861,1793"/>
                    <pc:TextEquiv conf="0.929447631835937">
                        <pc:Unicode>reget,</pc:Unicode>
                    </pc:TextEquiv>
                </pc:Word>
                <pc:Word id="region0011_line0003_word0005">
                    <pc:Coords points="1041,1735 1142,1735 1142,1803 1041,1803"/>
                    <pc:TextEquiv conf="0.932389297485352">
                        <pc:Unicode>aber</pc:Unicode>
                    </pc:TextEquiv>
                </pc:Word>
                <pc:Word id="region0011_line0003_word0006">
                    <pc:Coords points="1177,1740 1256,1740 1256,1789 1177,1789"/>
                    <pc:TextEquiv conf="0.925761413574219">
                        <pc:Unicode>mit</pc:Unicode>
                    </pc:TextEquiv>
                </pc:Word>
                <pc:TextEquiv conf="0.927084906441825">
                    <pc:Unicode>ber in Penſylvanien ſich reget, aber mit</pc:Unicode>
                </pc:TextEquiv>
            </pc:TextLine>
            <pc:TextLine id="region0011_line0004">
                <pc:Coords points="258,1794 1257,1794 1257,1857 258,1857"/>
                <pc:Word id="region0011_line0004_word0000">
                    <pc:Coords points="258,1799 416,1799 416,1851 258,1851"/>
                    <pc:TextEquiv conf="0.928565139770508">
                        <pc:Unicode>keinem</pc:Unicode>
                    </pc:TextEquiv>
                </pc:Word>
                <pc:Word id="region0011_line0004_word0001">
                    <pc:Coords points="436,1797 624,1797 624,1856 436,1856"/>
                    <pc:TextEquiv conf="0.92161735534668">
                        <pc:Unicode>eintzigen</pc:Unicode>
                    </pc:TextEquiv>
                </pc:Word>
                <pc:Word id="region0011_line0004_word0002">
                    <pc:Coords points="644,1797 811,1797 811,1850 644,1850"/>
                    <pc:TextEquiv conf="0.925870361328125">
                        <pc:Unicode>Grund</pc:Unicode>
                    </pc:TextEquiv>
                </pc:Word>
                <pc:Word id="region0011_line0004_word0003">
                    <pc:Coords points="836,1794 1119,1794 1119,1857 836,1857"/>
                    <pc:TextEquiv conf="0.923393478393555">
                        <pc:Unicode>vertheidiget.</pc:Unicode>
                    </pc:TextEquiv>
                </pc:Word>
                <pc:Word id="region0011_line0004_word0004">
                    <pc:Coords points="1163,1799 1257,1799 1257,1850 1163,1850"/>
                    <pc:TextEquiv conf="0.923393478393555">
                        <pc:Unicode>In⸗</pc:Unicode>
                    </pc:TextEquiv>
                </pc:Word>
                <pc:TextEquiv conf="0.924567962646484">
                    <pc:Unicode>keinem eintzigen Grund vertheidiget. In⸗</pc:Unicode>
                </pc:TextEquiv>
            </pc:TextLine>
            <pc:TextLine id="region0011_line0005">
                <pc:Coords points="290,1855 1256,1855 1256,1928 290,1928"/>
                <pc:Word id="region0011_line0005_word0000">
                    <pc:Coords points="290,1855 451,1855 451,1928 290,1928"/>
                    <pc:TextEquiv conf="0.928329315185547">
                        <pc:Unicode>leichem</pc:Unicode>
                    </pc:TextEquiv>
                </pc:Word>
                <pc:Word id="region0011_line0005_word0001">
                    <pc:Coords points="514,1857 655,1857 655,1920 514,1920"/>
                    <pc:TextEquiv conf="0.739078979492187">
                        <pc:Unicode>109.f.</pc:Unicode>
                    </pc:TextEquiv>
                </pc:Word>
                <pc:Word id="region0011_line0005_word0002">
                    <pc:Coords points="685,1869 757,1869 757,1909 685,1909"/>
                    <pc:TextEquiv conf="0.915276565551758">
                        <pc:Unicode>wo</pc:Unicode>
                    </pc:TextEquiv>
                </pc:Word>
                <pc:Word id="region0011_line0005_word0003">
                    <pc:Coords points="783,1871 825,1871 825,1910 783,1910"/>
                    <pc:TextEquiv conf="0.928987121582031">
                        <pc:Unicode>er</pc:Unicode>
                    </pc:TextEquiv>
                </pc:Word>
                <pc:Word id="region0011_line0005_word0004">
                    <pc:Coords points="849,1857 975,1857 975,1917 849,1917"/>
                    <pc:TextEquiv conf="0.922696762084961">
                        <pc:Unicode>ſeiner</pc:Unicode>
                    </pc:TextEquiv>
                </pc:Word>
                <pc:Word id="region0011_line0005_word0005">
                    <pc:Coords points="1011,1860 1054,1860 1054,1909 1011,1909"/>
                    <pc:TextEquiv conf="0.922696762084961">
                        <pc:Unicode>in</pc:Unicode>
                    </pc:TextEquiv>
                </pc:Word>
                <pc:Word id="region0011_line0005_word0006">
                    <pc:Coords points="1075,1861 1256,1861 1256,1923 1075,1923"/>
                    <pc:TextEquiv conf="0.887824935913086">
                        <pc:Unicode>Penſyl⸗</pc:Unicode>
                    </pc:TextEquiv>
                </pc:Word>
                <pc:TextEquiv conf="0.892127205984933">
                    <pc:Unicode>leichem 109.f. wo er ſeiner in Penſyl⸗</pc:Unicode>
                </pc:TextEquiv>
            </pc:TextLine>
            <pc:TextLine id="region0011_line0006">
                <pc:Coords points="285,1920 1257,1920 1257,1986 285,1986"/>
                <pc:Word id="region0011_line0006_word0000">
                    <pc:Coords points="285,1924 408,1924 408,1976 285,1976"/>
                    <pc:TextEquiv conf="0.929680099487305">
                        <pc:Unicode>anien</pc:Unicode>
                    </pc:TextEquiv>
                </pc:Word>
                <pc:Word id="region0011_line0006_word0001">
                    <pc:Coords points="418,1925 658,1925 658,1983 418,1983"/>
                    <pc:TextEquiv conf="0.925338287353516">
                        <pc:Unicode>gehaltenen</pc:Unicode>
                    </pc:TextEquiv>
                </pc:Word>
                <pc:Word id="region0011_line0006_word0002">
                    <pc:Coords points="670,1920 813,1920 813,1986 670,1986"/>
                    <pc:TextEquiv conf="0.925338287353516">
                        <pc:Unicode>ſieben</pc:Unicode>
                    </pc:TextEquiv>
                </pc:Word>
                <pc:Word id="region0011_line0006_word0003">
                    <pc:Coords points="823,1921 1257,1921 1257,1984 823,1984"/>
                    <pc:TextEquiv conf="0.742628707885742">
                        <pc:Unicode>General⸗Verſam⸗</pc:Unicode>
                    </pc:TextEquiv>
                </pc:Word>
                <pc:TextEquiv conf="0.88074634552002">
                    <pc:Unicode>anien gehaltenen ſieben General⸗Verſam⸗</pc:Unicode>
                </pc:TextEquiv>
            </pc:TextLine>
            <pc:TextEquiv conf="0.884616129284813">
                <pc:Unicode>vor nichts / anggegeben und geriret.
Die uͤbrige Stellen ſind &amp; 179. wo Zin⸗
zendorf gegen den teutſchen Zeitungsſchrei⸗
ber in Penſylvanien ſich reget, aber mit
keinem eintzigen Grund vertheidiget. In⸗
leichem 109.f. wo er ſeiner in Penſyl⸗
anien gehaltenen ſieben General⸗Verſam⸗</pc:Unicode>
            </pc:TextEquiv>
        </pc:TextRegion>
        <pc:TextRegion id="region0012" orientation="-0.264210313353317" type="floating" readingDirection="left-to-right" textLineOrder="top-to-bottom">
            <pc:Coords points="255,1983 1251,1983 1251,2108 255,2108"/>
            <pc:TextLine id="region0012_line0000">
                <pc:Coords points="255,1983 1251,1983 1251,2108 255,2108"/>
                <pc:Word id="region0012_line0000_word0000">
                    <pc:Coords points="255,1986 422,1986 422,2108 255,2108"/>
                    <pc:TextEquiv conf="0.549587593078613">
                        <pc:Unicode>—</pc:Unicode>
                    </pc:TextEquiv>
                </pc:Word>
                <pc:Word id="region0012_line0000_word0001">
                    <pc:Coords points="443,1983 772,1983 772,2046 443,2046"/>
                    <pc:TextEquiv conf="0.914068756103516">
                        <pc:Unicode>gedencket,</pc:Unicode>
                    </pc:TextEquiv>
                </pc:Word>
                <pc:Word id="region0012_line0000_word0002">
                    <pc:Coords points="696,2050 786,2050 786,1983 696,1983"/>
                    <pc:TextEquiv conf="0.919979553222656">
                        <pc:Unicode>auch</pc:Unicode>
                    </pc:TextEquiv>
                </pc:Word>
                <pc:Word id="region0012_line0000_word0003">
                    <pc:Coords points="786,1983 907,1983 907,2044 786,2044"/>
                    <pc:TextEquiv conf="0.594418640136719">
                        <pc:Unicode>ſogar</pc:Unicode>
                    </pc:TextEquiv>
                </pc:Word>
                <pc:Word id="region0012_line0000_word0004">
                    <pc:Coords points="919,1992 1060,1992 1060,2039 919,2039"/>
                    <pc:TextEquiv conf="0.903154830932617">
                        <pc:Unicode>etwas</pc:Unicode>
                    </pc:TextEquiv>
                </pc:Word>
                <pc:Word id="region0012_line0000_word0005">
                    <pc:Coords points="1076,1997 1159,1997 1159,2038 1076,2038"/>
                    <pc:TextEquiv conf="0.924684677124023">
                        <pc:Unicode>von</pc:Unicode>
                    </pc:TextEquiv>
                </pc:Word>
                <pc:Word id="region0012_line0000_word0006">
                    <pc:Coords points="1173,1992 1251,1992 1251,2039 1173,2039"/>
                    <pc:TextEquiv conf="0.925717391967773">
                        <pc:Unicode>den</pc:Unicode>
                    </pc:TextEquiv>
                </pc:Word>
                <pc:TextEquiv conf="0.818801634652274">
                    <pc:Unicode>— gedencket, auch ſogar etwas von den</pc:Unicode>
                </pc:TextEquiv>
            </pc:TextLine>
            <pc:TextLine id="region0012_line0001">
                <pc:Coords points="259,2049 318,2049 318,2102 259,2102"/>
                <pc:Word id="region0012_line0001_word0000">
                    <pc:Coords points="259,2049 318,2049 318,2102 259,2102"/>
                    <pc:TextEquiv conf="0.870341720581055">
                        <pc:Unicode>S</pc:Unicode>
                    </pc:TextEquiv>
                </pc:Word>
                <pc:TextEquiv conf="0.870341720581055">
                    <pc:Unicode>S</pc:Unicode>
                </pc:TextEquiv>
            </pc:TextLine>
            <pc:TextEquiv conf="0.844571677616664">
                <pc:Unicode>— gedencket, auch ſogar etwas von den
S</pc:Unicode>
            </pc:TextEquiv>
        </pc:TextRegion>
        <pc:TextRegion id="region0013" orientation="-0.264210313353317" readingDirection="left-to-right" textLineOrder="top-to-bottom">
            <pc:Coords points="260,2046 1254,2046 1254,2237 260,2237"/>
            <pc:TextLine id="region0013_line0000">
                <pc:Coords points="371,2046 1253,2046 1253,2122 371,2122"/>
                <pc:Word id="region0013_line0000_word0000">
                    <pc:Coords points="371,2046 496,2046 496,2120 371,2120"/>
                    <pc:TextEquiv conf="0.895758819580078">
                        <pc:Unicode>luͤſſen</pc:Unicode>
                    </pc:TextEquiv>
                </pc:Word>
                <pc:Word id="region0013_line0000_word0001">
                    <pc:Coords points="523,2051 609,2051 609,2099 523,2099"/>
                    <pc:TextEquiv conf="0.930716323852539">
                        <pc:Unicode>und</pc:Unicode>
                    </pc:TextEquiv>
                </pc:Word>
                <pc:Word id="region0013_line0000_word0002">
                    <pc:Coords points="625,2046 865,2046 865,2119 625,2119"/>
                    <pc:TextEquiv conf="0.923750305175781">
                        <pc:Unicode>Decreten,</pc:Unicode>
                    </pc:TextEquiv>
                </pc:Word>
                <pc:Word id="region0013_line0000_word0003">
                    <pc:Coords points="889,2051 968,2051 968,2122 889,2122"/>
                    <pc:TextEquiv conf="0.9231787109375">
                        <pc:Unicode>der</pc:Unicode>
                    </pc:TextEquiv>
                </pc:Word>
                <pc:Word id="region0013_line0000_word0004">
                    <pc:Coords points="982,2047 1253,2047 1253,2121 982,2121"/>
                    <pc:TextEquiv conf="0.920173492431641">
                        <pc:Unicode>verſamleten</pc:Unicode>
                    </pc:TextEquiv>
                </pc:Word>
                <pc:TextEquiv conf="0.918715530395508">
                    <pc:Unicode>luͤſſen und Decreten, der verſamleten</pc:Unicode>
                </pc:TextEquiv>
            </pc:TextLine>
            <pc:TextLine id="region0013_line0001">
                <pc:Coords points="260,2108 1254,2108 1254,2185 260,2185"/>
                <pc:Word id="region0013_line0001_word0000">
                    <pc:Coords points="405,2108 260,2108 260,2185 405,2185"/>
                    <pc:TextEquiv conf="0.61997371673584">
                        <pc:Unicode>Waͤter</pc:Unicode>
                    </pc:TextEquiv>
                </pc:Word>
                <pc:Word id="region0013_line0001_word0001">
                    <pc:Coords points="547,2108 432,2108 432,2185 547,2185"/>
                    <pc:TextEquiv conf="0.644082336425781">
                        <pc:Unicode>nicht</pc:Unicode>
                    </pc:TextEquiv>
                </pc:Word>
                <pc:Word id="region0013_line0001_word0002">
                    <pc:Coords points="561,2120 744,2120 744,2169 561,2169"/>
                    <pc:TextEquiv conf="0.923069610595703">
                        <pc:Unicode>weniger</pc:Unicode>
                    </pc:TextEquiv>
                </pc:Word>
                <pc:Word id="region0013_line0001_word0003">
                    <pc:Coords points="754,2122 841,2122 841,2163 754,2163"/>
                    <pc:TextEquiv conf="0.932316513061523">
                        <pc:Unicode>eine</pc:Unicode>
                    </pc:TextEquiv>
                </pc:Word>
                <pc:Word id="region0013_line0001_word0004">
                    <pc:Coords points="1124,2108 872,2108 872,2185 1124,2185"/>
                    <pc:TextEquiv conf="0.914976654052734">
                        <pc:Unicode>lateiniſche</pc:Unicode>
                    </pc:TextEquiv>
                </pc:Word>
                <pc:Word id="region0013_line0001_word0005">
                    <pc:Coords points="1152,2111 1254,2111 1254,2185 1152,2185"/>
                    <pc:TextEquiv conf="0.928143539428711">
                        <pc:Unicode>Rede</pc:Unicode>
                    </pc:TextEquiv>
                </pc:Word>
                <pc:TextEquiv conf="0.827093728383382">
                    <pc:Unicode>Waͤter nicht weniger eine lateiniſche Rede</pc:Unicode>
                </pc:TextEquiv>
            </pc:TextLine>
            <pc:TextLine id="region0013_line0002">
                <pc:Coords points="631,2171 1246,2171 1246,2237 631,2237"/>
                <pc:Word id="region0013_line0002_word0000">
                    <pc:Coords points="631,2171 682,2171 682,2230 631,2230"/>
                    <pc:TextEquiv conf="0.084459381103516">
                        <pc:Unicode>A</pc:Unicode>
                    </pc:TextEquiv>
                </pc:Word>
                <pc:Word id="region0013_line0002_word0001">
                    <pc:Coords points="699,2188 735,2188 735,2236 699,2236"/>
                    <pc:TextEquiv conf="0.084459381103516">
                        <pc:Unicode>2</pc:Unicode>
                    </pc:TextEquiv>
                </pc:Word>
                <pc:Word id="region0013_line0002_word0002">
                    <pc:Coords points="1064,2176 1246,2176 1246,2237 1064,2237"/>
                    <pc:TextEquiv conf="0.927491989135742">
                        <pc:Unicode>mitthei⸗</pc:Unicode>
                    </pc:TextEquiv>
                </pc:Word>
                <pc:TextEquiv conf="0.365470250447591">
                    <pc:Unicode>A 2 mitthei⸗</pc:Unicode>
                </pc:TextEquiv>
            </pc:TextLine>
            <pc:TextEquiv conf="0.703759836408827">
                <pc:Unicode>luͤſſen und Decreten, der verſamleten
Waͤter nicht weniger eine lateiniſche Rede
A 2 mitthei⸗</pc:Unicode>
            </pc:TextEquiv>
        </pc:TextRegion>
        <pc:ImageRegion id="region0000" orientation="-0.264210313353317">
            <pc:Coords points="0,0 404,0 404,177 0,177"/>
        </pc:ImageRegion>
        <pc:ImageRegion id="region0001" orientation="-0.264210313353317">
            <pc:Coords points="0,2351 1553,2351 1553,2607 0,2607"/>
        </pc:ImageRegion>
        <pc:ImageRegion id="region0015" orientation="-0.264210313353317">
            <pc:Coords points="1435,0 1553,0 1553,1219 1435,1219"/>
        </pc:ImageRegion>
        <pc:SeparatorRegion id="region0005">
            <pc:Coords points="185,388 1254,388 1254,415 185,415"/>
        </pc:SeparatorRegion>
        <pc:SeparatorRegion id="region0014">
            <pc:Coords points="1457,838 1466,838 1466,1222 1457,1222"/>
        </pc:SeparatorRegion>
        <pc:SeparatorRegion id="region0016">
            <pc:Coords points="1465,1662 1479,1662 1479,2103 1465,2103"/>
        </pc:SeparatorRegion>
        <pc:SeparatorRegion id="region0017">
            <pc:Coords points="1467,1662 1478,1662 1478,2103 1467,2103"/>
        </pc:SeparatorRegion>
        <pc:SeparatorRegion id="region0018">
            <pc:Coords points="1466,1662 1478,1662 1478,2356 1466,2356"/>
        </pc:SeparatorRegion>
        <pc:SeparatorRegion id="region0019">
            <pc:Coords points="1478,1876 1485,1876 1485,2386 1478,2386"/>
        </pc:SeparatorRegion>
        <pc:SeparatorRegion id="region0020">
            <pc:Coords points="1478,1382 1502,1382 1502,2467 1478,2467"/>
        </pc:SeparatorRegion>
        <pc:SeparatorRegion id="region0021">
            <pc:Coords points="1501,1531 1511,1531 1511,1933 1501,1933"/>
        </pc:SeparatorRegion>
    </pc:Page>
</pc:PcGts>
