<?xml version="1.0" encoding="UTF-8"?>
<pc:PcGts xmlns:pc="http://schema.primaresearch.org/PAGE/gts/pagecontent/2019-07-15" xmlns:xsi="http://www.w3.org/2001/XMLSchema-instance" xsi:schemaLocation="http://schema.primaresearch.org/PAGE/gts/pagecontent/2019-07-15 http://schema.primaresearch.org/PAGE/gts/pagecontent/2019-07-15/pagecontent.xsd" pcGtsId="OCR-D-OCR_0002">
    <pc:Metadata>
        <pc:Creator>OCR-D/core 2.30.0</pc:Creator>
        <pc:Created>2022-11-21T10:57:58.776415</pc:Created>
        <pc:LastChange>2022-11-21T10:57:58.776415</pc:LastChange>
        <pc:MetadataItem type="processingStep" name="layout/segmentation/region" value="ocrd-tesserocr-recognize">
            <pc:Labels externalModel="ocrd-tool" externalId="parameters">
                <pc:Label value="region" type="segmentation_level"/>
                <pc:Label value="word" type="textequiv_level"/>
                <pc:Label value="True" type="find_tables"/>
                <pc:Label value="Fraktur_GT4HistOCR" type="model"/>
                <pc:Label value="0" type="dpi"/>
                <pc:Label value="0" type="padding"/>
                <pc:Label value="False" type="overwrite_segments"/>
                <pc:Label value="True" type="overwrite_text"/>
                <pc:Label value="False" type="shrink_polygons"/>
                <pc:Label value="False" type="block_polygons"/>
                <pc:Label value="False" type="find_staves"/>
                <pc:Label value="False" type="sparse_text"/>
                <pc:Label value="False" type="raw_lines"/>
                <pc:Label value="" type="char_whitelist"/>
                <pc:Label value="" type="char_blacklist"/>
                <pc:Label value="" type="char_unblacklist"/>
                <pc:Label value="{}" type="tesseract_parameters"/>
                <pc:Label value="{}" type="xpath_parameters"/>
                <pc:Label value="{}" type="xpath_model"/>
                <pc:Label value="False" type="auto_model"/>
                <pc:Label value="DEFAULT" type="oem"/>
            </pc:Labels>
            <pc:Labels externalModel="ocrd-tool" externalId="version">
                <pc:Label value="0.13.6 (tesseract 5.0.1)" type="ocrd-tesserocr-recognize"/>
                <pc:Label value="2.30.0" type="ocrd/core"/>
            </pc:Labels>
        </pc:MetadataItem>
    </pc:Metadata>
    <pc:Page imageFilename="OCR-D-IMG/OCR-D-IMG_0002.tif" imageWidth="1553" imageHeight="2607">
        <pc:AlternativeImage filename="OCR-D-OCR/OCR-D-OCR_0002.IMG-BIN.png" comments=",binarized,clipped"/>
        <pc:ReadingOrder>
            <pc:OrderedGroup id="reading-order">
                <pc:RegionRefIndexed index="0" regionRef="region0000"/>
                <pc:RegionRefIndexed index="1" regionRef="region0001"/>
                <pc:RegionRefIndexed index="2" regionRef="region0002"/>
                <pc:RegionRefIndexed index="10" regionRef="region0010"/>
            </pc:OrderedGroup>
        </pc:ReadingOrder>
        <pc:TextRegion id="region0000" orientation="0.418462131630122" readingDirection="left-to-right" textLineOrder="top-to-bottom">
            <pc:Coords points="261,75 1231,75 1231,202 261,202"/>
            <pc:TextLine id="region0000_line0000">
                <pc:Coords points="261,75 1231,75 1231,202 261,202"/>
                <pc:Word id="region0000_line0000_word0000">
                    <pc:Coords points="409,125 736,125 736,190 409,190"/>
                    <pc:TextEquiv conf="0.351573333740234">
                        <pc:Unicode>Zerrnhuterey</pc:Unicode>
                    </pc:TextEquiv>
                </pc:Word>
                <pc:Word id="region0000_line0000_word0001">
                    <pc:Coords points="754,75 803,75 803,176 754,176"/>
                    <pc:TextEquiv conf="0.892684631347656">
                        <pc:Unicode>in</pc:Unicode>
                    </pc:TextEquiv>
                </pc:Word>
                <pc:Word id="region0000_line0000_word0002">
                    <pc:Coords points="949,75 830,75 830,202 949,202"/>
                    <pc:TextEquiv conf="0.2048974609375">
                        <pc:Unicode>ihrer</pc:Unicode>
                    </pc:TextEquiv>
                </pc:Word>
                <pc:Word id="region0000_line0000_word0003">
                    <pc:Coords points="1230,75 978,75 978,202 1230,202"/>
                    <pc:TextEquiv conf="0.08986213684082">
                        <pc:Unicode>Schaltheit</pc:Unicode>
                    </pc:TextEquiv>
                </pc:Word>
                <pc:TextEquiv conf="0.384754390716553">
                    <pc:Unicode>Zerrnhuterey in ihrer Schaltheit</pc:Unicode>
                </pc:TextEquiv>
            </pc:TextLine>
            <pc:TextEquiv conf="0.384754390716553">
                <pc:Unicode>Zerrnhuterey in ihrer Schaltheit</pc:Unicode>
            </pc:TextEquiv>
        </pc:TextRegion>
        <pc:TextRegion id="region0001" orientation="0.418462131630122" readingDirection="left-to-right" textLineOrder="top-to-bottom">
            <pc:Coords points="254,227 1407,227 1407,424 254,424"/>
            <pc:TextLine id="region0001_line0000">
                <pc:Coords points="275,227 1407,227 1407,307 275,307"/>
                <pc:Word id="region0001_line0000_word0000">
                    <pc:Coords points="275,248 371,248 371,297 275,297"/>
                    <pc:TextEquiv conf="0.926777801513672">
                        <pc:Unicode>dert</pc:Unicode>
                    </pc:TextEquiv>
                </pc:Word>
                <pc:Word id="region0001_line0000_word0001">
                    <pc:Coords points="390,240 518,240 518,302 390,302"/>
                    <pc:TextEquiv conf="0.91925910949707">
                        <pc:Unicode>haͤtte.</pc:Unicode>
                    </pc:TextEquiv>
                </pc:Word>
                <pc:Word id="region0001_line0000_word0002">
                    <pc:Coords points="645,227 573,227 573,307 645,307"/>
                    <pc:TextEquiv conf="0.926524047851563">
                        <pc:Unicode>Die</pc:Unicode>
                    </pc:TextEquiv>
                </pc:Word>
                <pc:Word id="region0001_line0000_word0003">
                    <pc:Coords points="871,227 667,227 667,307 871,307"/>
                    <pc:TextEquiv conf="0.912258758544922">
                        <pc:Unicode>ſaͤmtliche</pc:Unicode>
                    </pc:TextEquiv>
                </pc:Word>
                <pc:Word id="region0001_line0000_word0004">
                    <pc:Coords points="1245,227 909,227 909,307 1245,307"/>
                    <pc:TextEquiv conf="0.823378677368164">
                        <pc:Unicode>Zinzendorfiſche</pc:Unicode>
                    </pc:TextEquiv>
                </pc:Word>
                <pc:Word id="region0001_line0000_word0005">
                    <pc:Coords points="1407,227 1272,227 1272,307 1407,307"/>
                    <pc:TextEquiv conf="0.914268569946289">
                        <pc:Unicode>Secte,</pc:Unicode>
                    </pc:TextEquiv>
                </pc:Word>
                <pc:TextEquiv conf="0.90374449412028">
                    <pc:Unicode>dert haͤtte. Die ſaͤmtliche Zinzendorfiſche Secte,</pc:Unicode>
                </pc:TextEquiv>
            </pc:TextLine>
            <pc:TextLine id="region0001_line0001">
                <pc:Coords points="254,293 1399,293 1399,409 254,409"/>
                <pc:Word id="region0001_line0001_word0000">
                    <pc:Coords points="254,310 355,310 355,372 254,372"/>
                    <pc:TextEquiv conf="0.894778060913086">
                        <pc:Unicode>hat</pc:Unicode>
                    </pc:TextEquiv>
                </pc:Word>
                <pc:Word id="region0001_line0001_word0001">
                    <pc:Coords points="378,307 421,307 421,367 378,367"/>
                    <pc:TextEquiv conf="0.930562286376953">
                        <pc:Unicode>in</pc:Unicode>
                    </pc:TextEquiv>
                </pc:Word>
                <pc:Word id="region0001_line0001_word0002">
                    <pc:Coords points="443,309 538,309 538,356 443,356"/>
                    <pc:TextEquiv conf="0.932846603393555">
                        <pc:Unicode>dem</pc:Unicode>
                    </pc:TextEquiv>
                </pc:Word>
                <pc:Word id="region0001_line0001_word0003">
                    <pc:Coords points="556,301 809,301 809,365 556,365"/>
                    <pc:TextEquiv conf="0.901646194458008">
                        <pc:Unicode>ſogenauten</pc:Unicode>
                    </pc:TextEquiv>
                </pc:Word>
                <pc:Word id="region0001_line0001_word0004">
                    <pc:Coords points="819,295 1109,295 1109,355 819,355"/>
                    <pc:TextEquiv conf="0.848711853027344">
                        <pc:Unicode>Kreutzreich</pc:Unicode>
                    </pc:TextEquiv>
                </pc:Word>
                <pc:Word id="region0001_line0001_word0005">
                    <pc:Coords points="1121,294 1199,294 1199,365 1121,365"/>
                    <pc:TextEquiv conf="0.450734481811523">
                        <pc:Unicode>()</pc:Unicode>
                    </pc:TextEquiv>
                </pc:Word>
                <pc:Word id="region0001_line0001_word0006">
                    <pc:Coords points="1217,293 1399,293 1399,409 1217,409"/>
                    <pc:TextEquiv conf="0.389270324707031">
                        <pc:Unicode>7—</pc:Unicode>
                    </pc:TextEquiv>
                </pc:Word>
                <pc:TextEquiv conf="0.764078543526786">
                    <pc:Unicode>hat in dem ſogenauten Kreutzreich () 7—</pc:Unicode>
                </pc:TextEquiv>
            </pc:TextLine>
            <pc:TextLine id="region0001_line0002">
                <pc:Coords points="1261,367 1401,367 1401,424 1261,424"/>
                <pc:Word id="region0001_line0002_word0000">
                    <pc:Coords points="1261,367 1401,367 1401,424 1261,424"/>
                    <pc:TextEquiv conf="0.917186813354492">
                        <pc:Unicode>geſtalt</pc:Unicode>
                    </pc:TextEquiv>
                </pc:Word>
                <pc:TextEquiv conf="0.917186813354492">
                    <pc:Unicode>geſtalt</pc:Unicode>
                </pc:TextEquiv>
            </pc:TextLine>
            <pc:TextEquiv conf="0.861669950333853">
                <pc:Unicode>dert haͤtte. Die ſaͤmtliche Zinzendorfiſche Secte,
hat in dem ſogenauten Kreutzreich () 7—
geſtalt</pc:Unicode>
            </pc:TextEquiv>
        </pc:TextRegion>
        <pc:TextRegion id="region0002" orientation="0.418462131630122" readingDirection="left-to-right" textLineOrder="top-to-bottom">
            <pc:Coords points="341,456 1486,456 1486,2225 341,2225"/>
            <pc:TextLine id="region0002_line0000">
                <pc:Coords points="341,456 1400,456 1400,522 341,522"/>
                <pc:Word id="region0002_line0000_word0000">
                    <pc:Coords points="428,456 536,456 536,522 428,522"/>
                    <pc:TextEquiv conf="0.679761123657227">
                        <pc:Unicode>Ich</pc:Unicode>
                    </pc:TextEquiv>
                </pc:Word>
                <pc:Word id="region0002_line0000_word0001">
                    <pc:Coords points="557,459 663,459 663,521 557,521"/>
                    <pc:TextEquiv conf="0.924691314697266">
                        <pc:Unicode>habe</pc:Unicode>
                    </pc:TextEquiv>
                </pc:Word>
                <pc:Word id="region0002_line0000_word0002">
                    <pc:Coords points="685,473 769,473 769,511 685,511"/>
                    <pc:TextEquiv conf="0.930108871459961">
                        <pc:Unicode>von</pc:Unicode>
                    </pc:TextEquiv>
                </pc:Word>
                <pc:Word id="region0002_line0000_word0003">
                    <pc:Coords points="791,460 935,460 935,517 791,517"/>
                    <pc:TextEquiv conf="0.883382415771484">
                        <pc:Unicode>dieſem</pc:Unicode>
                    </pc:TextEquiv>
                </pc:Word>
                <pc:Word id="region0002_line0000_word0004">
                    <pc:Coords points="959,457 1310,457 1310,516 959,516"/>
                    <pc:TextEquiv conf="0.310351333618164">
                        <pc:Unicode>Betkeutmsbuch</pc:Unicode>
                    </pc:TextEquiv>
                </pc:Word>
                <pc:Word id="region0002_line0000_word0005">
                    <pc:Coords points="1334,466 1400,466 1400,514 1334,514"/>
                    <pc:TextEquiv conf="0.931190643310547">
                        <pc:Unicode>der</pc:Unicode>
                    </pc:TextEquiv>
                </pc:Word>
                <pc:TextEquiv conf="0.776580950419108">
                    <pc:Unicode>Ich habe von dieſem Betkeutmsbuch der</pc:Unicode>
                </pc:TextEquiv>
            </pc:TextLine>
            <pc:TextLine id="region0002_line0001">
                <pc:Coords points="410,519 1442,519 1442,586 410,586"/>
                <pc:Word id="region0002_line0001_word0000">
                    <pc:Coords points="410,522 770,522 770,586 410,586"/>
                    <pc:TextEquiv conf="0.833977508544922">
                        <pc:Unicode>Herrnhutiſchen</pc:Unicode>
                    </pc:TextEquiv>
                </pc:Word>
                <pc:Word id="region0002_line0001_word0001">
                    <pc:Coords points="793,523 974,523 974,576 793,576"/>
                    <pc:TextEquiv conf="0.900490264892578">
                        <pc:Unicode>Sekte,</pc:Unicode>
                    </pc:TextEquiv>
                </pc:Word>
                <pc:Word id="region0002_line0001_word0002">
                    <pc:Coords points="1006,519 1163,519 1163,570 1006,570"/>
                    <pc:TextEquiv conf="0.916433029174805">
                        <pc:Unicode>bereits</pc:Unicode>
                    </pc:TextEquiv>
                </pc:Word>
                <pc:Word id="region0002_line0001_word0003">
                    <pc:Coords points="1193,522 1249,522 1249,569 1193,569"/>
                    <pc:TextEquiv conf="0.93132194519043">
                        <pc:Unicode>im</pc:Unicode>
                    </pc:TextEquiv>
                </pc:Word>
                <pc:Word id="region0002_line0001_word0004">
                    <pc:Coords points="1269,523 1442,523 1442,582 1269,582"/>
                    <pc:TextEquiv conf="0.900920562744141">
                        <pc:Unicode>erſten</pc:Unicode>
                    </pc:TextEquiv>
                </pc:Word>
                <pc:TextEquiv conf="0.896628662109375">
                    <pc:Unicode>Herrnhutiſchen Sekte, bereits im erſten</pc:Unicode>
                </pc:TextEquiv>
            </pc:TextLine>
            <pc:TextLine id="region0002_line0002">
                <pc:Coords points="410,583 1397,583 1397,648 410,648"/>
                <pc:Word id="region0002_line0002_word0000">
                    <pc:Coords points="410,588 580,588 580,648 410,648"/>
                    <pc:TextEquiv conf="0.885431671142578">
                        <pc:Unicode>Theil</pc:Unicode>
                    </pc:TextEquiv>
                </pc:Word>
                <pc:Word id="region0002_line0002_word0001">
                    <pc:Coords points="596,583 572,583 572,648 596,648"/>
                    <pc:TextEquiv conf="0.885431671142578">
                        <pc:Unicode>/</pc:Unicode>
                    </pc:TextEquiv>
                </pc:Word>
                <pc:Word id="region0002_line0002_word0002">
                    <pc:Coords points="600,588 637,588 637,647 600,647"/>
                    <pc:TextEquiv conf="0.681996917724609">
                        <pc:Unicode>ſ</pc:Unicode>
                    </pc:TextEquiv>
                </pc:Word>
                <pc:Word id="region0002_line0002_word0003">
                    <pc:Coords points="744,583 678,583 678,648 744,648"/>
                    <pc:TextEquiv conf="0.309938812255859">
                        <pc:Unicode>iꝛ·</pc:Unicode>
                    </pc:TextEquiv>
                </pc:Word>
                <pc:Word id="region0002_line0002_word0004">
                    <pc:Coords points="766,586 894,586 894,638 766,638"/>
                    <pc:TextEquiv conf="0.719749908447266">
                        <pc:Unicode>Not.*</pc:Unicode>
                    </pc:TextEquiv>
                </pc:Word>
                <pc:Word id="region0002_line0002_word0005">
                    <pc:Coords points="929,583 1208,583 1208,642 929,642"/>
                    <pc:TextEquiv conf="0.813757019042969">
                        <pc:Unicode>Erwehnung</pc:Unicode>
                    </pc:TextEquiv>
                </pc:Word>
                <pc:Word id="region0002_line0002_word0006">
                    <pc:Coords points="1223,585 1397,585 1397,646 1223,646"/>
                    <pc:TextEquiv conf="0.845290832519531">
                        <pc:Unicode>gethan,</pc:Unicode>
                    </pc:TextEquiv>
                </pc:Word>
                <pc:TextEquiv conf="0.734513833182199">
                    <pc:Unicode>Theil / ſ iꝛ· Not.* Erwehnung gethan,</pc:Unicode>
                </pc:TextEquiv>
            </pc:TextLine>
            <pc:TextLine id="region0002_line0003">
                <pc:Coords points="411,646 1400,646 1400,710 411,710"/>
                <pc:Word id="region0002_line0003_word0000">
                    <pc:Coords points="411,658 503,658 503,704 411,704"/>
                    <pc:TextEquiv conf="0.923777465820313">
                        <pc:Unicode>und</pc:Unicode>
                    </pc:TextEquiv>
                </pc:Word>
                <pc:Word id="region0002_line0003_word0001">
                    <pc:Coords points="517,649 650,649 650,710 517,710"/>
                    <pc:TextEquiv conf="0.918768310546875">
                        <pc:Unicode>dieſen</pc:Unicode>
                    </pc:TextEquiv>
                </pc:Word>
                <pc:Word id="region0002_line0003_word0002">
                    <pc:Coords points="665,650 886,650 886,709 665,709"/>
                    <pc:TextEquiv conf="0.903557891845703">
                        <pc:Unicode>wichtigen</pc:Unicode>
                    </pc:TextEquiv>
                </pc:Word>
                <pc:Word id="region0002_line0003_word0003">
                    <pc:Coords points="896,646 1102,646 1102,706 896,706"/>
                    <pc:TextEquiv conf="0.910428085327148">
                        <pc:Unicode>Umſtand</pc:Unicode>
                    </pc:TextEquiv>
                </pc:Word>
                <pc:Word id="region0002_line0003_word0004">
                    <pc:Coords points="1116,648 1400,648 1400,706 1116,706"/>
                    <pc:TextEquiv conf="0.737572250366211">
                        <pc:Unicode>angemercket,</pc:Unicode>
                    </pc:TextEquiv>
                </pc:Word>
                <pc:TextEquiv conf="0.87882080078125">
                    <pc:Unicode>und dieſen wichtigen Umſtand angemercket,</pc:Unicode>
                </pc:TextEquiv>
            </pc:TextLine>
            <pc:TextLine id="region0002_line0004">
                <pc:Coords points="413,708 1402,708 1402,778 413,778"/>
                <pc:Word id="region0002_line0004_word0000">
                    <pc:Coords points="413,715 502,715 502,775 413,775"/>
                    <pc:TextEquiv conf="0.900699920654297">
                        <pc:Unicode>daß</pc:Unicode>
                    </pc:TextEquiv>
                </pc:Word>
                <pc:Word id="region0002_line0004_word0001">
                    <pc:Coords points="520,717 586,717 586,766 520,766"/>
                    <pc:TextEquiv conf="0.929143981933594">
                        <pc:Unicode>die</pc:Unicode>
                    </pc:TextEquiv>
                </pc:Word>
                <pc:Word id="region0002_line0004_word0002">
                    <pc:Coords points="609,719 752,719 752,775 609,775"/>
                    <pc:TextEquiv conf="0.919863815307617">
                        <pc:Unicode>gantze</pc:Unicode>
                    </pc:TextEquiv>
                </pc:Word>
                <pc:Word id="region0002_line0004_word0003">
                    <pc:Coords points="771,713 991,713 991,778 771,778"/>
                    <pc:TextEquiv conf="0.917829895019531">
                        <pc:Unicode>ſogenante</pc:Unicode>
                    </pc:TextEquiv>
                </pc:Word>
                <pc:Word id="region0002_line0004_word0004">
                    <pc:Coords points="1003,708 1187,708 1187,769 1003,769"/>
                    <pc:TextEquiv conf="0.916614227294922">
                        <pc:Unicode>Kirche,</pc:Unicode>
                    </pc:TextEquiv>
                </pc:Word>
                <pc:Word id="region0002_line0004_word0005">
                    <pc:Coords points="1211,721 1285,721 1285,759 1211,759"/>
                    <pc:TextEquiv conf="0.924663467407227">
                        <pc:Unicode>vor</pc:Unicode>
                    </pc:TextEquiv>
                </pc:Word>
                <pc:Word id="region0002_line0004_word0006">
                    <pc:Coords points="1305,716 1402,716 1402,764 1305,764"/>
                    <pc:TextEquiv conf="0.919261474609375">
                        <pc:Unicode>alles</pc:Unicode>
                    </pc:TextEquiv>
                </pc:Word>
                <pc:TextEquiv conf="0.918296683175223">
                    <pc:Unicode>daß die gantze ſogenante Kirche, vor alles</pc:Unicode>
                </pc:TextEquiv>
            </pc:TextLine>
            <pc:TextLine id="region0002_line0005">
                <pc:Coords points="416,770 1400,770 1400,840 416,840"/>
                <pc:Word id="region0002_line0005_word0000">
                    <pc:Coords points="416,779 551,779 551,840 416,840"/>
                    <pc:TextEquiv conf="0.926845855712891">
                        <pc:Unicode>ſtehen</pc:Unicode>
                    </pc:TextEquiv>
                </pc:Word>
                <pc:Word id="region0002_line0005_word0001">
                    <pc:Coords points="576,776 678,776 678,834 576,834"/>
                    <pc:TextEquiv conf="0.285718688964844">
                        <pc:Unicode>muß</pc:Unicode>
                    </pc:TextEquiv>
                </pc:Word>
                <pc:Word id="region0002_line0005_word0002">
                    <pc:Coords points="709,805 716,805 716,831 709,831"/>
                    <pc:TextEquiv conf="0.285718688964844">
                        <pc:Unicode>,</pc:Unicode>
                    </pc:TextEquiv>
                </pc:Word>
                <pc:Word id="region0002_line0005_word0003">
                    <pc:Coords points="750,782 850,782 850,826 750,826"/>
                    <pc:TextEquiv conf="0.899306106567383">
                        <pc:Unicode>was</pc:Unicode>
                    </pc:TextEquiv>
                </pc:Word>
                <pc:Word id="region0002_line0005_word0004">
                    <pc:Coords points="874,777 938,777 938,835 874,835"/>
                    <pc:TextEquiv conf="0.927633819580078">
                        <pc:Unicode>ihr</pc:Unicode>
                    </pc:TextEquiv>
                </pc:Word>
                <pc:Word id="region0002_line0005_word0005">
                    <pc:Coords points="955,770 1253,770 1253,835 955,835"/>
                    <pc:TextEquiv conf="0.919855117797852">
                        <pc:Unicode>Oberhaupt,</pc:Unicode>
                    </pc:TextEquiv>
                </pc:Word>
                <pc:Word id="region0002_line0005_word0006">
                    <pc:Coords points="1287,772 1400,772 1400,835 1287,835"/>
                    <pc:TextEquiv conf="0.926034927368164">
                        <pc:Unicode>ſogar</pc:Unicode>
                    </pc:TextEquiv>
                </pc:Word>
                <pc:TextEquiv conf="0.738730457850865">
                    <pc:Unicode>ſtehen muß , was ihr Oberhaupt, ſogar</pc:Unicode>
                </pc:TextEquiv>
            </pc:TextLine>
            <pc:TextLine id="region0002_line0006">
                <pc:Coords points="416,832 1402,832 1402,899 416,899"/>
                <pc:Word id="region0002_line0006_word0000">
                    <pc:Coords points="416,854 504,854 504,895 416,895"/>
                    <pc:TextEquiv conf="0.86936279296875">
                        <pc:Unicode>von</pc:Unicode>
                    </pc:TextEquiv>
                </pc:Word>
                <pc:Word id="region0002_line0006_word0001">
                    <pc:Coords points="526,842 660,842 660,899 526,899"/>
                    <pc:TextEquiv conf="0.9237744140625">
                        <pc:Unicode>ſeinen</pc:Unicode>
                    </pc:TextEquiv>
                </pc:Word>
                <pc:Word id="region0002_line0006_word0002">
                    <pc:Coords points="680,838 928,838 928,897 680,897"/>
                    <pc:TextEquiv conf="0.926361389160156">
                        <pc:Unicode>beſonderen</pc:Unicode>
                    </pc:TextEquiv>
                </pc:Word>
                <pc:Word id="region0002_line0006_word0003">
                    <pc:Coords points="949,832 1197,832 1197,895 949,895"/>
                    <pc:TextEquiv conf="0.910693283081055">
                        <pc:Unicode>ſchaͤdlichen</pc:Unicode>
                    </pc:TextEquiv>
                </pc:Word>
                <pc:Word id="region0002_line0006_word0004">
                    <pc:Coords points="1210,835 1402,835 1402,897 1210,897"/>
                    <pc:TextEquiv conf="0.919883193969727">
                        <pc:Unicode>Wegen,</pc:Unicode>
                    </pc:TextEquiv>
                </pc:Word>
                <pc:TextEquiv conf="0.910015014648437">
                    <pc:Unicode>von ſeinen beſonderen ſchaͤdlichen Wegen,</pc:Unicode>
                </pc:TextEquiv>
            </pc:TextLine>
            <pc:TextLine id="region0002_line0007">
                <pc:Coords points="417,901 1400,901 1400,967 417,967"/>
                <pc:Word id="region0002_line0007_word0000">
                    <pc:Coords points="417,903 606,903 606,967 417,967"/>
                    <pc:TextEquiv conf="0.925789642333984">
                        <pc:Unicode>heilloſen</pc:Unicode>
                    </pc:TextEquiv>
                </pc:Word>
                <pc:Word id="region0002_line0007_word0001">
                    <pc:Coords points="618,902 1020,902 1020,962 618,962"/>
                    <pc:TextEquiv conf="0.882290725708008">
                        <pc:Unicode>Unternehmungen,</pc:Unicode>
                    </pc:TextEquiv>
                </pc:Word>
                <pc:Word id="region0002_line0007_word0002">
                    <pc:Coords points="1068,904 1157,904 1157,950 1068,950"/>
                    <pc:TextEquiv conf="0.927675857543945">
                        <pc:Unicode>und</pc:Unicode>
                    </pc:TextEquiv>
                </pc:Word>
                <pc:Word id="region0002_line0007_word0003">
                    <pc:Coords points="1170,904 1283,904 1283,958 1170,958"/>
                    <pc:TextEquiv conf="0.901457443237305">
                        <pc:Unicode>gantz</pc:Unicode>
                    </pc:TextEquiv>
                </pc:Word>
                <pc:Word id="region0002_line0007_word0004">
                    <pc:Coords points="1298,901 1400,901 1400,954 1298,954"/>
                    <pc:TextEquiv conf="0.901457443237305">
                        <pc:Unicode>blos⸗</pc:Unicode>
                    </pc:TextEquiv>
                </pc:Word>
                <pc:TextEquiv conf="0.907734222412109">
                    <pc:Unicode>heilloſen Unternehmungen, und gantz blos⸗</pc:Unicode>
                </pc:TextEquiv>
            </pc:TextLine>
            <pc:TextLine id="region0002_line0008">
                <pc:Coords points="417,960 1410,960 1410,1030 417,1030"/>
                <pc:Word id="region0002_line0008_word0000">
                    <pc:Coords points="417,969 620,969 620,1030 417,1030"/>
                    <pc:TextEquiv conf="0.925503692626953">
                        <pc:Unicode>geſtellten</pc:Unicode>
                    </pc:TextEquiv>
                </pc:Word>
                <pc:Word id="region0002_line0008_word0001">
                    <pc:Coords points="633,966 885,966 885,1024 633,1024"/>
                    <pc:TextEquiv conf="0.927063674926758">
                        <pc:Unicode>Argheiten,</pc:Unicode>
                    </pc:TextEquiv>
                </pc:Word>
                <pc:Word id="region0002_line0008_word0002">
                    <pc:Coords points="910,965 960,965 960,1026 910,1026"/>
                    <pc:TextEquiv conf="0.917537612915039">
                        <pc:Unicode>in</pc:Unicode>
                    </pc:TextEquiv>
                </pc:Word>
                <pc:Word id="region0002_line0008_word0003">
                    <pc:Coords points="972,961 1101,961 1101,1022 972,1022"/>
                    <pc:TextEquiv conf="0.917537612915039">
                        <pc:Unicode>dieſes</pc:Unicode>
                    </pc:TextEquiv>
                </pc:Word>
                <pc:Word id="region0002_line0008_word0004">
                    <pc:Coords points="1112,960 1315,960 1315,1023 1112,1023"/>
                    <pc:TextEquiv conf="0.557034225463867">
                        <pc:Unicode>eckelhaſte</pc:Unicode>
                    </pc:TextEquiv>
                </pc:Word>
                <pc:Word id="region0002_line0008_word0005">
                    <pc:Coords points="1324,969 1410,969 1410,1019 1324,1019"/>
                    <pc:TextEquiv conf="0.900511474609375">
                        <pc:Unicode>und</pc:Unicode>
                    </pc:TextEquiv>
                </pc:Word>
                <pc:TextEquiv conf="0.857531382242839">
                    <pc:Unicode>geſtellten Argheiten, in dieſes eckelhaſte und</pc:Unicode>
                </pc:TextEquiv>
            </pc:TextLine>
            <pc:TextLine id="region0002_line0009">
                <pc:Coords points="417,1026 1402,1026 1402,1088 417,1088"/>
                <pc:Word id="region0002_line0009_word0000">
                    <pc:Coords points="417,1033 658,1033 658,1083 417,1083"/>
                    <pc:TextEquiv conf="0.887934646606445">
                        <pc:Unicode>verwirrete</pc:Unicode>
                    </pc:TextEquiv>
                </pc:Word>
                <pc:Word id="region0002_line0009_word0001">
                    <pc:Coords points="671,1028 938,1028 938,1088 671,1088"/>
                    <pc:TextEquiv conf="0.926706390380859">
                        <pc:Unicode>Klitterbuch</pc:Unicode>
                    </pc:TextEquiv>
                </pc:Word>
                <pc:Word id="region0002_line0009_word0002">
                    <pc:Coords points="963,1028 1229,1028 1229,1086 963,1086"/>
                    <pc:TextEquiv conf="0.927030181884766">
                        <pc:Unicode>einzutragen</pc:Unicode>
                    </pc:TextEquiv>
                </pc:Word>
                <pc:Word id="region0002_line0009_word0003">
                    <pc:Coords points="1249,1026 1402,1026 1402,1082 1249,1082"/>
                    <pc:TextEquiv conf="0.926792526245117">
                        <pc:Unicode>beliebet</pc:Unicode>
                    </pc:TextEquiv>
                </pc:Word>
                <pc:TextEquiv conf="0.917115936279297">
                    <pc:Unicode>verwirrete Klitterbuch einzutragen beliebet</pc:Unicode>
                </pc:TextEquiv>
            </pc:TextLine>
            <pc:TextLine id="region0002_line0010">
                <pc:Coords points="417,1087 1475,1087 1475,1156 417,1156"/>
                <pc:Word id="region0002_line0010_word0000">
                    <pc:Coords points="417,1092 509,1092 509,1156 417,1156"/>
                    <pc:TextEquiv conf="0.869032516479492">
                        <pc:Unicode>hat.</pc:Unicode>
                    </pc:TextEquiv>
                </pc:Word>
                <pc:Word id="region0002_line0010_word0001">
                    <pc:Coords points="539,1088 638,1088 638,1148 539,1148"/>
                    <pc:TextEquiv conf="0.92701171875">
                        <pc:Unicode>Sie</pc:Unicode>
                    </pc:TextEquiv>
                </pc:Word>
                <pc:Word id="region0002_line0010_word0002">
                    <pc:Coords points="654,1087 811,1087 811,1154 654,1154"/>
                    <pc:TextEquiv conf="0.910206069946289">
                        <pc:Unicode>muͤſſen</pc:Unicode>
                    </pc:TextEquiv>
                </pc:Word>
                <pc:Word id="region0002_line0010_word0003">
                    <pc:Coords points="846,1093 891,1093 891,1140 846,1140"/>
                    <pc:TextEquiv conf="0.910132446289063">
                        <pc:Unicode>es</pc:Unicode>
                    </pc:TextEquiv>
                </pc:Word>
                <pc:Word id="region0002_line0010_word0004">
                    <pc:Coords points="989,1087 915,1087 915,1156 989,1156"/>
                    <pc:TextEquiv conf="0.930281372070312">
                        <pc:Unicode>mit</pc:Unicode>
                    </pc:TextEquiv>
                </pc:Word>
                <pc:Word id="region0002_line0010_word0005">
                    <pc:Coords points="971,1093 1126,1093 1126,1145 971,1145"/>
                    <pc:TextEquiv conf="0.925887603759766">
                        <pc:Unicode>Mund</pc:Unicode>
                    </pc:TextEquiv>
                </pc:Word>
                <pc:Word id="region0002_line0010_word0006">
                    <pc:Coords points="1144,1097 1230,1097 1230,1139 1144,1139"/>
                    <pc:TextEquiv conf="0.92767463684082">
                        <pc:Unicode>und</pc:Unicode>
                    </pc:TextEquiv>
                </pc:Word>
                <pc:Word id="region0002_line0010_word0007">
                    <pc:Coords points="1242,1089 1475,1089 1475,1152 1242,1152"/>
                    <pc:TextEquiv conf="0.840422973632812">
                        <pc:Unicode>Hertzen</pc:Unicode>
                    </pc:TextEquiv>
                </pc:Word>
                <pc:TextEquiv conf="0.905081167221069">
                    <pc:Unicode>hat. Sie muͤſſen es mit Mund und Hertzen</pc:Unicode>
                </pc:TextEquiv>
            </pc:TextLine>
            <pc:TextLine id="region0002_line0011">
                <pc:Coords points="413,1151 1405,1151 1405,1222 413,1222"/>
                <pc:Word id="region0002_line0011_word0000">
                    <pc:Coords points="413,1154 686,1154 686,1222 413,1222"/>
                    <pc:TextEquiv conf="0.866417846679687">
                        <pc:Unicode>beſtaͤtigen,</pc:Unicode>
                    </pc:TextEquiv>
                </pc:Word>
                <pc:Word id="region0002_line0011_word0001">
                    <pc:Coords points="720,1153 895,1153 895,1216 720,1216"/>
                    <pc:TextEquiv conf="0.924666595458984">
                        <pc:Unicode>bejahen</pc:Unicode>
                    </pc:TextEquiv>
                </pc:Word>
                <pc:Word id="region0002_line0011_word0002">
                    <pc:Coords points="915,1160 1004,1160 1004,1205 915,1205"/>
                    <pc:TextEquiv conf="0.925703659057617">
                        <pc:Unicode>und</pc:Unicode>
                    </pc:TextEquiv>
                </pc:Word>
                <pc:Word id="region0002_line0011_word0003">
                    <pc:Coords points="1028,1151 1297,1151 1297,1214 1028,1214"/>
                    <pc:TextEquiv conf="0.855793075561523">
                        <pc:Unicode>verbuͤrgen,</pc:Unicode>
                    </pc:TextEquiv>
                </pc:Word>
                <pc:Word id="region0002_line0011_word0004">
                    <pc:Coords points="1338,1161 1405,1161 1405,1207 1338,1207"/>
                    <pc:TextEquiv conf="0.917027740478516">
                        <pc:Unicode>als</pc:Unicode>
                    </pc:TextEquiv>
                </pc:Word>
                <pc:TextEquiv conf="0.897921783447266">
                    <pc:Unicode>beſtaͤtigen, bejahen und verbuͤrgen, als</pc:Unicode>
                </pc:TextEquiv>
            </pc:TextLine>
            <pc:TextLine id="region0002_line0012">
                <pc:Coords points="419,1215 1418,1215 1418,1284 419,1284"/>
                <pc:Word id="region0002_line0012_word0000">
                    <pc:Coords points="419,1222 566,1222 566,1284 419,1284"/>
                    <pc:TextEquiv conf="0.926415252685547">
                        <pc:Unicode>heilige</pc:Unicode>
                    </pc:TextEquiv>
                </pc:Word>
                <pc:Word id="region0002_line0012_word0001">
                    <pc:Coords points="581,1219 876,1219 876,1279 581,1279"/>
                    <pc:TextEquiv conf="0.914908447265625">
                        <pc:Unicode>Warheiten,</pc:Unicode>
                    </pc:TextEquiv>
                </pc:Word>
                <pc:Word id="region0002_line0012_word0002">
                    <pc:Coords points="908,1223 996,1223 996,1268 908,1268"/>
                    <pc:TextEquiv conf="0.927380065917969">
                        <pc:Unicode>und</pc:Unicode>
                    </pc:TextEquiv>
                </pc:Word>
                <pc:Word id="region0002_line0012_word0003">
                    <pc:Coords points="1008,1216 1273,1216 1273,1279 1008,1279"/>
                    <pc:TextEquiv conf="0.907266235351562">
                        <pc:Unicode>Bekentniſſe</pc:Unicode>
                    </pc:TextEquiv>
                </pc:Word>
                <pc:Word id="region0002_line0012_word0004">
                    <pc:Coords points="1291,1215 1418,1215 1418,1278 1291,1278"/>
                    <pc:TextEquiv conf="0.921795272827148">
                        <pc:Unicode>theils</pc:Unicode>
                    </pc:TextEquiv>
                </pc:Word>
                <pc:TextEquiv conf="0.91955305480957">
                    <pc:Unicode>heilige Warheiten, und Bekentniſſe theils</pc:Unicode>
                </pc:TextEquiv>
            </pc:TextLine>
            <pc:TextLine id="region0002_line0013">
                <pc:Coords points="375,1281 1403,1281 1403,1347 375,1347"/>
                <pc:Word id="region0002_line0013_word0000">
                    <pc:Coords points="375,1286 540,1286 540,1347 375,1347"/>
                    <pc:TextEquiv conf="0.887338180541992">
                        <pc:Unicode>ihres</pc:Unicode>
                    </pc:TextEquiv>
                </pc:Word>
                <pc:Word id="region0002_line0013_word0001">
                    <pc:Coords points="561,1281 980,1281 980,1343 561,1343"/>
                    <pc:TextEquiv conf="0.907420425415039">
                        <pc:Unicode>gemeinſchaftlichen</pc:Unicode>
                    </pc:TextEquiv>
                </pc:Word>
                <pc:Word id="region0002_line0013_word0002">
                    <pc:Coords points="999,1281 1258,1281 1258,1335 999,1335"/>
                    <pc:TextEquiv conf="0.921151123046875">
                        <pc:Unicode>Glaubens,</pc:Unicode>
                    </pc:TextEquiv>
                </pc:Word>
                <pc:Word id="region0002_line0013_word0003">
                    <pc:Coords points="1288,1284 1403,1284 1403,1339 1288,1339"/>
                    <pc:TextEquiv conf="0.911385498046875">
                        <pc:Unicode>theils</pc:Unicode>
                    </pc:TextEquiv>
                </pc:Word>
                <pc:TextEquiv conf="0.906823806762695">
                    <pc:Unicode>ihres gemeinſchaftlichen Glaubens, theils</pc:Unicode>
                </pc:TextEquiv>
            </pc:TextLine>
            <pc:TextLine id="region0002_line0014">
                <pc:Coords points="380,1341 1406,1341 1406,1410 380,1410"/>
                <pc:Word id="region0002_line0014_word0000">
                    <pc:Coords points="380,1350 540,1350 540,1410 380,1410"/>
                    <pc:TextEquiv conf="0.837170867919922">
                        <pc:Unicode>ihres</pc:Unicode>
                    </pc:TextEquiv>
                </pc:Word>
                <pc:Word id="region0002_line0014_word0001">
                    <pc:Coords points="572,1341 863,1341 863,1404 572,1404"/>
                    <pc:TextEquiv conf="0.908078308105469">
                        <pc:Unicode>planmaͤſigen</pc:Unicode>
                    </pc:TextEquiv>
                </pc:Word>
                <pc:Word id="region0002_line0014_word0002">
                    <pc:Coords points="887,1345 1170,1345 1170,1400 887,1400"/>
                    <pc:TextEquiv conf="0.918346862792969">
                        <pc:Unicode>Wandels.</pc:Unicode>
                    </pc:TextEquiv>
                </pc:Word>
                <pc:Word id="region0002_line0014_word0003">
                    <pc:Coords points="1198,1345 1289,1345 1289,1398 1198,1398"/>
                    <pc:TextEquiv conf="0.931490249633789">
                        <pc:Unicode>Sie</pc:Unicode>
                    </pc:TextEquiv>
                </pc:Word>
                <pc:Word id="region0002_line0014_word0004">
                    <pc:Coords points="1308,1343 1308,1407 1406,1407 1406,1343"/>
                    <pc:TextEquiv conf="0.075360412597656">
                        <pc:Unicode>muͤſe</pc:Unicode>
                    </pc:TextEquiv>
                </pc:Word>
                <pc:TextEquiv conf="0.734089340209961">
                    <pc:Unicode>ihres planmaͤſigen Wandels. Sie muͤſe</pc:Unicode>
                </pc:TextEquiv>
            </pc:TextLine>
            <pc:TextLine id="region0002_line0015">
                <pc:Coords points="417,1406 1402,1406 1402,1471 417,1471"/>
                <pc:Word id="region0002_line0015_word0000">
                    <pc:Coords points="417,1411 494,1411 494,1470 417,1470"/>
                    <pc:TextEquiv conf="0.926015319824219">
                        <pc:Unicode>ſen</pc:Unicode>
                    </pc:TextEquiv>
                </pc:Word>
                <pc:Word id="region0002_line0015_word0001">
                    <pc:Coords points="521,1409 645,1409 645,1470 521,1470"/>
                    <pc:TextEquiv conf="0.917656860351562">
                        <pc:Unicode>falſch</pc:Unicode>
                    </pc:TextEquiv>
                </pc:Word>
                <pc:Word id="region0002_line0015_word0002">
                    <pc:Coords points="665,1409 856,1409 856,1471 665,1471"/>
                    <pc:TextEquiv conf="0.92164436340332">
                        <pc:Unicode>Zeugnis</pc:Unicode>
                    </pc:TextEquiv>
                </pc:Word>
                <pc:Word id="region0002_line0015_word0003">
                    <pc:Coords points="877,1416 1034,1416 1034,1462 877,1462"/>
                    <pc:TextEquiv conf="0.895784301757813">
                        <pc:Unicode>reden,</pc:Unicode>
                    </pc:TextEquiv>
                </pc:Word>
                <pc:Word id="region0002_line0015_word0004">
                    <pc:Coords points="1064,1408 1213,1408 1213,1468 1064,1468"/>
                    <pc:TextEquiv conf="0.927221374511719">
                        <pc:Unicode>luͤgen,</pc:Unicode>
                    </pc:TextEquiv>
                </pc:Word>
                <pc:Word id="region0002_line0015_word0005">
                    <pc:Coords points="1246,1406 1246,1471 1402,1471 1402,1406"/>
                    <pc:TextEquiv conf="0.728557052612305">
                        <pc:Unicode>laͤſter,</pc:Unicode>
                    </pc:TextEquiv>
                </pc:Word>
                <pc:TextEquiv conf="0.886146545410156">
                    <pc:Unicode>ſen falſch Zeugnis reden, luͤgen, laͤſter,</pc:Unicode>
                </pc:TextEquiv>
            </pc:TextLine>
            <pc:TextLine id="region0002_line0016">
                <pc:Coords points="425,1468 1403,1468 1403,1535 425,1535"/>
                <pc:Word id="region0002_line0016_word0000">
                    <pc:Coords points="425,1478 515,1478 515,1531 425,1531"/>
                    <pc:TextEquiv conf="0.922482147216797">
                        <pc:Unicode>und</pc:Unicode>
                    </pc:TextEquiv>
                </pc:Word>
                <pc:Word id="region0002_line0016_word0001">
                    <pc:Coords points="541,1468 774,1468 774,1530 541,1530"/>
                    <pc:TextEquiv conf="0.922849044799805">
                        <pc:Unicode>betriegen,</pc:Unicode>
                    </pc:TextEquiv>
                </pc:Word>
                <pc:Word id="region0002_line0016_word0002">
                    <pc:Coords points="811,1470 851,1470 851,1530 811,1530"/>
                    <pc:TextEquiv conf="0.931721954345703">
                        <pc:Unicode>ſo</pc:Unicode>
                    </pc:TextEquiv>
                </pc:Word>
                <pc:Word id="region0002_line0016_word0003">
                    <pc:Coords points="871,1470 931,1470 931,1532 871,1532"/>
                    <pc:TextEquiv conf="0.790018615722656">
                        <pc:Unicode>oſt</pc:Unicode>
                    </pc:TextEquiv>
                </pc:Word>
                <pc:Word id="region0002_line0016_word0004">
                    <pc:Coords points="950,1477 1039,1477 1039,1535 950,1535"/>
                    <pc:TextEquiv conf="0.92438591003418">
                        <pc:Unicode>und</pc:Unicode>
                    </pc:TextEquiv>
                </pc:Word>
                <pc:Word id="region0002_line0016_word0005">
                    <pc:Coords points="1073,1470 1115,1470 1115,1528 1073,1528"/>
                    <pc:TextEquiv conf="0.924887084960938">
                        <pc:Unicode>ſo</pc:Unicode>
                    </pc:TextEquiv>
                </pc:Word>
                <pc:Word id="region0002_line0016_word0006">
                    <pc:Coords points="1135,1469 1135,1531 1403,1531 1403,1469"/>
                    <pc:TextEquiv conf="0.858156204223633">
                        <pc:Unicode>unverſchaͤnt</pc:Unicode>
                    </pc:TextEquiv>
                </pc:Word>
                <pc:TextEquiv conf="0.896357280186245">
                    <pc:Unicode>und betriegen, ſo oſt und ſo unverſchaͤnt</pc:Unicode>
                </pc:TextEquiv>
            </pc:TextLine>
            <pc:TextLine id="region0002_line0017">
                <pc:Coords points="396,1534 1403,1534 1403,1599 396,1599"/>
                <pc:Word id="region0002_line0017_word0000">
                    <pc:Coords points="396,1540 552,1540 552,1589 396,1589"/>
                    <pc:TextEquiv conf="0.871271820068359">
                        <pc:Unicode>als</pc:Unicode>
                    </pc:TextEquiv>
                </pc:Word>
                <pc:Word id="region0002_line0017_word0001">
                    <pc:Coords points="557,1534 509,1534 509,1599 557,1599"/>
                    <pc:TextEquiv conf="0.769976806640625">
                        <pc:Unicode>er</pc:Unicode>
                    </pc:TextEquiv>
                </pc:Word>
                <pc:Word id="region0002_line0017_word0002">
                    <pc:Coords points="565,1541 613,1541 613,1585 565,1585"/>
                    <pc:TextEquiv conf="0.909351119995117">
                        <pc:Unicode>es</pc:Unicode>
                    </pc:TextEquiv>
                </pc:Word>
                <pc:Word id="region0002_line0017_word0003">
                    <pc:Coords points="634,1535 770,1535 770,1594 634,1594"/>
                    <pc:TextEquiv conf="0.922646636962891">
                        <pc:Unicode>haben</pc:Unicode>
                    </pc:TextEquiv>
                </pc:Word>
                <pc:Word id="region0002_line0017_word0004">
                    <pc:Coords points="792,1535 930,1535 930,1585 792,1585"/>
                    <pc:TextEquiv conf="0.901274795532227">
                        <pc:Unicode>will.</pc:Unicode>
                    </pc:TextEquiv>
                </pc:Word>
                <pc:Word id="region0002_line0017_word0005">
                    <pc:Coords points="956,1535 1231,1535 1231,1599 956,1599"/>
                    <pc:TextEquiv conf="0.903387908935547">
                        <pc:Unicode>Dergleichen</pc:Unicode>
                    </pc:TextEquiv>
                </pc:Word>
                <pc:Word id="region0002_line0017_word0006">
                    <pc:Coords points="1249,1534 1403,1534 1403,1584 1249,1584"/>
                    <pc:TextEquiv conf="0.929324264526367">
                        <pc:Unicode>blinden</pc:Unicode>
                    </pc:TextEquiv>
                </pc:Word>
                <pc:TextEquiv conf="0.886747621808733">
                    <pc:Unicode>als er es haben will. Dergleichen blinden</pc:Unicode>
                </pc:TextEquiv>
            </pc:TextLine>
            <pc:TextLine id="region0002_line0018">
                <pc:Coords points="427,1593 1434,1593 1434,1663 427,1663"/>
                <pc:Word id="region0002_line0018_word0000">
                    <pc:Coords points="682,1593 427,1593 427,1663 682,1663"/>
                    <pc:TextEquiv conf="0.918426513671875">
                        <pc:Unicode>Gehorſam,</pc:Unicode>
                    </pc:TextEquiv>
                </pc:Word>
                <pc:Word id="region0002_line0018_word0001">
                    <pc:Coords points="805,1593 705,1593 705,1663 805,1663"/>
                    <pc:TextEquiv conf="0.922401351928711">
                        <pc:Unicode>auch</pc:Unicode>
                    </pc:TextEquiv>
                </pc:Word>
                <pc:Word id="region0002_line0018_word0002">
                    <pc:Coords points="831,1606 879,1606 879,1659 831,1659"/>
                    <pc:TextEquiv conf="0.928114395141602">
                        <pc:Unicode>zu</pc:Unicode>
                    </pc:TextEquiv>
                </pc:Word>
                <pc:Word id="region0002_line0018_word0003">
                    <pc:Coords points="899,1593 1101,1593 1101,1663 899,1663"/>
                    <pc:TextEquiv conf="0.9198974609375">
                        <pc:Unicode>Suͤnden</pc:Unicode>
                    </pc:TextEquiv>
                </pc:Word>
                <pc:Word id="region0002_line0018_word0004">
                    <pc:Coords points="1180,1593 1110,1593 1110,1663 1180,1663"/>
                    <pc:TextEquiv conf="0.932225341796875">
                        <pc:Unicode>die</pc:Unicode>
                    </pc:TextEquiv>
                </pc:Word>
                <pc:Word id="region0002_line0018_word0005">
                    <pc:Coords points="1179,1599 1276,1599 1276,1660 1179,1660"/>
                    <pc:TextEquiv conf="0.918779754638672">
                        <pc:Unicode>ein</pc:Unicode>
                    </pc:TextEquiv>
                </pc:Word>
                <pc:Word id="region0002_line0018_word0006">
                    <pc:Coords points="1292,1597 1434,1597 1434,1662 1292,1662"/>
                    <pc:TextEquiv conf="0.925256805419922">
                        <pc:Unicode>halb⸗</pc:Unicode>
                    </pc:TextEquiv>
                </pc:Word>
                <pc:TextEquiv conf="0.923585946219308">
                    <pc:Unicode>Gehorſam, auch zu Suͤnden die ein halb⸗</pc:Unicode>
                </pc:TextEquiv>
            </pc:TextLine>
            <pc:TextLine id="region0002_line0019">
                <pc:Coords points="428,1656 1402,1656 1402,1727 428,1727"/>
                <pc:Word id="region0002_line0019_word0000">
                    <pc:Coords points="428,1659 713,1659 713,1722 428,1722"/>
                    <pc:TextEquiv conf="0.910135879516602">
                        <pc:Unicode>vernuͤnftiger</pc:Unicode>
                    </pc:TextEquiv>
                </pc:Word>
                <pc:Word id="region0002_line0019_word0001">
                    <pc:Coords points="739,1656 878,1656 878,1721 739,1721"/>
                    <pc:TextEquiv conf="0.930910949707031">
                        <pc:Unicode>Heide</pc:Unicode>
                    </pc:TextEquiv>
                </pc:Word>
                <pc:Word id="region0002_line0019_word0002">
                    <pc:Coords points="906,1661 1231,1661 1231,1727 906,1727"/>
                    <pc:TextEquiv conf="0.91615104675293">
                        <pc:Unicode>verabſcheuet,</pc:Unicode>
                    </pc:TextEquiv>
                </pc:Word>
                <pc:Word id="region0002_line0019_word0003">
                    <pc:Coords points="1258,1665 1340,1665 1340,1711 1258,1711"/>
                    <pc:TextEquiv conf="0.92778450012207">
                        <pc:Unicode>und</pc:Unicode>
                    </pc:TextEquiv>
                </pc:Word>
                <pc:Word id="region0002_line0019_word0004">
                    <pc:Coords points="1356,1672 1402,1672 1402,1721 1356,1721"/>
                    <pc:TextEquiv conf="0.931823959350586">
                        <pc:Unicode>zu</pc:Unicode>
                    </pc:TextEquiv>
                </pc:Word>
                <pc:TextEquiv conf="0.923361267089844">
                    <pc:Unicode>vernuͤnftiger Heide verabſcheuet, und zu</pc:Unicode>
                </pc:TextEquiv>
            </pc:TextLine>
            <pc:TextLine id="region0002_line0020">
                <pc:Coords points="425,1721 1421,1721 1421,1790 425,1790"/>
                <pc:Word id="region0002_line0020_word0000">
                    <pc:Coords points="425,1728 563,1728 563,1784 425,1784"/>
                    <pc:TextEquiv conf="0.928737945556641">
                        <pc:Unicode>einem</pc:Unicode>
                    </pc:TextEquiv>
                </pc:Word>
                <pc:Word id="region0002_line0020_word0001">
                    <pc:Coords points="588,1721 884,1721 884,1784 588,1784"/>
                    <pc:TextEquiv conf="0.909302673339844">
                        <pc:Unicode>erſtaunlichen</pc:Unicode>
                    </pc:TextEquiv>
                </pc:Word>
                <pc:Word id="region0002_line0020_word0002">
                    <pc:Coords points="906,1723 1293,1723 1293,1790 906,1790"/>
                    <pc:TextEquiv conf="0.920372085571289">
                        <pc:Unicode>Menſchendienſt,</pc:Unicode>
                    </pc:TextEquiv>
                </pc:Word>
                <pc:Word id="region0002_line0020_word0003">
                    <pc:Coords points="1321,1725 1421,1725 1421,1784 1321,1784"/>
                    <pc:TextEquiv conf="0.921696853637695">
                        <pc:Unicode>wel⸗</pc:Unicode>
                    </pc:TextEquiv>
                </pc:Word>
                <pc:TextEquiv conf="0.920027389526367">
                    <pc:Unicode>einem erſtaunlichen Menſchendienſt, wel⸗</pc:Unicode>
                </pc:TextEquiv>
            </pc:TextLine>
            <pc:TextLine id="region0002_line0021">
                <pc:Coords points="409,1786 1401,1786 1401,1852 409,1852"/>
                <pc:Word id="region0002_line0021_word0000">
                    <pc:Coords points="409,1790 517,1790 517,1844 409,1844"/>
                    <pc:TextEquiv conf="0.924822387695313">
                        <pc:Unicode>cher</pc:Unicode>
                    </pc:TextEquiv>
                </pc:Word>
                <pc:Word id="region0002_line0021_word0001">
                    <pc:Coords points="530,1787 633,1787 633,1847 530,1847"/>
                    <pc:TextEquiv conf="0.918685684204102">
                        <pc:Unicode>ohne</pc:Unicode>
                    </pc:TextEquiv>
                </pc:Word>
                <pc:Word id="region0002_line0021_word0002">
                    <pc:Coords points="649,1786 972,1786 972,1849 649,1849"/>
                    <pc:TextEquiv conf="0.914818649291992">
                        <pc:Unicode>vorausgeſetzte</pc:Unicode>
                    </pc:TextEquiv>
                </pc:Word>
                <pc:Word id="region0002_line0021_word0003">
                    <pc:Coords points="985,1788 1291,1788 1291,1851 985,1851"/>
                    <pc:TextEquiv conf="0.874993438720703">
                        <pc:Unicode>Unfehlbarkeit</pc:Unicode>
                    </pc:TextEquiv>
                </pc:Word>
                <pc:Word id="region0002_line0021_word0004">
                    <pc:Coords points="1302,1787 1401,1787 1401,1852 1302,1852"/>
                    <pc:TextEquiv conf="0.918445587158203">
                        <pc:Unicode>eines</pc:Unicode>
                    </pc:TextEquiv>
                </pc:Word>
                <pc:TextEquiv conf="0.910353149414063">
                    <pc:Unicode>cher ohne vorausgeſetzte Unfehlbarkeit eines</pc:Unicode>
                </pc:TextEquiv>
            </pc:TextLine>
            <pc:TextLine id="region0002_line0022">
                <pc:Coords points="425,1847 1402,1847 1402,1916 425,1916"/>
                <pc:Word id="region0002_line0022_word0000">
                    <pc:Coords points="425,1847 718,1847 718,1910 425,1910"/>
                    <pc:TextEquiv conf="0.912087554931641">
                        <pc:Unicode>Oberhaupts</pc:Unicode>
                    </pc:TextEquiv>
                </pc:Word>
                <pc:Word id="region0002_line0022_word0001">
                    <pc:Coords points="750,1850 861,1850 861,1909 750,1909"/>
                    <pc:TextEquiv conf="0.925127639770508">
                        <pc:Unicode>nicht</pc:Unicode>
                    </pc:TextEquiv>
                </pc:Word>
                <pc:Word id="region0002_line0022_word0002">
                    <pc:Coords points="895,1851 1073,1851 1073,1916 895,1916"/>
                    <pc:TextEquiv conf="0.898602752685547">
                        <pc:Unicode>gedacht</pc:Unicode>
                    </pc:TextEquiv>
                </pc:Word>
                <pc:Word id="region0002_line0022_word0003">
                    <pc:Coords points="1115,1857 1279,1857 1279,1905 1115,1905"/>
                    <pc:TextEquiv conf="0.913660049438477">
                        <pc:Unicode>werden</pc:Unicode>
                    </pc:TextEquiv>
                </pc:Word>
                <pc:Word id="region0002_line0022_word0004">
                    <pc:Coords points="1309,1849 1402,1849 1402,1909 1309,1909"/>
                    <pc:TextEquiv conf="0.887924194335938">
                        <pc:Unicode>kan,</pc:Unicode>
                    </pc:TextEquiv>
                </pc:Word>
                <pc:TextEquiv conf="0.907480438232422">
                    <pc:Unicode>Oberhaupts nicht gedacht werden kan,</pc:Unicode>
                </pc:TextEquiv>
            </pc:TextLine>
            <pc:TextLine id="region0002_line0023">
                <pc:Coords points="373,1910 1429,1910 1429,1978 373,1978"/>
                <pc:Word id="region0002_line0023_word0000">
                    <pc:Coords points="373,1916 503,1916 503,1974 373,1974"/>
                    <pc:TextEquiv conf="0.103586273193359">
                        <pc:Unicode>(es</pc:Unicode>
                    </pc:TextEquiv>
                </pc:Word>
                <pc:Word id="region0002_line0023_word0001">
                    <pc:Coords points="513,1911 626,1911 626,1965 513,1965"/>
                    <pc:TextEquiv conf="0.922037200927734">
                        <pc:Unicode>waͤre</pc:Unicode>
                    </pc:TextEquiv>
                </pc:Word>
                <pc:Word id="region0002_line0023_word0002">
                    <pc:Coords points="650,1918 749,1918 749,1972 650,1972"/>
                    <pc:TextEquiv conf="0.919737243652344">
                        <pc:Unicode>dann</pc:Unicode>
                    </pc:TextEquiv>
                </pc:Word>
                <pc:Word id="region0002_line0023_word0003">
                    <pc:Coords points="778,1912 863,1912 863,1971 778,1971"/>
                    <pc:TextEquiv conf="0.915247344970703">
                        <pc:Unicode>daß</pc:Unicode>
                    </pc:TextEquiv>
                </pc:Word>
                <pc:Word id="region0002_line0023_word0004">
                    <pc:Coords points="879,1916 942,1916 942,1966 879,1966"/>
                    <pc:TextEquiv conf="0.922771911621094">
                        <pc:Unicode>die</pc:Unicode>
                    </pc:TextEquiv>
                </pc:Word>
                <pc:Word id="region0002_line0023_word0005">
                    <pc:Coords points="952,1910 1290,1910 1290,1978 952,1978"/>
                    <pc:TextEquiv conf="0.922771911621094">
                        <pc:Unicode>Kirchenglieder</pc:Unicode>
                    </pc:TextEquiv>
                </pc:Word>
                <pc:Word id="region0002_line0023_word0006">
                    <pc:Coords points="1313,1911 1429,1911 1429,1973 1313,1973"/>
                    <pc:TextEquiv conf="0.917315368652344">
                        <pc:Unicode>glei⸗</pc:Unicode>
                    </pc:TextEquiv>
                </pc:Word>
                <pc:TextEquiv conf="0.803352464948382">
                    <pc:Unicode>(es waͤre dann daß die Kirchenglieder glei⸗</pc:Unicode>
                </pc:TextEquiv>
            </pc:TextLine>
            <pc:TextLine id="region0002_line0024">
                <pc:Coords points="341,1966 1404,1966 1404,2044 341,2044"/>
                <pc:Word id="region0002_line0024_word0000">
                    <pc:Coords points="341,2016 491,2016 491,2018 341,2018"/>
                    <pc:TextEquiv conf="0.830127639770508">
                        <pc:Unicode>chen</pc:Unicode>
                    </pc:TextEquiv>
                </pc:Word>
                <pc:Word id="region0002_line0024_word0001">
                    <pc:Coords points="530,1977 637,1977 637,2031 530,2031"/>
                    <pc:TextEquiv conf="0.917929382324219">
                        <pc:Unicode>Sinn</pc:Unicode>
                    </pc:TextEquiv>
                </pc:Word>
                <pc:Word id="region0002_line0024_word0002">
                    <pc:Coords points="690,1978 776,1978 776,2028 690,2028"/>
                    <pc:TextEquiv conf="0.929495849609375">
                        <pc:Unicode>mit</pc:Unicode>
                    </pc:TextEquiv>
                </pc:Word>
                <pc:Word id="region0002_line0024_word0003">
                    <pc:Coords points="792,1977 908,1977 908,2037 792,2037"/>
                    <pc:TextEquiv conf="0.412893524169922">
                        <pc:Unicode>ihren</pc:Unicode>
                    </pc:TextEquiv>
                </pc:Word>
                <pc:Word id="region0002_line0024_word0004">
                    <pc:Coords points="918,1976 1134,1976 1134,2041 918,2041"/>
                    <pc:TextEquiv conf="0.842057342529297">
                        <pc:Unicode>Anfuͤhrer</pc:Unicode>
                    </pc:TextEquiv>
                </pc:Word>
                <pc:Word id="region0002_line0024_word0005">
                    <pc:Coords points="1158,1976 1323,1976 1323,2044 1158,2044"/>
                    <pc:TextEquiv conf="0.894685363769531">
                        <pc:Unicode>haͤtten)</pc:Unicode>
                    </pc:TextEquiv>
                </pc:Word>
                <pc:Word id="region0002_line0024_word0006">
                    <pc:Coords points="1342,1966 1342,2029 1404,2029 1404,1966"/>
                    <pc:TextEquiv conf="0.888213043212891">
                        <pc:Unicode>bis</pc:Unicode>
                    </pc:TextEquiv>
                </pc:Word>
                <pc:TextEquiv conf="0.816486020769392">
                    <pc:Unicode>chen Sinn mit ihren Anfuͤhrer haͤtten) bis</pc:Unicode>
                </pc:TextEquiv>
            </pc:TextLine>
            <pc:TextLine id="region0002_line0025">
                <pc:Coords points="412,2032 1423,2032 1423,2112 412,2112"/>
                <pc:Word id="region0002_line0025_word0000">
                    <pc:Coords points="562,2110 562,2041 412,2041 412,2110"/>
                    <pc:TextEquiv conf="0.79924919128418">
                        <pc:Unicode>daher</pc:Unicode>
                    </pc:TextEquiv>
                </pc:Word>
                <pc:Word id="region0002_line0025_word0001">
                    <pc:Coords points="578,2041 621,2041 621,2112 578,2112"/>
                    <pc:TextEquiv conf="0.914806365966797">
                        <pc:Unicode>in</pc:Unicode>
                    </pc:TextEquiv>
                </pc:Word>
                <pc:Word id="region0002_line0025_word0002">
                    <pc:Coords points="634,2038 768,2038 768,2092 634,2092"/>
                    <pc:TextEquiv conf="0.918561553955078">
                        <pc:Unicode>keiner</pc:Unicode>
                    </pc:TextEquiv>
                </pc:Word>
                <pc:Word id="region0002_line0025_word0003">
                    <pc:Coords points="1036,2032 799,2032 799,2112 1036,2112"/>
                    <pc:TextEquiv conf="0.911559295654297">
                        <pc:Unicode>Geſchichte</pc:Unicode>
                    </pc:TextEquiv>
                </pc:Word>
                <pc:Word id="region0002_line0025_word0004">
                    <pc:Coords points="1063,2043 1339,2043 1339,2105 1063,2105"/>
                    <pc:TextEquiv conf="0.70703010559082">
                        <pc:Unicode>vorgekommen</pc:Unicode>
                    </pc:TextEquiv>
                </pc:Word>
                <pc:Word id="region0002_line0025_word0005">
                    <pc:Coords points="1360,2034 1360,2106 1423,2106 1423,2034"/>
                    <pc:TextEquiv conf="0.70703010559082">
                        <pc:Unicode>iſt.</pc:Unicode>
                    </pc:TextEquiv>
                </pc:Word>
                <pc:TextEquiv conf="0.826372769673665">
                    <pc:Unicode>daher in keiner Geſchichte vorgekommen iſt.</pc:Unicode>
                </pc:TextEquiv>
            </pc:TextLine>
            <pc:TextLine id="region0002_line0026">
                <pc:Coords points="460,2096 1486,2096 1486,2169 460,2169"/>
                <pc:Word id="region0002_line0026_word0000">
                    <pc:Coords points="460,2104 560,2104 560,2167 460,2167"/>
                    <pc:TextEquiv conf="0.841246948242187">
                        <pc:Unicode>Die</pc:Unicode>
                    </pc:TextEquiv>
                </pc:Word>
                <pc:Word id="region0002_line0026_word0001">
                    <pc:Coords points="572,2102 710,2102 710,2167 572,2167"/>
                    <pc:TextEquiv conf="0.922216796875">
                        <pc:Unicode>hieher</pc:Unicode>
                    </pc:TextEquiv>
                </pc:Word>
                <pc:Word id="region0002_line0026_word0002">
                    <pc:Coords points="945,2096 739,2096 739,2169 945,2169"/>
                    <pc:TextEquiv conf="0.916460494995117">
                        <pc:Unicode>gehoͤrige</pc:Unicode>
                    </pc:TextEquiv>
                </pc:Word>
                <pc:Word id="region0002_line0026_word0003">
                    <pc:Coords points="970,2096 1058,2096 1058,2162 970,2162"/>
                    <pc:TextEquiv conf="0.92300407409668">
                        <pc:Unicode>Orte</pc:Unicode>
                    </pc:TextEquiv>
                </pc:Word>
                <pc:Word id="region0002_line0026_word0004">
                    <pc:Coords points="1075,2113 1164,2113 1164,2160 1075,2160"/>
                    <pc:TextEquiv conf="0.886940841674805">
                        <pc:Unicode>aus</pc:Unicode>
                    </pc:TextEquiv>
                </pc:Word>
                <pc:Word id="region0002_line0026_word0005">
                    <pc:Coords points="1422,2109 1422,2155 1486,2155 1486,2109"/>
                    <pc:TextEquiv conf="0.691943435668945">
                        <pc:Unicode>J</pc:Unicode>
                    </pc:TextEquiv>
                </pc:Word>
                <pc:TextEquiv conf="0.863635431925456">
                    <pc:Unicode>Die hieher gehoͤrige Orte aus J</pc:Unicode>
                </pc:TextEquiv>
            </pc:TextLine>
            <pc:TextLine id="region0002_line0027">
                <pc:Coords points="1108,2177 1405,2177 1405,2225 1108,2225"/>
                <pc:Word id="region0002_line0027_word0000">
                    <pc:Coords points="1108,2207 1188,2207 1188,2225 1108,2225"/>
                    <pc:TextEquiv conf="0.266200485229492">
                        <pc:Unicode>—</pc:Unicode>
                    </pc:TextEquiv>
                </pc:Word>
                <pc:Word id="region0002_line0027_word0001">
                    <pc:Coords points="1326,2177 1351,2177 1351,2218 1326,2218"/>
                    <pc:TextEquiv conf="0.889812393188477">
                        <pc:Unicode>uch</pc:Unicode>
                    </pc:TextEquiv>
                </pc:Word>
                <pc:Word id="region0002_line0027_word0002">
                    <pc:Coords points="1389,2184 1405,2184 1405,2221 1389,2221"/>
                    <pc:TextEquiv conf="0.889812393188477">
                        <pc:Unicode>/</pc:Unicode>
                    </pc:TextEquiv>
                </pc:Word>
                <pc:TextEquiv conf="0.681941757202149">
                    <pc:Unicode>— uch /</pc:Unicode>
                </pc:TextEquiv>
            </pc:TextLine>
            <pc:TextEquiv conf="0.86233161349848">
                <pc:Unicode>Ich habe von dieſem Betkeutmsbuch der
Herrnhutiſchen Sekte, bereits im erſten
Theil / ſ iꝛ· Not.* Erwehnung gethan,
und dieſen wichtigen Umſtand angemercket,
daß die gantze ſogenante Kirche, vor alles
ſtehen muß , was ihr Oberhaupt, ſogar
von ſeinen beſonderen ſchaͤdlichen Wegen,
heilloſen Unternehmungen, und gantz blos⸗
geſtellten Argheiten, in dieſes eckelhaſte und
verwirrete Klitterbuch einzutragen beliebet
hat. Sie muͤſſen es mit Mund und Hertzen
beſtaͤtigen, bejahen und verbuͤrgen, als
heilige Warheiten, und Bekentniſſe theils
ihres gemeinſchaftlichen Glaubens, theils
ihres planmaͤſigen Wandels. Sie muͤſe
ſen falſch Zeugnis reden, luͤgen, laͤſter,
und betriegen, ſo oſt und ſo unverſchaͤnt
als er es haben will. Dergleichen blinden
Gehorſam, auch zu Suͤnden die ein halb⸗
vernuͤnftiger Heide verabſcheuet, und zu
einem erſtaunlichen Menſchendienſt, wel⸗
cher ohne vorausgeſetzte Unfehlbarkeit eines
Oberhaupts nicht gedacht werden kan,
(es waͤre dann daß die Kirchenglieder glei⸗
chen Sinn mit ihren Anfuͤhrer haͤtten) bis
daher in keiner Geſchichte vorgekommen iſt.
Die hieher gehoͤrige Orte aus J
— uch /</pc:Unicode>
            </pc:TextEquiv>
        </pc:TextRegion>
        <pc:ImageRegion id="region0010" orientation="0.418462131630122">
            <pc:Coords points="0,0 1553,0 1553,2596 0,2596"/>
        </pc:ImageRegion>
        <pc:SeparatorRegion id="region0003">
            <pc:Coords points="342,425 1404,425 1404,452 342,452"/>
        </pc:SeparatorRegion>
        <pc:SeparatorRegion id="region0004">
            <pc:Coords points="1457,446 1475,446 1475,1153 1457,1153"/>
        </pc:SeparatorRegion>
        <pc:SeparatorRegion id="region0005">
            <pc:Coords points="88,952 101,952 101,1304 88,1304"/>
        </pc:SeparatorRegion>
        <pc:SeparatorRegion id="region0006">
            <pc:Coords points="87,1656 93,1656 93,2053 87,2053"/>
        </pc:SeparatorRegion>
        <pc:SeparatorRegion id="region0007">
            <pc:Coords points="85,2239 97,2239 97,2544 85,2544"/>
        </pc:SeparatorRegion>
        <pc:SeparatorRegion id="region0008">
            <pc:Coords points="87,2239 97,2239 97,2544 87,2544"/>
        </pc:SeparatorRegion>
        <pc:SeparatorRegion id="region0009">
            <pc:Coords points="87,2239 96,2239 96,2554 87,2554"/>
        </pc:SeparatorRegion>
    </pc:Page>
</pc:PcGts>
