<?xml version="1.0" encoding="UTF-8"?>
<pc:PcGts xmlns:pc="http://schema.primaresearch.org/PAGE/gts/pagecontent/2019-07-15" xmlns:xsi="http://www.w3.org/2001/XMLSchema-instance" xsi:schemaLocation="http://schema.primaresearch.org/PAGE/gts/pagecontent/2019-07-15 http://schema.primaresearch.org/PAGE/gts/pagecontent/2019-07-15/pagecontent.xsd" pcGtsId="OCR-D-OCR_0001">
    <pc:Metadata>
        <pc:Creator>OCR-D/core 2.30.0</pc:Creator>
        <pc:Created>2022-11-17T13:17:14.454699</pc:Created>
        <pc:LastChange>2022-11-17T13:17:14.454699</pc:LastChange>
        <pc:MetadataItem type="processingStep" name="layout/segmentation/region" value="ocrd-tesserocr-recognize">
            <pc:Labels externalModel="ocrd-tool" externalId="parameters">
                <pc:Label value="region" type="segmentation_level"/>
                <pc:Label value="word" type="textequiv_level"/>
                <pc:Label value="True" type="find_tables"/>
                <pc:Label value="Fraktur_GT4HistOCR" type="model"/>
                <pc:Label value="0" type="dpi"/>
                <pc:Label value="0" type="padding"/>
                <pc:Label value="False" type="overwrite_segments"/>
                <pc:Label value="True" type="overwrite_text"/>
                <pc:Label value="False" type="shrink_polygons"/>
                <pc:Label value="False" type="block_polygons"/>
                <pc:Label value="False" type="find_staves"/>
                <pc:Label value="False" type="sparse_text"/>
                <pc:Label value="False" type="raw_lines"/>
                <pc:Label value="" type="char_whitelist"/>
                <pc:Label value="" type="char_blacklist"/>
                <pc:Label value="" type="char_unblacklist"/>
                <pc:Label value="{}" type="tesseract_parameters"/>
                <pc:Label value="{}" type="xpath_parameters"/>
                <pc:Label value="{}" type="xpath_model"/>
                <pc:Label value="False" type="auto_model"/>
                <pc:Label value="DEFAULT" type="oem"/>
            </pc:Labels>
            <pc:Labels externalModel="ocrd-tool" externalId="version">
                <pc:Label value="0.13.6 (tesseract 5.0.1)" type="ocrd-tesserocr-recognize"/>
                <pc:Label value="2.30.0" type="ocrd/core"/>
            </pc:Labels>
        </pc:MetadataItem>
    </pc:Metadata>
    <pc:Page imageFilename="OCR-D-IMG/OCR-D-IMG_0001.tif" imageWidth="1553" imageHeight="2607">
        <pc:AlternativeImage filename="OCR-D-OCR/OCR-D-OCR_0001.IMG-BIN.png" comments=",binarized,clipped"/>
        <pc:ReadingOrder>
            <pc:OrderedGroup id="reading-order">
                <pc:RegionRefIndexed index="0" regionRef="region0000"/>
                <pc:RegionRefIndexed index="1" regionRef="region0001"/>
                <pc:RegionRefIndexed index="2" regionRef="region0002"/>
                <pc:RegionRefIndexed index="3" regionRef="region0003"/>
                <pc:RegionRefIndexed index="6" regionRef="region0006"/>
                <pc:RegionRefIndexed index="7" regionRef="region0007"/>
                <pc:RegionRefIndexed index="8" regionRef="region0008"/>
                <pc:RegionRefIndexed index="9" regionRef="region0009"/>
                <pc:RegionRefIndexed index="10" regionRef="region0010"/>
                <pc:RegionRefIndexed index="11" regionRef="region0011"/>
                <pc:RegionRefIndexed index="12" regionRef="region0012"/>
            </pc:OrderedGroup>
        </pc:ReadingOrder>
        <pc:TextRegion id="region0000" orientation="0.183235926122961" readingDirection="left-to-right" textLineOrder="top-to-bottom">
            <pc:Coords points="219,293 1286,293 1286,696 219,696"/>
            <pc:TextLine id="region0000_line0000">
                <pc:Coords points="219,293 1286,293 1286,445 219,445"/>
                <pc:Word id="region0000_line0000_word0000">
                    <pc:Coords points="219,293 1286,293 1286,445 219,445"/>
                    <pc:TextEquiv conf="0.620786476135254">
                        <pc:Unicode>Herrnhuterey</pc:Unicode>
                    </pc:TextEquiv>
                </pc:Word>
                <pc:TextEquiv conf="0.620786476135254">
                    <pc:Unicode>Herrnhuterey</pc:Unicode>
                </pc:TextEquiv>
            </pc:TextLine>
            <pc:TextLine id="region0000_line0001">
                <pc:Coords points="317,434 1191,434 1191,526 317,526"/>
                <pc:Word id="region0000_line0001_word0000">
                    <pc:Coords points="317,453 390,453 390,512 317,512"/>
                    <pc:TextEquiv conf="0.927873153686523">
                        <pc:Unicode>in</pc:Unicode>
                    </pc:TextEquiv>
                </pc:Word>
                <pc:Word id="region0000_line0001_word0001">
                    <pc:Coords points="445,434 655,434 655,521 445,521"/>
                    <pc:TextEquiv conf="0.917802734375">
                        <pc:Unicode>ihrer</pc:Unicode>
                    </pc:TextEquiv>
                </pc:Word>
                <pc:Word id="region0000_line0001_word0002">
                    <pc:Coords points="703,434 703,526 1191,526 1191,434"/>
                    <pc:TextEquiv conf="0.278465270996094">
                        <pc:Unicode>Schalkheit.“</pc:Unicode>
                    </pc:TextEquiv>
                </pc:Word>
                <pc:TextEquiv conf="0.708047053019206">
                    <pc:Unicode>in ihrer Schalkheit.“</pc:Unicode>
                </pc:TextEquiv>
            </pc:TextLine>
            <pc:TextLine id="region0000_line0002">
                <pc:Coords points="571,538 924,538 924,606 571,606"/>
                <pc:Word id="region0000_line0002_word0000">
                    <pc:Coords points="571,539 752,539 752,590 571,590"/>
                    <pc:TextEquiv conf="0.905041351318359">
                        <pc:Unicode>Vierter</pc:Unicode>
                    </pc:TextEquiv>
                </pc:Word>
                <pc:Word id="region0000_line0002_word0001">
                    <pc:Coords points="768,538 924,538 924,606 768,606"/>
                    <pc:TextEquiv conf="0.905041351318359">
                        <pc:Unicode>Theil.</pc:Unicode>
                    </pc:TextEquiv>
                </pc:Word>
                <pc:TextEquiv conf="0.905041351318359">
                    <pc:Unicode>Vierter Theil.</pc:Unicode>
                </pc:TextEquiv>
            </pc:TextLine>
            <pc:TextLine id="region0000_line0003">
                <pc:Coords points="690,643 806,643 806,696 690,696"/>
                <pc:Word id="region0000_line0003_word0000">
                    <pc:Coords points="690,643 806,643 806,696 690,696"/>
                    <pc:TextEquiv conf="0.914649429321289">
                        <pc:Unicode>Von</pc:Unicode>
                    </pc:TextEquiv>
                </pc:Word>
                <pc:TextEquiv conf="0.914649429321289">
                    <pc:Unicode>Von</pc:Unicode>
                </pc:TextEquiv>
            </pc:TextLine>
            <pc:TextEquiv conf="0.787131077448527">
                <pc:Unicode>Herrnhuterey
in ihrer Schalkheit.“
Vierter Theil.
Von</pc:Unicode>
            </pc:TextEquiv>
        </pc:TextRegion>
        <pc:TextRegion id="region0001" orientation="0.183235926122961" readingDirection="left-to-right" textLineOrder="top-to-bottom">
            <pc:Coords points="326,701 1177,701 1177,848 326,848"/>
            <pc:TextLine id="region0001_line0000">
                <pc:Coords points="326,701 1177,701 1177,778 326,778"/>
                <pc:Word id="region0001_line0000_word0000">
                    <pc:Coords points="326,709 418,709 418,766 326,766"/>
                    <pc:TextEquiv conf="0.894992218017578">
                        <pc:Unicode>den</pc:Unicode>
                    </pc:TextEquiv>
                </pc:Word>
                <pc:Word id="region0001_line0000_word0001">
                    <pc:Coords points="454,701 900,701 900,778 454,778"/>
                    <pc:TextEquiv conf="0.894992218017578">
                        <pc:Unicode>Zinzendorfiſchen</pc:Unicode>
                    </pc:TextEquiv>
                </pc:Word>
                <pc:Word id="region0001_line0000_word0002">
                    <pc:Coords points="936,705 1177,705 1177,775 936,775"/>
                    <pc:TextEquiv conf="0.908281173706055">
                        <pc:Unicode>Haͤndeln</pc:Unicode>
                    </pc:TextEquiv>
                </pc:Word>
                <pc:TextEquiv conf="0.899421869913737">
                    <pc:Unicode>den Zinzendorfiſchen Haͤndeln</pc:Unicode>
                </pc:TextEquiv>
            </pc:TextLine>
            <pc:TextLine id="region0001_line0001">
                <pc:Coords points="510,776 1055,776 1055,848 510,848"/>
                <pc:Word id="region0001_line0001_word0000">
                    <pc:Coords points="510,780 563,780 563,836 510,836"/>
                    <pc:TextEquiv conf="0.929917755126953">
                        <pc:Unicode>in</pc:Unicode>
                    </pc:TextEquiv>
                </pc:Word>
                <pc:Word id="region0001_line0001_word0001">
                    <pc:Coords points="587,776 1055,776 1055,848 587,848"/>
                    <pc:TextEquiv conf="0.82505615234375">
                        <pc:Unicode>Penſilvanien.</pc:Unicode>
                    </pc:TextEquiv>
                </pc:Word>
                <pc:TextEquiv conf="0.877486953735352">
                    <pc:Unicode>in Penſilvanien.</pc:Unicode>
                </pc:TextEquiv>
            </pc:TextLine>
            <pc:TextEquiv conf="0.888454411824544">
                <pc:Unicode>den Zinzendorfiſchen Haͤndeln
in Penſilvanien.</pc:Unicode>
            </pc:TextEquiv>
        </pc:TextRegion>
        <pc:TextRegion id="region0002" orientation="0.183235926122961" readingDirection="left-to-right" textLineOrder="top-to-bottom">
            <pc:Coords points="66,919 1309,919 1309,1314 66,1314"/>
            <pc:TextLine id="region0002_line0000">
                <pc:Coords points="66,919 1308,919 1308,993 66,993"/>
                <pc:Word id="region0002_line0000_word0000">
                    <pc:Coords points="66,919 303,919 303,978 66,978"/>
                    <pc:TextEquiv conf="0.372069396972656">
                        <pc:Unicode>Wie</pc:Unicode>
                    </pc:TextEquiv>
                </pc:Word>
                <pc:Word id="region0002_line0000_word0001">
                    <pc:Coords points="322,920 398,920 398,983 322,983"/>
                    <pc:TextEquiv conf="0.919225921630859">
                        <pc:Unicode>ſich</pc:Unicode>
                    </pc:TextEquiv>
                </pc:Word>
                <pc:Word id="region0002_line0000_word0002">
                    <pc:Coords points="417,919 675,919 675,984 417,984"/>
                    <pc:TextEquiv conf="0.917465896606445">
                        <pc:Unicode>Zinzendorf</pc:Unicode>
                    </pc:TextEquiv>
                </pc:Word>
                <pc:Word id="region0002_line0000_word0003">
                    <pc:Coords points="692,924 796,924 796,982 692,982"/>
                    <pc:TextEquiv conf="0.93114875793457">
                        <pc:Unicode>ohne</pc:Unicode>
                    </pc:TextEquiv>
                </pc:Word>
                <pc:Word id="region0002_line0000_word0004">
                    <pc:Coords points="815,920 969,920 969,984 815,984"/>
                    <pc:TextEquiv conf="0.880907516479492">
                        <pc:Unicode>Beruf</pc:Unicode>
                    </pc:TextEquiv>
                </pc:Word>
                <pc:Word id="region0002_line0000_word0005">
                    <pc:Coords points="982,925 1057,925 1057,975 982,975"/>
                    <pc:TextEquiv conf="0.880907516479492">
                        <pc:Unicode>als</pc:Unicode>
                    </pc:TextEquiv>
                </pc:Word>
                <pc:Word id="region0002_line0000_word0006">
                    <pc:Coords points="1074,925 1142,925 1142,976 1074,976"/>
                    <pc:TextEquiv conf="0.926269454956055">
                        <pc:Unicode>ein</pc:Unicode>
                    </pc:TextEquiv>
                </pc:Word>
                <pc:Word id="region0002_line0000_word0007">
                    <pc:Coords points="1165,923 1308,923 1308,993 1165,993"/>
                    <pc:TextEquiv conf="0.793528518676758">
                        <pc:Unicode>Wolf</pc:Unicode>
                    </pc:TextEquiv>
                </pc:Word>
                <pc:TextEquiv conf="0.827690372467041">
                    <pc:Unicode>Wie ſich Zinzendorf ohne Beruf als ein Wolf</pc:Unicode>
                </pc:TextEquiv>
            </pc:TextLine>
            <pc:TextLine id="region0002_line0001">
                <pc:Coords points="102,987 1228,987 1228,1059 102,1059"/>
                <pc:Word id="region0002_line0001_word0000">
                    <pc:Coords points="102,1014 138,1014 138,1057 102,1057"/>
                    <pc:TextEquiv conf="0.332688980102539">
                        <pc:Unicode>6</pc:Unicode>
                    </pc:TextEquiv>
                </pc:Word>
                <pc:Word id="region0002_line0001_word0001">
                    <pc:Coords points="469,989 566,989 566,1035 469,1035"/>
                    <pc:TextEquiv conf="0.920460815429687">
                        <pc:Unicode>dort</pc:Unicode>
                    </pc:TextEquiv>
                </pc:Word>
                <pc:Word id="region0002_line0001_word0002">
                    <pc:Coords points="589,988 899,988 899,1059 589,1059"/>
                    <pc:TextEquiv conf="0.923866882324219">
                        <pc:Unicode>eingedrungen</pc:Unicode>
                    </pc:TextEquiv>
                </pc:Word>
                <pc:Word id="region0002_line0001_word0003">
                    <pc:Coords points="982,992 1228,992 1228,1057 982,1057"/>
                    <pc:TextEquiv conf="0.060752716064453">
                        <pc:Unicode>J——</pc:Unicode>
                    </pc:TextEquiv>
                </pc:Word>
                <pc:TextEquiv conf="0.559442348480225">
                    <pc:Unicode>6 dort eingedrungen J——</pc:Unicode>
                </pc:TextEquiv>
            </pc:TextLine>
            <pc:TextLine id="region0002_line0002">
                <pc:Coords points="96,1073 970,1073 970,1158 96,1158"/>
                <pc:Word id="region0002_line0002_word0000">
                    <pc:Coords points="96,1118 146,1118 146,1145 96,1145"/>
                    <pc:TextEquiv conf="0.154828262329102">
                        <pc:Unicode>43</pc:Unicode>
                    </pc:TextEquiv>
                </pc:Word>
                <pc:Word id="region0002_line0002_word0001">
                    <pc:Coords points="508,1073 676,1073 676,1135 508,1135"/>
                    <pc:TextEquiv conf="0.915738296508789">
                        <pc:Unicode>Erſtes</pc:Unicode>
                    </pc:TextEquiv>
                </pc:Word>
                <pc:Word id="region0002_line0002_word0002">
                    <pc:Coords points="692,1074 970,1074 970,1158 692,1158"/>
                    <pc:TextEquiv conf="0.545430908203125">
                        <pc:Unicode>Hauptſtůk</pc:Unicode>
                    </pc:TextEquiv>
                </pc:Word>
                <pc:TextEquiv conf="0.538665822347005">
                    <pc:Unicode>43 Erſtes Hauptſtůk</pc:Unicode>
                </pc:TextEquiv>
            </pc:TextLine>
            <pc:TextLine id="region0002_line0003">
                <pc:Coords points="197,1150 1305,1150 1305,1213 197,1213"/>
                <pc:Word id="region0002_line0003_word0000">
                    <pc:Coords points="244,1205 244,1150 197,1150 197,1205"/>
                    <pc:TextEquiv conf="0.">
                        <pc:Unicode>)</pc:Unicode>
                    </pc:TextEquiv>
                </pc:Word>
                <pc:Word id="region0002_line0003_word0001">
                    <pc:Coords points="260,1150 523,1150 523,1204 260,1204"/>
                    <pc:TextEquiv conf="0.884704513549805">
                        <pc:Unicode>Veranlaſung</pc:Unicode>
                    </pc:TextEquiv>
                </pc:Word>
                <pc:Word id="region0002_line0003_word0002">
                    <pc:Coords points="534,1163 576,1163 576,1204 534,1204"/>
                    <pc:TextEquiv conf="0.932426300048828">
                        <pc:Unicode>zu</pc:Unicode>
                    </pc:TextEquiv>
                </pc:Word>
                <pc:Word id="region0002_line0003_word0003">
                    <pc:Coords points="586,1153 717,1153 717,1203 586,1203"/>
                    <pc:TextEquiv conf="0.530525550842285">
                        <pc:Unicode>dieſen</pc:Unicode>
                    </pc:TextEquiv>
                </pc:Word>
                <pc:Word id="region0002_line0003_word0004">
                    <pc:Coords points="820,1152 967,1152 967,1203 820,1203"/>
                    <pc:TextEquiv conf="0.568711433410645">
                        <pc:Unicode>Abſicht</pc:Unicode>
                    </pc:TextEquiv>
                </pc:Word>
                <pc:Word id="region0002_line0003_word0005">
                    <pc:Coords points="1000,1150 1119,1150 1119,1205 1000,1205"/>
                    <pc:TextEquiv conf="0.929021987915039">
                        <pc:Unicode>dieſes</pc:Unicode>
                    </pc:TextEquiv>
                </pc:Word>
                <pc:Word id="region0002_line0003_word0006">
                    <pc:Coords points="1152,1153 1305,1153 1305,1213 1152,1213"/>
                    <pc:TextEquiv conf="0.912696990966797">
                        <pc:Unicode>Vorge⸗</pc:Unicode>
                    </pc:TextEquiv>
                </pc:Word>
                <pc:TextEquiv conf="0.822583825247628">
                    <pc:Unicode>) Veranlaſung zu dieſen Abſicht dieſes Vorge⸗</pc:Unicode>
                </pc:TextEquiv>
            </pc:TextLine>
            <pc:TextLine id="region0002_line0004">
                <pc:Coords points="154,1205 1173,1205 1173,1260 154,1260"/>
                <pc:Word id="region0002_line0004_word0000">
                    <pc:Coords points="154,1205 465,1205 465,1255 154,1255"/>
                    <pc:TextEquiv conf="0.70665283203125">
                        <pc:Unicode>Vorhaben,</pc:Unicode>
                    </pc:TextEquiv>
                </pc:Word>
                <pc:Word id="region0002_line0004_word0001">
                    <pc:Coords points="499,1208 576,1208 576,1260 499,1260"/>
                    <pc:TextEquiv conf="0.921749496459961">
                        <pc:Unicode>und</pc:Unicode>
                    </pc:TextEquiv>
                </pc:Word>
                <pc:Word id="region0002_line0004_word0002">
                    <pc:Coords points="606,1206 719,1206 719,1257 606,1257"/>
                    <pc:TextEquiv conf="0.899856414794922">
                        <pc:Unicode>kurtze</pc:Unicode>
                    </pc:TextEquiv>
                </pc:Word>
                <pc:Word id="region0002_line0004_word0003">
                    <pc:Coords points="813,1206 932,1206 932,1253 813,1253"/>
                    <pc:TextEquiv conf="0.880174865722656">
                        <pc:Unicode>bens,</pc:Unicode>
                    </pc:TextEquiv>
                </pc:Word>
                <pc:Word id="region0002_line0004_word0004">
                    <pc:Coords points="960,1207 1173,1207 1173,1259 960,1259"/>
                    <pc:TextEquiv conf="0.387707824707031">
                        <pc:Unicode>8.9.</pc:Unicode>
                    </pc:TextEquiv>
                </pc:Word>
                <pc:TextEquiv conf="0.759228286743164">
                    <pc:Unicode>Vorhaben, und kurtze bens, 8.9.</pc:Unicode>
                </pc:TextEquiv>
            </pc:TextLine>
            <pc:TextLine id="region0002_line0005">
                <pc:Coords points="238,1258 1309,1258 1309,1314 238,1314"/>
                <pc:Word id="region0002_line0005_word0000">
                    <pc:Coords points="238,1258 438,1258 438,1310 238,1310"/>
                    <pc:TextEquiv conf="0.907722473144531">
                        <pc:Unicode>hiſtoriſche</pc:Unicode>
                    </pc:TextEquiv>
                </pc:Word>
                <pc:Word id="region0002_line0005_word0001">
                    <pc:Coords points="473,1258 717,1258 717,1308 473,1308"/>
                    <pc:TextEquiv conf="0.915831527709961">
                        <pc:Unicode>Einleitung,</pc:Unicode>
                    </pc:TextEquiv>
                </pc:Word>
                <pc:Word id="region0002_line0005_word0002">
                    <pc:Coords points="769,1263 813,1263 813,1308 769,1308"/>
                    <pc:TextEquiv conf="0.876891403198242">
                        <pc:Unicode>3)</pc:Unicode>
                    </pc:TextEquiv>
                </pc:Word>
                <pc:Word id="region0002_line0005_word0003">
                    <pc:Coords points="837,1258 974,1258 974,1308 837,1308"/>
                    <pc:TextEquiv conf="0.922313995361328">
                        <pc:Unicode>Dieſes</pc:Unicode>
                    </pc:TextEquiv>
                </pc:Word>
                <pc:Word id="region0002_line0005_word0004">
                    <pc:Coords points="992,1261 1088,1261 1088,1302 992,1302"/>
                    <pc:TextEquiv conf="0.917407531738281">
                        <pc:Unicode>wird</pc:Unicode>
                    </pc:TextEquiv>
                </pc:Word>
                <pc:Word id="region0002_line0005_word0005">
                    <pc:Coords points="1106,1262 1309,1262 1309,1314 1106,1314"/>
                    <pc:TextEquiv conf="0.92559700012207">
                        <pc:Unicode>verglichen</pc:Unicode>
                    </pc:TextEquiv>
                </pc:Word>
                <pc:TextEquiv conf="0.910960655212402">
                    <pc:Unicode>hiſtoriſche Einleitung, 3) Dieſes wird verglichen</pc:Unicode>
                </pc:TextEquiv>
            </pc:TextLine>
            <pc:TextEquiv conf="0.736428551749578">
                <pc:Unicode>Wie ſich Zinzendorf ohne Beruf als ein Wolf
6 dort eingedrungen J——
43 Erſtes Hauptſtůk
) Veranlaſung zu dieſen Abſicht dieſes Vorge⸗
Vorhaben, und kurtze bens, 8.9.
hiſtoriſche Einleitung, 3) Dieſes wird verglichen</pc:Unicode>
            </pc:TextEquiv>
        </pc:TextRegion>
        <pc:TextRegion id="region0003" orientation="0.183235926122961" readingDirection="left-to-right" textLineOrder="top-to-bottom">
            <pc:Coords points="193,1312 1309,1312 1309,1418 193,1418"/>
            <pc:TextLine id="region0003_line0000">
                <pc:Coords points="236,1312 1309,1312 1309,1365 236,1365"/>
                <pc:Word id="region0003_line0000_word0000">
                    <pc:Coords points="236,1317 373,1317 373,1360 236,1360"/>
                    <pc:TextEquiv conf="0.121593551635742">
                        <pc:Unicode>———</pc:Unicode>
                    </pc:TextEquiv>
                </pc:Word>
                <pc:Word id="region0003_line0000_word0001">
                    <pc:Coords points="820,1313 894,1313 894,1352 820,1352"/>
                    <pc:TextEquiv conf="0.565860061645508">
                        <pc:Unicode>mis</pc:Unicode>
                    </pc:TextEquiv>
                </pc:Word>
                <pc:Word id="region0003_line0000_word0002">
                    <pc:Coords points="927,1313 996,1313 996,1352 927,1352"/>
                    <pc:TextEquiv conf="0.930532608032227">
                        <pc:Unicode>den</pc:Unicode>
                    </pc:TextEquiv>
                </pc:Word>
                <pc:Word id="region0003_line0000_word0003">
                    <pc:Coords points="1030,1312 1309,1312 1309,1365 1030,1365"/>
                    <pc:TextEquiv conf="0.911867523193359">
                        <pc:Unicode>Eigenſchaften</pc:Unicode>
                    </pc:TextEquiv>
                </pc:Word>
                <pc:TextEquiv conf="0.632463436126709">
                    <pc:Unicode>——— mis den Eigenſchaften</pc:Unicode>
                </pc:TextEquiv>
            </pc:TextLine>
            <pc:TextLine id="region0003_line0001">
                <pc:Coords points="193,1361 1308,1361 1308,1418 193,1418"/>
                <pc:Word id="region0003_line0001_word0000">
                    <pc:Coords points="193,1364 233,1364 233,1414 193,1414"/>
                    <pc:TextEquiv conf="0.782420959472656">
                        <pc:Unicode>2)</pc:Unicode>
                    </pc:TextEquiv>
                </pc:Word>
                <pc:Word id="region0003_line0001_word0001">
                    <pc:Coords points="261,1363 352,1363 352,1406 261,1406"/>
                    <pc:TextEquiv conf="0.911067428588867">
                        <pc:Unicode>Von</pc:Unicode>
                    </pc:TextEquiv>
                </pc:Word>
                <pc:Word id="region0003_line0001_word0002">
                    <pc:Coords points="390,1366 452,1366 452,1404 390,1404"/>
                    <pc:TextEquiv conf="0.930934219360352">
                        <pc:Unicode>der</pc:Unicode>
                    </pc:TextEquiv>
                </pc:Word>
                <pc:Word id="region0003_line0001_word0003">
                    <pc:Coords points="484,1361 719,1361 719,1414 484,1414"/>
                    <pc:TextEquiv conf="0.408804664611816">
                        <pc:Unicode>angeblichen</pc:Unicode>
                    </pc:TextEquiv>
                </pc:Word>
                <pc:Word id="region0003_line0001_word0004">
                    <pc:Coords points="899,1361 778,1361 778,1418 899,1418"/>
                    <pc:TextEquiv conf="0.408804664611816">
                        <pc:Unicode>eines</pc:Unicode>
                    </pc:TextEquiv>
                </pc:Word>
                <pc:Word id="region0003_line0001_word0005">
                    <pc:Coords points="903,1363 1308,1363 1308,1418 903,1418"/>
                    <pc:TextEquiv conf="0.907081298828125">
                        <pc:Unicode>Lutheriſchen</pc:Unicode>
                    </pc:TextEquiv>
                </pc:Word>
                <pc:Word id="region0003_line0001_word0006">
                    <pc:Coords points="1199,1418 1308,1418 1308,1361 1199,1361"/>
                    <pc:TextEquiv conf="0.922004013061523">
                        <pc:Unicode>Pfar⸗</pc:Unicode>
                    </pc:TextEquiv>
                </pc:Word>
                <pc:TextEquiv conf="0.753016749790737">
                    <pc:Unicode>2) Von der angeblichen eines Lutheriſchen Pfar⸗</pc:Unicode>
                </pc:TextEquiv>
            </pc:TextLine>
            <pc:TextEquiv conf="0.692740092958723">
                <pc:Unicode>——— mis den Eigenſchaften
2) Von der angeblichen eines Lutheriſchen Pfar⸗</pc:Unicode>
            </pc:TextEquiv>
        </pc:TextRegion>
        <pc:TextRegion id="region0006" orientation="0.183235926122961" readingDirection="left-to-right" textLineOrder="top-to-bottom">
            <pc:Coords points="236,1407 723,1407 723,1780 236,1780"/>
            <pc:TextLine id="region0006_line0000">
                <pc:Coords points="239,1407 720,1407 720,1466 239,1466"/>
                <pc:Word id="region0006_line0000_word0000">
                    <pc:Coords points="239,1416 510,1416 510,1466 239,1466"/>
                    <pc:TextEquiv conf="0.887597351074219">
                        <pc:Unicode>Niederlegung</pc:Unicode>
                    </pc:TextEquiv>
                </pc:Word>
                <pc:Word id="region0006_line0000_word0001">
                    <pc:Coords points="521,1416 587,1416 587,1455 521,1455"/>
                    <pc:TextEquiv conf="0.90696159362793">
                        <pc:Unicode>des</pc:Unicode>
                    </pc:TextEquiv>
                </pc:Word>
                <pc:Word id="region0006_line0000_word0002">
                    <pc:Coords points="598,1407 720,1407 720,1463 598,1463"/>
                    <pc:TextEquiv conf="0.919079437255859">
                        <pc:Unicode>Maͤh⸗</pc:Unicode>
                    </pc:TextEquiv>
                </pc:Word>
                <pc:TextEquiv conf="0.904546127319336">
                    <pc:Unicode>Niederlegung des Maͤh⸗</pc:Unicode>
                </pc:TextEquiv>
            </pc:TextLine>
            <pc:TextLine id="region0006_line0001">
                <pc:Coords points="238,1467 721,1467 721,1519 238,1519"/>
                <pc:Word id="region0006_line0001_word0000">
                    <pc:Coords points="238,1468 371,1468 371,1519 238,1519"/>
                    <pc:TextEquiv conf="0.877166900634766">
                        <pc:Unicode>riſchen</pc:Unicode>
                    </pc:TextEquiv>
                </pc:Word>
                <pc:Word id="region0006_line0001_word0001">
                    <pc:Coords points="428,1467 721,1467 721,1518 428,1518"/>
                    <pc:TextEquiv conf="0.674224700927734">
                        <pc:Unicode>Biſchofamtes</pc:Unicode>
                    </pc:TextEquiv>
                </pc:Word>
                <pc:TextEquiv conf="0.77569580078125">
                    <pc:Unicode>riſchen Biſchofamtes</pc:Unicode>
                </pc:TextEquiv>
            </pc:TextLine>
            <pc:TextLine id="region0006_line0002">
                <pc:Coords points="239,1520 721,1520 721,1569 239,1569"/>
                <pc:Word id="region0006_line0002_word0000">
                    <pc:Coords points="239,1521 299,1521 299,1564 239,1564"/>
                    <pc:TextEquiv conf="0.918615798950195">
                        <pc:Unicode>Es</pc:Unicode>
                    </pc:TextEquiv>
                </pc:Word>
                <pc:Word id="region0006_line0002_word0001">
                    <pc:Coords points="318,1523 414,1523 414,1562 318,1562"/>
                    <pc:TextEquiv conf="0.930447845458984">
                        <pc:Unicode>wird</pc:Unicode>
                    </pc:TextEquiv>
                </pc:Word>
                <pc:Word id="region0006_line0002_word0002">
                    <pc:Coords points="433,1520 658,1520 658,1568 433,1568"/>
                    <pc:TextEquiv conf="0.879210586547852">
                        <pc:Unicode>unterſuchet</pc:Unicode>
                    </pc:TextEquiv>
                </pc:Word>
                <pc:Word id="region0006_line0002_word0003">
                    <pc:Coords points="681,1520 721,1520 721,1569 681,1569"/>
                    <pc:TextEquiv conf="0.789478912353516">
                        <pc:Unicode>4)</pc:Unicode>
                    </pc:TextEquiv>
                </pc:Word>
                <pc:TextEquiv conf="0.879438285827637">
                    <pc:Unicode>Es wird unterſuchet 4)</pc:Unicode>
                </pc:TextEquiv>
            </pc:TextLine>
            <pc:TextLine id="region0006_line0003">
                <pc:Coords points="236,1568 721,1568 721,1626 236,1626"/>
                <pc:Word id="region0006_line0003_word0000">
                    <pc:Coords points="236,1573 284,1573 284,1614 236,1614"/>
                    <pc:TextEquiv conf="0.925269393920898">
                        <pc:Unicode>ob</pc:Unicode>
                    </pc:TextEquiv>
                </pc:Word>
                <pc:Word id="region0006_line0003_word0001">
                    <pc:Coords points="301,1572 352,1572 352,1626 301,1626"/>
                    <pc:TextEquiv conf="0.926735382080078">
                        <pc:Unicode>ſie</pc:Unicode>
                    </pc:TextEquiv>
                </pc:Word>
                <pc:Word id="region0006_line0003_word0002">
                    <pc:Coords points="366,1568 574,1568 574,1623 366,1623"/>
                    <pc:TextEquiv conf="0.930229949951172">
                        <pc:Unicode>rechtmaͤſig</pc:Unicode>
                    </pc:TextEquiv>
                </pc:Word>
                <pc:Word id="region0006_line0003_word0003">
                    <pc:Coords points="589,1572 721,1572 721,1625 589,1625"/>
                    <pc:TextEquiv conf="0.928953170776367">
                        <pc:Unicode>geſche⸗</pc:Unicode>
                    </pc:TextEquiv>
                </pc:Word>
                <pc:TextEquiv conf="0.927796974182129">
                    <pc:Unicode>ob ſie rechtmaͤſig geſche⸗</pc:Unicode>
                </pc:TextEquiv>
            </pc:TextLine>
            <pc:TextLine id="region0006_line0004">
                <pc:Coords points="239,1624 720,1624 720,1675 239,1675"/>
                <pc:Word id="region0006_line0004_word0000">
                    <pc:Coords points="239,1626 306,1626 306,1675 239,1675"/>
                    <pc:TextEquiv conf="0.923657836914062">
                        <pc:Unicode>hen</pc:Unicode>
                    </pc:TextEquiv>
                </pc:Word>
                <pc:Word id="region0006_line0004_word0001">
                    <pc:Coords points="478,1624 323,1624 323,1675 478,1675"/>
                    <pc:TextEquiv conf="0.913163833618164">
                        <pc:Unicode>koͤnnen,</pc:Unicode>
                    </pc:TextEquiv>
                </pc:Word>
                <pc:Word id="region0006_line0004_word0002">
                    <pc:Coords points="503,1628 580,1628 580,1665 503,1665"/>
                    <pc:TextEquiv conf="0.92667854309082">
                        <pc:Unicode>und</pc:Unicode>
                    </pc:TextEquiv>
                </pc:Word>
                <pc:Word id="region0006_line0004_word0003">
                    <pc:Coords points="597,1624 720,1624 720,1666 597,1666"/>
                    <pc:TextEquiv conf="0.927167434692383">
                        <pc:Unicode>wuͤrk⸗</pc:Unicode>
                    </pc:TextEquiv>
                </pc:Word>
                <pc:TextEquiv conf="0.922666912078857">
                    <pc:Unicode>hen koͤnnen, und wuͤrk⸗</pc:Unicode>
                </pc:TextEquiv>
            </pc:TextLine>
            <pc:TextLine id="region0006_line0005">
                <pc:Coords points="237,1676 723,1676 723,1730 237,1730"/>
                <pc:Word id="region0006_line0005_word0000">
                    <pc:Coords points="237,1679 303,1679 303,1730 237,1730"/>
                    <pc:TextEquiv conf="0.920853958129883">
                        <pc:Unicode>lich</pc:Unicode>
                    </pc:TextEquiv>
                </pc:Word>
                <pc:Word id="region0006_line0005_word0001">
                    <pc:Coords points="315,1676 499,1676 499,1728 315,1728"/>
                    <pc:TextEquiv conf="0.921216430664062">
                        <pc:Unicode>geſchehen</pc:Unicode>
                    </pc:TextEquiv>
                </pc:Word>
                <pc:Word id="region0006_line0005_word0002">
                    <pc:Coords points="510,1677 607,1677 607,1727 510,1727"/>
                    <pc:TextEquiv conf="0.90585563659668">
                        <pc:Unicode>ſeye,</pc:Unicode>
                    </pc:TextEquiv>
                </pc:Word>
                <pc:Word id="region0006_line0005_word0003">
                    <pc:Coords points="636,1679 667,1679 667,1726 636,1726"/>
                    <pc:TextEquiv conf="0.390469741821289">
                        <pc:Unicode>d</pc:Unicode>
                    </pc:TextEquiv>
                </pc:Word>
                <pc:Word id="region0006_line0005_word0004">
                    <pc:Coords points="681,1685 723,1685 723,1725 681,1725"/>
                    <pc:TextEquiv conf="0.820943222045898">
                        <pc:Unicode>3⸗</pc:Unicode>
                    </pc:TextEquiv>
                </pc:Word>
                <pc:TextEquiv conf="0.791867797851562">
                    <pc:Unicode>lich geſchehen ſeye, d 3⸗</pc:Unicode>
                </pc:TextEquiv>
            </pc:TextLine>
            <pc:TextLine id="region0006_line0006">
                <pc:Coords points="240,1728 722,1728 722,1780 240,1780"/>
                <pc:Word id="region0006_line0006_word0000">
                    <pc:Coords points="240,1736 280,1736 280,1776 240,1776"/>
                    <pc:TextEquiv conf="0.869408950805664">
                        <pc:Unicode>8.</pc:Unicode>
                    </pc:TextEquiv>
                </pc:Word>
                <pc:Word id="region0006_line0006_word0001">
                    <pc:Coords points="329,1732 378,1732 378,1780 329,1780"/>
                    <pc:TextEquiv conf="0.869408950805664">
                        <pc:Unicode>6)</pc:Unicode>
                    </pc:TextEquiv>
                </pc:Word>
                <pc:Word id="region0006_line0006_word0002">
                    <pc:Coords points="415,1731 471,1731 471,1771 415,1771"/>
                    <pc:TextEquiv conf="0.917074890136719">
                        <pc:Unicode>die</pc:Unicode>
                    </pc:TextEquiv>
                </pc:Word>
                <pc:Word id="region0006_line0006_word0003">
                    <pc:Coords points="506,1728 722,1728 722,1780 506,1780"/>
                    <pc:TextEquiv conf="0.899522476196289">
                        <pc:Unicode>ſchalkhafte</pc:Unicode>
                    </pc:TextEquiv>
                </pc:Word>
                <pc:TextEquiv conf="0.888853816986084">
                    <pc:Unicode>8. 6) die ſchalkhafte</pc:Unicode>
                </pc:TextEquiv>
            </pc:TextLine>
            <pc:TextEquiv conf="0.870123673575265">
                <pc:Unicode>Niederlegung des Maͤh⸗
riſchen Biſchofamtes
Es wird unterſuchet 4)
ob ſie rechtmaͤſig geſche⸗
hen koͤnnen, und wuͤrk⸗
lich geſchehen ſeye, d 3⸗
8. 6) die ſchalkhafte</pc:Unicode>
            </pc:TextEquiv>
        </pc:TextRegion>
        <pc:TextRegion id="region0007" orientation="0.183235926122961" readingDirection="left-to-right" textLineOrder="top-to-bottom">
            <pc:Coords points="821,1414 1311,1414 1311,1730 821,1730"/>
            <pc:TextLine id="region0007_line0000">
                <pc:Coords points="824,1414 1307,1414 1307,1470 824,1470"/>
                <pc:Word id="region0007_line0000_word0000">
                    <pc:Coords points="824,1416 937,1416 937,1463 824,1463"/>
                    <pc:TextEquiv conf="0.916632080078125">
                        <pc:Unicode>rers,</pc:Unicode>
                    </pc:TextEquiv>
                </pc:Word>
                <pc:Word id="region0007_line0000_word0001">
                    <pc:Coords points="965,1414 1097,1414 1097,1468 965,1468"/>
                    <pc:TextEquiv conf="0.898867416381836">
                        <pc:Unicode>(dafuͤr</pc:Unicode>
                    </pc:TextEquiv>
                </pc:Word>
                <pc:Word id="region0007_line0000_word0002">
                    <pc:Coords points="1125,1418 1191,1418 1191,1468 1125,1468"/>
                    <pc:TextEquiv conf="0.926389541625977">
                        <pc:Unicode>ſich</pc:Unicode>
                    </pc:TextEquiv>
                </pc:Word>
                <pc:Word id="region0007_line0000_word0003">
                    <pc:Coords points="1218,1419 1307,1419 1307,1470 1218,1470"/>
                    <pc:TextEquiv conf="0.735891418457031">
                        <pc:Unicode>Zin⸗</pc:Unicode>
                    </pc:TextEquiv>
                </pc:Word>
                <pc:TextEquiv conf="0.869445114135742">
                    <pc:Unicode>rers, (dafuͤr ſich Zin⸗</pc:Unicode>
                </pc:TextEquiv>
            </pc:TextLine>
            <pc:TextLine id="region0007_line0001">
                <pc:Coords points="824,1469 1309,1469 1309,1520 824,1520"/>
                <pc:Word id="region0007_line0001_word0000">
                    <pc:Coords points="824,1469 972,1469 972,1519 824,1519"/>
                    <pc:TextEquiv conf="0.925427474975586">
                        <pc:Unicode>zerdorf</pc:Unicode>
                    </pc:TextEquiv>
                </pc:Word>
                <pc:Word id="region0007_line0001_word0001">
                    <pc:Coords points="987,1470 1027,1470 1027,1509 987,1509"/>
                    <pc:TextEquiv conf="0.926643676757812">
                        <pc:Unicode>in</pc:Unicode>
                    </pc:TextEquiv>
                </pc:Word>
                <pc:Word id="region0007_line0001_word0002">
                    <pc:Coords points="1045,1469 1309,1469 1309,1520 1045,1520"/>
                    <pc:TextEquiv conf="0.91632438659668">
                        <pc:Unicode>Penſilvanien</pc:Unicode>
                    </pc:TextEquiv>
                </pc:Word>
                <pc:TextEquiv conf="0.922798512776693">
                    <pc:Unicode>zerdorf in Penſilvanien</pc:Unicode>
                </pc:TextEquiv>
            </pc:TextLine>
            <pc:TextLine id="region0007_line0002">
                <pc:Coords points="824,1520 1310,1520 1310,1572 824,1572"/>
                <pc:Word id="region0007_line0002_word0000">
                    <pc:Coords points="824,1520 1155,1520 1155,1572 824,1572"/>
                    <pc:TextEquiv conf="0.843506469726563">
                        <pc:Unicode>ausgegeben)und</pc:Unicode>
                    </pc:TextEquiv>
                </pc:Word>
                <pc:Word id="region0007_line0002_word0001">
                    <pc:Coords points="1166,1526 1222,1526 1222,1566 1166,1566"/>
                    <pc:TextEquiv conf="0.923285064697266">
                        <pc:Unicode>die</pc:Unicode>
                    </pc:TextEquiv>
                </pc:Word>
                <pc:Word id="region0007_line0002_word0002">
                    <pc:Coords points="1230,1528 1310,1528 1310,1568 1230,1568"/>
                    <pc:TextEquiv conf="0.924225540161133">
                        <pc:Unicode>Un⸗</pc:Unicode>
                    </pc:TextEquiv>
                </pc:Word>
                <pc:TextEquiv conf="0.89700569152832">
                    <pc:Unicode>ausgegeben)und die Un⸗</pc:Unicode>
                </pc:TextEquiv>
            </pc:TextLine>
            <pc:TextLine id="region0007_line0003">
                <pc:Coords points="821,1570 1310,1570 1310,1629 821,1629"/>
                <pc:Word id="region0007_line0003_word0000">
                    <pc:Coords points="821,1570 1051,1570 1051,1624 821,1624"/>
                    <pc:TextEquiv conf="0.925929794311523">
                        <pc:Unicode>moͤglichkeit</pc:Unicode>
                    </pc:TextEquiv>
                </pc:Word>
                <pc:Word id="region0007_line0003_word0001">
                    <pc:Coords points="1073,1577 1177,1577 1177,1617 1073,1617"/>
                    <pc:TextEquiv conf="0.927792816162109">
                        <pc:Unicode>eines</pc:Unicode>
                    </pc:TextEquiv>
                </pc:Word>
                <pc:Word id="region0007_line0003_word0002">
                    <pc:Coords points="1200,1579 1310,1579 1310,1629 1200,1629"/>
                    <pc:TextEquiv conf="0.909438095092773">
                        <pc:Unicode>wah⸗</pc:Unicode>
                    </pc:TextEquiv>
                </pc:Word>
                <pc:TextEquiv conf="0.921053568522135">
                    <pc:Unicode>moͤglichkeit eines wah⸗</pc:Unicode>
                </pc:TextEquiv>
            </pc:TextLine>
            <pc:TextLine id="region0007_line0004">
                <pc:Coords points="823,1626 1311,1626 1311,1678 823,1678"/>
                <pc:Word id="region0007_line0004_word0000">
                    <pc:Coords points="823,1636 888,1636 888,1666 823,1666"/>
                    <pc:TextEquiv conf="0.928737258911133">
                        <pc:Unicode>ren</pc:Unicode>
                    </pc:TextEquiv>
                </pc:Word>
                <pc:Word id="region0007_line0004_word0001">
                    <pc:Coords points="908,1626 1055,1626 1055,1678 908,1678"/>
                    <pc:TextEquiv conf="0.926833190917969">
                        <pc:Unicode>Berufs</pc:Unicode>
                    </pc:TextEquiv>
                </pc:Word>
                <pc:Word id="region0007_line0004_word0002">
                    <pc:Coords points="1080,1629 1227,1629 1227,1672 1080,1672"/>
                    <pc:TextEquiv conf="0.927714080810547">
                        <pc:Unicode>daraus</pc:Unicode>
                    </pc:TextEquiv>
                </pc:Word>
                <pc:Word id="region0007_line0004_word0003">
                    <pc:Coords points="1253,1639 1311,1639 1311,1673 1253,1673"/>
                    <pc:TextEquiv conf="0.922618713378906">
                        <pc:Unicode>er⸗</pc:Unicode>
                    </pc:TextEquiv>
                </pc:Word>
                <pc:TextEquiv conf="0.926475811004639">
                    <pc:Unicode>ren Berufs daraus er⸗</pc:Unicode>
                </pc:TextEquiv>
            </pc:TextLine>
            <pc:TextLine id="region0007_line0005">
                <pc:Coords points="821,1677 1172,1677 1172,1730 821,1730"/>
                <pc:Word id="region0007_line0005_word0000">
                    <pc:Coords points="821,1677 968,1677 968,1728 821,1728"/>
                    <pc:TextEquiv conf="0.78080207824707">
                        <pc:Unicode>wieſen.</pc:Unicode>
                    </pc:TextEquiv>
                </pc:Word>
                <pc:Word id="region0007_line0005_word0001">
                    <pc:Coords points="988,1681 1022,1681 1022,1729 988,1729"/>
                    <pc:TextEquiv conf="0.31738410949707">
                        <pc:Unicode>d.</pc:Unicode>
                    </pc:TextEquiv>
                </pc:Word>
                <pc:Word id="region0007_line0005_word0002">
                    <pc:Coords points="1038,1690 1172,1690 1172,1730 1038,1730"/>
                    <pc:TextEquiv conf="0.566516914367676">
                        <pc:Unicode>10⸗13.</pc:Unicode>
                    </pc:TextEquiv>
                </pc:Word>
                <pc:TextEquiv conf="0.554901034037272">
                    <pc:Unicode>wieſen. d. 10⸗13.</pc:Unicode>
                </pc:TextEquiv>
            </pc:TextLine>
            <pc:TextEquiv conf="0.848613288667467">
                <pc:Unicode>rers, (dafuͤr ſich Zin⸗
zerdorf in Penſilvanien
ausgegeben)und die Un⸗
moͤglichkeit eines wah⸗
ren Berufs daraus er⸗
wieſen. d. 10⸗13.</pc:Unicode>
            </pc:TextEquiv>
        </pc:TextRegion>
        <pc:TextRegion id="region0008" orientation="0.183235926122961" type="heading" readingDirection="left-to-right" textLineOrder="top-to-bottom">
            <pc:Coords points="488,1794 1311,1794 1311,2109 488,2109"/>
            <pc:TextLine id="region0008_line0000">
                <pc:Coords points="677,1794 825,1794 825,1854 677,1854"/>
                <pc:Word id="region0008_line0000_word0000">
                    <pc:Coords points="677,1794 717,1794 717,1854 677,1854"/>
                    <pc:TextEquiv conf="0.807237701416016">
                        <pc:Unicode>§.</pc:Unicode>
                    </pc:TextEquiv>
                </pc:Word>
                <pc:Word id="region0008_line0000_word0001">
                    <pc:Coords points="788,1811 825,1811 825,1841 788,1841"/>
                    <pc:TextEquiv conf="0.334891510009766">
                        <pc:Unicode>1</pc:Unicode>
                    </pc:TextEquiv>
                </pc:Word>
                <pc:TextEquiv conf="0.571064605712891">
                    <pc:Unicode>§. 1</pc:Unicode>
                </pc:TextEquiv>
            </pc:TextLine>
            <pc:TextLine id="region0008_line0001">
                <pc:Coords points="488,1854 1310,1854 1310,1920 488,1920"/>
                <pc:Word id="region0008_line0001_word0000">
                    <pc:Coords points="488,1854 570,1854 570,1908 488,1908"/>
                    <pc:TextEquiv conf="0.907264175415039">
                        <pc:Unicode>On</pc:Unicode>
                    </pc:TextEquiv>
                </pc:Word>
                <pc:Word id="region0008_line0001_word0001">
                    <pc:Coords points="592,1859 669,1859 669,1907 592,1907"/>
                    <pc:TextEquiv conf="0.920798645019531">
                        <pc:Unicode>den</pc:Unicode>
                    </pc:TextEquiv>
                </pc:Word>
                <pc:Word id="region0008_line0001_word0002">
                    <pc:Coords points="681,1856 1045,1856 1045,1919 681,1919"/>
                    <pc:TextEquiv conf="0.921309204101562">
                        <pc:Unicode>Penſilvaniſchen</pc:Unicode>
                    </pc:TextEquiv>
                </pc:Word>
                <pc:Word id="region0008_line0001_word0003">
                    <pc:Coords points="1057,1855 1310,1855 1310,1920 1057,1920"/>
                    <pc:TextEquiv conf="0.916299667358398">
                        <pc:Unicode>Bewegun⸗</pc:Unicode>
                    </pc:TextEquiv>
                </pc:Word>
                <pc:TextEquiv conf="0.916417922973633">
                    <pc:Unicode>On den Penſilvaniſchen Bewegun⸗</pc:Unicode>
                </pc:TextEquiv>
            </pc:TextLine>
            <pc:TextLine id="region0008_line0002">
                <pc:Coords points="519,1920 1309,1920 1309,1983 519,1983"/>
                <pc:Word id="region0008_line0002_word0000">
                    <pc:Coords points="519,1931 598,1931 598,1977 519,1977"/>
                    <pc:TextEquiv conf="0.922400512695313">
                        <pc:Unicode>gen</pc:Unicode>
                    </pc:TextEquiv>
                </pc:Word>
                <pc:Word id="region0008_line0002_word0001">
                    <pc:Coords points="617,1923 690,1923 690,1974 617,1974"/>
                    <pc:TextEquiv conf="0.928520355224609">
                        <pc:Unicode>der</pc:Unicode>
                    </pc:TextEquiv>
                </pc:Word>
                <pc:Word id="region0008_line0002_word0002">
                    <pc:Coords points="710,1920 979,1920 979,1981 710,1981"/>
                    <pc:TextEquiv conf="0.925608062744141">
                        <pc:Unicode>Herrnhuter</pc:Unicode>
                    </pc:TextEquiv>
                </pc:Word>
                <pc:Word id="region0008_line0002_word0003">
                    <pc:Coords points="1001,1929 1089,1929 1089,1972 1001,1972"/>
                    <pc:TextEquiv conf="0.919536361694336">
                        <pc:Unicode>und</pc:Unicode>
                    </pc:TextEquiv>
                </pc:Word>
                <pc:Word id="region0008_line0002_word0004">
                    <pc:Coords points="1107,1925 1225,1925 1225,1983 1107,1983"/>
                    <pc:TextEquiv conf="0.924198913574219">
                        <pc:Unicode>ihres</pc:Unicode>
                    </pc:TextEquiv>
                </pc:Word>
                <pc:Word id="region0008_line0002_word0005">
                    <pc:Coords points="1236,1926 1309,1926 1309,1979 1236,1979"/>
                    <pc:TextEquiv conf="0.923516998291016">
                        <pc:Unicode>O⸗</pc:Unicode>
                    </pc:TextEquiv>
                </pc:Word>
                <pc:TextEquiv conf="0.923963534037272">
                    <pc:Unicode>gen der Herrnhuter und ihres O⸗</pc:Unicode>
                </pc:TextEquiv>
            </pc:TextLine>
            <pc:TextLine id="region0008_line0003">
                <pc:Coords points="518,1980 1310,1980 1310,2047 518,2047"/>
                <pc:Word id="region0008_line0003_word0000">
                    <pc:Coords points="518,1980 774,1980 774,2041 518,2041"/>
                    <pc:TextEquiv conf="0.926568603515625">
                        <pc:Unicode>berhaupts,</pc:Unicode>
                    </pc:TextEquiv>
                </pc:Word>
                <pc:Word id="region0008_line0003_word0001">
                    <pc:Coords points="809,1981 958,1981 958,2034 809,2034"/>
                    <pc:TextEquiv conf="0.927358016967773">
                        <pc:Unicode>wuͤrde</pc:Unicode>
                    </pc:TextEquiv>
                </pc:Word>
                <pc:Word id="region0008_line0003_word0002">
                    <pc:Coords points="991,1986 1050,1986 1050,2044 991,2044"/>
                    <pc:TextEquiv conf="0.914354629516602">
                        <pc:Unicode>ich</pc:Unicode>
                    </pc:TextEquiv>
                </pc:Word>
                <pc:Word id="region0008_line0003_word0003">
                    <pc:Coords points="1075,1987 1213,1987 1213,2047 1075,2047"/>
                    <pc:TextEquiv conf="0.931023559570312">
                        <pc:Unicode>nichts</pc:Unicode>
                    </pc:TextEquiv>
                </pc:Word>
                <pc:Word id="region0008_line0003_word0004">
                    <pc:Coords points="1241,2001 1310,2001 1310,2047 1241,2047"/>
                    <pc:TextEquiv conf="0.876459884643555">
                        <pc:Unicode>ge⸗</pc:Unicode>
                    </pc:TextEquiv>
                </pc:Word>
                <pc:TextEquiv conf="0.915152938842773">
                    <pc:Unicode>berhaupts, wuͤrde ich nichts ge⸗</pc:Unicode>
                </pc:TextEquiv>
            </pc:TextLine>
            <pc:TextLine id="region0008_line0004">
                <pc:Coords points="519,2046 1311,2046 1311,2109 519,2109"/>
                <pc:Word id="region0008_line0004_word0000">
                    <pc:Coords points="519,2046 711,2046 711,2100 519,2100"/>
                    <pc:TextEquiv conf="0.923353042602539">
                        <pc:Unicode>dencken,</pc:Unicode>
                    </pc:TextEquiv>
                </pc:Word>
                <pc:Word id="region0008_line0004_word0001">
                    <pc:Coords points="747,2056 879,2056 879,2099 747,2099"/>
                    <pc:TextEquiv conf="0.9181787109375">
                        <pc:Unicode>wann</pc:Unicode>
                    </pc:TextEquiv>
                </pc:Word>
                <pc:Word id="region0008_line0004_word0002">
                    <pc:Coords points="911,2048 1022,2048 1022,2107 911,2107"/>
                    <pc:TextEquiv conf="0.927055053710938">
                        <pc:Unicode>nicht</pc:Unicode>
                    </pc:TextEquiv>
                </pc:Word>
                <pc:Word id="region0008_line0004_word0003">
                    <pc:Coords points="1054,2050 1139,2050 1139,2101 1054,2101"/>
                    <pc:TextEquiv conf="0.92823371887207">
                        <pc:Unicode>eine</pc:Unicode>
                    </pc:TextEquiv>
                </pc:Word>
                <pc:Word id="region0008_line0004_word0004">
                    <pc:Coords points="1157,2054 1311,2054 1311,2109 1157,2109"/>
                    <pc:TextEquiv conf="0.919434127807617">
                        <pc:Unicode>gedop⸗</pc:Unicode>
                    </pc:TextEquiv>
                </pc:Word>
                <pc:TextEquiv conf="0.923250930786133">
                    <pc:Unicode>dencken, wann nicht eine gedop⸗</pc:Unicode>
                </pc:TextEquiv>
            </pc:TextLine>
            <pc:TextEquiv conf="0.84996998647054">
                <pc:Unicode>§. 1
On den Penſilvaniſchen Bewegun⸗
gen der Herrnhuter und ihres O⸗
berhaupts, wuͤrde ich nichts ge⸗
dencken, wann nicht eine gedop⸗</pc:Unicode>
            </pc:TextEquiv>
        </pc:TextRegion>
        <pc:TextRegion id="region0009" orientation="0.183235926122961" type="floating" readingDirection="left-to-right" textLineOrder="top-to-bottom">
            <pc:Coords points="518,2106 1310,2106 1310,2228 518,2228"/>
            <pc:TextLine id="region0009_line0000">
                <pc:Coords points="518,2106 1310,2106 1310,2228 518,2228"/>
                <pc:Word id="region0009_line0000_word0000">
                    <pc:Coords points="518,2109 622,2109 622,2165 518,2165"/>
                    <pc:TextEquiv conf="0.931185150146484">
                        <pc:Unicode>pelte</pc:Unicode>
                    </pc:TextEquiv>
                </pc:Word>
                <pc:Word id="region0009_line0000_word0001">
                    <pc:Coords points="632,2106 803,2106 803,2169 632,2169"/>
                    <pc:TextEquiv conf="0.905753402709961">
                        <pc:Unicode>Urſache</pc:Unicode>
                    </pc:TextEquiv>
                </pc:Word>
                <pc:Word id="region0009_line0000_word0002">
                    <pc:Coords points="826,2111 931,2111 931,2228 826,2228"/>
                    <pc:TextEquiv conf="0.523422813415527">
                        <pc:Unicode>9</pc:Unicode>
                    </pc:TextEquiv>
                </pc:Word>
                <pc:Word id="region0009_line0000_word0003">
                    <pc:Coords points="952,2117 1079,2117 1079,2172 952,2172"/>
                    <pc:TextEquiv conf="0.896095809936523">
                        <pc:Unicode>darzu</pc:Unicode>
                    </pc:TextEquiv>
                </pc:Word>
                <pc:Word id="region0009_line0000_word0004">
                    <pc:Coords points="1098,2112 1310,2112 1310,2174 1098,2174"/>
                    <pc:TextEquiv conf="0.908308715820312">
                        <pc:Unicode>aufgefor⸗</pc:Unicode>
                    </pc:TextEquiv>
                </pc:Word>
                <pc:TextEquiv conf="0.832953178405762">
                    <pc:Unicode>pelte Urſache 9 darzu aufgefor⸗</pc:Unicode>
                </pc:TextEquiv>
            </pc:TextLine>
            <pc:TextEquiv conf="0.832953178405762">
                <pc:Unicode>pelte Urſache 9 darzu aufgefor⸗</pc:Unicode>
            </pc:TextEquiv>
        </pc:TextRegion>
        <pc:TextRegion id="region0010" orientation="0.183235926122961" readingDirection="left-to-right" textLineOrder="top-to-bottom">
            <pc:Coords points="254,2167 687,2167 687,2232 254,2232"/>
            <pc:TextLine id="region0010_line0000">
                <pc:Coords points="254,2167 687,2167 687,2232 254,2232"/>
                <pc:Word id="region0010_line0000_word0000">
                    <pc:Coords points="254,2167 443,2167 443,2231 254,2231"/>
                    <pc:TextEquiv conf="0.627763710021973">
                        <pc:Unicode>Herrnh.</pc:Unicode>
                    </pc:TextEquiv>
                </pc:Word>
                <pc:Word id="region0010_line0000_word0001">
                    <pc:Coords points="459,2171 528,2171 528,2216 459,2216"/>
                    <pc:TextEquiv conf="0.587906646728516">
                        <pc:Unicode>IV.</pc:Unicode>
                    </pc:TextEquiv>
                </pc:Word>
                <pc:Word id="region0010_line0000_word0002">
                    <pc:Coords points="540,2170 687,2170 687,2232 540,2232"/>
                    <pc:TextEquiv conf="0.587906646728516">
                        <pc:Unicode>Theil.</pc:Unicode>
                    </pc:TextEquiv>
                </pc:Word>
                <pc:TextEquiv conf="0.601192334493001">
                    <pc:Unicode>Herrnh. IV. Theil.</pc:Unicode>
                </pc:TextEquiv>
            </pc:TextLine>
            <pc:TextEquiv conf="0.601192334493001">
                <pc:Unicode>Herrnh. IV. Theil.</pc:Unicode>
            </pc:TextEquiv>
        </pc:TextRegion>
        <pc:TextRegion id="region0011" orientation="0.183235926122961" readingDirection="left-to-right" textLineOrder="top-to-bottom">
            <pc:Coords points="1215,2179 1311,2179 1311,2226 1215,2226"/>
            <pc:TextLine id="region0011_line0000">
                <pc:Coords points="1215,2179 1311,2179 1311,2226 1215,2226"/>
                <pc:Word id="region0011_line0000_word0000">
                    <pc:Coords points="1215,2179 1311,2179 1311,2226 1215,2226"/>
                    <pc:TextEquiv conf="0.910991744995117">
                        <pc:Unicode>dert</pc:Unicode>
                    </pc:TextEquiv>
                </pc:Word>
                <pc:TextEquiv conf="0.910991744995117">
                    <pc:Unicode>dert</pc:Unicode>
                </pc:TextEquiv>
            </pc:TextLine>
            <pc:TextEquiv conf="0.910991744995117">
                <pc:Unicode>dert</pc:Unicode>
            </pc:TextEquiv>
        </pc:TextRegion>
        <pc:ImageRegion id="region0012" orientation="0.183235926122961">
            <pc:Coords points="0,0 1553,0 1553,2607 0,2607"/>
        </pc:ImageRegion>
        <pc:SeparatorRegion id="region0004">
            <pc:Coords points="223,606 1293,606 1293,633 223,633"/>
        </pc:SeparatorRegion>
        <pc:SeparatorRegion id="region0005">
            <pc:Coords points="144,1199 150,1199 150,1671 144,1671"/>
        </pc:SeparatorRegion>
    </pc:Page>
</pc:PcGts>
