<?xml version="1.0" encoding="UTF-8"?>
<pc:PcGts xmlns:pc="http://schema.primaresearch.org/PAGE/gts/pagecontent/2019-07-15" xmlns:xsi="http://www.w3.org/2001/XMLSchema-instance" xsi:schemaLocation="http://schema.primaresearch.org/PAGE/gts/pagecontent/2019-07-15 http://schema.primaresearch.org/PAGE/gts/pagecontent/2019-07-15/pagecontent.xsd" pcGtsId="OCR-D-OCR_0003">
    <pc:Metadata>
        <pc:Creator>OCR-D/core 2.30.0</pc:Creator>
        <pc:Created>2022-11-25T16:23:07.301639</pc:Created>
        <pc:LastChange>2022-11-25T16:23:07.301639</pc:LastChange>
        <pc:MetadataItem type="processingStep" name="layout/segmentation/region" value="ocrd-tesserocr-recognize">
            <pc:Labels externalModel="ocrd-tool" externalId="parameters">
                <pc:Label value="region" type="segmentation_level"/>
                <pc:Label value="word" type="textequiv_level"/>
                <pc:Label value="True" type="find_tables"/>
                <pc:Label value="Fraktur_GT4HistOCR" type="model"/>
                <pc:Label value="0" type="dpi"/>
                <pc:Label value="0" type="padding"/>
                <pc:Label value="False" type="overwrite_segments"/>
                <pc:Label value="True" type="overwrite_text"/>
                <pc:Label value="False" type="shrink_polygons"/>
                <pc:Label value="False" type="block_polygons"/>
                <pc:Label value="False" type="find_staves"/>
                <pc:Label value="False" type="sparse_text"/>
                <pc:Label value="False" type="raw_lines"/>
                <pc:Label value="" type="char_whitelist"/>
                <pc:Label value="" type="char_blacklist"/>
                <pc:Label value="" type="char_unblacklist"/>
                <pc:Label value="{}" type="tesseract_parameters"/>
                <pc:Label value="{}" type="xpath_parameters"/>
                <pc:Label value="{}" type="xpath_model"/>
                <pc:Label value="False" type="auto_model"/>
                <pc:Label value="DEFAULT" type="oem"/>
            </pc:Labels>
            <pc:Labels externalModel="ocrd-tool" externalId="version">
                <pc:Label value="0.13.6 (tesseract 5.0.1)" type="ocrd-tesserocr-recognize"/>
                <pc:Label value="2.30.0" type="ocrd/core"/>
            </pc:Labels>
        </pc:MetadataItem>
    </pc:Metadata>
    <pc:Page imageFilename="OCR-D-IMG/OCR-D-IMG_0003.tif" imageWidth="1000" imageHeight="1588">
        <pc:AlternativeImage filename="OCR-D-OCR/OCR-D-OCR_0003.IMG-BIN.png" comments=",binarized,clipped"/>
        <pc:ReadingOrder>
            <pc:OrderedGroup id="reading-order">
                <pc:RegionRefIndexed index="0" regionRef="region0000"/>
                <pc:RegionRefIndexed index="1" regionRef="region0001"/>
                <pc:RegionRefIndexed index="2" regionRef="region0002"/>
                <pc:RegionRefIndexed index="3" regionRef="region0003"/>
                <pc:RegionRefIndexed index="4" regionRef="region0004"/>
                <pc:RegionRefIndexed index="5" regionRef="region0005"/>
                <pc:RegionRefIndexed index="6" regionRef="region0006"/>
                <pc:RegionRefIndexed index="9" regionRef="region0009"/>
            </pc:OrderedGroup>
        </pc:ReadingOrder>
        <pc:TextRegion id="region0001" orientation="0.681592741486071" readingDirection="left-to-right" textLineOrder="top-to-bottom">
            <pc:Coords points="158,133 858,133 858,774 158,774"/>
            <pc:TextLine id="region0001_line0000">
                <pc:Coords points="349,133 668,133 668,176 349,176"/>
                <pc:Word id="region0001_line0000_word0000">
                    <pc:Coords points="349,133 668,133 668,176 349,176"/>
                    <pc:TextEquiv conf="0.864616851806641">
                        <pc:Unicode>Beutelſchneider</pc:Unicode>
                    </pc:TextEquiv>
                </pc:Word>
                <pc:Word id="region0001_line0000_word0001">
                    <pc:Coords points="605,133 591,133 591,176 605,176"/>
                    <pc:TextEquiv conf="0.864616851806641">
                        <pc:Unicode>/</pc:Unicode>
                    </pc:TextEquiv>
                </pc:Word>
                <pc:Word id="region0001_line0000_word0002">
                    <pc:Coords points="618,176 668,176 668,133 618,133"/>
                    <pc:TextEquiv conf="0.896173095703125">
                        <pc:Unicode>oder</pc:Unicode>
                    </pc:TextEquiv>
                </pc:Word>
                <pc:TextEquiv conf="0.875135599772135">
                    <pc:Unicode>Beutelſchneider / oder</pc:Unicode>
                </pc:TextEquiv>
            </pc:TextLine>
            <pc:TextLine id="region0001_line0001">
                <pc:Coords points="188,183 844,183 844,225 188,225"/>
                <pc:Word id="region0001_line0001_word0000">
                    <pc:Coords points="188,194 219,194 219,224 188,224"/>
                    <pc:TextEquiv conf="0.891636810302734">
                        <pc:Unicode>iſt</pc:Unicode>
                    </pc:TextEquiv>
                </pc:Word>
                <pc:Word id="region0001_line0001_word0001">
                    <pc:Coords points="227,190 249,190 249,225 227,225"/>
                    <pc:TextEquiv conf="0.921007995605469">
                        <pc:Unicode>ſo</pc:Unicode>
                    </pc:TextEquiv>
                </pc:Word>
                <pc:Word id="region0001_line0001_word0002">
                    <pc:Coords points="258,189 380,189 380,225 258,225"/>
                    <pc:TextEquiv conf="0.925489883422852">
                        <pc:Unicode>groß</pc:Unicode>
                    </pc:TextEquiv>
                </pc:Word>
                <pc:Word id="region0001_line0001_word0003">
                    <pc:Coords points="341,183 327,183 327,225 341,225"/>
                    <pc:TextEquiv conf="0.925489883422852">
                        <pc:Unicode>/</pc:Unicode>
                    </pc:TextEquiv>
                </pc:Word>
                <pc:Word id="region0001_line0001_word0004">
                    <pc:Coords points="394,183 352,183 352,225 394,225"/>
                    <pc:TextEquiv conf="0.926740493774414">
                        <pc:Unicode>daß</pc:Unicode>
                    </pc:TextEquiv>
                </pc:Word>
                <pc:Word id="region0001_line0001_word0005">
                    <pc:Coords points="389,187 551,187 551,221 389,221"/>
                    <pc:TextEquiv conf="0.919445724487305">
                        <pc:Unicode>manchmals</pc:Unicode>
                    </pc:TextEquiv>
                </pc:Word>
                <pc:Word id="region0001_line0001_word0006">
                    <pc:Coords points="557,191 595,191 595,218 557,218"/>
                    <pc:TextEquiv conf="0.931020965576172">
                        <pc:Unicode>die</pc:Unicode>
                    </pc:TextEquiv>
                </pc:Word>
                <pc:Word id="region0001_line0001_word0007">
                    <pc:Coords points="604,183 769,183 769,222 604,222"/>
                    <pc:TextEquiv conf="0.92600830078125">
                        <pc:Unicode>jenige</pc:Unicode>
                    </pc:TextEquiv>
                </pc:Word>
                <pc:Word id="region0001_line0001_word0008">
                    <pc:Coords points="700,183 687,183 687,225 700,225"/>
                    <pc:TextEquiv conf="0.92600830078125">
                        <pc:Unicode>/</pc:Unicode>
                    </pc:TextEquiv>
                </pc:Word>
                <pc:Word id="region0001_line0001_word0009">
                    <pc:Coords points="712,183 769,183 769,222 712,222"/>
                    <pc:TextEquiv conf="0.925284957885742">
                        <pc:Unicode>welch</pc:Unicode>
                    </pc:TextEquiv>
                </pc:Word>
                <pc:Word id="region0001_line0001_word0010">
                    <pc:Coords points="778,189 844,189 844,215 778,215"/>
                    <pc:TextEquiv conf="0.927953643798828">
                        <pc:Unicode>man</pc:Unicode>
                    </pc:TextEquiv>
                </pc:Word>
                <pc:TextEquiv conf="0.922371541803533">
                    <pc:Unicode>iſt ſo groß / daß manchmals die jenige / welch man</pc:Unicode>
                </pc:TextEquiv>
            </pc:TextLine>
            <pc:TextLine id="region0001_line0002">
                <pc:Coords points="191,223 844,223 844,267 191,267"/>
                <pc:Word id="region0001_line0002_word0000">
                    <pc:Coords points="191,229 244,229 244,267 191,267"/>
                    <pc:TextEquiv conf="0.86243766784668">
                        <pc:Unicode>haͤlt</pc:Unicode>
                    </pc:TextEquiv>
                </pc:Word>
                <pc:Word id="region0001_line0002_word0001">
                    <pc:Coords points="252,231 294,231 294,262 252,262"/>
                    <pc:TextEquiv conf="0.477785911560059">
                        <pc:Unicode>fur</pc:Unicode>
                    </pc:TextEquiv>
                </pc:Word>
                <pc:Word id="region0001_line0002_word0002">
                    <pc:Coords points="307,234 342,234 342,257 307,257"/>
                    <pc:TextEquiv conf="0.930461730957031">
                        <pc:Unicode>die</pc:Unicode>
                    </pc:TextEquiv>
                </pc:Word>
                <pc:Word id="region0001_line0002_word0003">
                    <pc:Coords points="350,230 405,230 405,263 350,263"/>
                    <pc:TextEquiv conf="0.852484664916992">
                        <pc:Unicode>beſte</pc:Unicode>
                    </pc:TextEquiv>
                </pc:Word>
                <pc:Word id="region0001_line0002_word0004">
                    <pc:Coords points="412,235 421,235 421,258 412,258"/>
                    <pc:TextEquiv conf="0.852484664916992">
                        <pc:Unicode>/</pc:Unicode>
                    </pc:TextEquiv>
                </pc:Word>
                <pc:Word id="region0001_line0002_word0005">
                    <pc:Coords points="428,229 507,229 507,262 428,262"/>
                    <pc:TextEquiv conf="0.919497222900391">
                        <pc:Unicode>edleſte</pc:Unicode>
                    </pc:TextEquiv>
                </pc:Word>
                <pc:Word id="region0001_line0002_word0006">
                    <pc:Coords points="519,232 571,232 571,258 519,258"/>
                    <pc:TextEquiv conf="0.917820205688477">
                        <pc:Unicode>vnd</pc:Unicode>
                    </pc:TextEquiv>
                </pc:Word>
                <pc:Word id="region0001_line0002_word0007">
                    <pc:Coords points="583,223 762,223 762,262 583,262"/>
                    <pc:TextEquiv conf="0.62935962677002">
                        <pc:Unicode>fuͤrtrefflichſte</pc:Unicode>
                    </pc:TextEquiv>
                </pc:Word>
                <pc:Word id="region0001_line0002_word0008">
                    <pc:Coords points="775,232 778,232 778,254 775,254"/>
                    <pc:TextEquiv conf="0.889728240966797">
                        <pc:Unicode>/</pc:Unicode>
                    </pc:TextEquiv>
                </pc:Word>
                <pc:Word id="region0001_line0002_word0009">
                    <pc:Coords points="786,224 844,224 844,258 786,258"/>
                    <pc:TextEquiv conf="0.91746711730957">
                        <pc:Unicode>ſeyn</pc:Unicode>
                    </pc:TextEquiv>
                </pc:Word>
                <pc:TextEquiv conf="0.824952705383301">
                    <pc:Unicode>haͤlt fur die beſte / edleſte vnd fuͤrtrefflichſte / ſeyn</pc:Unicode>
                </pc:TextEquiv>
            </pc:TextLine>
            <pc:TextLine id="region0001_line0003">
                <pc:Coords points="158,262 846,262 846,305 158,305"/>
                <pc:Word id="region0001_line0003_word0000">
                    <pc:Coords points="158,273 229,273 229,305 158,305"/>
                    <pc:TextEquiv conf="0.667529449462891">
                        <pc:Unicode>die</pc:Unicode>
                    </pc:TextEquiv>
                </pc:Word>
                <pc:Word id="region0001_line0003_word0001">
                    <pc:Coords points="245,271 323,271 323,301 245,301"/>
                    <pc:TextEquiv conf="0.8420458984375">
                        <pc:Unicode>jenige</pc:Unicode>
                    </pc:TextEquiv>
                </pc:Word>
                <pc:Word id="region0001_line0003_word0002">
                    <pc:Coords points="338,274 346,274 346,297 338,297"/>
                    <pc:TextEquiv conf="0.839467468261719">
                        <pc:Unicode>/</pc:Unicode>
                    </pc:TextEquiv>
                </pc:Word>
                <pc:Word id="region0001_line0003_word0003">
                    <pc:Coords points="360,266 445,266 445,299 360,299"/>
                    <pc:TextEquiv conf="0.930107650756836">
                        <pc:Unicode>welche</pc:Unicode>
                    </pc:TextEquiv>
                </pc:Word>
                <pc:Word id="region0001_line0003_word0004">
                    <pc:Coords points="460,274 503,274 503,296 460,296"/>
                    <pc:TextEquiv conf="0.927639007568359">
                        <pc:Unicode>am</pc:Unicode>
                    </pc:TextEquiv>
                </pc:Word>
                <pc:Word id="region0001_line0003_word0005">
                    <pc:Coords points="515,266 675,266 675,299 515,299"/>
                    <pc:TextEquiv conf="0.923747634887695">
                        <pc:Unicode>allermeiſten</pc:Unicode>
                    </pc:TextEquiv>
                </pc:Word>
                <pc:Word id="region0001_line0003_word0006">
                    <pc:Coords points="689,266 734,266 734,292 689,292"/>
                    <pc:TextEquiv conf="0.93079216003418">
                        <pc:Unicode>den</pc:Unicode>
                    </pc:TextEquiv>
                </pc:Word>
                <pc:Word id="region0001_line0003_word0007">
                    <pc:Coords points="749,262 846,262 846,296 749,296"/>
                    <pc:TextEquiv conf="0.924166107177734">
                        <pc:Unicode>Laſtern</pc:Unicode>
                    </pc:TextEquiv>
                </pc:Word>
                <pc:TextEquiv conf="0.873186922073364">
                    <pc:Unicode>die jenige / welche am allermeiſten den Laſtern</pc:Unicode>
                </pc:TextEquiv>
            </pc:TextLine>
            <pc:TextLine id="region0001_line0004">
                <pc:Coords points="193,299 847,299 847,345 193,345"/>
                <pc:Word id="region0001_line0004_word0000">
                    <pc:Coords points="193,310 247,310 247,345 193,345"/>
                    <pc:TextEquiv conf="0.180128173828125">
                        <pc:Unicode>ſehn</pc:Unicode>
                    </pc:TextEquiv>
                </pc:Word>
                <pc:Word id="region0001_line0004_word0001">
                    <pc:Coords points="255,308 361,308 361,341 255,341"/>
                    <pc:TextEquiv conf="0.315598602294922">
                        <pc:Unicode>ergeben</pc:Unicode>
                    </pc:TextEquiv>
                </pc:Word>
                <pc:Word id="region0001_line0004_word0002">
                    <pc:Coords points="382,304 565,304 565,339 382,339"/>
                    <pc:TextEquiv conf="0.192200088500977">
                        <pc:Unicode>Manchelr</pc:Unicode>
                    </pc:TextEquiv>
                </pc:Word>
                <pc:Word id="region0001_line0004_word0003">
                    <pc:Coords points="520,299 506,299 506,345 520,345"/>
                    <pc:TextEquiv conf="0.919883346557617">
                        <pc:Unicode>/</pc:Unicode>
                    </pc:TextEquiv>
                </pc:Word>
                <pc:Word id="region0001_line0004_word0004">
                    <pc:Coords points="567,299 529,299 529,345 567,345"/>
                    <pc:TextEquiv conf="0.92734977722168">
                        <pc:Unicode>der</pc:Unicode>
                    </pc:TextEquiv>
                </pc:Word>
                <pc:Word id="region0001_line0004_word0005">
                    <pc:Coords points="572,303 618,303 618,339 572,339"/>
                    <pc:TextEquiv conf="0.923705139160156">
                        <pc:Unicode>ſich</pc:Unicode>
                    </pc:TextEquiv>
                </pc:Word>
                <pc:Word id="region0001_line0004_word0006">
                    <pc:Coords points="625,306 663,306 663,332 625,332"/>
                    <pc:TextEquiv conf="0.925358123779297">
                        <pc:Unicode>im</pc:Unicode>
                    </pc:TextEquiv>
                </pc:Word>
                <pc:Word id="region0001_line0004_word0007">
                    <pc:Coords points="672,299 847,299 847,337 672,337"/>
                    <pc:TextEquiv conf="0.917516174316406">
                        <pc:Unicode>Kriegsweſen</pc:Unicode>
                    </pc:TextEquiv>
                </pc:Word>
                <pc:TextEquiv conf="0.662717428207398">
                    <pc:Unicode>ſehn ergeben Manchelr / der ſich im Kriegsweſen</pc:Unicode>
                </pc:TextEquiv>
            </pc:TextLine>
            <pc:TextLine id="region0001_line0005">
                <pc:Coords points="196,338 848,338 848,380 196,380"/>
                <pc:Word id="region0001_line0005_word0000">
                    <pc:Coords points="196,350 237,350 237,379 196,379"/>
                    <pc:TextEquiv conf="0.528829498291016">
                        <pc:Unicode>als</pc:Unicode>
                    </pc:TextEquiv>
                </pc:Word>
                <pc:Word id="region0001_line0005_word0001">
                    <pc:Coords points="249,347 292,347 292,375 249,375"/>
                    <pc:TextEquiv conf="0.931057205200195">
                        <pc:Unicode>ein</pc:Unicode>
                    </pc:TextEquiv>
                </pc:Word>
                <pc:Word id="region0001_line0005_word0002">
                    <pc:Coords points="310,342 429,342 429,379 310,379"/>
                    <pc:TextEquiv conf="0.831347961425781">
                        <pc:Unicode>dapfferer</pc:Unicode>
                    </pc:TextEquiv>
                </pc:Word>
                <pc:Word id="region0001_line0005_word0003">
                    <pc:Coords points="441,349 493,349 493,375 441,375"/>
                    <pc:TextEquiv conf="0.92778923034668">
                        <pc:Unicode>vnd</pc:Unicode>
                    </pc:TextEquiv>
                </pc:Word>
                <pc:Word id="region0001_line0005_word0004">
                    <pc:Coords points="505,344 640,344 640,380 505,380"/>
                    <pc:TextEquiv conf="0.914909210205078">
                        <pc:Unicode>ſtreitbarer</pc:Unicode>
                    </pc:TextEquiv>
                </pc:Word>
                <pc:Word id="region0001_line0005_word0005">
                    <pc:Coords points="661,338 761,338 761,378 661,378"/>
                    <pc:TextEquiv conf="0.885966644287109">
                        <pc:Unicode>Scipio</pc:Unicode>
                    </pc:TextEquiv>
                </pc:Word>
                <pc:Word id="region0001_line0005_word0006">
                    <pc:Coords points="775,343 848,343 848,371 775,371"/>
                    <pc:TextEquiv conf="0.92600700378418">
                        <pc:Unicode>vnnd</pc:Unicode>
                    </pc:TextEquiv>
                </pc:Word>
                <pc:TextEquiv conf="0.84941525050572">
                    <pc:Unicode>als ein dapfferer vnd ſtreitbarer Scipio vnnd</pc:Unicode>
                </pc:TextEquiv>
            </pc:TextLine>
            <pc:TextLine id="region0001_line0006">
                <pc:Coords points="197,378 850,378 850,422 197,422"/>
                <pc:Word id="region0001_line0006_word0000">
                    <pc:Coords points="197,385 334,385 334,422 197,422"/>
                    <pc:TextEquiv conf="0.88596923828125">
                        <pc:Unicode>Hannibal</pc:Unicode>
                    </pc:TextEquiv>
                </pc:Word>
                <pc:Word id="region0001_line0006_word0001">
                    <pc:Coords points="342,386 384,386 384,417 342,417"/>
                    <pc:TextEquiv conf="0.911438598632813">
                        <pc:Unicode>hat</pc:Unicode>
                    </pc:TextEquiv>
                </pc:Word>
                <pc:Word id="region0001_line0006_word0002">
                    <pc:Coords points="398,387 505,387 505,420 398,420"/>
                    <pc:TextEquiv conf="0.882042388916016">
                        <pc:Unicode>erzeiget</pc:Unicode>
                    </pc:TextEquiv>
                </pc:Word>
                <pc:Word id="region0001_line0006_word0003">
                    <pc:Coords points="518,378 505,378 505,422 518,422"/>
                    <pc:TextEquiv conf="0.918844375610352">
                        <pc:Unicode>/</pc:Unicode>
                    </pc:TextEquiv>
                </pc:Word>
                <pc:Word id="region0001_line0006_word0004">
                    <pc:Coords points="513,385 576,385 576,412 513,412"/>
                    <pc:TextEquiv conf="0.923493194580078">
                        <pc:Unicode>wird</pc:Unicode>
                    </pc:TextEquiv>
                </pc:Word>
                <pc:Word id="region0001_line0006_word0005">
                    <pc:Coords points="589,379 719,379 719,413 589,413"/>
                    <pc:TextEquiv conf="0.928833694458008">
                        <pc:Unicode>hernacher</pc:Unicode>
                    </pc:TextEquiv>
                </pc:Word>
                <pc:Word id="region0001_line0006_word0006">
                    <pc:Coords points="731,378 850,378 850,414 731,414"/>
                    <pc:TextEquiv conf="0.901027221679688">
                        <pc:Unicode>offtmals</pc:Unicode>
                    </pc:TextEquiv>
                </pc:Word>
                <pc:TextEquiv conf="0.907378387451172">
                    <pc:Unicode>Hannibal hat erzeiget / wird hernacher offtmals</pc:Unicode>
                </pc:TextEquiv>
            </pc:TextLine>
            <pc:TextLine id="region0001_line0007">
                <pc:Coords points="196,417 851,417 851,466 196,466"/>
                <pc:Word id="region0001_line0007_word0000">
                    <pc:Coords points="196,429 227,429 227,466 196,466"/>
                    <pc:TextEquiv conf="0.145029067993164">
                        <pc:Unicode>n</pc:Unicode>
                    </pc:TextEquiv>
                </pc:Word>
                <pc:Word id="region0001_line0007_word0001">
                    <pc:Coords points="233,424 339,424 339,460 233,460"/>
                    <pc:TextEquiv conf="0.437952346801758">
                        <pc:Unicode>Ftiedens</pc:Unicode>
                    </pc:TextEquiv>
                </pc:Word>
                <pc:Word id="region0001_line0007_word0002">
                    <pc:Coords points="419,417 354,417 354,466 419,466"/>
                    <pc:TextEquiv conf="0.322443313598633">
                        <pc:Unicode>geiten</pc:Unicode>
                    </pc:TextEquiv>
                </pc:Word>
                <pc:Word id="region0001_line0007_word0003">
                    <pc:Coords points="428,432 439,432 439,454 428,454"/>
                    <pc:TextEquiv conf="0.832317199707031">
                        <pc:Unicode>/</pc:Unicode>
                    </pc:TextEquiv>
                </pc:Word>
                <pc:Word id="region0001_line0007_word0004">
                    <pc:Coords points="480,417 448,417 448,466 480,466"/>
                    <pc:TextEquiv conf="0.832317199707031">
                        <pc:Unicode>viel</pc:Unicode>
                    </pc:TextEquiv>
                </pc:Word>
                <pc:Word id="region0001_line0007_word0005">
                    <pc:Coords points="497,420 571,420 571,456 497,456"/>
                    <pc:TextEquiv conf="0.551422805786133">
                        <pc:Unicode>laſſer</pc:Unicode>
                    </pc:TextEquiv>
                </pc:Word>
                <pc:Word id="region0001_line0007_word0006">
                    <pc:Coords points="574,417 563,417 563,466 574,466"/>
                    <pc:TextEquiv conf="0.551422805786133">
                        <pc:Unicode>/</pc:Unicode>
                    </pc:TextEquiv>
                </pc:Word>
                <pc:Word id="region0001_line0007_word0007">
                    <pc:Coords points="579,417 662,417 662,453 579,453"/>
                    <pc:TextEquiv conf="0.92927001953125">
                        <pc:Unicode>faͤuler</pc:Unicode>
                    </pc:TextEquiv>
                </pc:Word>
                <pc:Word id="region0001_line0007_word0008">
                    <pc:Coords points="669,421 721,421 721,447 669,447"/>
                    <pc:TextEquiv conf="0.928963012695312">
                        <pc:Unicode>vnd</pc:Unicode>
                    </pc:TextEquiv>
                </pc:Word>
                <pc:Word id="region0001_line0007_word0009">
                    <pc:Coords points="728,424 851,424 851,455 728,455"/>
                    <pc:TextEquiv conf="0.918241653442383">
                        <pc:Unicode>verzagter</pc:Unicode>
                    </pc:TextEquiv>
                </pc:Word>
                <pc:TextEquiv conf="0.644937942504883">
                    <pc:Unicode>n Ftiedens geiten / viel laſſer / faͤuler vnd verzagter</pc:Unicode>
                </pc:TextEquiv>
            </pc:TextLine>
            <pc:TextLine id="region0001_line0008">
                <pc:Coords points="199,456 851,456 851,498 199,498"/>
                <pc:Word id="region0001_line0008_word0000">
                    <pc:Coords points="199,468 240,468 240,496 199,496"/>
                    <pc:TextEquiv conf="0.276013031005859">
                        <pc:Unicode>als</pc:Unicode>
                    </pc:TextEquiv>
                </pc:Word>
                <pc:Word id="region0001_line0008_word0001">
                    <pc:Coords points="249,467 301,467 301,493 249,493"/>
                    <pc:TextEquiv conf="0.865247344970703">
                        <pc:Unicode>eine</pc:Unicode>
                    </pc:TextEquiv>
                </pc:Word>
                <pc:Word id="region0001_line0008_word0002">
                    <pc:Coords points="310,461 373,461 373,497 310,497"/>
                    <pc:TextEquiv conf="0.930055999755859">
                        <pc:Unicode>naſſe</pc:Unicode>
                    </pc:TextEquiv>
                </pc:Word>
                <pc:Word id="region0001_line0008_word0003">
                    <pc:Coords points="381,459 544,459 544,497 381,497"/>
                    <pc:TextEquiv conf="0.820312271118164">
                        <pc:Unicode>Hennen.</pc:Unicode>
                    </pc:TextEquiv>
                </pc:Word>
                <pc:Word id="region0001_line0008_word0004">
                    <pc:Coords points="539,456 510,456 510,498 539,498"/>
                    <pc:TextEquiv conf="0.877205810546875">
                        <pc:Unicode>Ja</pc:Unicode>
                    </pc:TextEquiv>
                </pc:Word>
                <pc:Word id="region0001_line0008_word0005">
                    <pc:Coords points="551,463 582,463 582,498 551,498"/>
                    <pc:TextEquiv conf="0.922849426269531">
                        <pc:Unicode>da</pc:Unicode>
                    </pc:TextEquiv>
                </pc:Word>
                <pc:Word id="region0001_line0008_word0006">
                    <pc:Coords points="591,456 638,456 638,491 591,491"/>
                    <pc:TextEquiv conf="0.860596237182617">
                        <pc:Unicode>leßt</pc:Unicode>
                    </pc:TextEquiv>
                </pc:Word>
                <pc:Word id="region0001_line0008_word0007">
                    <pc:Coords points="646,456 762,456 762,490 646,490"/>
                    <pc:TextEquiv conf="0.893760528564453">
                        <pc:Unicode>mancher</pc:Unicode>
                    </pc:TextEquiv>
                </pc:Word>
                <pc:Word id="region0001_line0008_word0008">
                    <pc:Coords points="768,459 851,459 851,496 768,496"/>
                    <pc:TextEquiv conf="0.926040649414062">
                        <pc:Unicode>ſeinen</pc:Unicode>
                    </pc:TextEquiv>
                </pc:Word>
                <pc:TextEquiv conf="0.819120144314236">
                    <pc:Unicode>als eine naſſe Hennen. Ja da leßt mancher ſeinen</pc:Unicode>
                </pc:TextEquiv>
            </pc:TextLine>
            <pc:TextLine id="region0001_line0009">
                <pc:Coords points="201,496 853,496 853,538 201,538"/>
                <pc:Word id="region0001_line0009_word0000">
                    <pc:Coords points="300,496 201,496 201,538 300,538"/>
                    <pc:TextEquiv conf="0.387882614135742">
                        <pc:Unicode>Helden</pc:Unicode>
                    </pc:TextEquiv>
                </pc:Word>
                <pc:Word id="region0001_line0009_word0001">
                    <pc:Coords points="372,496 312,496 312,538 372,538"/>
                    <pc:TextEquiv conf="0.387882614135742">
                        <pc:Unicode>muht</pc:Unicode>
                    </pc:TextEquiv>
                </pc:Word>
                <pc:Word id="region0001_line0009_word0002">
                    <pc:Coords points="383,506 435,506 435,534 383,534"/>
                    <pc:TextEquiv conf="0.928445510864258">
                        <pc:Unicode>vnd</pc:Unicode>
                    </pc:TextEquiv>
                </pc:Word>
                <pc:Word id="region0001_line0009_word0003">
                    <pc:Coords points="442,496 756,496 756,536 442,536"/>
                    <pc:TextEquiv conf="0.844237442016602">
                        <pc:Unicode>Herhhafftigkeit</pc:Unicode>
                    </pc:TextEquiv>
                </pc:Word>
                <pc:Word id="region0001_line0009_word0004">
                    <pc:Coords points="666,496 656,496 656,538 666,538"/>
                    <pc:TextEquiv conf="0.89439338684082">
                        <pc:Unicode>/</pc:Unicode>
                    </pc:TextEquiv>
                </pc:Word>
                <pc:Word id="region0001_line0009_word0005">
                    <pc:Coords points="754,496 678,496 678,538 754,538"/>
                    <pc:TextEquiv conf="0.920476913452148">
                        <pc:Unicode>darmit</pc:Unicode>
                    </pc:TextEquiv>
                </pc:Word>
                <pc:Word id="region0001_line0009_word0006">
                    <pc:Coords points="763,498 807,498 807,531 763,531"/>
                    <pc:TextEquiv conf="0.927320861816406">
                        <pc:Unicode>jhn</pc:Unicode>
                    </pc:TextEquiv>
                </pc:Word>
                <pc:Word id="region0001_line0009_word0007">
                    <pc:Coords points="814,499 853,499 853,527 814,527"/>
                    <pc:TextEquiv conf="0.93054313659668">
                        <pc:Unicode>die</pc:Unicode>
                    </pc:TextEquiv>
                </pc:Word>
                <pc:TextEquiv conf="0.7776478099823">
                    <pc:Unicode>Helden muht vnd Herhhafftigkeit / darmit jhn die</pc:Unicode>
                </pc:TextEquiv>
            </pc:TextLine>
            <pc:TextLine id="region0001_line0010">
                <pc:Coords points="202,535 855,535 855,577 202,577"/>
                <pc:Word id="region0001_line0010_word0000">
                    <pc:Coords points="202,542 296,542 296,573 202,573"/>
                    <pc:TextEquiv conf="0.926100311279297">
                        <pc:Unicode>Natur</pc:Unicode>
                    </pc:TextEquiv>
                </pc:Word>
                <pc:Word id="region0001_line0010_word0001">
                    <pc:Coords points="309,542 405,542 405,577 309,577"/>
                    <pc:TextEquiv conf="0.886483993530273">
                        <pc:Unicode>begabet</pc:Unicode>
                    </pc:TextEquiv>
                </pc:Word>
                <pc:Word id="region0001_line0010_word0002">
                    <pc:Coords points="412,544 464,544 464,571 412,571"/>
                    <pc:TextEquiv conf="0.923650817871094">
                        <pc:Unicode>vnd</pc:Unicode>
                    </pc:TextEquiv>
                </pc:Word>
                <pc:Word id="region0001_line0010_word0003">
                    <pc:Coords points="472,535 719,535 719,575 472,575"/>
                    <pc:TextEquiv conf="0.400096969604492">
                        <pc:Unicode>gepieret</pc:Unicode>
                    </pc:TextEquiv>
                </pc:Word>
                <pc:Word id="region0001_line0010_word0004">
                    <pc:Coords points="580,535 566,535 566,577 580,577"/>
                    <pc:TextEquiv conf="0.881481323242188">
                        <pc:Unicode>/</pc:Unicode>
                    </pc:TextEquiv>
                </pc:Word>
                <pc:Word id="region0001_line0010_word0005">
                    <pc:Coords points="588,535 655,535 655,575 588,575"/>
                    <pc:TextEquiv conf="0.922781982421875">
                        <pc:Unicode>fallen</pc:Unicode>
                    </pc:TextEquiv>
                </pc:Word>
                <pc:Word id="region0001_line0010_word0006">
                    <pc:Coords points="677,535 663,535 663,577 677,577"/>
                    <pc:TextEquiv conf="0.925399932861328">
                        <pc:Unicode>/</pc:Unicode>
                    </pc:TextEquiv>
                </pc:Word>
                <pc:Word id="region0001_line0010_word0007">
                    <pc:Coords points="723,535 688,535 688,577 723,577"/>
                    <pc:TextEquiv conf="0.928149795532227">
                        <pc:Unicode>vnd</pc:Unicode>
                    </pc:TextEquiv>
                </pc:Word>
                <pc:Word id="region0001_line0010_word0008">
                    <pc:Coords points="731,535 855,535 855,571 731,571"/>
                    <pc:TextEquiv conf="0.914733505249023">
                        <pc:Unicode>beſchleuſt</pc:Unicode>
                    </pc:TextEquiv>
                </pc:Word>
                <pc:TextEquiv conf="0.856542070176866">
                    <pc:Unicode>Natur begabet vnd gepieret / fallen / vnd beſchleuſt</pc:Unicode>
                </pc:TextEquiv>
            </pc:TextLine>
            <pc:TextLine id="region0001_line0011">
                <pc:Coords points="203,569 854,569 854,618 203,618"/>
                <pc:Word id="region0001_line0011_word0000">
                    <pc:Coords points="203,583 265,583 265,618 203,618"/>
                    <pc:TextEquiv conf="0.927898483276367">
                        <pc:Unicode>ſeine</pc:Unicode>
                    </pc:TextEquiv>
                </pc:Word>
                <pc:Word id="region0001_line0011_word0001">
                    <pc:Coords points="272,579 457,579 457,615 272,615"/>
                    <pc:TextEquiv conf="0.926078720092773">
                        <pc:Unicode>Heldenthaten</pc:Unicode>
                    </pc:TextEquiv>
                </pc:Word>
                <pc:Word id="region0001_line0011_word0002">
                    <pc:Coords points="469,580 517,580 517,607 469,607"/>
                    <pc:TextEquiv conf="0.924265670776367">
                        <pc:Unicode>mit</pc:Unicode>
                    </pc:TextEquiv>
                </pc:Word>
                <pc:Word id="region0001_line0011_word0003">
                    <pc:Coords points="525,577 589,577 589,605 525,605"/>
                    <pc:TextEquiv conf="0.927550201416016">
                        <pc:Unicode>einer</pc:Unicode>
                    </pc:TextEquiv>
                </pc:Word>
                <pc:Word id="region0001_line0011_word0004">
                    <pc:Coords points="601,579 641,579 641,602 601,602"/>
                    <pc:TextEquiv conf="0.604557723999023">
                        <pc:Unicode>ver</pc:Unicode>
                    </pc:TextEquiv>
                </pc:Word>
                <pc:Word id="region0001_line0011_word0005">
                    <pc:Coords points="645,569 783,569 783,607 645,607"/>
                    <pc:TextEquiv conf="0.604557723999023">
                        <pc:Unicode>weiffelten</pc:Unicode>
                    </pc:TextEquiv>
                </pc:Word>
                <pc:Word id="region0001_line0011_word0006">
                    <pc:Coords points="792,573 854,573 854,606 792,606"/>
                    <pc:TextEquiv conf="0.840945129394531">
                        <pc:Unicode>Bn⸗</pc:Unicode>
                    </pc:TextEquiv>
                </pc:Word>
                <pc:TextEquiv conf="0.822264807564872">
                    <pc:Unicode>ſeine Heldenthaten mit einer ver weiffelten Bn⸗</pc:Unicode>
                </pc:TextEquiv>
            </pc:TextLine>
            <pc:TextLine id="region0001_line0012">
                <pc:Coords points="204,609 857,609 857,658 204,658"/>
                <pc:Word id="region0001_line0012_word0000">
                    <pc:Coords points="204,620 344,620 344,658 204,658"/>
                    <pc:TextEquiv conf="0.767950668334961">
                        <pc:Unicode>ſinnigkeit:</pc:Unicode>
                    </pc:TextEquiv>
                </pc:Word>
                <pc:Word id="region0001_line0012_word0001">
                    <pc:Coords points="383,621 433,621 433,654 383,654"/>
                    <pc:TextEquiv conf="0.551683349609375">
                        <pc:Unicode>daſt</pc:Unicode>
                    </pc:TextEquiv>
                </pc:Word>
                <pc:Word id="region0001_line0012_word0002">
                    <pc:Coords points="447,620 499,620 499,647 447,647"/>
                    <pc:TextEquiv conf="0.925656509399414">
                        <pc:Unicode>vns</pc:Unicode>
                    </pc:TextEquiv>
                </pc:Word>
                <pc:Word id="region0001_line0012_word0003">
                    <pc:Coords points="511,613 586,613 586,648 511,648"/>
                    <pc:TextEquiv conf="0.917641296386719">
                        <pc:Unicode>deſſen</pc:Unicode>
                    </pc:TextEquiv>
                </pc:Word>
                <pc:Word id="region0001_line0012_word0004">
                    <pc:Coords points="600,613 640,613 640,641 600,641"/>
                    <pc:TextEquiv conf="0.928981323242188">
                        <pc:Unicode>ein</pc:Unicode>
                    </pc:TextEquiv>
                </pc:Word>
                <pc:Word id="region0001_line0012_word0005">
                    <pc:Coords points="652,609 774,609 774,649 652,649"/>
                    <pc:TextEquiv conf="0.907896347045898">
                        <pc:Unicode>Exempel</pc:Unicode>
                    </pc:TextEquiv>
                </pc:Word>
                <pc:Word id="region0001_line0012_word0006">
                    <pc:Coords points="786,613 857,613 857,648 786,648"/>
                    <pc:TextEquiv conf="0.913965301513672">
                        <pc:Unicode>ſehen</pc:Unicode>
                    </pc:TextEquiv>
                </pc:Word>
                <pc:TextEquiv conf="0.844824970790318">
                    <pc:Unicode>ſinnigkeit: daſt vns deſſen ein Exempel ſehen</pc:Unicode>
                </pc:TextEquiv>
            </pc:TextLine>
            <pc:TextLine id="region0001_line0013">
                <pc:Coords points="206,650 857,650 857,696 206,696"/>
                <pc:Word id="region0001_line0013_word0000">
                    <pc:Coords points="206,669 240,669 240,691 206,691"/>
                    <pc:TextEquiv conf="0.81829704284668">
                        <pc:Unicode>an</pc:Unicode>
                    </pc:TextEquiv>
                </pc:Word>
                <pc:Word id="region0001_line0013_word0001">
                    <pc:Coords points="249,664 303,664 303,689 249,689"/>
                    <pc:TextEquiv conf="0.915022277832031">
                        <pc:Unicode>dem</pc:Unicode>
                    </pc:TextEquiv>
                </pc:Word>
                <pc:Word id="region0001_line0013_word0002">
                    <pc:Coords points="312,658 407,658 407,696 312,696"/>
                    <pc:TextEquiv conf="0.880590667724609">
                        <pc:Unicode>Lycaon</pc:Unicode>
                    </pc:TextEquiv>
                </pc:Word>
                <pc:Word id="region0001_line0013_word0003">
                    <pc:Coords points="420,658 488,658 488,692 420,692"/>
                    <pc:TextEquiv conf="0.805902099609375">
                        <pc:Unicode>ſelber</pc:Unicode>
                    </pc:TextEquiv>
                </pc:Word>
                <pc:Word id="region0001_line0013_word0004">
                    <pc:Coords points="499,662 503,662 503,685 499,685"/>
                    <pc:TextEquiv conf="0.927851715087891">
                        <pc:Unicode>/</pc:Unicode>
                    </pc:TextEquiv>
                </pc:Word>
                <pc:Word id="region0001_line0013_word0005">
                    <pc:Coords points="510,654 566,654 566,683 510,683"/>
                    <pc:TextEquiv conf="0.679306488037109">
                        <pc:Unicode>weil</pc:Unicode>
                    </pc:TextEquiv>
                </pc:Word>
                <pc:Word id="region0001_line0013_word0006">
                    <pc:Coords points="586,653 633,653 633,680 586,680"/>
                    <pc:TextEquiv conf="0.932427215576172">
                        <pc:Unicode>wir</pc:Unicode>
                    </pc:TextEquiv>
                </pc:Word>
                <pc:Word id="region0001_line0013_word0007">
                    <pc:Coords points="646,650 708,650 708,685 646,685"/>
                    <pc:TextEquiv conf="0.90857292175293">
                        <pc:Unicode>ohne</pc:Unicode>
                    </pc:TextEquiv>
                </pc:Word>
                <pc:Word id="region0001_line0013_word0008">
                    <pc:Coords points="715,654 763,654 763,681 715,681"/>
                    <pc:TextEquiv conf="0.931966323852539">
                        <pc:Unicode>das</pc:Unicode>
                    </pc:TextEquiv>
                </pc:Word>
                <pc:Word id="region0001_line0013_word0009">
                    <pc:Coords points="778,651 857,651 857,685 778,685"/>
                    <pc:TextEquiv conf="0.923056411743164">
                        <pc:Unicode>ſeines</pc:Unicode>
                    </pc:TextEquiv>
                </pc:Word>
                <pc:TextEquiv conf="0.87229931640625">
                    <pc:Unicode>an dem Lycaon ſelber / weil wir ohne das ſeines</pc:Unicode>
                </pc:TextEquiv>
            </pc:TextLine>
            <pc:TextLine id="region0001_line0014">
                <pc:Coords points="207,689 858,689 858,733 207,733"/>
                <pc:Word id="region0001_line0014_word0000">
                    <pc:Coords points="207,699 295,699 295,730 207,730"/>
                    <pc:TextEquiv conf="0.69568115234375">
                        <pc:Unicode>Lebens</pc:Unicode>
                    </pc:TextEquiv>
                </pc:Word>
                <pc:Word id="region0001_line0014_word0001">
                    <pc:Coords points="301,703 353,703 353,729 301,729"/>
                    <pc:TextEquiv conf="0.923892364501953">
                        <pc:Unicode>vnd</pc:Unicode>
                    </pc:TextEquiv>
                </pc:Word>
                <pc:Word id="region0001_line0014_word0002">
                    <pc:Coords points="360,697 545,697 545,733 360,733"/>
                    <pc:TextEquiv conf="0.692817306518555">
                        <pc:Unicode>Herlommens</pc:Unicode>
                    </pc:TextEquiv>
                </pc:Word>
                <pc:Word id="region0001_line0014_word0003">
                    <pc:Coords points="552,689 651,689 651,726 552,726"/>
                    <pc:TextEquiv conf="0.92102409362793">
                        <pc:Unicode>anfang</pc:Unicode>
                    </pc:TextEquiv>
                </pc:Word>
                <pc:Word id="region0001_line0014_word0004">
                    <pc:Coords points="658,689 729,689 729,725 658,725"/>
                    <pc:TextEquiv conf="0.917013702392578">
                        <pc:Unicode>ſchon</pc:Unicode>
                    </pc:TextEquiv>
                </pc:Word>
                <pc:Word id="region0001_line0014_word0005">
                    <pc:Coords points="741,696 858,696 858,723 741,723"/>
                    <pc:TextEquiv conf="0.925514221191406">
                        <pc:Unicode>vernom⸗</pc:Unicode>
                    </pc:TextEquiv>
                </pc:Word>
                <pc:TextEquiv conf="0.845990473429362">
                    <pc:Unicode>Lebens vnd Herlommens anfang ſchon vernom⸗</pc:Unicode>
                </pc:TextEquiv>
            </pc:TextLine>
            <pc:TextLine id="region0001_line0015">
                <pc:Coords points="208,737 850,737 850,774 208,774"/>
                <pc:Word id="region0001_line0015_word0000">
                    <pc:Coords points="208,747 266,747 266,770 208,770"/>
                    <pc:TextEquiv conf="0.910701293945313">
                        <pc:Unicode>men</pc:Unicode>
                    </pc:TextEquiv>
                </pc:Word>
                <pc:Word id="region0001_line0015_word0001">
                    <pc:Coords points="274,737 362,737 362,774 274,774"/>
                    <pc:TextEquiv conf="0.895116271972656">
                        <pc:Unicode>haben.</pc:Unicode>
                    </pc:TextEquiv>
                </pc:Word>
                <pc:TextEquiv conf="0.902908782958984">
                    <pc:Unicode>men haben.</pc:Unicode>
                </pc:TextEquiv>
            </pc:TextLine>
            <pc:TextEquiv conf="0.831355884582793">
                <pc:Unicode>Beutelſchneider / oder
iſt ſo groß / daß manchmals die jenige / welch man
haͤlt fur die beſte / edleſte vnd fuͤrtrefflichſte / ſeyn
die jenige / welche am allermeiſten den Laſtern
ſehn ergeben Manchelr / der ſich im Kriegsweſen
als ein dapfferer vnd ſtreitbarer Scipio vnnd
Hannibal hat erzeiget / wird hernacher offtmals
n Ftiedens geiten / viel laſſer / faͤuler vnd verzagter
als eine naſſe Hennen. Ja da leßt mancher ſeinen
Helden muht vnd Herhhafftigkeit / darmit jhn die
Natur begabet vnd gepieret / fallen / vnd beſchleuſt
ſeine Heldenthaten mit einer ver weiffelten Bn⸗
ſinnigkeit: daſt vns deſſen ein Exempel ſehen
an dem Lycaon ſelber / weil wir ohne das ſeines
Lebens vnd Herlommens anfang ſchon vernom⸗
men haben.</pc:Unicode>
            </pc:TextEquiv>
        </pc:TextRegion>
        <pc:TextRegion id="region0002" orientation="0.681592741486071" readingDirection="left-to-right" textLineOrder="top-to-bottom">
            <pc:Coords points="208,808 740,808 740,827 208,827"/>
            <pc:TextLine id="region0002_line0000">
                <pc:Coords points="208,808 740,808 740,827 208,827"/>
                <pc:Word id="region0002_line0000_word0000">
                    <pc:Coords points="208,817 282,817 282,827 208,827"/>
                    <pc:TextEquiv conf="0.678093109130859">
                        <pc:Unicode>—</pc:Unicode>
                    </pc:TextEquiv>
                </pc:Word>
                <pc:Word id="region0002_line0000_word0001">
                    <pc:Coords points="338,814 395,814 395,825 338,825"/>
                    <pc:TextEquiv conf="0.85792724609375">
                        <pc:Unicode>—</pc:Unicode>
                    </pc:TextEquiv>
                </pc:Word>
                <pc:Word id="region0002_line0000_word0002">
                    <pc:Coords points="445,814 502,814 502,821 445,821"/>
                    <pc:TextEquiv conf="0.8618603515625">
                        <pc:Unicode>—</pc:Unicode>
                    </pc:TextEquiv>
                </pc:Word>
                <pc:Word id="region0002_line0000_word0003">
                    <pc:Coords points="548,810 605,810 605,820 548,820"/>
                    <pc:TextEquiv conf="0.842883834838867">
                        <pc:Unicode>—</pc:Unicode>
                    </pc:TextEquiv>
                </pc:Word>
                <pc:Word id="region0002_line0000_word0004">
                    <pc:Coords points="651,808 707,808 707,817 651,817"/>
                    <pc:TextEquiv conf="0.104325942993164">
                        <pc:Unicode>—</pc:Unicode>
                    </pc:TextEquiv>
                </pc:Word>
                <pc:TextEquiv conf="0.669018096923828">
                    <pc:Unicode>— — — — —</pc:Unicode>
                </pc:TextEquiv>
            </pc:TextLine>
            <pc:TextEquiv conf="0.669018096923828">
                <pc:Unicode>— — — — —</pc:Unicode>
            </pc:TextEquiv>
        </pc:TextRegion>
        <pc:TextRegion id="region0003" orientation="0.681592741486071" readingDirection="left-to-right" textLineOrder="top-to-bottom">
            <pc:Coords points="368,835 715,835 715,887 368,887"/>
            <pc:TextLine id="region0003_line0000">
                <pc:Coords points="368,835 715,835 715,887 368,887"/>
                <pc:Word id="region0003_line0000_word0000">
                    <pc:Coords points="368,835 468,835 468,883 368,883"/>
                    <pc:TextEquiv conf="0.923969802856445">
                        <pc:Unicode>Das</pc:Unicode>
                    </pc:TextEquiv>
                </pc:Word>
                <pc:Word id="region0003_line0000_word0001">
                    <pc:Coords points="485,848 503,848 503,884 485,884"/>
                    <pc:TextEquiv conf="0.574211845397949">
                        <pc:Unicode>1</pc:Unicode>
                    </pc:TextEquiv>
                </pc:Word>
                <pc:Word id="region0003_line0000_word0002">
                    <pc:Coords points="522,848 553,848 553,883 522,883"/>
                    <pc:TextEquiv conf="0.664125900268555">
                        <pc:Unicode>1.</pc:Unicode>
                    </pc:TextEquiv>
                </pc:Word>
                <pc:Word id="region0003_line0000_word0003">
                    <pc:Coords points="564,835 715,835 715,887 564,887"/>
                    <pc:TextEquiv conf="0.9122998046875">
                        <pc:Unicode>Capitel.</pc:Unicode>
                    </pc:TextEquiv>
                </pc:Word>
                <pc:TextEquiv conf="0.768651838302612">
                    <pc:Unicode>Das 1 1. Capitel.</pc:Unicode>
                </pc:TextEquiv>
            </pc:TextLine>
            <pc:TextEquiv conf="0.768651838302612">
                <pc:Unicode>Das 1 1. Capitel.</pc:Unicode>
            </pc:TextEquiv>
        </pc:TextRegion>
        <pc:TextRegion id="region0004" orientation="0.681592741486071" readingDirection="left-to-right" textLineOrder="top-to-bottom">
            <pc:Coords points="208,897 911,897 911,1219 208,1219"/>
            <pc:TextLine id="region0004_line0000">
                <pc:Coords points="208,897 865,897 865,952 208,952"/>
                <pc:Word id="region0004_line0000_word0000">
                    <pc:Coords points="208,904 346,904 346,952 208,952"/>
                    <pc:TextEquiv conf="0.608219184875488">
                        <pc:Unicode>Ferꝛnere</pc:Unicode>
                    </pc:TextEquiv>
                </pc:Word>
                <pc:Word id="region0004_line0000_word0001">
                    <pc:Coords points="359,898 588,898 588,944 359,944"/>
                    <pc:TextEquiv conf="0.923164978027344">
                        <pc:Unicode>Beſchreibung</pc:Unicode>
                    </pc:TextEquiv>
                </pc:Word>
                <pc:Word id="region0004_line0000_word0002">
                    <pc:Coords points="603,897 661,897 661,942 603,942"/>
                    <pc:TextEquiv conf="0.931035003662109">
                        <pc:Unicode>deß</pc:Unicode>
                    </pc:TextEquiv>
                </pc:Word>
                <pc:Word id="region0004_line0000_word0003">
                    <pc:Coords points="671,897 791,897 791,931 671,931"/>
                    <pc:TextEquiv conf="0.927161560058594">
                        <pc:Unicode>Lebens</pc:Unicode>
                    </pc:TextEquiv>
                </pc:Word>
                <pc:Word id="region0004_line0000_word0004">
                    <pc:Coords points="806,897 865,897 865,942 806,942"/>
                    <pc:TextEquiv conf="0.922561645507812">
                        <pc:Unicode>deß</pc:Unicode>
                    </pc:TextEquiv>
                </pc:Word>
                <pc:TextEquiv conf="0.86242847442627">
                    <pc:Unicode>Ferꝛnere Beſchreibung deß Lebens deß</pc:Unicode>
                </pc:TextEquiv>
            </pc:TextLine>
            <pc:TextLine id="region0004_line0001">
                <pc:Coords points="255,939 866,939 866,990 255,990"/>
                <pc:Word id="region0004_line0001_word0000">
                    <pc:Coords points="255,949 476,949 476,990 255,990"/>
                    <pc:TextEquiv conf="0.837474594116211">
                        <pc:Unicode>Hauptmanns</pc:Unicode>
                    </pc:TextEquiv>
                </pc:Word>
                <pc:Word id="region0004_line0001_word0001">
                    <pc:Coords points="482,943 674,943 674,988 482,988"/>
                    <pc:TextEquiv conf="0.816485900878906">
                        <pc:Unicode>Lycaon</pc:Unicode>
                    </pc:TextEquiv>
                </pc:Word>
                <pc:Word id="region0004_line0001_word0002">
                    <pc:Coords points="613,939 597,939 597,990 613,990"/>
                    <pc:TextEquiv conf="0.931081924438477">
                        <pc:Unicode>/</pc:Unicode>
                    </pc:TextEquiv>
                </pc:Word>
                <pc:Word id="region0004_line0001_word0003">
                    <pc:Coords points="687,939 627,939 627,990 687,990"/>
                    <pc:TextEquiv conf="0.922545547485352">
                        <pc:Unicode>ſein</pc:Unicode>
                    </pc:TextEquiv>
                </pc:Word>
                <pc:Word id="region0004_line0001_word0004">
                    <pc:Coords points="685,939 769,939 769,987 685,987"/>
                    <pc:TextEquiv conf="0.908380737304687">
                        <pc:Unicode>boͤſes</pc:Unicode>
                    </pc:TextEquiv>
                </pc:Word>
                <pc:Word id="region0004_line0001_word0005">
                    <pc:Coords points="780,944 866,944 866,978 780,978"/>
                    <pc:TextEquiv conf="0.922269134521484">
                        <pc:Unicode>Vor⸗</pc:Unicode>
                    </pc:TextEquiv>
                </pc:Word>
                <pc:TextEquiv conf="0.88970630645752">
                    <pc:Unicode>Hauptmanns Lycaon / ſein boͤſes Vor⸗</pc:Unicode>
                </pc:TextEquiv>
            </pc:TextLine>
            <pc:TextLine id="region0004_line0002">
                <pc:Coords points="254,983 869,983 869,1034 254,1034"/>
                <pc:Word id="region0004_line0002_word0000">
                    <pc:Coords points="337,983 254,983 254,1034 337,1034"/>
                    <pc:TextEquiv conf="0.671535491943359">
                        <pc:Unicode>nemen</pc:Unicode>
                    </pc:TextEquiv>
                </pc:Word>
                <pc:Word id="region0004_line0002_word0001">
                    <pc:Coords points="351,998 367,998 367,1027 351,1027"/>
                    <pc:TextEquiv conf="0.918565673828125">
                        <pc:Unicode>/</pc:Unicode>
                    </pc:TextEquiv>
                </pc:Word>
                <pc:Word id="region0004_line0002_word0002">
                    <pc:Coords points="444,983 381,983 381,1034 444,1034"/>
                    <pc:TextEquiv conf="0.719012069702148">
                        <pc:Unicode>ſeine</pc:Unicode>
                    </pc:TextEquiv>
                </pc:Word>
                <pc:Word id="region0004_line0002_word0003">
                    <pc:Coords points="445,983 869,983 869,1034 445,1034"/>
                    <pc:TextEquiv conf="0.460130767822266">
                        <pc:Unicode>Argliſtigkeit</pc:Unicode>
                    </pc:TextEquiv>
                </pc:Word>
                <pc:Word id="region0004_line0002_word0004">
                    <pc:Coords points="670,983 655,983 655,1034 670,1034"/>
                    <pc:TextEquiv conf="0.925182189941406">
                        <pc:Unicode>/</pc:Unicode>
                    </pc:TextEquiv>
                </pc:Word>
                <pc:Word id="region0004_line0002_word0005">
                    <pc:Coords points="681,983 869,983 869,1034 681,1034"/>
                    <pc:TextEquiv conf="0.846971893310547">
                        <pc:Unicode>Verſchlagen⸗</pc:Unicode>
                    </pc:TextEquiv>
                </pc:Word>
                <pc:TextEquiv conf="0.756899681091309">
                    <pc:Unicode>nemen / ſeine Argliſtigkeit / Verſchlagen⸗</pc:Unicode>
                </pc:TextEquiv>
            </pc:TextLine>
            <pc:TextLine id="region0004_line0003">
                <pc:Coords points="255,1034 866,1034 866,1080 255,1080"/>
                <pc:Word id="region0004_line0003_word0000">
                    <pc:Coords points="255,1040 320,1040 320,1080 255,1080"/>
                    <pc:TextEquiv conf="0.931090545654297">
                        <pc:Unicode>heit</pc:Unicode>
                    </pc:TextEquiv>
                </pc:Word>
                <pc:Word id="region0004_line0003_word0001">
                    <pc:Coords points="326,1037 389,1037 389,1069 326,1069"/>
                    <pc:TextEquiv conf="0.932539520263672">
                        <pc:Unicode>vnd</pc:Unicode>
                    </pc:TextEquiv>
                </pc:Word>
                <pc:Word id="region0004_line0003_word0002">
                    <pc:Coords points="396,1034 594,1034 594,1078 396,1078"/>
                    <pc:TextEquiv conf="0.52080451965332">
                        <pc:Unicode>Kriegsliſte</pc:Unicode>
                    </pc:TextEquiv>
                </pc:Word>
                <pc:Word id="region0004_line0003_word0003">
                    <pc:Coords points="601,1045 613,1045 613,1068 601,1068"/>
                    <pc:TextEquiv conf="0.905285263061523">
                        <pc:Unicode>/</pc:Unicode>
                    </pc:TextEquiv>
                </pc:Word>
                <pc:Word id="region0004_line0003_word0004">
                    <pc:Coords points="625,1037 665,1037 665,1069 625,1069"/>
                    <pc:TextEquiv conf="0.925351715087891">
                        <pc:Unicode>vnd</pc:Unicode>
                    </pc:TextEquiv>
                </pc:Word>
                <pc:Word id="region0004_line0003_word0005">
                    <pc:Coords points="676,1044 749,1044 749,1067 676,1067"/>
                    <pc:TextEquiv conf="0.928630523681641">
                        <pc:Unicode>was</pc:Unicode>
                    </pc:TextEquiv>
                </pc:Word>
                <pc:Word id="region0004_line0003_word0006">
                    <pc:Coords points="759,1044 788,1044 788,1066 759,1066"/>
                    <pc:TextEquiv conf="0.909773025512695">
                        <pc:Unicode>er</pc:Unicode>
                    </pc:TextEquiv>
                </pc:Word>
                <pc:Word id="region0004_line0003_word0007">
                    <pc:Coords points="786,1039 866,1039 866,1078 786,1078"/>
                    <pc:TextEquiv conf="0.922960586547852">
                        <pc:Unicode>ſon⸗</pc:Unicode>
                    </pc:TextEquiv>
                </pc:Word>
                <pc:TextEquiv conf="0.872054462432861">
                    <pc:Unicode>heit vnd Kriegsliſte / vnd was er ſon⸗</pc:Unicode>
                </pc:TextEquiv>
            </pc:TextLine>
            <pc:TextLine id="region0004_line0004">
                <pc:Coords points="256,1078 866,1078 866,1126 256,1126"/>
                <pc:Word id="region0004_line0004_word0000">
                    <pc:Coords points="256,1083 319,1083 319,1126 256,1126"/>
                    <pc:TextEquiv conf="0.929552307128906">
                        <pc:Unicode>ſten</pc:Unicode>
                    </pc:TextEquiv>
                </pc:Word>
                <pc:Word id="region0004_line0004_word0001">
                    <pc:Coords points="327,1088 386,1088 386,1113 327,1113"/>
                    <pc:TextEquiv conf="0.930605773925781">
                        <pc:Unicode>vor</pc:Unicode>
                    </pc:TextEquiv>
                </pc:Word>
                <pc:Word id="region0004_line0004_word0002">
                    <pc:Coords points="396,1079 582,1079 582,1123 396,1123"/>
                    <pc:TextEquiv conf="0.922083282470703">
                        <pc:Unicode>ſchreckliche</pc:Unicode>
                    </pc:TextEquiv>
                </pc:Word>
                <pc:Word id="region0004_line0004_word0003">
                    <pc:Coords points="593,1081 684,1081 684,1122 593,1122"/>
                    <pc:TextEquiv conf="0.918991394042969">
                        <pc:Unicode>dinge</pc:Unicode>
                    </pc:TextEquiv>
                </pc:Word>
                <pc:Word id="region0004_line0004_word0004">
                    <pc:Coords points="694,1078 866,1078 866,1121 694,1121"/>
                    <pc:TextEquiv conf="0.887334594726563">
                        <pc:Unicode>begangen</pc:Unicode>
                    </pc:TextEquiv>
                </pc:Word>
                <pc:Word id="region0004_line0004_word0005">
                    <pc:Coords points="847,1126 866,1126 866,1078 847,1078"/>
                    <pc:TextEquiv conf="0.920009689331055">
                        <pc:Unicode>/</pc:Unicode>
                    </pc:TextEquiv>
                </pc:Word>
                <pc:TextEquiv conf="0.918096173604329">
                    <pc:Unicode>ſten vor ſchreckliche dinge begangen /</pc:Unicode>
                </pc:TextEquiv>
            </pc:TextLine>
            <pc:TextLine id="region0004_line0005">
                <pc:Coords points="257,1122 911,1122 911,1169 257,1169"/>
                <pc:Word id="region0004_line0005_word0000">
                    <pc:Coords points="257,1137 322,1137 322,1162 257,1162"/>
                    <pc:TextEquiv conf="0.930697402954102">
                        <pc:Unicode>von</pc:Unicode>
                    </pc:TextEquiv>
                </pc:Word>
                <pc:Word id="region0004_line0005_word0001">
                    <pc:Coords points="362,1122 318,1122 318,1169 362,1169"/>
                    <pc:TextEquiv conf="0.788227691650391">
                        <pc:Unicode>der</pc:Unicode>
                    </pc:TextEquiv>
                </pc:Word>
                <pc:Word id="region0004_line0005_word0002">
                    <pc:Coords points="365,1127 436,1127 436,1168 365,1168"/>
                    <pc:TextEquiv conf="0.788227691650391">
                        <pc:Unicode>zeit</pc:Unicode>
                    </pc:TextEquiv>
                </pc:Word>
                <pc:Word id="region0004_line0005_word0003">
                    <pc:Coords points="445,1132 470,1132 470,1156 445,1156"/>
                    <pc:TextEquiv conf="0.899558868408203">
                        <pc:Unicode>an</pc:Unicode>
                    </pc:TextEquiv>
                </pc:Word>
                <pc:Word id="region0004_line0005_word0004">
                    <pc:Coords points="494,1122 483,1122 483,1169 494,1169"/>
                    <pc:TextEquiv conf="0.899558868408203">
                        <pc:Unicode>/</pc:Unicode>
                    </pc:TextEquiv>
                </pc:Word>
                <pc:Word id="region0004_line0005_word0005">
                    <pc:Coords points="503,1125 528,1125 528,1169 503,1169"/>
                    <pc:TextEquiv conf="0.929933853149414">
                        <pc:Unicode>da</pc:Unicode>
                    </pc:TextEquiv>
                </pc:Word>
                <pc:Word id="region0004_line0005_word0006">
                    <pc:Coords points="541,1133 568,1133 568,1169 541,1169"/>
                    <pc:TextEquiv conf="0.900483856201172">
                        <pc:Unicode>er</pc:Unicode>
                    </pc:TextEquiv>
                </pc:Word>
                <pc:Word id="region0004_line0005_word0007">
                    <pc:Coords points="571,1122 630,1122 630,1169 571,1169"/>
                    <pc:TextEquiv conf="0.928768920898438">
                        <pc:Unicode>ſich</pc:Unicode>
                    </pc:TextEquiv>
                </pc:Word>
                <pc:Word id="region0004_line0005_word0008">
                    <pc:Coords points="637,1122 768,1122 768,1167 637,1167"/>
                    <pc:TextEquiv conf="0.916798934936523">
                        <pc:Unicode>auff</pc:Unicode>
                    </pc:TextEquiv>
                </pc:Word>
                <pc:Word id="region0004_line0005_word0009">
                    <pc:Coords points="776,1122 730,1122 730,1169 776,1169"/>
                    <pc:TextEquiv conf="0.928928680419922">
                        <pc:Unicode>das</pc:Unicode>
                    </pc:TextEquiv>
                </pc:Word>
                <pc:Word id="region0004_line0005_word0010">
                    <pc:Coords points="776,1123 911,1123 911,1168 776,1168"/>
                    <pc:TextEquiv conf="0.">
                        <pc:Unicode>dAtraſ/</pc:Unicode>
                    </pc:TextEquiv>
                </pc:Word>
                <pc:TextEquiv conf="0.901016797152433">
                    <pc:Unicode>von der zeit an / da er ſich auff das dAtraſ/</pc:Unicode>
                </pc:TextEquiv>
            </pc:TextLine>
            <pc:TextLine id="region0004_line0006">
                <pc:Coords points="259,1166 894,1166 894,1219 259,1219"/>
                <pc:Word id="region0004_line0006_word0000">
                    <pc:Coords points="259,1170 418,1170 418,1219 259,1219"/>
                    <pc:TextEquiv conf="0.928294677734375">
                        <pc:Unicode>ſenrauben</pc:Unicode>
                    </pc:TextEquiv>
                </pc:Word>
                <pc:Word id="region0004_line0006_word0001">
                    <pc:Coords points="426,1169 481,1169 481,1211 426,1211"/>
                    <pc:TextEquiv conf="0.928483047485352">
                        <pc:Unicode>hat</pc:Unicode>
                    </pc:TextEquiv>
                </pc:Word>
                <pc:Word id="region0004_line0006_word0002">
                    <pc:Coords points="489,1166 634,1166 634,1212 489,1212"/>
                    <pc:TextEquiv conf="0.92382209777832">
                        <pc:Unicode>begeben.</pc:Unicode>
                    </pc:TextEquiv>
                </pc:Word>
                <pc:TextEquiv conf="0.926866607666016">
                    <pc:Unicode>ſenrauben hat begeben.</pc:Unicode>
                </pc:TextEquiv>
            </pc:TextLine>
            <pc:TextEquiv conf="0.875295500404391">
                <pc:Unicode>Ferꝛnere Beſchreibung deß Lebens deß
Hauptmanns Lycaon / ſein boͤſes Vor⸗
nemen / ſeine Argliſtigkeit / Verſchlagen⸗
heit vnd Kriegsliſte / vnd was er ſon⸗
ſten vor ſchreckliche dinge begangen /
von der zeit an / da er ſich auff das dAtraſ/
ſenrauben hat begeben.</pc:Unicode>
            </pc:TextEquiv>
        </pc:TextRegion>
        <pc:TextRegion id="region0005" orientation="0.681592741486071" readingDirection="left-to-right" textLineOrder="top-to-bottom">
            <pc:Coords points="334,1219 893,1219 893,1350 334,1350"/>
            <pc:TextLine id="region0005_line0000">
                <pc:Coords points="334,1219 893,1219 893,1272 334,1272"/>
                <pc:Word id="region0005_line0000_word0000">
                    <pc:Coords points="353,1219 334,1219 334,1272 353,1272"/>
                    <pc:TextEquiv conf="0.927102279663086">
                        <pc:Unicode>S</pc:Unicode>
                    </pc:TextEquiv>
                </pc:Word>
                <pc:Word id="region0005_line0000_word0001">
                    <pc:Coords points="389,1228 436,1228 436,1272 389,1272"/>
                    <pc:TextEquiv conf="0.881345138549805">
                        <pc:Unicode>hai</pc:Unicode>
                    </pc:TextEquiv>
                </pc:Word>
                <pc:Word id="region0005_line0000_word0002">
                    <pc:Coords points="447,1219 594,1219 594,1269 447,1269"/>
                    <pc:TextEquiv conf="0.584432907104492">
                        <pc:Unicode>Epictetus</pc:Unicode>
                    </pc:TextEquiv>
                </pc:Word>
                <pc:Word id="region0005_line0000_word0003">
                    <pc:Coords points="606,1225 679,1225 679,1270 606,1270"/>
                    <pc:TextEquiv conf="0.880250854492188">
                        <pc:Unicode>recht</pc:Unicode>
                    </pc:TextEquiv>
                </pc:Word>
                <pc:Word id="region0005_line0000_word0004">
                    <pc:Coords points="703,1229 754,1229 754,1261 703,1261"/>
                    <pc:TextEquiv conf="0.917158279418945">
                        <pc:Unicode>vnd</pc:Unicode>
                    </pc:TextEquiv>
                </pc:Word>
                <pc:Word id="region0005_line0000_word0005">
                    <pc:Coords points="768,1227 813,1227 813,1262 768,1262"/>
                    <pc:TextEquiv conf="0.909915466308594">
                        <pc:Unicode>wol</pc:Unicode>
                    </pc:TextEquiv>
                </pc:Word>
                <pc:Word id="region0005_line0000_word0006">
                    <pc:Coords points="825,1224 893,1224 893,1270 825,1270"/>
                    <pc:TextEquiv conf="0.764328918457031">
                        <pc:Unicode>ge⸗</pc:Unicode>
                    </pc:TextEquiv>
                </pc:Word>
                <pc:TextEquiv conf="0.83779054914202">
                    <pc:Unicode>S hai Epictetus recht vnd wol ge⸗</pc:Unicode>
                </pc:TextEquiv>
            </pc:TextLine>
            <pc:TextLine id="region0005_line0001">
                <pc:Coords points="334,1269 873,1269 873,1310 334,1310"/>
                <pc:Word id="region0005_line0001_word0000">
                    <pc:Coords points="334,1273 397,1273 397,1310 334,1310"/>
                    <pc:TextEquiv conf="0.426971092224121">
                        <pc:Unicode>ſagt·</pc:Unicode>
                    </pc:TextEquiv>
                </pc:Word>
                <pc:Word id="region0005_line0001_word0001">
                    <pc:Coords points="406,1272 463,1272 463,1305 406,1305"/>
                    <pc:TextEquiv conf="0.931437225341797">
                        <pc:Unicode>Der</pc:Unicode>
                    </pc:TextEquiv>
                </pc:Word>
                <pc:Word id="region0005_line0001_word0002">
                    <pc:Coords points="470,1271 550,1271 550,1307 470,1307"/>
                    <pc:TextEquiv conf="0.930327835083008">
                        <pc:Unicode>Krieg</pc:Unicode>
                    </pc:TextEquiv>
                </pc:Word>
                <pc:Word id="region0005_line0001_word0003">
                    <pc:Coords points="557,1270 593,1270 593,1307 557,1307"/>
                    <pc:TextEquiv conf="0.894572143554688">
                        <pc:Unicode>ſey</pc:Unicode>
                    </pc:TextEquiv>
                </pc:Word>
                <pc:Word id="region0005_line0001_word0004">
                    <pc:Coords points="598,1273 680,1273 680,1302 598,1302"/>
                    <pc:TextEquiv conf="0.925681762695313">
                        <pc:Unicode>einem</pc:Unicode>
                    </pc:TextEquiv>
                </pc:Word>
                <pc:Word id="region0005_line0001_word0005">
                    <pc:Coords points="687,1269 754,1269 754,1302 687,1302"/>
                    <pc:TextEquiv conf="0.927366333007812">
                        <pc:Unicode>Land</pc:Unicode>
                    </pc:TextEquiv>
                </pc:Word>
                <pc:Word id="region0005_line0001_word0006">
                    <pc:Coords points="764,1276 808,1276 808,1303 764,1303"/>
                    <pc:TextEquiv conf="0.849535064697266">
                        <pc:Unicode>vnd</pc:Unicode>
                    </pc:TextEquiv>
                </pc:Word>
                <pc:Word id="region0005_line0001_word0007">
                    <pc:Coords points="873,1269 820,1269 820,1310 873,1310"/>
                    <pc:TextEquiv conf="0.849535064697266">
                        <pc:Unicode>Koͤ⸗</pc:Unicode>
                    </pc:TextEquiv>
                </pc:Word>
                <pc:TextEquiv conf="0.841928315162659">
                    <pc:Unicode>ſagt· Der Krieg ſey einem Land vnd Koͤ⸗</pc:Unicode>
                </pc:TextEquiv>
            </pc:TextLine>
            <pc:TextLine id="region0005_line0002">
                <pc:Coords points="335,1308 873,1308 873,1350 335,1350"/>
                <pc:Word id="region0005_line0002_word0000">
                    <pc:Coords points="335,1311 444,1311 444,1350 335,1350"/>
                    <pc:TextEquiv conf="0.928359527587891">
                        <pc:Unicode>nigreich</pc:Unicode>
                    </pc:TextEquiv>
                </pc:Word>
                <pc:Word id="region0005_line0002_word0001">
                    <pc:Coords points="456,1312 533,1312 533,1349 456,1349"/>
                    <pc:TextEquiv conf="0.926376876831055">
                        <pc:Unicode>gleich</pc:Unicode>
                    </pc:TextEquiv>
                </pc:Word>
                <pc:Word id="region0005_line0002_word0002">
                    <pc:Coords points="545,1313 593,1313 593,1341 545,1341"/>
                    <pc:TextEquiv conf="0.932186279296875">
                        <pc:Unicode>wie</pc:Unicode>
                    </pc:TextEquiv>
                </pc:Word>
                <pc:Word id="region0005_line0002_word0003">
                    <pc:Coords points="605,1314 646,1314 646,1342 605,1342"/>
                    <pc:TextEquiv conf="0.92829345703125">
                        <pc:Unicode>ein</pc:Unicode>
                    </pc:TextEquiv>
                </pc:Word>
                <pc:Word id="region0005_line0002_word0004">
                    <pc:Coords points="657,1308 759,1308 759,1347 657,1347"/>
                    <pc:TextEquiv conf="0.915493850708008">
                        <pc:Unicode>Fieber</pc:Unicode>
                    </pc:TextEquiv>
                </pc:Word>
                <pc:Word id="region0005_line0002_word0005">
                    <pc:Coords points="769,1308 756,1308 756,1350 769,1350"/>
                    <pc:TextEquiv conf="0.915493850708008">
                        <pc:Unicode>/</pc:Unicode>
                    </pc:TextEquiv>
                </pc:Word>
                <pc:Word id="region0005_line0002_word0006">
                    <pc:Coords points="770,1312 873,1312 873,1344 770,1344"/>
                    <pc:TextEquiv conf="0.927013931274414">
                        <pc:Unicode>welches</pc:Unicode>
                    </pc:TextEquiv>
                </pc:Word>
                <pc:TextEquiv conf="0.924745396205357">
                    <pc:Unicode>nigreich gleich wie ein Fieber / welches</pc:Unicode>
                </pc:TextEquiv>
            </pc:TextLine>
            <pc:TextEquiv conf="0.868154753503345">
                <pc:Unicode>S hai Epictetus recht vnd wol ge⸗
ſagt· Der Krieg ſey einem Land vnd Koͤ⸗
nigreich gleich wie ein Fieber / welches</pc:Unicode>
            </pc:TextEquiv>
        </pc:TextRegion>
        <pc:TextRegion id="region0006" orientation="0.681592741486071" readingDirection="left-to-right" textLineOrder="top-to-bottom">
            <pc:Coords points="219,1348 878,1348 878,1421 219,1421"/>
            <pc:TextLine id="region0006_line0000">
                <pc:Coords points="219,1348 875,1348 875,1396 219,1396"/>
                <pc:Word id="region0006_line0000_word0000">
                    <pc:Coords points="219,1353 354,1353 354,1392 219,1392"/>
                    <pc:TextEquiv conf="0.921036682128906">
                        <pc:Unicode>allgemach</pc:Unicode>
                    </pc:TextEquiv>
                </pc:Word>
                <pc:Word id="region0006_line0000_word0001">
                    <pc:Coords points="362,1353 535,1353 535,1396 362,1396"/>
                    <pc:TextEquiv conf="0.893974151611328">
                        <pc:Unicode>abmattet</pc:Unicode>
                    </pc:TextEquiv>
                </pc:Word>
                <pc:Word id="region0006_line0000_word0002">
                    <pc:Coords points="499,1348 488,1348 488,1396 499,1396"/>
                    <pc:TextEquiv conf="0.923470611572266">
                        <pc:Unicode>/</pc:Unicode>
                    </pc:TextEquiv>
                </pc:Word>
                <pc:Word id="region0006_line0000_word0003">
                    <pc:Coords points="548,1348 509,1348 509,1396 548,1396"/>
                    <pc:TextEquiv conf="0.916302719116211">
                        <pc:Unicode>die</pc:Unicode>
                    </pc:TextEquiv>
                </pc:Word>
                <pc:Word id="region0006_line0000_word0004">
                    <pc:Coords points="660,1348 558,1348 558,1396 660,1396"/>
                    <pc:TextEquiv conf="0.893474349975586">
                        <pc:Unicode>Kraͤffte</pc:Unicode>
                    </pc:TextEquiv>
                </pc:Word>
                <pc:Word id="region0006_line0000_word0005">
                    <pc:Coords points="784,1348 670,1348 670,1396 784,1396"/>
                    <pc:TextEquiv conf="0.910987396240234">
                        <pc:Unicode>ſchwechet</pc:Unicode>
                    </pc:TextEquiv>
                </pc:Word>
                <pc:Word id="region0006_line0000_word0006">
                    <pc:Coords points="793,1349 829,1349 829,1383 793,1383"/>
                    <pc:TextEquiv conf="0.912427062988281">
                        <pc:Unicode>vñ</pc:Unicode>
                    </pc:TextEquiv>
                </pc:Word>
                <pc:Word id="region0006_line0000_word0007">
                    <pc:Coords points="837,1352 875,1352 875,1381 837,1381"/>
                    <pc:TextEquiv conf="0.874304351806641">
                        <pc:Unicode>ni⸗</pc:Unicode>
                    </pc:TextEquiv>
                </pc:Word>
                <pc:TextEquiv conf="0.905747165679932">
                    <pc:Unicode>allgemach abmattet / die Kraͤffte ſchwechet vñ ni⸗</pc:Unicode>
                </pc:TextEquiv>
            </pc:TextLine>
            <pc:TextLine id="region0006_line0001">
                <pc:Coords points="826,1393 878,1393 878,1421 826,1421"/>
                <pc:Word id="region0006_line0001_word0000">
                    <pc:Coords points="826,1393 878,1393 878,1421 826,1421"/>
                    <pc:TextEquiv conf="0.853195419311523">
                        <pc:Unicode>der⸗</pc:Unicode>
                    </pc:TextEquiv>
                </pc:Word>
                <pc:TextEquiv conf="0.853195419311523">
                    <pc:Unicode>der⸗</pc:Unicode>
                </pc:TextEquiv>
            </pc:TextLine>
            <pc:TextEquiv conf="0.879471292495728">
                <pc:Unicode>allgemach abmattet / die Kraͤffte ſchwechet vñ ni⸗
der⸗</pc:Unicode>
            </pc:TextEquiv>
        </pc:TextRegion>
        <pc:ImageRegion id="region0000" orientation="0.681592741486071">
            <pc:Coords points="0,0 1000,0 1000,162 0,162"/>
        </pc:ImageRegion>
        <pc:ImageRegion id="region0009" orientation="0.681592741486071">
            <pc:Coords points="0,112 1000,112 1000,1550 0,1550"/>
        </pc:ImageRegion>
        <pc:SeparatorRegion id="region0007">
            <pc:Coords points="744,809 859,809 859,820 744,820"/>
        </pc:SeparatorRegion>
        <pc:SeparatorRegion id="region0008">
            <pc:Coords points="48,665 58,665 58,1098 48,1098"/>
        </pc:SeparatorRegion>
    </pc:Page>
</pc:PcGts>
