<?xml version="1.0" encoding="UTF-8"?>
<pc:PcGts xmlns:pc="http://schema.primaresearch.org/PAGE/gts/pagecontent/2019-07-15" xmlns:xsi="http://www.w3.org/2001/XMLSchema-instance" xsi:schemaLocation="http://schema.primaresearch.org/PAGE/gts/pagecontent/2019-07-15 http://schema.primaresearch.org/PAGE/gts/pagecontent/2019-07-15/pagecontent.xsd">
    <pc:Metadata>
        <pc:Creator>OCR-D</pc:Creator>
        <pc:Created>2016-09-21T13:33:08</pc:Created>
        <pc:LastChange>2019-11-21T13:02:27</pc:LastChange>
    </pc:Metadata>
    <pc:Page imageFilename="OCR-D-IMG/OCR-D-IMG_0002.tif" imageWidth="1732" imageHeight="2383" imageXResolution="300." imageYResolution="300." type="content">
        <pc:Border>
            <pc:Coords points="141,220 1237,220 1237,2011 141,2011"/>
        </pc:Border>
        <pc:ReadingOrder>
            <pc:OrderedGroup id="ro357564684568544579089" caption="Regions reading order">
                <pc:RegionRefIndexed index="0" regionRef="r_1_1"/>
                <pc:RegionRefIndexed index="1" regionRef="r_1_2"/>
                <pc:RegionRefIndexed index="2" regionRef="r_2_1"/>
                <pc:RegionRefIndexed index="3" regionRef="r_6_1"/>
                <pc:RegionRefIndexed index="4" regionRef="r_3_1"/>
                <pc:RegionRefIndexed index="5" regionRef="r_7_1"/>
            </pc:OrderedGroup>
        </pc:ReadingOrder>
        <pc:TextRegion id="r_1_1" type="paragraph" primaryLanguage="German" secondaryLanguage="Latin">
            <pc:Coords points="169,245 1190,245 1190,423 169,423"/>
            <pc:TextLine id="tl_1" primaryLanguage="German">
                <pc:Coords points="263,246 1189,246 1189,307 263,307"/>
                <pc:Baseline points="263,298 1189,298"/>
                <pc:Word id="w_w1aab1b1b2b1b1ab1" language="German">
                    <pc:Coords points="263,254 383,254 383,304 263,304"/>
                    <pc:TextEquiv>
                        <pc:Unicode>Man</pc:Unicode>
                    </pc:TextEquiv>
                </pc:Word>
                <pc:Word id="w_w1aab1b1b2b1b1ab9" language="German">
                    <pc:Coords points="397,251 511,251 511,306 397,306"/>
                    <pc:TextEquiv>
                        <pc:Unicode>ſaget</pc:Unicode>
                    </pc:TextEquiv>
                </pc:Word>
                <pc:Word id="w_w1aab1b1b2b1b1ac21" language="German">
                    <pc:Coords points="522,252 668,252 668,304 522,304"/>
                    <pc:TextEquiv>
                        <pc:Unicode>auch/</pc:Unicode>
                    </pc:TextEquiv>
                </pc:Word>
                <pc:Word id="w_w1aab1b1b2b1b1ac35" language="German">
                    <pc:Coords points="681,252 765,252 765,295 681,295"/>
                    <pc:TextEquiv>
                        <pc:Unicode>das</pc:Unicode>
                    </pc:TextEquiv>
                </pc:Word>
                <pc:Word id="w_w1aab1b1b2b1b1ac43" language="German">
                    <pc:Coords points="776,247 825,247 825,302 776,302"/>
                    <pc:TextEquiv>
                        <pc:Unicode>ſie</pc:Unicode>
                    </pc:TextEquiv>
                </pc:Word>
                <pc:Word id="w_w1aab1b1b2b1b1ac51" language="German">
                    <pc:Coords points="837,258 930,258 930,302 837,302"/>
                    <pc:TextEquiv>
                        <pc:Unicode>zum</pc:Unicode>
                    </pc:TextEquiv>
                </pc:Word>
                <pc:Word id="w_w1aab1b1b2b1b1ac59" language="German">
                    <pc:Coords points="942,246 1100,246 1100,302 942,302"/>
                    <pc:TextEquiv>
                        <pc:Unicode>zeichen</pc:Unicode>
                    </pc:TextEquiv>
                </pc:Word>
                <pc:Word id="w_w1aab1b1b2b1b1ac75" language="German">
                    <pc:Coords points="1120,250 1189,250 1189,293 1120,293"/>
                    <pc:TextEquiv>
                        <pc:Unicode>ein</pc:Unicode>
                    </pc:TextEquiv>
                </pc:Word>
                <pc:TextEquiv>
                    <pc:Unicode>Man ſaget auch/ das ſie zum zeichen ein</pc:Unicode>
                </pc:TextEquiv>
            </pc:TextLine>
            <pc:TextLine id="tl_2" primaryLanguage="German">
                <pc:Coords points="173,303 1188,303 1188,365 173,365"/>
                <pc:Baseline points="173,354 1188,354"/>
                <pc:Word id="w_w1aab1b1b2b1b3ab1" language="German">
                    <pc:Coords points="173,309 344,309 344,365 173,365"/>
                    <pc:TextEquiv>
                        <pc:Unicode>jglicher</pc:Unicode>
                    </pc:TextEquiv>
                </pc:Word>
                <pc:Word id="w_w1aab1b1b2b1b3ac19" language="German">
                    <pc:Coords points="364,312 474,312 474,355 364,355"/>
                    <pc:TextEquiv>
                        <pc:Unicode>oben</pc:Unicode>
                    </pc:TextEquiv>
                </pc:Word>
                <pc:Word id="w_w1aab1b1b2b1b3ac29" language="German">
                    <pc:Coords points="488,320 543,320 543,352 488,352"/>
                    <pc:TextEquiv>
                        <pc:Unicode>an</pc:Unicode>
                    </pc:TextEquiv>
                </pc:Word>
                <pc:Word id="w_w1aab1b1b2b1b3ac35" language="German">
                    <pc:Coords points="560,308 690,308 690,360 560,360"/>
                    <pc:TextEquiv>
                        <pc:Unicode>ſeinen</pc:Unicode>
                    </pc:TextEquiv>
                </pc:Word>
                <pc:Word id="w_w1aab1b1b2b1b3ac49" language="German">
                    <pc:Coords points="706,305 835,305 835,359 706,359"/>
                    <pc:TextEquiv>
                        <pc:Unicode>hoſen</pc:Unicode>
                    </pc:TextEquiv>
                </pc:Word>
                <pc:Word id="w_w1aab1b1b2b1b3ac61" language="German">
                    <pc:Coords points="854,310 970,310 970,350 854,350"/>
                    <pc:TextEquiv>
                        <pc:Unicode>einen</pc:Unicode>
                    </pc:TextEquiv>
                </pc:Word>
                <pc:Word id="w_w1aab1b1b2b1b3ac73" language="German">
                    <pc:Coords points="994,303 1188,303 1188,359 994,359"/>
                    <pc:TextEquiv>
                        <pc:Unicode>Strahel</pc:Unicode>
                    </pc:TextEquiv>
                </pc:Word>
                <pc:TextEquiv>
                    <pc:Unicode>jglicher oben an ſeinen hoſen einen Strahel</pc:Unicode>
                </pc:TextEquiv>
            </pc:TextLine>
            <pc:TextLine id="tl_3" primaryLanguage="German">
                <pc:Coords points="170,361 1065,361 1065,422 170,422"/>
                <pc:Baseline points="170,410 1065,410"/>
                <pc:Word id="w_w1aab1b1b2b1b5ab1" language="German">
                    <pc:Coords points="170,369 233,369 233,422 170,422"/>
                    <pc:TextEquiv>
                        <pc:Unicode>ſol</pc:Unicode>
                    </pc:TextEquiv>
                </pc:Word>
                <pc:Word id="w_w1aab1b1b2b1b5ab9" language="German">
                    <pc:Coords points="244,367 387,367 387,422 244,422"/>
                    <pc:TextEquiv>
                        <pc:Unicode>haben</pc:Unicode>
                    </pc:TextEquiv>
                </pc:Word>
                <pc:Word id="w_w1aab1b1b2b1b5ac21" language="German">
                    <pc:Coords points="397,374 421,374 421,420 397,420"/>
                    <pc:TextEquiv>
                        <pc:Unicode>/</pc:Unicode>
                    </pc:TextEquiv>
                </pc:Word>
                <pc:Word id="w_w1aab1b1b2b1b5ac25" language="German">
                    <pc:Coords points="433,365 567,365 567,417 433,417"/>
                    <pc:TextEquiv>
                        <pc:Unicode>dabey</pc:Unicode>
                    </pc:TextEquiv>
                </pc:Word>
                <pc:Word id="w_w1aab1b1b2b1b5ac37" language="German">
                    <pc:Coords points="580,363 630,363 630,414 580,414"/>
                    <pc:TextEquiv>
                        <pc:Unicode>ſie</pc:Unicode>
                    </pc:TextEquiv>
                </pc:Word>
                <pc:Word id="w_w1aab1b1b2b1b5ac45" language="German">
                    <pc:Coords points="642,366 838,366 838,407 642,407"/>
                    <pc:TextEquiv>
                        <pc:Unicode>einander</pc:Unicode>
                    </pc:TextEquiv>
                </pc:Word>
                <pc:Word id="w_w1aab1b1b2b1b5ac63" language="German">
                    <pc:Coords points="846,363 1065,363 1065,406 846,406"/>
                    <pc:TextEquiv>
                        <pc:Unicode>erkennen.</pc:Unicode>
                    </pc:TextEquiv>
                </pc:Word>
                <pc:TextEquiv>
                    <pc:Unicode>ſol haben / dabey ſie einander erkennen.</pc:Unicode>
                </pc:TextEquiv>
            </pc:TextLine>
            <pc:TextEquiv>
                <pc:Unicode>Man ſaget auch/ das ſie zum zeichen ein
jglicher oben an ſeinen hoſen einen Strahel
ſol haben / dabey ſie einander erkennen.</pc:Unicode>
            </pc:TextEquiv>
        </pc:TextRegion>
        <pc:TextRegion id="r_1_2" type="paragraph" primaryLanguage="German" secondaryLanguage="Latin">
            <pc:Coords points="170,465 1194,465 1194,695 170,695"/>
            <pc:TextLine id="tl_4" primaryLanguage="German">
                <pc:Coords points="149,463 1190,466 1190,525 149,522"/>
                <pc:Baseline points="153,516 1190,516"/>
                <pc:Word id="word_1478520189752_57" language="German">
                    <pc:Coords points="277,521 137,521 134,472 274,472"/>
                    <pc:TextEquiv>
                        <pc:Unicode>26</pc:Unicode>
                    </pc:TextEquiv>
                </pc:Word>
                <pc:Word id="word_1478520189746_56" language="German">
                    <pc:Coords points="423,521 277,521 277,472 423,472"/>
                    <pc:TextEquiv>
                        <pc:Unicode>Mehr</pc:Unicode>
                    </pc:TextEquiv>
                </pc:Word>
                <pc:Word id="w_w1aab1b1b2b3b1ac11" language="German">
                    <pc:Coords points="436,472 542,472 542,514 436,514"/>
                    <pc:TextEquiv>
                        <pc:Unicode>wird</pc:Unicode>
                    </pc:TextEquiv>
                </pc:Word>
                <pc:Word id="w_w1aab1b1b2b3b1ac21" language="German">
                    <pc:Coords points="554,472 795,472 795,523 554,523"/>
                    <pc:TextEquiv>
                        <pc:Unicode>angezeigt/</pc:Unicode>
                    </pc:TextEquiv>
                </pc:Word>
                <pc:Word id="w_w1aab1b1b2b3b1ac43" language="German">
                    <pc:Coords points="808,471 894,471 894,512 808,512"/>
                    <pc:TextEquiv>
                        <pc:Unicode>das</pc:Unicode>
                    </pc:TextEquiv>
                </pc:Word>
                <pc:Word id="w_w1aab1b1b2b3b1ac51" language="German">
                    <pc:Coords points="905,469 1010,469 1010,511 905,511"/>
                    <pc:TextEquiv>
                        <pc:Unicode>einer</pc:Unicode>
                    </pc:TextEquiv>
                </pc:Word>
                <pc:Word id="w_w1aab1b1b2b3b1ac63" language="German">
                    <pc:Coords points="1023,466 1190,466 1190,513 1023,513"/>
                    <pc:TextEquiv>
                        <pc:Unicode>Huner</pc:Unicode>
                    </pc:TextEquiv>
                </pc:Word>
                <pc:TextEquiv>
                    <pc:Unicode>26 Mehr wird angezeigt/ das einer Huner</pc:Unicode>
                </pc:TextEquiv>
            </pc:TextLine>
            <pc:TextLine id="tl_5" primaryLanguage="German">
                <pc:Coords points="172,521 1193,521 1193,579 172,579"/>
                <pc:Baseline points="172,570 1193,570"/>
                <pc:Word id="w_w1aab1b1b2b3b3ab1" language="German">
                    <pc:Coords points="172,536 259,536 259,574 172,574"/>
                    <pc:TextEquiv>
                        <pc:Unicode>von</pc:Unicode>
                    </pc:TextEquiv>
                </pc:Word>
                <pc:Word id="w_w1aab1b1b2b3b3ab9" language="German">
                    <pc:Coords points="286,526 524,526 524,574 286,574"/>
                    <pc:TextEquiv>
                        <pc:Unicode>Widebock</pc:Unicode>
                    </pc:TextEquiv>
                </pc:Word>
                <pc:Word id="w_w1aab1b1b2b3b3ac27" language="German">
                    <pc:Coords points="543,530 732,530 732,577 543,577"/>
                    <pc:TextEquiv>
                        <pc:Unicode>genandt</pc:Unicode>
                    </pc:TextEquiv>
                </pc:Word>
                <pc:Word id="w_w1aab1b1b2b3b3ac43" language="German">
                    <pc:Coords points="747,531 772,531 772,576 747,576"/>
                    <pc:TextEquiv>
                        <pc:Unicode>/</pc:Unicode>
                    </pc:TextEquiv>
                </pc:Word>
                <pc:Word id="w_w1aab1b1b2b3b3ac47" language="German">
                    <pc:Coords points="785,525 897,525 897,574 785,574"/>
                    <pc:TextEquiv>
                        <pc:Unicode>habe</pc:Unicode>
                    </pc:TextEquiv>
                </pc:Word>
                <pc:Word id="w_w1aab1b1b2b3b3ac57" language="German">
                    <pc:Coords points="919,522 1021,522 1021,574 919,574"/>
                    <pc:TextEquiv>
                        <pc:Unicode>dieſe</pc:Unicode>
                    </pc:TextEquiv>
                </pc:Word>
                <pc:Word id="w_w1aab1b1b2b3b3ac69" language="German">
                    <pc:Coords points="1043,521 1193,521 1193,570 1043,570"/>
                    <pc:TextEquiv>
                        <pc:Unicode>Geſel-</pc:Unicode>
                    </pc:TextEquiv>
                </pc:Word>
                <pc:TextEquiv>
                    <pc:Unicode>von Widebock genandt / habe dieſe Geſel-</pc:Unicode>
                </pc:TextEquiv>
            </pc:TextLine>
            <pc:TextLine id="tl_6" primaryLanguage="German">
                <pc:Coords points="171,577 1192,577 1192,637 171,637"/>
                <pc:Baseline points="171,626 1192,626"/>
                <pc:Word id="w_w1aab1b1b2b3b5ab1" language="German">
                    <pc:Coords points="171,581 325,581 325,637 171,637"/>
                    <pc:TextEquiv>
                        <pc:Unicode>ſchafft</pc:Unicode>
                    </pc:TextEquiv>
                </pc:Word>
                <pc:Word id="w_w1aab1b1b2b3b5ac17" language="German">
                    <pc:Coords points="339,584 417,584 417,635 339,635"/>
                    <pc:TextEquiv>
                        <pc:Unicode>bey</pc:Unicode>
                    </pc:TextEquiv>
                </pc:Word>
                <pc:Word id="w_w1aab1b1b2b3b5ac25" language="German">
                    <pc:Coords points="429,585 654,585 654,632 429,632"/>
                    <pc:TextEquiv>
                        <pc:Unicode>einander/</pc:Unicode>
                    </pc:TextEquiv>
                </pc:Word>
                <pc:Word id="w_w1aab1b1b2b3b5ac45" language="German">
                    <pc:Coords points="664,592 751,592 751,625 664,625"/>
                    <pc:TextEquiv>
                        <pc:Unicode>von</pc:Unicode>
                    </pc:TextEquiv>
                </pc:Word>
                <pc:Word id="w_w1aab1b1b2b3b5ac53" language="German">
                    <pc:Coords points="766,583 898,583 898,622 766,622"/>
                    <pc:TextEquiv>
                        <pc:Unicode>denen</pc:Unicode>
                    </pc:TextEquiv>
                </pc:Word>
                <pc:Word id="w_w1aab1b1b2b3b5ac65" language="German">
                    <pc:Coords points="912,578 1040,578 1040,629 912,629"/>
                    <pc:TextEquiv>
                        <pc:Unicode>ſollen</pc:Unicode>
                    </pc:TextEquiv>
                </pc:Word>
                <pc:Word id="w_w1aab1b1b2b3b5ac79" language="German">
                    <pc:Coords points="1050,583 1192,583 1192,631 1050,631"/>
                    <pc:TextEquiv>
                        <pc:Unicode>zween</pc:Unicode>
                    </pc:TextEquiv>
                </pc:Word>
                <pc:TextEquiv>
                    <pc:Unicode>ſchafft bey einander/ von denen ſollen zween</pc:Unicode>
                </pc:TextEquiv>
            </pc:TextLine>
            <pc:TextLine id="tl_7" primaryLanguage="German">
                <pc:Coords points="173,632 992,632 992,694 173,694"/>
                <pc:Baseline points="173,683 992,683"/>
                <pc:Word id="w_w1aab1b1b2b3b7ab1" language="German">
                    <pc:Coords points="173,636 390,636 390,693 173,693"/>
                    <pc:TextEquiv>
                        <pc:Unicode>einkomen</pc:Unicode>
                    </pc:TextEquiv>
                </pc:Word>
                <pc:Word id="w_w1aab1b1b2b3b7b1b1" language="German">
                    <pc:Coords points="404,643 424,643 424,693 404,693"/>
                    <pc:TextEquiv>
                        <pc:Unicode>/</pc:Unicode>
                    </pc:TextEquiv>
                </pc:Word>
                <pc:Word id="word_1481124854832_2" language="German">
                    <pc:Coords points="533,691 443,691 443,639 533,639"/>
                    <pc:TextEquiv>
                        <pc:Unicode>vnd</pc:Unicode>
                    </pc:TextEquiv>
                </pc:Word>
                <pc:Word id="word_1481124854830_1" language="German">
                    <pc:Coords points="697,691 533,691 533,639 697,639"/>
                    <pc:TextEquiv>
                        <pc:Unicode>gericht</pc:Unicode>
                    </pc:TextEquiv>
                </pc:Word>
                <pc:Word id="w_w1aab1b1b2b3b7b2c25" language="German">
                    <pc:Coords points="707,634 882,634 882,689 707,689"/>
                    <pc:TextEquiv>
                        <pc:Unicode>worden</pc:Unicode>
                    </pc:TextEquiv>
                </pc:Word>
                <pc:Word id="word_1481648624984_54" language="German">
                    <pc:Coords points="896,634 976,634 992,661 992,680 976,689 896,689"/>
                    <pc:TextEquiv>
                        <pc:Unicode>ſein.</pc:Unicode>
                    </pc:TextEquiv>
                </pc:Word>
                <pc:TextEquiv>
                    <pc:Unicode>einkomen / vnd gericht worden ſein.</pc:Unicode>
                </pc:TextEquiv>
            </pc:TextLine>
            <pc:TextEquiv>
                <pc:Unicode>26 Mehr wird angezeigt/ das einer Huner
von Widebock genandt / habe dieſe Geſel-
ſchafft bey einander/ von denen ſollen zween
einkomen / vnd gericht worden ſein.</pc:Unicode>
            </pc:TextEquiv>
        </pc:TextRegion>
        <pc:TextRegion id="r_2_1" type="paragraph" primaryLanguage="German" secondaryLanguage="Latin">
            <pc:Coords points="445,785 1195,785 1197,1086 447,1086"/>
            <pc:TextLine id="line_1478519747226_42">
                <pc:Coords points="527,805 1201,802 1201,852 527,855"/>
                <pc:Baseline points="527,850 1201,847"/>
                <pc:Word id="word_1478519776042_43">
                    <pc:Coords points="518,796 687,796 687,856 518,856"/>
                    <pc:TextEquiv>
                        <pc:Unicode>Dieſes</pc:Unicode>
                    </pc:TextEquiv>
                </pc:Word>
                <pc:Word id="word_1478519780711_44">
                    <pc:Coords points="697,799 879,799 879,865 697,865"/>
                    <pc:TextEquiv>
                        <pc:Unicode>Zeichen</pc:Unicode>
                    </pc:TextEquiv>
                </pc:Word>
                <pc:Word id="word_1478519786578_45">
                    <pc:Coords points="885,802 939,802 939,859 885,859"/>
                    <pc:TextEquiv>
                        <pc:Unicode>iſt</pc:Unicode>
                    </pc:TextEquiv>
                </pc:Word>
                <pc:Word id="word_1478519789698_46">
                    <pc:Coords points="994,856 946,856 946,811 994,811"/>
                    <pc:TextEquiv>
                        <pc:Unicode>zu</pc:Unicode>
                    </pc:TextEquiv>
                </pc:Word>
                <pc:Word id="word_1478519794698_47">
                    <pc:Coords points="1006,799 1201,799 1201,856 1006,856"/>
                    <pc:TextEquiv>
                        <pc:Unicode>Magde-</pc:Unicode>
                    </pc:TextEquiv>
                </pc:Word>
                <pc:TextEquiv>
                    <pc:Unicode>Dieſes Zeichen iſt zu Magde-</pc:Unicode>
                </pc:TextEquiv>
            </pc:TextLine>
            <pc:TextLine id="line_1478519739969_41">
                <pc:Coords points="463,860 1194,857 1194,907 463,910"/>
                <pc:Baseline points="463,905 1194,902"/>
                <pc:Word id="word_1478519798818_48">
                    <pc:Coords points="454,856 578,856 578,917 454,917"/>
                    <pc:TextEquiv>
                        <pc:Unicode>burg</pc:Unicode>
                    </pc:TextEquiv>
                </pc:Word>
                <pc:Word id="word_1478519801706_49">
                    <pc:Coords points="663,914 593,914 593,868 663,868"/>
                    <pc:TextEquiv>
                        <pc:Unicode>an</pc:Unicode>
                    </pc:TextEquiv>
                </pc:Word>
                <pc:Word id="word_1478519806545_50">
                    <pc:Coords points="785,908 678,908 678,865 785,865"/>
                    <pc:TextEquiv>
                        <pc:Unicode>dem</pc:Unicode>
                    </pc:TextEquiv>
                </pc:Word>
                <pc:Word id="word_1478519810898_51">
                    <pc:Coords points="933,905 809,905 809,862 933,862"/>
                    <pc:TextEquiv>
                        <pc:Unicode>einen</pc:Unicode>
                    </pc:TextEquiv>
                </pc:Word>
                <pc:Word id="word_1478519815066_52">
                    <pc:Coords points="961,908 1210,908 1210,853 961,853"/>
                    <pc:TextEquiv>
                        <pc:Unicode>thorfluͤgel</pc:Unicode>
                    </pc:TextEquiv>
                </pc:Word>
                <pc:TextEquiv>
                    <pc:Unicode>burg an dem einen thorfluͤgel</pc:Unicode>
                </pc:TextEquiv>
            </pc:TextLine>
            <pc:TextLine id="tl_8" primaryLanguage="German">
                <pc:Coords points="454,919 1196,919 1196,970 454,970"/>
                <pc:Baseline points="428,962 1196,962"/>
                <pc:Word id="w_w1aab1b3b2b1b1ab5" language="German">
                    <pc:Coords points="464,921 680,921 680,969 464,969"/>
                    <pc:TextEquiv>
                        <pc:Unicode>gefunden</pc:Unicode>
                    </pc:TextEquiv>
                </pc:Word>
                <pc:Word id="w_w1aab1b3b2b1b1ac23" language="German">
                    <pc:Coords points="693,921 866,921 866,962 693,962"/>
                    <pc:TextEquiv>
                        <pc:Unicode>worden</pc:Unicode>
                    </pc:TextEquiv>
                </pc:Word>
                <pc:Word id="w_w1aab1b3b2b1b1ac37" language="German">
                    <pc:Coords points="878,920 902,920 902,968 878,968"/>
                    <pc:TextEquiv>
                        <pc:Unicode>/</pc:Unicode>
                    </pc:TextEquiv>
                </pc:Word>
                <pc:Word id="w_w1aab1b3b2b1b1ac41" language="German">
                    <pc:Coords points="922,920 1006,920 1006,958 922,958"/>
                    <pc:TextEquiv>
                        <pc:Unicode>das</pc:Unicode>
                    </pc:TextEquiv>
                </pc:Word>
                <pc:Word id="w_w1aab1b3b2b1b1ac49" language="German">
                    <pc:Coords points="1020,919 1099,919 1099,964 1020,964"/>
                    <pc:TextEquiv>
                        <pc:Unicode>hat</pc:Unicode>
                    </pc:TextEquiv>
                </pc:Word>
                <pc:Word id="w_w1aab1b3b2b1b1ac57" language="German">
                    <pc:Coords points="1121,919 1196,919 1196,954 1121,954"/>
                    <pc:TextEquiv>
                        <pc:Unicode>be-</pc:Unicode>
                    </pc:TextEquiv>
                </pc:Word>
                <pc:TextEquiv>
                    <pc:Unicode>gefunden worden / das hat be-</pc:Unicode>
                </pc:TextEquiv>
            </pc:TextLine>
            <pc:TextLine id="tl_9" primaryLanguage="German">
                <pc:Coords points="466,971 1196,971 1196,1027 466,1027"/>
                <pc:Baseline points="466,1018 1196,1018"/>
                <pc:Word id="w_w1aab1b3b2b1b3ab1" language="German">
                    <pc:Coords points="466,979 565,979 565,1017 466,1017"/>
                    <pc:TextEquiv>
                        <pc:Unicode>deut</pc:Unicode>
                    </pc:TextEquiv>
                </pc:Word>
                <pc:Word id="w_w1aab1b3b2b1b3ac11" language="German">
                    <pc:Coords points="577,976 604,976 604,1024 577,1024"/>
                    <pc:TextEquiv>
                        <pc:Unicode>/</pc:Unicode>
                    </pc:TextEquiv>
                </pc:Word>
                <pc:Word id="w_w1aab1b3b2b1b3ac15" language="German">
                    <pc:Coords points="628,975 714,975 714,1018 628,1018"/>
                    <pc:TextEquiv>
                        <pc:Unicode>das</pc:Unicode>
                    </pc:TextEquiv>
                </pc:Word>
                <pc:Word id="w_w1aab1b3b2b1b3ac23" language="German">
                    <pc:Coords points="735,976 805,976 805,1017 735,1017"/>
                    <pc:TextEquiv>
                        <pc:Unicode>der</pc:Unicode>
                    </pc:TextEquiv>
                </pc:Word>
                <pc:Word id="w_w1aab1b3b2b1b3ac31" language="German">
                    <pc:Coords points="826,974 909,974 909,1016 826,1016"/>
                    <pc:TextEquiv>
                        <pc:Unicode>eine</pc:Unicode>
                    </pc:TextEquiv>
                </pc:Word>
                <pc:Word id="w_w1aab1b3b2b1b3ac41" language="German">
                    <pc:Coords points="922,972 1100,972 1100,1025 922,1025"/>
                    <pc:TextEquiv>
                        <pc:Unicode>hinweg</pc:Unicode>
                    </pc:TextEquiv>
                </pc:Word>
                <pc:Word id="w_w1aab1b3b2b1b3b1b1" language="German">
                    <pc:Coords points="1118,975 1196,975 1196,1017 1118,1017"/>
                    <pc:TextEquiv>
                        <pc:Unicode>ge-</pc:Unicode>
                    </pc:TextEquiv>
                </pc:Word>
                <pc:TextEquiv>
                    <pc:Unicode>deut / das der eine hinweg ge-</pc:Unicode>
                </pc:TextEquiv>
            </pc:TextLine>
            <pc:TextLine id="tl_10" primaryLanguage="German">
                <pc:Coords points="468,1027 587,1027 587,1085 468,1085"/>
                <pc:Baseline points="468,1076 587,1076"/>
                <pc:Word id="w_w1aab1b3b2b1b5ab1" language="German">
                    <pc:Coords points="468,1027 586,1027 586,1084 468,1084"/>
                    <pc:TextEquiv>
                        <pc:Unicode>weſt.</pc:Unicode>
                    </pc:TextEquiv>
                </pc:Word>
                <pc:TextEquiv>
                    <pc:Unicode>weſt.</pc:Unicode>
                </pc:TextEquiv>
            </pc:TextLine>
            <pc:TextEquiv>
                <pc:Unicode>Dieſes Zeichen iſt zu Magde-
burg an dem einen thorfluͤgel
gefunden worden / das hat be-
deut / das der eine hinweg ge-
weſt.</pc:Unicode>
            </pc:TextEquiv>
        </pc:TextRegion>
        <pc:TextRegion id="r_6_1" type="paragraph" primaryLanguage="German" secondaryLanguage="Latin">
            <pc:Coords points="471,1341 1209,1341 1209,1568 471,1568"/>
            <pc:TextLine id="tl_14" primaryLanguage="German">
                <pc:Coords points="534,1342 1201,1342 1201,1400 534,1400"/>
                <pc:Baseline points="534,1392 1201,1392"/>
                <pc:Word id="w_w1aab1c11b2b1b1ab1" language="German">
                    <pc:Coords points="534,1346 753,1346 753,1399 534,1399"/>
                    <pc:TextEquiv>
                        <pc:Unicode>Darnach</pc:Unicode>
                    </pc:TextEquiv>
                </pc:Word>
                <pc:Word id="w_w1aab1c11b2b1b1ac17" language="German">
                    <pc:Coords points="774,1346 822,1346 822,1399 774,1399"/>
                    <pc:TextEquiv>
                        <pc:Unicode>iſt</pc:Unicode>
                    </pc:TextEquiv>
                </pc:Word>
                <pc:Word id="w_w1aab1c11b2b1b1ac25" language="German">
                    <pc:Coords points="841,1353 897,1353 897,1389 841,1389"/>
                    <pc:TextEquiv>
                        <pc:Unicode>an</pc:Unicode>
                    </pc:TextEquiv>
                </pc:Word>
                <pc:Word id="w_w1aab1c11b2b1b1ac31" language="German">
                    <pc:Coords points="921,1345 1017,1345 1017,1387 921,1387"/>
                    <pc:TextEquiv>
                        <pc:Unicode>dem</pc:Unicode>
                    </pc:TextEquiv>
                </pc:Word>
                <pc:Word id="w_w1aab1c11b2b1b1ac39" language="German">
                    <pc:Coords points="1037,1342 1201,1342 1201,1386 1037,1386"/>
                    <pc:TextEquiv>
                        <pc:Unicode>andern</pc:Unicode>
                    </pc:TextEquiv>
                </pc:Word>
                <pc:TextEquiv>
                    <pc:Unicode>Darnach iſt an dem andern</pc:Unicode>
                </pc:TextEquiv>
            </pc:TextLine>
            <pc:TextLine id="tl_15" primaryLanguage="German">
                <pc:Coords points="472,1396 1202,1396 1202,1458 472,1458"/>
                <pc:Baseline points="472,1445 1202,1445"/>
                <pc:Word id="w_w1aab1c11b2b1b3ab1" language="German">
                    <pc:Coords points="472,1399 701,1399 701,1457 472,1457"/>
                    <pc:TextEquiv>
                        <pc:Unicode>thorfluͤgel</pc:Unicode>
                    </pc:TextEquiv>
                </pc:Word>
                <pc:Word id="w_w1aab1c11b2b1b3ac23" language="German">
                    <pc:Coords points="720,1402 848,1402 848,1453 720,1453"/>
                    <pc:TextEquiv>
                        <pc:Unicode>dieſes</pc:Unicode>
                    </pc:TextEquiv>
                </pc:Word>
                <pc:Word id="w_w1aab1c11b2b1b3ac37" language="German">
                    <pc:Coords points="868,1400 1050,1400 1050,1452 868,1452"/>
                    <pc:TextEquiv>
                        <pc:Unicode>Zeichen</pc:Unicode>
                    </pc:TextEquiv>
                </pc:Word>
                <pc:Word id="w_w1aab1c11b2b1b3ac53" language="German">
                    <pc:Coords points="1063,1396 1202,1396 1202,1447 1063,1447"/>
                    <pc:TextEquiv>
                        <pc:Unicode>gefun</pc:Unicode>
                    </pc:TextEquiv>
                </pc:Word>
                <pc:TextEquiv>
                    <pc:Unicode>thorfluͤgel dieſes Zeichen gefun</pc:Unicode>
                </pc:TextEquiv>
            </pc:TextLine>
            <pc:TextLine id="tl_16" primaryLanguage="German">
                <pc:Coords points="472,1453 1208,1453 1208,1510 472,1510"/>
                <pc:Baseline points="472,1501 1208,1501"/>
                <pc:Word id="w_w1aab1c11b2b1b5ab1" language="German">
                    <pc:Coords points="472,1464 552,1464 552,1502 472,1502"/>
                    <pc:TextEquiv>
                        <pc:Unicode>den</pc:Unicode>
                    </pc:TextEquiv>
                </pc:Word>
                <pc:Word id="w_w1aab1c11b2b1b5ab9" language="German">
                    <pc:Coords points="566,1460 766,1460 766,1506 566,1506"/>
                    <pc:TextEquiv>
                        <pc:Unicode>worden/</pc:Unicode>
                    </pc:TextEquiv>
                </pc:Word>
                <pc:Word id="w_w1aab1c11b2b1b5ac25" language="German">
                    <pc:Coords points="779,1459 850,1459 850,1499 779,1499"/>
                    <pc:TextEquiv>
                        <pc:Unicode>als</pc:Unicode>
                    </pc:TextEquiv>
                </pc:Word>
                <pc:Word id="w_w1aab1c11b2b1b5ac33" language="German">
                    <pc:Coords points="861,1466 908,1466 908,1506 861,1506"/>
                    <pc:TextEquiv>
                        <pc:Unicode>zu</pc:Unicode>
                    </pc:TextEquiv>
                </pc:Word>
                <pc:Word id="w_w1aab1c11b2b1b5ac39" language="German">
                    <pc:Coords points="925,1453 1208,1453 1208,1507 925,1507"/>
                    <pc:TextEquiv>
                        <pc:Unicode>vnterrichten</pc:Unicode>
                    </pc:TextEquiv>
                </pc:Word>
                <pc:TextEquiv>
                    <pc:Unicode>den worden/ als zu vnterrichten</pc:Unicode>
                </pc:TextEquiv>
            </pc:TextLine>
            <pc:TextLine id="tl_17" primaryLanguage="German">
                <pc:Coords points="473,1511 927,1511 927,1567 473,1567"/>
                <pc:Baseline points="473,1558 927,1558"/>
                <pc:Word id="w_w1aab1c11b2b1b7ab1" language="German">
                    <pc:Coords points="473,1517 544,1517 544,1558 473,1558"/>
                    <pc:TextEquiv>
                        <pc:Unicode>der</pc:Unicode>
                    </pc:TextEquiv>
                </pc:Word>
                <pc:Word id="w_w1aab1c11b2b1b7ab9" language="German">
                    <pc:Coords points="554,1515 682,1515 682,1558 554,1558"/>
                    <pc:TextEquiv>
                        <pc:Unicode>ander</pc:Unicode>
                    </pc:TextEquiv>
                </pc:Word>
                <pc:Word id="w_w1aab1c11b2b1b7ac21" language="German">
                    <pc:Coords points="700,1512 747,1512 747,1566 700,1566"/>
                    <pc:TextEquiv>
                        <pc:Unicode>iſt</pc:Unicode>
                    </pc:TextEquiv>
                </pc:Word>
                <pc:Word id="w_w1aab1c11b2b1b7ac29" language="German">
                    <pc:Coords points="759,1511 927,1511 927,1557 759,1557"/>
                    <pc:TextEquiv>
                        <pc:Unicode>komen.</pc:Unicode>
                    </pc:TextEquiv>
                </pc:Word>
                <pc:TextEquiv>
                    <pc:Unicode>der ander iſt komen.</pc:Unicode>
                </pc:TextEquiv>
            </pc:TextLine>
            <pc:TextEquiv>
                <pc:Unicode>Darnach iſt an dem andern
thorfluͤgel dieſes Zeichen gefun
den worden/ als zu vnterrichten
der ander iſt komen.</pc:Unicode>
            </pc:TextEquiv>
        </pc:TextRegion>
        <pc:TextRegion id="r_3_1" type="paragraph" primaryLanguage="German" secondaryLanguage="Latin">
            <pc:Coords points="179,1726 1212,1726 1212,1902 179,1902"/>
            <pc:TextLine id="tl_11" primaryLanguage="German">
                <pc:Coords points="257,1727 1208,1727 1208,1790 257,1790"/>
                <pc:Baseline points="257,1780 1208,1780"/>
                <pc:Word id="w_w1aab1b5b2b1b1ab1" language="German">
                    <pc:Coords points="257,1734 367,1734 367,1783 257,1783"/>
                    <pc:TextEquiv>
                        <pc:Unicode>Des</pc:Unicode>
                    </pc:TextEquiv>
                </pc:Word>
                <pc:Word id="w_w1aab1b5b2b1b1ab9" language="German">
                    <pc:Coords points="379,1732 632,1732 632,1788 379,1788"/>
                    <pc:TextEquiv>
                        <pc:Unicode>Hertzogen</pc:Unicode>
                    </pc:TextEquiv>
                </pc:Word>
                <pc:Word id="w_w1aab1b5b2b1b1ac29" language="German">
                    <pc:Coords points="652,1746 740,1746 740,1782 652,1782"/>
                    <pc:TextEquiv>
                        <pc:Unicode>von</pc:Unicode>
                    </pc:TextEquiv>
                </pc:Word>
                <pc:Word id="w_w1aab1b5b2b1b1ac37" language="German">
                    <pc:Coords points="752,1732 1053,1732 1053,1783 752,1783"/>
                    <pc:TextEquiv>
                        <pc:Unicode>Wirtenbergs</pc:Unicode>
                    </pc:TextEquiv>
                </pc:Word>
                <pc:Word id="w_w1aab1b5b2b1b1ac61" language="German">
                    <pc:Coords points="1069,1727 1208,1727 1208,1775 1069,1775"/>
                    <pc:TextEquiv>
                        <pc:Unicode>Stete</pc:Unicode>
                    </pc:TextEquiv>
                </pc:Word>
                <pc:TextEquiv>
                    <pc:Unicode>Des Hertzogen von Wirtenbergs Stete</pc:Unicode>
                </pc:TextEquiv>
            </pc:TextLine>
            <pc:TextLine id="tl_12" primaryLanguage="German">
                <pc:Coords points="182,1787 1211,1787 1211,1851 182,1851"/>
                <pc:Baseline points="182,1839 1211,1839"/>
                <pc:Word id="w_w1aab1b5b2b1b3ab1" language="German">
                    <pc:Coords points="182,1796 270,1796 270,1838 182,1838"/>
                    <pc:TextEquiv>
                        <pc:Unicode>vnd</pc:Unicode>
                    </pc:TextEquiv>
                </pc:Word>
                <pc:Word id="word_1481125187708_2" language="German">
                    <pc:Coords points="465,1846 287,1846 287,1790 465,1790"/>
                    <pc:TextEquiv>
                        <pc:Unicode>flecken/</pc:Unicode>
                    </pc:TextEquiv>
                </pc:Word>
                <pc:Word id="word_1481125187707_1" language="German">
                    <pc:Coords points="566,1846 465,1846 465,1790 566,1790"/>
                    <pc:TextEquiv>
                        <pc:Unicode>ſind</pc:Unicode>
                    </pc:TextEquiv>
                </pc:Word>
                <pc:Word id="w_w1aab1b5b2b1b3ac35" language="German">
                    <pc:Coords points="574,1802 669,1802 669,1845 574,1845"/>
                    <pc:TextEquiv>
                        <pc:Unicode>zum</pc:Unicode>
                    </pc:TextEquiv>
                </pc:Word>
                <pc:Word id="w_w1aab1b5b2b1b3ac43" language="German">
                    <pc:Coords points="685,1791 846,1791 846,1849 685,1849"/>
                    <pc:TextEquiv>
                        <pc:Unicode>mehrer</pc:Unicode>
                    </pc:TextEquiv>
                </pc:Word>
                <pc:Word id="w_w1aab1b5b2b1b3ac57" language="German">
                    <pc:Coords points="867,1792 934,1792 934,1837 867,1837"/>
                    <pc:TextEquiv>
                        <pc:Unicode>teil</pc:Unicode>
                    </pc:TextEquiv>
                </pc:Word>
                <pc:Word id="w_w1aab1b5b2b1b3ac67" language="German">
                    <pc:Coords points="945,1788 1211,1788 1211,1839 945,1839"/>
                    <pc:TextEquiv>
                        <pc:Unicode>ausgebrent</pc:Unicode>
                    </pc:TextEquiv>
                </pc:Word>
                <pc:TextEquiv>
                    <pc:Unicode>vnd flecken/ ſind zum mehrer teil ausgebrent</pc:Unicode>
                </pc:TextEquiv>
            </pc:TextLine>
            <pc:TextLine id="tl_13" primaryLanguage="German">
                <pc:Coords points="180,1846 568,1846 568,1901 180,1901"/>
                <pc:Baseline points="180,1895 568,1895"/>
                <pc:Word id="w_w1aab1b5b2b1b5ab1" language="German">
                    <pc:Coords points="180,1848 296,1848 296,1901 180,1901"/>
                    <pc:TextEquiv>
                        <pc:Unicode>Gott</pc:Unicode>
                    </pc:TextEquiv>
                </pc:Word>
                <pc:Word id="w_w1aab1b5b2b1b5ac11" language="German">
                    <pc:Coords points="308,1848 494,1848 494,1894 308,1894"/>
                    <pc:TextEquiv>
                        <pc:Unicode>erbarme</pc:Unicode>
                    </pc:TextEquiv>
                </pc:Word>
                <pc:Word id="w_w1aab1b5b2b1b5ac27" language="German">
                    <pc:Coords points="505,1856 568,1856 568,1895 505,1895"/>
                    <pc:TextEquiv>
                        <pc:Unicode>es.</pc:Unicode>
                    </pc:TextEquiv>
                </pc:Word>
                <pc:TextEquiv>
                    <pc:Unicode>Gott erbarme es.</pc:Unicode>
                </pc:TextEquiv>
            </pc:TextLine>
            <pc:TextEquiv>
                <pc:Unicode>Des Hertzogen von Wirtenbergs Stete
vnd flecken/ ſind zum mehrer teil ausgebrent
Gott erbarme es.</pc:Unicode>
            </pc:TextEquiv>
        </pc:TextRegion>
        <pc:TextRegion id="r_7_1" type="catch-word" primaryLanguage="German" secondaryLanguage="Latin">
            <pc:Coords points="941,1944 1209,1944 1209,2006 941,2006"/>
            <pc:TextLine id="tl_18" primaryLanguage="German">
                <pc:Coords points="942,1945 1208,1945 1208,2005 942,2005"/>
                <pc:Baseline points="942,2000 1208,2000"/>
                <pc:Word id="w_w1aab1c13b2b1b1ab1" language="German">
                    <pc:Coords points="942,1945 1207,1945 1207,2004 942,2004"/>
                    <pc:TextEquiv>
                        <pc:Unicode>Ambroſius</pc:Unicode>
                    </pc:TextEquiv>
                </pc:Word>
                <pc:TextEquiv>
                    <pc:Unicode>Ambroſius</pc:Unicode>
                </pc:TextEquiv>
            </pc:TextLine>
            <pc:TextEquiv>
                <pc:Unicode>Ambroſius</pc:Unicode>
            </pc:TextEquiv>
        </pc:TextRegion>
        <pc:GraphicRegion id="Graphic_1478519880553_55">
            <pc:Coords points="181,750 438,750 438,1190 181,1190"/>
        </pc:GraphicRegion>
        <pc:GraphicRegion id="r_5">
            <pc:Coords points="197,1247 441,1247 441,1691 197,1691"/>
        </pc:GraphicRegion>
    </pc:Page>
</pc:PcGts>
