<?xml version="1.0" encoding="UTF-8"?>
<pc:PcGts xmlns:pc="http://schema.primaresearch.org/PAGE/gts/pagecontent/2019-07-15" xmlns:xsi="http://www.w3.org/2001/XMLSchema-instance" xsi:schemaLocation="http://schema.primaresearch.org/PAGE/gts/pagecontent/2019-07-15 http://schema.primaresearch.org/PAGE/gts/pagecontent/2019-07-15/pagecontent.xsd" pcGtsId="OCR-D-OCR_0014">
    <pc:Metadata>
        <pc:Creator>OCR-D/core 2.30.0</pc:Creator>
        <pc:Created>2022-11-21T12:02:21.555540</pc:Created>
        <pc:LastChange>2022-11-21T12:02:21.555540</pc:LastChange>
        <pc:MetadataItem type="processingStep" name="layout/segmentation/region" value="ocrd-tesserocr-recognize">
            <pc:Labels externalModel="ocrd-tool" externalId="parameters">
                <pc:Label value="region" type="segmentation_level"/>
                <pc:Label value="word" type="textequiv_level"/>
                <pc:Label value="True" type="find_tables"/>
                <pc:Label value="Fraktur_GT4HistOCR" type="model"/>
                <pc:Label value="0" type="dpi"/>
                <pc:Label value="0" type="padding"/>
                <pc:Label value="False" type="overwrite_segments"/>
                <pc:Label value="True" type="overwrite_text"/>
                <pc:Label value="False" type="shrink_polygons"/>
                <pc:Label value="False" type="block_polygons"/>
                <pc:Label value="False" type="find_staves"/>
                <pc:Label value="False" type="sparse_text"/>
                <pc:Label value="False" type="raw_lines"/>
                <pc:Label value="" type="char_whitelist"/>
                <pc:Label value="" type="char_blacklist"/>
                <pc:Label value="" type="char_unblacklist"/>
                <pc:Label value="{}" type="tesseract_parameters"/>
                <pc:Label value="{}" type="xpath_parameters"/>
                <pc:Label value="{}" type="xpath_model"/>
                <pc:Label value="False" type="auto_model"/>
                <pc:Label value="DEFAULT" type="oem"/>
            </pc:Labels>
            <pc:Labels externalModel="ocrd-tool" externalId="version">
                <pc:Label value="0.13.6 (tesseract 5.0.1)" type="ocrd-tesserocr-recognize"/>
                <pc:Label value="2.30.0" type="ocrd/core"/>
            </pc:Labels>
        </pc:MetadataItem>
    </pc:Metadata>
    <pc:Page imageFilename="OCR-D-IMG/OCR-D-IMG_0014.tif" imageWidth="1199" imageHeight="1929">
        <pc:AlternativeImage filename="OCR-D-OCR/OCR-D-OCR_0014.IMG-BIN.png" comments=",binarized,clipped"/>
        <pc:ReadingOrder>
            <pc:OrderedGroup id="reading-order">
                <pc:RegionRefIndexed index="0" regionRef="region0000"/>
                <pc:RegionRefIndexed index="1" regionRef="region0001"/>
                <pc:RegionRefIndexed index="2" regionRef="region0002"/>
                <pc:RegionRefIndexed index="3" regionRef="region0003"/>
                <pc:RegionRefIndexed index="4" regionRef="region0004"/>
                <pc:RegionRefIndexed index="6" regionRef="region0006"/>
                <pc:RegionRefIndexed index="7" regionRef="region0007"/>
            </pc:OrderedGroup>
        </pc:ReadingOrder>
        <pc:TextRegion id="region0003" orientation="0.131934401947404" readingDirection="left-to-right" textLineOrder="top-to-bottom">
            <pc:Coords points="315,135 1161,135 1161,822 315,822"/>
            <pc:TextLine id="region0003_line0000">
                <pc:Coords points="319,135 1132,135 1132,201 319,201"/>
                <pc:Word id="region0003_line0000_word0000">
                    <pc:Coords points="319,135 424,135 424,189 319,189"/>
                    <pc:TextEquiv conf="0.874973220825195">
                        <pc:Unicode>rectẽ</pc:Unicode>
                    </pc:TextEquiv>
                </pc:Word>
                <pc:Word id="region0003_line0000_word0001">
                    <pc:Coords points="434,145 579,145 579,188 434,188"/>
                    <pc:TextEquiv conf="0.925937194824219">
                        <pc:Unicode>exculta</pc:Unicode>
                    </pc:TextEquiv>
                </pc:Word>
                <pc:Word id="region0003_line0000_word0002">
                    <pc:Coords points="600,145 755,145 755,200 600,200"/>
                    <pc:TextEquiv conf="0.">
                        <pc:Unicode>pueritia</pc:Unicode>
                    </pc:TextEquiv>
                </pc:Word>
                <pc:Word id="region0003_line0000_word0003">
                    <pc:Coords points="768,139 1013,139 1013,198 768,198"/>
                    <pc:TextEquiv conf="0.599145889282227">
                        <pc:Unicode>prodũcit,</pc:Unicode>
                    </pc:TextEquiv>
                </pc:Word>
                <pc:Word id="region0003_line0000_word0004">
                    <pc:Coords points="1023,135 985,135 985,201 1023,201"/>
                    <pc:TextEquiv conf="0.91036003112793">
                        <pc:Unicode>ac</pc:Unicode>
                    </pc:TextEquiv>
                </pc:Word>
                <pc:Word id="region0003_line0000_word0005">
                    <pc:Coords points="1036,140 1132,140 1132,201 1036,201"/>
                    <pc:TextEquiv conf="0.523178291320801">
                        <pc:Unicode>ean-</pc:Unicode>
                    </pc:TextEquiv>
                </pc:Word>
                <pc:TextEquiv conf="0.805599104563395">
                    <pc:Unicode>rectẽ exculta pueritia prodũcit, ac ean-</pc:Unicode>
                </pc:TextEquiv>
            </pc:TextLine>
            <pc:TextLine id="region0003_line0001">
                <pc:Coords points="315,200 1134,200 1134,254 315,254"/>
                <pc:Word id="region0003_line0001_word0000">
                    <pc:Coords points="315,205 409,205 409,242 315,242"/>
                    <pc:TextEquiv conf="0.871634750366211">
                        <pc:Unicode>dem</pc:Unicode>
                    </pc:TextEquiv>
                </pc:Word>
                <pc:Word id="region0003_line0001_word0001">
                    <pc:Coords points="424,200 536,200 536,254 424,254"/>
                    <pc:TextEquiv conf="0.81730712890625">
                        <pc:Unicode>porrò</pc:Unicode>
                    </pc:TextEquiv>
                </pc:Word>
                <pc:Word id="region0003_line0001_word0002">
                    <pc:Coords points="547,207 587,207 587,242 547,242"/>
                    <pc:TextEquiv conf="0.928774108886719">
                        <pc:Unicode>in</pc:Unicode>
                    </pc:TextEquiv>
                </pc:Word>
                <pc:Word id="region0003_line0001_word0003">
                    <pc:Coords points="607,203 743,203 743,242 607,242"/>
                    <pc:TextEquiv conf="0.183779449462891">
                        <pc:Unicode>omnes</pc:Unicode>
                    </pc:TextEquiv>
                </pc:Word>
                <pc:Word id="region0003_line0001_word0004">
                    <pc:Coords points="757,200 982,200 982,254 757,254"/>
                    <pc:TextEquiv conf="0.920529861450195">
                        <pc:Unicode>grandiores</pc:Unicode>
                    </pc:TextEquiv>
                </pc:Word>
                <pc:Word id="region0003_line0001_word0005">
                    <pc:Coords points="1001,211 1134,211 1134,242 1001,242"/>
                    <pc:TextEquiv conf="0.921562347412109">
                        <pc:Unicode>ætates</pc:Unicode>
                    </pc:TextEquiv>
                </pc:Word>
                <pc:TextEquiv conf="0.773931274414063">
                    <pc:Unicode>dem porrò in omnes grandiores ætates</pc:Unicode>
                </pc:TextEquiv>
            </pc:TextLine>
            <pc:TextLine id="region0003_line0002">
                <pc:Coords points="322,259 1112,259 1112,314 322,314"/>
                <pc:Word id="region0003_line0002_word0000">
                    <pc:Coords points="322,259 522,259 522,314 322,314"/>
                    <pc:TextEquiv conf="0.842318115234375">
                        <pc:Unicode>Propagat.</pc:Unicode>
                    </pc:TextEquiv>
                </pc:Word>
                <pc:TextEquiv conf="0.842318115234375">
                    <pc:Unicode>Propagat.</pc:Unicode>
                </pc:TextEquiv>
            </pc:TextLine>
            <pc:TextLine id="region0003_line0003">
                <pc:Coords points="321,320 1161,320 1161,375 321,375"/>
                <pc:Word id="region0003_line0003_word0000">
                    <pc:Coords points="321,339 361,339 361,375 321,375"/>
                    <pc:TextEquiv conf="0.923739242553711">
                        <pc:Unicode>5.</pc:Unicode>
                    </pc:TextEquiv>
                </pc:Word>
                <pc:Word id="region0003_line0003_word0001">
                    <pc:Coords points="418,323 479,323 479,364 418,364"/>
                    <pc:TextEquiv conf="0.881591339111328">
                        <pc:Unicode>At</pc:Unicode>
                    </pc:TextEquiv>
                </pc:Word>
                <pc:Word id="region0003_line0003_word0002">
                    <pc:Coords points="489,322 627,322 627,372 489,372"/>
                    <pc:TextEquiv conf="0.881591339111328">
                        <pc:Unicode>nullam</pc:Unicode>
                    </pc:TextEquiv>
                </pc:Word>
                <pc:Word id="region0003_line0003_word0003">
                    <pc:Coords points="640,320 935,320 935,374 640,374"/>
                    <pc:TextEquiv conf="0.912747497558594">
                        <pc:Unicode>Rempublicam</pc:Unicode>
                    </pc:TextEquiv>
                </pc:Word>
                <pc:Word id="region0003_line0003_word0004">
                    <pc:Coords points="950,321 1051,321 1051,375 950,375"/>
                    <pc:TextEquiv conf="0.909772644042969">
                        <pc:Unicode>abſq;</pc:Unicode>
                    </pc:TextEquiv>
                </pc:Word>
                <pc:Word id="region0003_line0003_word0005">
                    <pc:Coords points="1063,320 1161,320 1161,362 1063,362"/>
                    <pc:TextEquiv conf="0.847747344970703">
                        <pc:Unicode>boꝰ</pc:Unicode>
                    </pc:TextEquiv>
                </pc:Word>
                <pc:TextEquiv conf="0.892864901224772">
                    <pc:Unicode>5. At nullam Rempublicam abſq; boꝰ</pc:Unicode>
                </pc:TextEquiv>
            </pc:TextLine>
            <pc:TextLine id="region0003_line0004">
                <pc:Coords points="321,374 1138,374 1138,430 321,430"/>
                <pc:Word id="region0003_line0004_word0000">
                    <pc:Coords points="321,374 460,374 460,420 321,420"/>
                    <pc:TextEquiv conf="0.771495971679688">
                        <pc:Unicode>norum</pc:Unicode>
                    </pc:TextEquiv>
                </pc:Word>
                <pc:Word id="region0003_line0004_word0001">
                    <pc:Coords points="471,380 637,380 637,418 471,418"/>
                    <pc:TextEquiv conf="0.919553985595703">
                        <pc:Unicode>uirorum</pc:Unicode>
                    </pc:TextEquiv>
                </pc:Word>
                <pc:Word id="region0003_line0004_word0002">
                    <pc:Coords points="949,374 657,374 657,430 949,430"/>
                    <pc:TextEquiv conf="0.396130790710449">
                        <pc:Unicode>admiuiſtratione</pc:Unicode>
                    </pc:TextEquiv>
                </pc:Word>
                <pc:Word id="region0003_line0004_word0003">
                    <pc:Coords points="975,375 1138,375 1138,430 975,430"/>
                    <pc:TextEquiv conf="0.619913902282715">
                        <pc:Unicode>feliciter</pc:Unicode>
                    </pc:TextEquiv>
                </pc:Word>
                <pc:TextEquiv conf="0.676773662567139">
                    <pc:Unicode>norum uirorum admiuiſtratione feliciter</pc:Unicode>
                </pc:TextEquiv>
            </pc:TextLine>
            <pc:TextLine id="region0003_line0005">
                <pc:Coords points="323,429 1139,429 1139,488 323,488"/>
                <pc:Word id="region0003_line0005_word0000">
                    <pc:Coords points="323,432 534,432 534,488 323,488"/>
                    <pc:TextEquiv conf="0.766183013916016">
                        <pc:Unicode>gubernari</pc:Unicode>
                    </pc:TextEquiv>
                </pc:Word>
                <pc:Word id="region0003_line0005_word0001">
                    <pc:Coords points="541,429 644,429 644,484 541,484"/>
                    <pc:TextEquiv conf="0.913536911010742">
                        <pc:Unicode>poſſe</pc:Unicode>
                    </pc:TextEquiv>
                </pc:Word>
                <pc:Word id="region0003_line0005_word0002">
                    <pc:Coords points="654,434 695,434 695,470 654,470"/>
                    <pc:TextEquiv conf="0.915755157470703">
                        <pc:Unicode>in</pc:Unicode>
                    </pc:TextEquiv>
                </pc:Word>
                <pc:Word id="region0003_line0005_word0003">
                    <pc:Coords points="708,429 874,429 874,471 708,471"/>
                    <pc:TextEquiv conf="0.916776962280273">
                        <pc:Unicode>confeſſo</pc:Unicode>
                    </pc:TextEquiv>
                </pc:Word>
                <pc:Word id="region0003_line0005_word0004">
                    <pc:Coords points="885,429 934,429 934,470 885,470"/>
                    <pc:TextEquiv conf="0.927197265625">
                        <pc:Unicode>eſt</pc:Unicode>
                    </pc:TextEquiv>
                </pc:Word>
                <pc:Word id="region0003_line0005_word0005">
                    <pc:Coords points="944,431 1046,431 1046,483 944,483"/>
                    <pc:TextEquiv conf="0.82011100769043">
                        <pc:Unicode>apud</pc:Unicode>
                    </pc:TextEquiv>
                </pc:Word>
                <pc:Word id="region0003_line0005_word0006">
                    <pc:Coords points="1056,444 1139,444 1139,472 1056,472"/>
                    <pc:TextEquiv conf="0.900239944458008">
                        <pc:Unicode>om⸗</pc:Unicode>
                    </pc:TextEquiv>
                </pc:Word>
                <pc:TextEquiv conf="0.879971466064453">
                    <pc:Unicode>gubernari poſſe in confeſſo eſt apud om⸗</pc:Unicode>
                </pc:TextEquiv>
            </pc:TextLine>
            <pc:TextLine id="region0003_line0006">
                <pc:Coords points="324,501 811,501 811,541 324,541"/>
                <pc:Word id="region0003_line0006_word0000">
                    <pc:Coords points="324,501 411,501 411,528 324,528"/>
                    <pc:TextEquiv conf="0.774169845581055">
                        <pc:Unicode>nes.</pc:Unicode>
                    </pc:TextEquiv>
                </pc:Word>
                <pc:TextEquiv conf="0.774169845581055">
                    <pc:Unicode>nes.</pc:Unicode>
                </pc:TextEquiv>
            </pc:TextLine>
            <pc:TextLine id="region0003_line0007">
                <pc:Coords points="327,552 1138,552 1138,595 327,595"/>
                <pc:Word id="region0003_line0007_word0000">
                    <pc:Coords points="327,559 372,559 372,595 327,595"/>
                    <pc:TextEquiv conf="0.717129821777344">
                        <pc:Unicode>6.</pc:Unicode>
                    </pc:TextEquiv>
                </pc:Word>
                <pc:Word id="region0003_line0007_word0001">
                    <pc:Coords points="431,552 493,552 493,595 431,595"/>
                    <pc:TextEquiv conf="0.717129821777344">
                        <pc:Unicode>Eſt</pc:Unicode>
                    </pc:TextEquiv>
                </pc:Word>
                <pc:Word id="region0003_line0007_word0002">
                    <pc:Coords points="505,552 546,552 546,593 505,593"/>
                    <pc:TextEquiv conf="0.870030517578125">
                        <pc:Unicode>&amp;</pc:Unicode>
                    </pc:TextEquiv>
                </pc:Word>
                <pc:Word id="region0003_line0007_word0003">
                    <pc:Coords points="555,552 627,552 627,592 555,592"/>
                    <pc:TextEquiv conf="0.737041091918945">
                        <pc:Unicode>hoc</pc:Unicode>
                    </pc:TextEquiv>
                </pc:Word>
                <pc:Word id="region0003_line0007_word0004">
                    <pc:Coords points="638,558 743,558 743,592 638,592"/>
                    <pc:TextEquiv conf="0.908787384033203">
                        <pc:Unicode>extra</pc:Unicode>
                    </pc:TextEquiv>
                </pc:Word>
                <pc:Word id="region0003_line0007_word0005">
                    <pc:Coords points="752,563 909,563 909,592 752,592"/>
                    <pc:TextEquiv conf="0.918162078857422">
                        <pc:Unicode>omnem</pc:Unicode>
                    </pc:TextEquiv>
                </pc:Word>
                <pc:Word id="region0003_line0007_word0006">
                    <pc:Coords points="922,560 1138,560 1138,593 922,593"/>
                    <pc:TextEquiv conf="0.90170768737793">
                        <pc:Unicode>controuer⸗</pc:Unicode>
                    </pc:TextEquiv>
                </pc:Word>
                <pc:TextEquiv conf="0.824284057617188">
                    <pc:Unicode>6. Eſt &amp; hoc extra omnem controuer⸗</pc:Unicode>
                </pc:TextEquiv>
            </pc:TextLine>
            <pc:TextLine id="region0003_line0008">
                <pc:Coords points="326,604 1138,604 1138,658 326,658"/>
                <pc:Word id="region0003_line0008_word0000">
                    <pc:Coords points="326,609 439,609 439,657 326,657"/>
                    <pc:TextEquiv conf="0.840531616210938">
                        <pc:Unicode>ſiam,</pc:Unicode>
                    </pc:TextEquiv>
                </pc:Word>
                <pc:Word id="region0003_line0008_word0001">
                    <pc:Coords points="459,609 615,609 615,647 459,647"/>
                    <pc:TextEquiv conf="0.929194869995117">
                        <pc:Unicode>morum</pc:Unicode>
                    </pc:TextEquiv>
                </pc:Word>
                <pc:Word id="region0003_line0008_word0002">
                    <pc:Coords points="636,618 678,618 678,644 636,644"/>
                    <pc:TextEquiv conf="0.885320739746094">
                        <pc:Unicode>ac</pc:Unicode>
                    </pc:TextEquiv>
                </pc:Word>
                <pc:Word id="region0003_line0008_word0003">
                    <pc:Coords points="700,604 900,604 900,646 700,646"/>
                    <pc:TextEquiv conf="0.910166778564453">
                        <pc:Unicode>honeſtatis</pc:Unicode>
                    </pc:TextEquiv>
                </pc:Word>
                <pc:Word id="region0003_line0008_word0004">
                    <pc:Coords points="925,605 1138,605 1138,658 925,658"/>
                    <pc:TextEquiv conf="0.922837753295898">
                        <pc:Unicode>Magiſtros</pc:Unicode>
                    </pc:TextEquiv>
                </pc:Word>
                <pc:TextEquiv conf="0.8976103515625">
                    <pc:Unicode>ſiam, morum ac honeſtatis Magiſtros</pc:Unicode>
                </pc:TextEquiv>
            </pc:TextLine>
            <pc:TextLine id="region0003_line0009">
                <pc:Coords points="325,659 1139,659 1139,712 325,712"/>
                <pc:Word id="region0003_line0009_word0000">
                    <pc:Coords points="325,665 555,665 555,703 325,703"/>
                    <pc:TextEquiv conf="0.902499008178711">
                        <pc:Unicode>nullos:item</pc:Unicode>
                    </pc:TextEquiv>
                </pc:Word>
                <pc:Word id="region0003_line0009_word0001">
                    <pc:Coords points="565,661 707,661 707,712 565,712"/>
                    <pc:TextEquiv conf="0.924511413574219">
                        <pc:Unicode>pietatis</pc:Unicode>
                    </pc:TextEquiv>
                </pc:Word>
                <pc:Word id="region0003_line0009_word0002">
                    <pc:Coords points="719,673 758,673 758,699 719,699"/>
                    <pc:TextEquiv conf="0.899969024658203">
                        <pc:Unicode>ac</pc:Unicode>
                    </pc:TextEquiv>
                </pc:Word>
                <pc:Word id="region0003_line0009_word0003">
                    <pc:Coords points="771,660 858,660 858,712 771,712"/>
                    <pc:TextEquiv conf="0.59569091796875">
                        <pc:Unicode>uerę</pc:Unicode>
                    </pc:TextEquiv>
                </pc:Word>
                <pc:Word id="region0003_line0009_word0004">
                    <pc:Coords points="865,659 1059,659 1059,712 865,712"/>
                    <pc:TextEquiv conf="0.902336349487305">
                        <pc:Unicode>religionis</pc:Unicode>
                    </pc:TextEquiv>
                </pc:Word>
                <pc:Word id="region0003_line0009_word0005">
                    <pc:Coords points="1069,660 1139,660 1139,700 1069,700"/>
                    <pc:TextEquiv conf="0.9208935546875">
                        <pc:Unicode>Do</pc:Unicode>
                    </pc:TextEquiv>
                </pc:Word>
                <pc:TextEquiv conf="0.857650044759115">
                    <pc:Unicode>nullos:item pietatis ac uerę religionis Do</pc:Unicode>
                </pc:TextEquiv>
            </pc:TextLine>
            <pc:TextLine id="region0003_line0010">
                <pc:Coords points="326,712 1140,712 1140,765 326,765"/>
                <pc:Word id="region0003_line0010_word0000">
                    <pc:Coords points="326,718 454,718 454,757 326,757"/>
                    <pc:TextEquiv conf="0.88105224609375">
                        <pc:Unicode>ctores</pc:Unicode>
                    </pc:TextEquiv>
                </pc:Word>
                <pc:Word id="region0003_line0010_word0001">
                    <pc:Coords points="468,716 591,716 591,754 468,754"/>
                    <pc:TextEquiv conf="0.914085388183594">
                        <pc:Unicode>nullos</pc:Unicode>
                    </pc:TextEquiv>
                </pc:Word>
                <pc:Word id="region0003_line0010_word0002">
                    <pc:Coords points="604,716 703,716 703,752 604,752"/>
                    <pc:TextEquiv conf="0.825765991210938">
                        <pc:Unicode>illinc</pc:Unicode>
                    </pc:TextEquiv>
                </pc:Word>
                <pc:Word id="region0003_line0010_word0003">
                    <pc:Coords points="712,712 855,712 855,765 712,765"/>
                    <pc:TextEquiv conf="0.528105926513672">
                        <pc:Unicode>ſperarẽ</pc:Unicode>
                    </pc:TextEquiv>
                </pc:Word>
                <pc:Word id="region0003_line0010_word0004">
                    <pc:Coords points="876,713 969,713 969,765 876,765"/>
                    <pc:TextEquiv conf="0.560110549926758">
                        <pc:Unicode>poſſe</pc:Unicode>
                    </pc:TextEquiv>
                </pc:Word>
                <pc:Word id="region0003_line0010_word0005">
                    <pc:Coords points="992,713 1051,713 1051,762 992,762"/>
                    <pc:TextEquiv conf="0.560110549926758">
                        <pc:Unicode>ubi</pc:Unicode>
                    </pc:TextEquiv>
                </pc:Word>
                <pc:Word id="region0003_line0010_word0006">
                    <pc:Coords points="1064,712 1140,712 1140,754 1064,754"/>
                    <pc:TextEquiv conf="0.928096008300781">
                        <pc:Unicode>diſ⸗</pc:Unicode>
                    </pc:TextEquiv>
                </pc:Word>
                <pc:TextEquiv conf="0.742475237165179">
                    <pc:Unicode>ctores nullos illinc ſperarẽ poſſe ubi diſ⸗</pc:Unicode>
                </pc:TextEquiv>
            </pc:TextLine>
            <pc:TextLine id="region0003_line0011">
                <pc:Coords points="322,765 1126,765 1126,822 322,822"/>
                <pc:Word id="region0003_line0011_word0000">
                    <pc:Coords points="322,773 464,773 464,822 322,822"/>
                    <pc:TextEquiv conf="0.899967269897461">
                        <pc:Unicode>ciplina</pc:Unicode>
                    </pc:TextEquiv>
                </pc:Word>
                <pc:Word id="region0003_line0011_word0001">
                    <pc:Coords points="485,765 503,765 503,807 485,807"/>
                    <pc:TextEquiv conf="0.879812469482422">
                        <pc:Unicode>&amp;</pc:Unicode>
                    </pc:TextEquiv>
                </pc:Word>
                <pc:Word id="region0003_line0011_word0002">
                    <pc:Coords points="528,767 708,767 708,809 528,809"/>
                    <pc:TextEquiv conf="0.879812469482422">
                        <pc:Unicode>inſtitutio</pc:Unicode>
                    </pc:TextEquiv>
                </pc:Word>
                <pc:Word id="region0003_line0011_word0003">
                    <pc:Coords points="718,766 872,766 872,819 718,819"/>
                    <pc:TextEquiv conf="0.716102447509766">
                        <pc:Unicode>puerilis</pc:Unicode>
                    </pc:TextEquiv>
                </pc:Word>
                <pc:Word id="region0003_line0011_word0004">
                    <pc:Coords points="883,767 982,767 982,807 883,807"/>
                    <pc:TextEquiv conf="0.909213180541992">
                        <pc:Unicode>nulla</pc:Unicode>
                    </pc:TextEquiv>
                </pc:Word>
                <pc:Word id="region0003_line0011_word0005">
                    <pc:Coords points="996,765 1126,765 1126,809 996,809"/>
                    <pc:TextEquiv conf="0.904948654174805">
                        <pc:Unicode>fuerit.</pc:Unicode>
                    </pc:TextEquiv>
                </pc:Word>
                <pc:TextEquiv conf="0.864976081848144">
                    <pc:Unicode>ciplina &amp; inſtitutio puerilis nulla fuerit.</pc:Unicode>
                </pc:TextEquiv>
            </pc:TextLine>
            <pc:TextEquiv conf="0.819385345216781">
                <pc:Unicode>rectẽ exculta pueritia prodũcit, ac ean-
dem porrò in omnes grandiores ætates
Propagat.
5. At nullam Rempublicam abſq; boꝰ
norum uirorum admiuiſtratione feliciter
gubernari poſſe in confeſſo eſt apud om⸗
nes.
6. Eſt &amp; hoc extra omnem controuer⸗
ſiam, morum ac honeſtatis Magiſtros
nullos:item pietatis ac uerę religionis Do
ctores nullos illinc ſperarẽ poſſe ubi diſ⸗
ciplina &amp; inſtitutio puerilis nulla fuerit.</pc:Unicode>
            </pc:TextEquiv>
        </pc:TextRegion>
        <pc:TextRegion id="region0004" orientation="0.131934401947404" readingDirection="left-to-right" textLineOrder="top-to-bottom">
            <pc:Coords points="327,865 1163,865 1163,1075 327,1075"/>
            <pc:TextLine id="region0004_line0000">
                <pc:Coords points="327,865 1142,865 1142,920 327,920"/>
                <pc:Word id="region0004_line0000_word0000">
                    <pc:Coords points="327,886 376,886 376,920 327,920"/>
                    <pc:TextEquiv conf="0.731587295532227">
                        <pc:Unicode>7.</pc:Unicode>
                    </pc:TextEquiv>
                </pc:Word>
                <pc:Word id="region0004_line0000_word0001">
                    <pc:Coords points="429,868 496,868 496,908 429,908"/>
                    <pc:TextEquiv conf="0.836179656982422">
                        <pc:Unicode>At</pc:Unicode>
                    </pc:TextEquiv>
                </pc:Word>
                <pc:Word id="region0004_line0000_word0002">
                    <pc:Coords points="508,868 575,868 575,909 508,909"/>
                    <pc:TextEquiv conf="0.920530700683594">
                        <pc:Unicode>illis</pc:Unicode>
                    </pc:TextEquiv>
                </pc:Word>
                <pc:Word id="region0004_line0000_word0003">
                    <pc:Coords points="588,866 768,866 768,920 588,920"/>
                    <pc:TextEquiv conf="0.9194140625">
                        <pc:Unicode>nuſquam</pc:Unicode>
                    </pc:TextEquiv>
                </pc:Word>
                <pc:Word id="region0004_line0000_word0004">
                    <pc:Coords points="791,865 1049,865 1049,917 791,917"/>
                    <pc:TextEquiv conf="0.915233535766602">
                        <pc:Unicode>exiſtentibus,</pc:Unicode>
                    </pc:TextEquiv>
                </pc:Word>
                <pc:Word id="region0004_line0000_word0005">
                    <pc:Coords points="1068,871 1142,871 1142,910 1068,910"/>
                    <pc:TextEquiv conf="0.591939849853516">
                        <pc:Unicode>etiꝰ</pc:Unicode>
                    </pc:TextEquiv>
                </pc:Word>
                <pc:TextEquiv conf="0.819147516886393">
                    <pc:Unicode>7. At illis nuſquam exiſtentibus, etiꝰ</pc:Unicode>
                </pc:TextEquiv>
            </pc:TextLine>
            <pc:TextLine id="region0004_line0001">
                <pc:Coords points="328,920 1162,920 1162,975 328,975"/>
                <pc:Word id="region0004_line0001_word0000">
                    <pc:Coords points="328,940 391,940 391,966 328,966"/>
                    <pc:TextEquiv conf="0.904581832885742">
                        <pc:Unicode>am</pc:Unicode>
                    </pc:TextEquiv>
                </pc:Word>
                <pc:Word id="region0004_line0001_word0001">
                    <pc:Coords points="413,923 554,923 554,963 413,963"/>
                    <pc:TextEquiv conf="0.921796035766602">
                        <pc:Unicode>nullam</pc:Unicode>
                    </pc:TextEquiv>
                </pc:Word>
                <pc:Word id="region0004_line0001_word0002">
                    <pc:Coords points="578,925 673,925 673,962 578,962"/>
                    <pc:TextEquiv conf="0.927297134399414">
                        <pc:Unicode>inter</pc:Unicode>
                    </pc:TextEquiv>
                </pc:Word>
                <pc:Word id="region0004_line0001_word0003">
                    <pc:Coords points="691,923 868,923 868,962 691,962"/>
                    <pc:TextEquiv conf="0.924504013061523">
                        <pc:Unicode>homines</pc:Unicode>
                    </pc:TextEquiv>
                </pc:Word>
                <pc:Word id="region0004_line0001_word0004">
                    <pc:Coords points="891,920 1162,920 1162,975 891,975"/>
                    <pc:TextEquiv conf="0.831197891235352">
                        <pc:Unicode>honeſtatem,</pc:Unicode>
                    </pc:TextEquiv>
                </pc:Word>
                <pc:TextEquiv conf="0.901875381469727">
                    <pc:Unicode>am nullam inter homines honeſtatem,</pc:Unicode>
                </pc:TextEquiv>
            </pc:TextLine>
            <pc:TextLine id="region0004_line0002">
                <pc:Coords points="327,974 1163,974 1163,1030 327,1030"/>
                <pc:Word id="region0004_line0002_word0000">
                    <pc:Coords points="327,979 474,979 474,1021 327,1021"/>
                    <pc:TextEquiv conf="0.92469970703125">
                        <pc:Unicode>nullum</pc:Unicode>
                    </pc:TextEquiv>
                </pc:Word>
                <pc:Word id="region0004_line0002_word0001">
                    <pc:Coords points="499,979 646,979 646,1016 499,1016"/>
                    <pc:TextEquiv conf="0.911465606689453">
                        <pc:Unicode>uirtutis</pc:Unicode>
                    </pc:TextEquiv>
                </pc:Word>
                <pc:Word id="region0004_line0002_word0002">
                    <pc:Coords points="657,974 829,974 829,1021 657,1021"/>
                    <pc:TextEquiv conf="0.839878387451172">
                        <pc:Unicode>ſtudium,</pc:Unicode>
                    </pc:TextEquiv>
                </pc:Word>
                <pc:Word id="region0004_line0002_word0003">
                    <pc:Coords points="844,975 974,975 974,1030 844,1030"/>
                    <pc:TextEquiv conf="0.88575553894043">
                        <pc:Unicode>deniq;</pc:Unicode>
                    </pc:TextEquiv>
                </pc:Word>
                <pc:Word id="region0004_line0002_word0004">
                    <pc:Coords points="997,976 1163,976 1163,1019 997,1019"/>
                    <pc:TextEquiv conf="0.910055465698242">
                        <pc:Unicode>nullum</pc:Unicode>
                    </pc:TextEquiv>
                </pc:Word>
                <pc:TextEquiv conf="0.894370941162109">
                    <pc:Unicode>nullum uirtutis ſtudium, deniq; nullum</pc:Unicode>
                </pc:TextEquiv>
            </pc:TextLine>
            <pc:TextLine id="region0004_line0003">
                <pc:Coords points="330,1025 1020,1025 1020,1075 330,1075"/>
                <pc:Word id="region0004_line0003_word0000">
                    <pc:Coords points="330,1028 463,1028 463,1074 330,1074"/>
                    <pc:TextEquiv conf="0.894689712524414">
                        <pc:Unicode>uerum</pc:Unicode>
                    </pc:TextEquiv>
                </pc:Word>
                <pc:Word id="region0004_line0003_word0001">
                    <pc:Coords points="474,1030 554,1030 554,1072 474,1072"/>
                    <pc:TextEquiv conf="0.879646911621094">
                        <pc:Unicode>Dei</pc:Unicode>
                    </pc:TextEquiv>
                </pc:Word>
                <pc:Word id="region0004_line0003_word0002">
                    <pc:Coords points="566,1027 707,1027 707,1069 566,1069"/>
                    <pc:TextEquiv conf="0.929693603515625">
                        <pc:Unicode>cultum</pc:Unicode>
                    </pc:TextEquiv>
                </pc:Word>
                <pc:Word id="region0004_line0003_word0003">
                    <pc:Coords points="718,1025 790,1025 790,1067 718,1067"/>
                    <pc:TextEquiv conf="0.925314025878906">
                        <pc:Unicode>eſſe</pc:Unicode>
                    </pc:TextEquiv>
                </pc:Word>
                <pc:Word id="region0004_line0003_word0004">
                    <pc:Coords points="800,1027 943,1027 943,1069 800,1069"/>
                    <pc:TextEquiv conf="0.684744338989258">
                        <pc:Unicode>neceſſe</pc:Unicode>
                    </pc:TextEquiv>
                </pc:Word>
                <pc:Word id="region0004_line0003_word0005">
                    <pc:Coords points="953,1027 1020,1027 1020,1075 953,1075"/>
                    <pc:TextEquiv conf="0.916944808959961">
                        <pc:Unicode>eſt.</pc:Unicode>
                    </pc:TextEquiv>
                </pc:Word>
                <pc:TextEquiv conf="0.87183890024821">
                    <pc:Unicode>uerum Dei cultum eſſe neceſſe eſt.</pc:Unicode>
                </pc:TextEquiv>
            </pc:TextLine>
            <pc:TextEquiv conf="0.87180818494161">
                <pc:Unicode>7. At illis nuſquam exiſtentibus, etiꝰ
am nullam inter homines honeſtatem,
nullum uirtutis ſtudium, deniq; nullum
uerum Dei cultum eſſe neceſſe eſt.</pc:Unicode>
            </pc:TextEquiv>
        </pc:TextRegion>
        <pc:TextRegion id="region0006" orientation="0.131934401947404" readingDirection="left-to-right" textLineOrder="top-to-bottom">
            <pc:Coords points="301,1122 1162,1122 1162,1353 301,1353"/>
            <pc:TextLine id="region0006_line0000">
                <pc:Coords points="330,1122 1161,1122 1161,1182 330,1182"/>
                <pc:Word id="region0006_line0000_word0000">
                    <pc:Coords points="330,1137 378,1137 378,1176 330,1176"/>
                    <pc:TextEquiv conf="0.243130645751953">
                        <pc:Unicode>.</pc:Unicode>
                    </pc:TextEquiv>
                </pc:Word>
                <pc:Word id="region0006_line0000_word0001">
                    <pc:Coords points="435,1129 498,1129 498,1172 435,1172"/>
                    <pc:TextEquiv conf="0.232921905517578">
                        <pc:Unicode>ſt</pc:Unicode>
                    </pc:TextEquiv>
                </pc:Word>
                <pc:Word id="region0006_line0000_word0002">
                    <pc:Coords points="508,1128 599,1128 599,1182 508,1182"/>
                    <pc:TextEquiv conf="0.865838775634766">
                        <pc:Unicode>itaq;</pc:Unicode>
                    </pc:TextEquiv>
                </pc:Word>
                <pc:Word id="region0006_line0000_word0003">
                    <pc:Coords points="607,1129 786,1129 786,1182 607,1182"/>
                    <pc:TextEquiv conf="0.812051315307617">
                        <pc:Unicode>prima,</pc:Unicode>
                    </pc:TextEquiv>
                </pc:Word>
                <pc:Word id="region0006_line0000_word0004">
                    <pc:Coords points="794,1122 772,1122 772,1182 794,1182"/>
                    <pc:TextEquiv conf="0.812051315307617">
                        <pc:Unicode>&amp;</pc:Unicode>
                    </pc:TextEquiv>
                </pc:Word>
                <pc:Word id="region0006_line0000_word0005">
                    <pc:Coords points="796,1128 970,1128 970,1169 796,1169"/>
                    <pc:TextEquiv conf="0.908423843383789">
                        <pc:Unicode>maxima</pc:Unicode>
                    </pc:TextEquiv>
                </pc:Word>
                <pc:Word id="region0006_line0000_word0006">
                    <pc:Coords points="982,1142 1085,1142 1085,1182 982,1182"/>
                    <pc:TextEquiv conf="0.921882171630859">
                        <pc:Unicode>cura,</pc:Unicode>
                    </pc:TextEquiv>
                </pc:Word>
                <pc:Word id="region0006_line0000_word0007">
                    <pc:Coords points="1097,1122 1161,1122 1161,1171 1097,1171"/>
                    <pc:TextEquiv conf="0.896406478881836">
                        <pc:Unicode>ad</pc:Unicode>
                    </pc:TextEquiv>
                </pc:Word>
                <pc:TextEquiv conf="0.711588306427002">
                    <pc:Unicode>. ſt itaq; prima, &amp; maxima cura, ad</pc:Unicode>
                </pc:TextEquiv>
            </pc:TextLine>
            <pc:TextLine id="region0006_line0001">
                <pc:Coords points="331,1171 1161,1171 1161,1241 331,1241"/>
                <pc:Word id="region0006_line0001_word0000">
                    <pc:Coords points="331,1187 518,1187 518,1241 331,1241"/>
                    <pc:TextEquiv conf="0.88803352355957">
                        <pc:Unicode>puerilem</pc:Unicode>
                    </pc:TextEquiv>
                </pc:Word>
                <pc:Word id="region0006_line0001_word0001">
                    <pc:Coords points="528,1196 677,1196 677,1224 528,1224"/>
                    <pc:TextEquiv conf="0.88803352355957">
                        <pc:Unicode>ætatem</pc:Unicode>
                    </pc:TextEquiv>
                </pc:Word>
                <pc:Word id="region0006_line0001_word0002">
                    <pc:Coords points="689,1183 790,1183 790,1222 689,1222"/>
                    <pc:TextEquiv conf="0.920244445800781">
                        <pc:Unicode>recte</pc:Unicode>
                    </pc:TextEquiv>
                </pc:Word>
                <pc:Word id="region0006_line0001_word0003">
                    <pc:Coords points="799,1171 1062,1171 1062,1241 799,1241"/>
                    <pc:TextEquiv conf="0.56850528717041">
                        <pc:Unicode>inſtituendam</pc:Unicode>
                    </pc:TextEquiv>
                </pc:Word>
                <pc:Word id="region0006_line0001_word0004">
                    <pc:Coords points="1083,1175 1161,1175 1161,1237 1083,1237"/>
                    <pc:TextEquiv conf="0.56850528717041">
                        <pc:Unicode>ad⸗</pc:Unicode>
                    </pc:TextEquiv>
                </pc:Word>
                <pc:TextEquiv conf="0.766664413452148">
                    <pc:Unicode>puerilem ætatem recte inſtituendam ad⸗</pc:Unicode>
                </pc:TextEquiv>
            </pc:TextLine>
            <pc:TextLine id="region0006_line0002">
                <pc:Coords points="301,1236 1157,1236 1157,1291 301,1291"/>
                <pc:Word id="region0006_line0002_word0000">
                    <pc:Coords points="301,1241 549,1241 549,1291 301,1291"/>
                    <pc:TextEquiv conf="0.592394332885742">
                        <pc:Unicode>Albenda:ut</pc:Unicode>
                    </pc:TextEquiv>
                </pc:Word>
                <pc:Word id="region0006_line0002_word0001">
                    <pc:Coords points="560,1251 645,1251 645,1277 560,1277"/>
                    <pc:TextEquiv conf="0.911204452514648">
                        <pc:Unicode>cum</pc:Unicode>
                    </pc:TextEquiv>
                </pc:Word>
                <pc:Word id="region0006_line0002_word0002">
                    <pc:Coords points="658,1236 917,1236 917,1288 658,1288"/>
                    <pc:TextEquiv conf="0.875520248413086">
                        <pc:Unicode>publicis,</pc:Unicode>
                    </pc:TextEquiv>
                </pc:Word>
                <pc:Word id="region0006_line0002_word0003">
                    <pc:Coords points="916,1236 856,1236 856,1291 916,1291"/>
                    <pc:TextEquiv conf="0.921644592285156">
                        <pc:Unicode>tum</pc:Unicode>
                    </pc:TextEquiv>
                </pc:Word>
                <pc:Word id="region0006_line0002_word0004">
                    <pc:Coords points="928,1240 1081,1240 1081,1286 928,1286"/>
                    <pc:TextEquiv conf="0.92154182434082">
                        <pc:Unicode>priuatis</pc:Unicode>
                    </pc:TextEquiv>
                </pc:Word>
                <pc:Word id="region0006_line0002_word0005">
                    <pc:Coords points="1095,1238 1157,1238 1157,1287 1095,1287"/>
                    <pc:TextEquiv conf="0.923553314208984">
                        <pc:Unicode>ho</pc:Unicode>
                    </pc:TextEquiv>
                </pc:Word>
                <pc:TextEquiv conf="0.857643127441406">
                    <pc:Unicode>Albenda:ut cum publicis, tum priuatis ho</pc:Unicode>
                </pc:TextEquiv>
            </pc:TextLine>
            <pc:TextLine id="region0006_line0003">
                <pc:Coords points="326,1287 1162,1287 1162,1353 326,1353"/>
                <pc:Word id="region0006_line0003_word0000">
                    <pc:Coords points="326,1300 482,1300 482,1339 326,1339"/>
                    <pc:TextEquiv conf="0.909804458618164">
                        <pc:Unicode>minum</pc:Unicode>
                    </pc:TextEquiv>
                </pc:Word>
                <pc:Word id="region0006_line0003_word0001">
                    <pc:Coords points="490,1293 618,1293 618,1342 490,1342"/>
                    <pc:TextEquiv conf="0.914699478149414">
                        <pc:Unicode>rebus,</pc:Unicode>
                    </pc:TextEquiv>
                </pc:Word>
                <pc:Word id="region0006_line0003_word0002">
                    <pc:Coords points="630,1294 666,1294 666,1345 630,1345"/>
                    <pc:TextEquiv conf="0.905691909790039">
                        <pc:Unicode>q;</pc:Unicode>
                    </pc:TextEquiv>
                </pc:Word>
                <pc:Word id="region0006_line0003_word0003">
                    <pc:Coords points="678,1287 904,1287 904,1332 678,1332"/>
                    <pc:TextEquiv conf="0.385926628112793">
                        <pc:Unicode>fœliciſsime</pc:Unicode>
                    </pc:TextEquiv>
                </pc:Word>
                <pc:Word id="region0006_line0003_word0004">
                    <pc:Coords points="917,1289 1162,1289 1162,1353 917,1353"/>
                    <pc:TextEquiv conf="0.903557739257812">
                        <pc:Unicode>conſulatur.</pc:Unicode>
                    </pc:TextEquiv>
                </pc:Word>
                <pc:TextEquiv conf="0.803936042785644">
                    <pc:Unicode>minum rebus, q; fœliciſsime conſulatur.</pc:Unicode>
                </pc:TextEquiv>
            </pc:TextLine>
            <pc:TextEquiv conf="0.78495797252655">
                <pc:Unicode>. ſt itaq; prima, &amp; maxima cura, ad
puerilem ætatem recte inſtituendam ad⸗
Albenda:ut cum publicis, tum priuatis ho
minum rebus, q; fœliciſsime conſulatur.</pc:Unicode>
            </pc:TextEquiv>
        </pc:TextRegion>
        <pc:TextRegion id="region0007" orientation="0.131934401947404" readingDirection="left-to-right" textLineOrder="top-to-bottom">
            <pc:Coords points="319,1379 1164,1379 1164,1557 319,1557"/>
            <pc:TextLine id="region0007_line0000">
                <pc:Coords points="319,1379 1164,1379 1164,1450 319,1450"/>
                <pc:Word id="region0007_line0000_word0000">
                    <pc:Coords points="319,1379 375,1379 375,1450 319,1450"/>
                    <pc:TextEquiv conf="0.">
                        <pc:Unicode>8</pc:Unicode>
                    </pc:TextEquiv>
                </pc:Word>
                <pc:Word id="region0007_line0000_word0001">
                    <pc:Coords points="436,1382 620,1382 620,1435 436,1435"/>
                    <pc:TextEquiv conf="0.840712890625">
                        <pc:Unicode>Maxime</pc:Unicode>
                    </pc:TextEquiv>
                </pc:Word>
                <pc:Word id="region0007_line0000_word0002">
                    <pc:Coords points="636,1401 788,1401 788,1440 636,1440"/>
                    <pc:TextEquiv conf="0.850590209960937">
                        <pc:Unicode>uero,</pc:Unicode>
                    </pc:TextEquiv>
                </pc:Word>
                <pc:Word id="region0007_line0000_word0003">
                    <pc:Coords points="797,1379 751,1379 751,1450 797,1450"/>
                    <pc:TextEquiv conf="0.929070358276367">
                        <pc:Unicode>ut</pc:Unicode>
                    </pc:TextEquiv>
                </pc:Word>
                <pc:Word id="region0007_line0000_word0004">
                    <pc:Coords points="800,1402 884,1402 884,1444 800,1444"/>
                    <pc:TextEquiv conf="0.921224060058594">
                        <pc:Unicode>quæ</pc:Unicode>
                    </pc:TextEquiv>
                </pc:Word>
                <pc:Word id="region0007_line0000_word0005">
                    <pc:Coords points="898,1388 946,1388 946,1429 898,1429"/>
                    <pc:TextEquiv conf="0.928435287475586">
                        <pc:Unicode>ad</pc:Unicode>
                    </pc:TextEquiv>
                </pc:Word>
                <pc:Word id="region0007_line0000_word0006">
                    <pc:Coords points="957,1392 1164,1392 1164,1446 957,1446"/>
                    <pc:TextEquiv conf="0.">
                        <pc:Unicode>pietatem·/</pc:Unicode>
                    </pc:TextEquiv>
                </pc:Word>
                <pc:TextEquiv conf="0.924290400913783">
                    <pc:Unicode>8 Maxime uero, ut quæ ad pietatem·/</pc:Unicode>
                </pc:TextEquiv>
            </pc:TextLine>
            <pc:TextLine id="region0007_line0001">
                <pc:Coords points="325,1443 1150,1443 1150,1505 325,1505"/>
                <pc:Word id="region0007_line0001_word0000">
                    <pc:Coords points="325,1444 611,1444 611,1502 325,1502"/>
                    <pc:TextEquiv conf="0.840855331420898">
                        <pc:Unicode>&amp;religionem</pc:Unicode>
                    </pc:TextEquiv>
                </pc:Word>
                <pc:Word id="region0007_line0001_word0001">
                    <pc:Coords points="621,1449 830,1449 830,1504 621,1504"/>
                    <pc:TextEquiv conf="0.500795783996582">
                        <pc:Unicode>pertinent,</pc:Unicode>
                    </pc:TextEquiv>
                </pc:Word>
                <pc:Word id="region0007_line0001_word0002">
                    <pc:Coords points="837,1443 907,1443 907,1486 837,1486"/>
                    <pc:TextEquiv conf="0.907999267578125">
                        <pc:Unicode>hac</pc:Unicode>
                    </pc:TextEquiv>
                </pc:Word>
                <pc:Word id="region0007_line0001_word0003">
                    <pc:Coords points="917,1456 978,1456 978,1489 917,1489"/>
                    <pc:TextEquiv conf="0.922972259521484">
                        <pc:Unicode>uia</pc:Unicode>
                    </pc:TextEquiv>
                </pc:Word>
                <pc:Word id="region0007_line0001_word0004">
                    <pc:Coords points="989,1456 1072,1456 1072,1505 989,1505"/>
                    <pc:TextEquiv conf="0.926374206542969">
                        <pc:Unicode>non</pc:Unicode>
                    </pc:TextEquiv>
                </pc:Word>
                <pc:Word id="region0007_line0001_word0005">
                    <pc:Coords points="1082,1454 1150,1454 1150,1482 1082,1482"/>
                    <pc:TextEquiv conf="0.921070404052734">
                        <pc:Unicode>ne⸗</pc:Unicode>
                    </pc:TextEquiv>
                </pc:Word>
                <pc:TextEquiv conf="0.836677875518799">
                    <pc:Unicode>&amp;religionem pertinent, hac uia non ne⸗</pc:Unicode>
                </pc:TextEquiv>
            </pc:TextLine>
            <pc:TextLine id="region0007_line0002">
                <pc:Coords points="940,1497 1161,1497 1161,1557 940,1557"/>
                <pc:Word id="region0007_line0002_word0000">
                    <pc:Coords points="940,1497 1161,1497 1161,1557 940,1557"/>
                    <pc:TextEquiv conf="0.490741806030273">
                        <pc:Unicode>gligantur⸗</pc:Unicode>
                    </pc:TextEquiv>
                </pc:Word>
                <pc:TextEquiv conf="0.490741806030273">
                    <pc:Unicode>gligantur⸗</pc:Unicode>
                </pc:TextEquiv>
            </pc:TextLine>
            <pc:TextEquiv conf="0.750570027487619">
                <pc:Unicode>8 Maxime uero, ut quæ ad pietatem·/
&amp;religionem pertinent, hac uia non ne⸗
gligantur⸗</pc:Unicode>
            </pc:TextEquiv>
        </pc:TextRegion>
        <pc:ImageRegion id="region0000" orientation="0.131934401947404">
            <pc:Coords points="0,0 1199,0 1199,166 0,166"/>
        </pc:ImageRegion>
        <pc:ImageRegion id="region0001" orientation="0.131934401947404">
            <pc:Coords points="0,1535 1199,1535 1199,1929 0,1929"/>
        </pc:ImageRegion>
        <pc:ImageRegion id="region0002" orientation="0.131934401947404">
            <pc:Coords points="1132,77 1199,77 1199,166 1132,166"/>
        </pc:ImageRegion>
        <pc:SeparatorRegion id="region0005">
            <pc:Coords points="1159,211 1167,211 1167,1098 1159,1098"/>
        </pc:SeparatorRegion>
    </pc:Page>
</pc:PcGts>
