<?xml version="1.0" encoding="UTF-8"?>
<pc:PcGts xmlns:pc="http://schema.primaresearch.org/PAGE/gts/pagecontent/2019-07-15" xmlns:xsi="http://www.w3.org/2001/XMLSchema-instance" xsi:schemaLocation="http://schema.primaresearch.org/PAGE/gts/pagecontent/2019-07-15 http://schema.primaresearch.org/PAGE/gts/pagecontent/2019-07-15/pagecontent.xsd" pcGtsId="OCR-D-OCR_0007">
    <pc:Metadata>
        <pc:Creator>OCR-D/core 2.30.0</pc:Creator>
        <pc:Created>2022-11-17T08:20:58.413542</pc:Created>
        <pc:LastChange>2022-11-17T08:20:58.413542</pc:LastChange>
        <pc:MetadataItem type="processingStep" name="layout/segmentation/region" value="ocrd-tesserocr-recognize">
            <pc:Labels externalModel="ocrd-tool" externalId="parameters">
                <pc:Label value="region" type="segmentation_level"/>
                <pc:Label value="word" type="textequiv_level"/>
                <pc:Label value="True" type="find_tables"/>
                <pc:Label value="Fraktur_GT4HistOCR" type="model"/>
                <pc:Label value="0" type="dpi"/>
                <pc:Label value="0" type="padding"/>
                <pc:Label value="False" type="overwrite_segments"/>
                <pc:Label value="True" type="overwrite_text"/>
                <pc:Label value="False" type="shrink_polygons"/>
                <pc:Label value="False" type="block_polygons"/>
                <pc:Label value="False" type="find_staves"/>
                <pc:Label value="False" type="sparse_text"/>
                <pc:Label value="False" type="raw_lines"/>
                <pc:Label value="" type="char_whitelist"/>
                <pc:Label value="" type="char_blacklist"/>
                <pc:Label value="" type="char_unblacklist"/>
                <pc:Label value="{}" type="tesseract_parameters"/>
                <pc:Label value="{}" type="xpath_parameters"/>
                <pc:Label value="{}" type="xpath_model"/>
                <pc:Label value="False" type="auto_model"/>
                <pc:Label value="DEFAULT" type="oem"/>
            </pc:Labels>
            <pc:Labels externalModel="ocrd-tool" externalId="version">
                <pc:Label value="0.13.6 (tesseract 5.0.1)" type="ocrd-tesserocr-recognize"/>
                <pc:Label value="2.30.0" type="ocrd/core"/>
            </pc:Labels>
        </pc:MetadataItem>
    </pc:Metadata>
    <pc:Page imageFilename="OCR-D-IMG/OCR-D-IMG_0007.tif" imageWidth="1189" imageHeight="1928">
        <pc:AlternativeImage filename="OCR-D-OCR/OCR-D-OCR_0007.IMG-BIN.png" comments=",binarized,clipped"/>
        <pc:ReadingOrder>
            <pc:OrderedGroup id="reading-order">
                <pc:RegionRefIndexed index="0" regionRef="region0000"/>
                <pc:RegionRefIndexed index="1" regionRef="region0001"/>
                <pc:RegionRefIndexed index="2" regionRef="region0002"/>
                <pc:RegionRefIndexed index="5" regionRef="region0005"/>
            </pc:OrderedGroup>
        </pc:ReadingOrder>
        <pc:TextRegion id="region0000" orientation="0.795127454242902" readingDirection="left-to-right" textLineOrder="top-to-bottom">
            <pc:Coords points="36,188 949,188 949,616 36,616"/>
            <pc:TextLine id="region0000_line0000">
                <pc:Coords points="106,188 949,188 949,289 106,289"/>
                <pc:Word id="region0000_line0000_word0000">
                    <pc:Coords points="106,188 949,188 949,289 106,289"/>
                    <pc:TextEquiv conf="0.770835571289063">
                        <pc:Unicode>CLARISSE</pc:Unicode>
                    </pc:TextEquiv>
                </pc:Word>
                <pc:TextEquiv conf="0.770835571289063">
                    <pc:Unicode>CLARISSE</pc:Unicode>
                </pc:TextEquiv>
            </pc:TextLine>
            <pc:TextLine id="region0000_line0001">
                <pc:Coords points="37,298 925,298 925,363 37,363"/>
                <pc:Word id="region0000_line0001_word0000">
                    <pc:Coords points="37,298 925,298 925,363 37,363"/>
                    <pc:TextEquiv conf="0.517846717834473">
                        <pc:Unicode>MOACPRVDEMIIS-</pc:Unicode>
                    </pc:TextEquiv>
                </pc:Word>
                <pc:TextEquiv conf="0.517846717834473">
                    <pc:Unicode>MOACPRVDEMIIS-</pc:Unicode>
                </pc:TextEquiv>
            </pc:TextLine>
            <pc:TextLine id="region0000_line0002">
                <pc:Coords points="36,364 921,364 921,427 36,427"/>
                <pc:Word id="region0000_line0002_word0000">
                    <pc:Coords points="36,367 248,367 248,427 36,427"/>
                    <pc:TextEquiv conf="0.681468658447266">
                        <pc:Unicode>ſimo</pc:Unicode>
                    </pc:TextEquiv>
                </pc:Word>
                <pc:Word id="region0000_line0002_word0001">
                    <pc:Coords points="274,369 450,369 450,415 274,415"/>
                    <pc:TextEquiv conf="0.916086502075195">
                        <pc:Unicode>Senatui</pc:Unicode>
                    </pc:TextEquiv>
                </pc:Word>
                <pc:Word id="region0000_line0002_word0002">
                    <pc:Coords points="477,371 652,371 652,414 477,414"/>
                    <pc:TextEquiv conf="0.921342468261719">
                        <pc:Unicode>ciuitatis</pc:Unicode>
                    </pc:TextEquiv>
                </pc:Word>
                <pc:Word id="region0000_line0002_word0003">
                    <pc:Coords points="676,364 921,364 921,423 676,423"/>
                    <pc:TextEquiv conf="0.911079406738281">
                        <pc:Unicode>Noriber⸗</pc:Unicode>
                    </pc:TextEquiv>
                </pc:Word>
                <pc:TextEquiv conf="0.857494258880615">
                    <pc:Unicode>ſimo Senatui ciuitatis Noriber⸗</pc:Unicode>
                </pc:TextEquiv>
            </pc:TextLine>
            <pc:TextLine id="region0000_line0003">
                <pc:Coords points="159,427 875,427 875,495 159,495"/>
                <pc:Word id="region0000_line0003_word0000">
                    <pc:Coords points="159,427 445,427 445,495 159,495"/>
                    <pc:TextEquiv conf="0.296136093139648">
                        <pc:Unicode>ge.Dominis</pc:Unicode>
                    </pc:TextEquiv>
                </pc:Word>
                <pc:Word id="region0000_line0003_word0001">
                    <pc:Coords points="458,428 538,428 538,477 458,477"/>
                    <pc:TextEquiv conf="0.922742156982422">
                        <pc:Unicode>ſuis</pc:Unicode>
                    </pc:TextEquiv>
                </pc:Word>
                <pc:Word id="region0000_line0003_word0002">
                    <pc:Coords points="549,427 875,427 875,483 549,483"/>
                    <pc:TextEquiv conf="0.283416595458984">
                        <pc:Unicode>colendiſsimis,</pc:Unicode>
                    </pc:TextEquiv>
                </pc:Word>
                <pc:TextEquiv conf="0.500764948527018">
                    <pc:Unicode>ge.Dominis ſuis colendiſsimis,</pc:Unicode>
                </pc:TextEquiv>
            </pc:TextLine>
            <pc:TextLine id="region0000_line0004">
                <pc:Coords points="299,490 744,490 744,555 299,555"/>
                <pc:Word id="region0000_line0004_word0000">
                    <pc:Coords points="517,542 517,493 299,493 299,542"/>
                    <pc:TextEquiv conf="0.147446517944336">
                        <pc:Unicode>ebaldus</pc:Unicode>
                    </pc:TextEquiv>
                </pc:Word>
                <pc:Word id="region0000_line0004_word0001">
                    <pc:Coords points="552,490 744,490 744,555 552,555"/>
                    <pc:TextEquiv conf="0.917850341796875">
                        <pc:Unicode>Heyden</pc:Unicode>
                    </pc:TextEquiv>
                </pc:Word>
                <pc:TextEquiv conf="0.532648429870605">
                    <pc:Unicode>ebaldus Heyden</pc:Unicode>
                </pc:TextEquiv>
            </pc:TextLine>
            <pc:TextLine id="region0000_line0005">
                <pc:Coords points="395,555 656,555 656,616 395,616"/>
                <pc:Word id="region0000_line0005_word0000">
                    <pc:Coords points="395,555 656,555 656,616 395,616"/>
                    <pc:TextEquiv conf="0.324047241210937">
                        <pc:Unicode>——</pc:Unicode>
                    </pc:TextEquiv>
                </pc:Word>
                <pc:TextEquiv conf="0.324047241210937">
                    <pc:Unicode>——</pc:Unicode>
                </pc:TextEquiv>
            </pc:TextLine>
            <pc:TextEquiv conf="0.583939527935452">
                <pc:Unicode>CLARISSE
MOACPRVDEMIIS-
ſimo Senatui ciuitatis Noriber⸗
ge.Dominis ſuis colendiſsimis,
ebaldus Heyden
——</pc:Unicode>
            </pc:TextEquiv>
        </pc:TextRegion>
        <pc:TextRegion id="region0001" orientation="0.795127454242902" readingDirection="left-to-right" textLineOrder="top-to-bottom">
            <pc:Coords points="115,670 949,670 949,1574 115,1574"/>
            <pc:TextLine id="region0001_line0000">
                <pc:Coords points="127,670 928,670 928,725 127,725"/>
                <pc:Word id="region0001_line0000_word0000">
                    <pc:Coords points="127,670 127,725 610,725 610,670"/>
                    <pc:TextEquiv conf="0.">
                        <pc:Unicode>FVoties</pc:Unicode>
                    </pc:TextEquiv>
                </pc:Word>
                <pc:Word id="region0001_line0000_word0001">
                    <pc:Coords points="638,674 687,674 687,713 638,713"/>
                    <pc:TextEquiv conf="0.919649124145508">
                        <pc:Unicode>de</pc:Unicode>
                    </pc:TextEquiv>
                </pc:Word>
                <pc:Word id="region0001_line0000_word0002">
                    <pc:Coords points="702,671 928,671 928,716 702,716"/>
                    <pc:TextEquiv conf="0.902161407470703">
                        <pc:Unicode>noſtrarum</pc:Unicode>
                    </pc:TextEquiv>
                </pc:Word>
                <pc:TextEquiv conf="0.940603510538737">
                    <pc:Unicode>FVoties de noſtrarum</pc:Unicode>
                </pc:TextEquiv>
            </pc:TextLine>
            <pc:TextLine id="region0001_line0001">
                <pc:Coords points="267,723 929,723 929,785 267,785"/>
                <pc:Word id="region0001_line0001_word0000">
                    <pc:Coords points="267,723 267,785 696,785 696,723"/>
                    <pc:TextEquiv conf="0.53815315246582">
                        <pc:Unicode>cholarum</pc:Unicode>
                    </pc:TextEquiv>
                </pc:Word>
                <pc:Word id="region0001_line0001_word0001">
                    <pc:Coords points="735,726 929,726 929,780 735,780"/>
                    <pc:TextEquiv conf="0.450831909179688">
                        <pc:Unicode>diſciplina</pc:Unicode>
                    </pc:TextEquiv>
                </pc:Word>
                <pc:TextEquiv conf="0.494492530822754">
                    <pc:Unicode>cholarum diſciplina</pc:Unicode>
                </pc:TextEquiv>
            </pc:TextLine>
            <pc:TextLine id="region0001_line0002">
                <pc:Coords points="287,775 930,775 930,834 287,834"/>
                <pc:Word id="region0001_line0002_word0000">
                    <pc:Coords points="287,779 358,779 358,822 287,822"/>
                    <pc:TextEquiv conf="0.295769577026367">
                        <pc:Unicode>M</pc:Unicode>
                    </pc:TextEquiv>
                </pc:Word>
                <pc:Word id="region0001_line0002_word0001">
                    <pc:Coords points="473,786 616,786 616,834 473,834"/>
                    <pc:TextEquiv conf="0.375244827270508">
                        <pc:Unicode>cogito,</pc:Unicode>
                    </pc:TextEquiv>
                </pc:Word>
                <pc:Word id="region0001_line0002_word0002">
                    <pc:Coords points="640,781 731,781 731,822 640,822"/>
                    <pc:TextEquiv conf="0.899805603027344">
                        <pc:Unicode>Viri</pc:Unicode>
                    </pc:TextEquiv>
                </pc:Word>
                <pc:Word id="region0001_line0002_word0003">
                    <pc:Coords points="755,779 930,779 930,822 755,822"/>
                    <pc:TextEquiv conf="0.753743057250977">
                        <pc:Unicode>Clariſsi-</pc:Unicode>
                    </pc:TextEquiv>
                </pc:Word>
                <pc:TextEquiv conf="0.581140766143799">
                    <pc:Unicode>M cogito, Viri Clariſsi-</pc:Unicode>
                </pc:TextEquiv>
            </pc:TextLine>
            <pc:TextLine id="region0001_line0003">
                <pc:Coords points="376,833 934,833 934,887 376,887"/>
                <pc:Word id="region0001_line0003_word0000">
                    <pc:Coords points="376,839 548,839 548,887 376,887"/>
                    <pc:TextEquiv conf="0.675139312744141">
                        <pc:Unicode>m</pc:Unicode>
                    </pc:TextEquiv>
                </pc:Word>
                <pc:Word id="region0001_line0003_word0001">
                    <pc:Coords points="561,833 736,833 736,874 561,874"/>
                    <pc:TextEquiv conf="0.718081970214844">
                        <pc:Unicode>nonnihil</pc:Unicode>
                    </pc:TextEquiv>
                </pc:Word>
                <pc:Word id="region0001_line0003_word0002">
                    <pc:Coords points="754,834 934,834 934,875 754,875"/>
                    <pc:TextEquiv conf="0.83332649230957">
                        <pc:Unicode>admirari</pc:Unicode>
                    </pc:TextEquiv>
                </pc:Word>
                <pc:TextEquiv conf="0.742182591756185">
                    <pc:Unicode>m nonnihil admirari</pc:Unicode>
                </pc:TextEquiv>
            </pc:TextLine>
            <pc:TextLine id="region0001_line0004">
                <pc:Coords points="389,884 946,884 946,942 389,942"/>
                <pc:Word id="region0001_line0004_word0000">
                    <pc:Coords points="555,938 555,887 389,887 389,938"/>
                    <pc:TextEquiv conf="0.216187591552734">
                        <pc:Unicode>ſGleo</pc:Unicode>
                    </pc:TextEquiv>
                </pc:Word>
                <pc:Word id="region0001_line0004_word0001">
                    <pc:Coords points="629,884 575,884 575,942 629,942"/>
                    <pc:TextEquiv conf="0.370569534301758">
                        <pc:Unicode>cur</pc:Unicode>
                    </pc:TextEquiv>
                </pc:Word>
                <pc:Word id="region0001_line0004_word0002">
                    <pc:Coords points="658,887 765,887 765,942 658,942"/>
                    <pc:TextEquiv conf="0.925652389526367">
                        <pc:Unicode>ſtudij</pc:Unicode>
                    </pc:TextEquiv>
                </pc:Word>
                <pc:Word id="region0001_line0004_word0003">
                    <pc:Coords points="777,884 946,884 946,938 777,938"/>
                    <pc:TextEquiv conf="0.912917404174805">
                        <pc:Unicode>literarij</pc:Unicode>
                    </pc:TextEquiv>
                </pc:Word>
                <pc:TextEquiv conf="0.606331729888916">
                    <pc:Unicode>ſGleo cur ſtudij literarij</pc:Unicode>
                </pc:TextEquiv>
            </pc:TextLine>
            <pc:TextLine id="region0001_line0005">
                <pc:Coords points="419,939 949,939 949,991 419,991"/>
                <pc:Word id="region0001_line0005_word0000">
                    <pc:Coords points="419,939 551,939 551,991 419,991"/>
                    <pc:TextEquiv conf="0.516923713684082">
                        <pc:Unicode>loca</pc:Unicode>
                    </pc:TextEquiv>
                </pc:Word>
                <pc:Word id="region0001_line0005_word0001">
                    <pc:Coords points="562,943 654,943 654,982 562,982"/>
                    <pc:TextEquiv conf="0.927128448486328">
                        <pc:Unicode>olim</pc:Unicode>
                    </pc:TextEquiv>
                </pc:Word>
                <pc:Word id="region0001_line0005_word0002">
                    <pc:Coords points="667,941 816,941 816,983 667,983"/>
                    <pc:TextEquiv conf="0.928798065185547">
                        <pc:Unicode>Græcis</pc:Unicode>
                    </pc:TextEquiv>
                </pc:Word>
                <pc:Word id="region0001_line0005_word0003">
                    <pc:Coords points="830,942 879,942 879,982 830,982"/>
                    <pc:TextEquiv conf="0.835198974609375">
                        <pc:Unicode>ab</pc:Unicode>
                    </pc:TextEquiv>
                </pc:Word>
                <pc:Word id="region0001_line0005_word0004">
                    <pc:Coords points="889,955 949,955 949,982 889,982"/>
                    <pc:TextEquiv conf="0.835198974609375">
                        <pc:Unicode>o⸗</pc:Unicode>
                    </pc:TextEquiv>
                </pc:Word>
                <pc:TextEquiv conf="0.808649635314941">
                    <pc:Unicode>loca olim Græcis ab o⸗</pc:Unicode>
                </pc:TextEquiv>
            </pc:TextLine>
            <pc:TextLine id="region0001_line0006">
                <pc:Coords points="283,993 937,993 937,1043 283,1043"/>
                <pc:Word id="region0001_line0006_word0000">
                    <pc:Coords points="283,993 447,993 447,1016 283,1016"/>
                    <pc:TextEquiv conf="0.788632507324219">
                        <pc:Unicode>tio</pc:Unicode>
                    </pc:TextEquiv>
                </pc:Word>
                <pc:Word id="region0001_line0006_word0001">
                    <pc:Coords points="534,994 696,994 696,1043 534,1043"/>
                    <pc:TextEquiv conf="0.454279518127441">
                        <pc:Unicode>Scholæ:</pc:Unicode>
                    </pc:TextEquiv>
                </pc:Word>
                <pc:Word id="region0001_line0006_word0002">
                    <pc:Coords points="709,995 851,995 851,1036 709,1036"/>
                    <pc:TextEquiv conf="0.454279518127441">
                        <pc:Unicode>Latinis</pc:Unicode>
                    </pc:TextEquiv>
                </pc:Word>
                <pc:Word id="region0001_line0006_word0003">
                    <pc:Coords points="864,1001 937,1001 937,1036 864,1036"/>
                    <pc:TextEquiv conf="0.557361907958984">
                        <pc:Unicode>ue⸗</pc:Unicode>
                    </pc:TextEquiv>
                </pc:Word>
                <pc:TextEquiv conf="0.563638362884521">
                    <pc:Unicode>tio Scholæ: Latinis ue⸗</pc:Unicode>
                </pc:TextEquiv>
            </pc:TextLine>
            <pc:TextLine id="region0001_line0007">
                <pc:Coords points="115,1045 937,1045 937,1101 115,1101"/>
                <pc:Word id="region0001_line0007_word0000">
                    <pc:Coords points="115,1065 160,1065 160,1095 115,1095"/>
                    <pc:TextEquiv conf="0.898101959228516">
                        <pc:Unicode>ro</pc:Unicode>
                    </pc:TextEquiv>
                </pc:Word>
                <pc:Word id="region0001_line0007_word0001">
                    <pc:Coords points="171,1050 273,1050 273,1092 171,1092"/>
                    <pc:TextEquiv conf="0.904619293212891">
                        <pc:Unicode>Ludi</pc:Unicode>
                    </pc:TextEquiv>
                </pc:Word>
                <pc:Word id="region0001_line0007_word0002">
                    <pc:Coords points="285,1048 388,1048 388,1089 285,1089"/>
                    <pc:TextEquiv conf="0.917322387695312">
                        <pc:Unicode>dicta</pc:Unicode>
                    </pc:TextEquiv>
                </pc:Word>
                <pc:Word id="region0001_line0007_word0003">
                    <pc:Coords points="407,1045 510,1045 510,1101 407,1101"/>
                    <pc:TextEquiv conf="0.909691619873047">
                        <pc:Unicode>ſint.</pc:Unicode>
                    </pc:TextEquiv>
                </pc:Word>
                <pc:Word id="region0001_line0007_word0004">
                    <pc:Coords points="595,1045 535,1045 535,1101 595,1101"/>
                    <pc:TextEquiv conf="0.923369903564453">
                        <pc:Unicode>Nam</pc:Unicode>
                    </pc:TextEquiv>
                </pc:Word>
                <pc:Word id="region0001_line0007_word0005">
                    <pc:Coords points="609,1060 691,1060 691,1088 609,1088"/>
                    <pc:TextEquiv conf="0.921785583496094">
                        <pc:Unicode>non</pc:Unicode>
                    </pc:TextEquiv>
                </pc:Word>
                <pc:Word id="region0001_line0007_word0006">
                    <pc:Coords points="699,1049 814,1049 814,1089 699,1089"/>
                    <pc:TextEquiv conf="0.910287475585937">
                        <pc:Unicode>auſim</pc:Unicode>
                    </pc:TextEquiv>
                </pc:Word>
                <pc:Word id="region0001_line0007_word0007">
                    <pc:Coords points="824,1054 937,1054 937,1097 824,1097"/>
                    <pc:TextEquiv conf="0.059741058349609">
                        <pc:Unicode>puta⸗</pc:Unicode>
                    </pc:TextEquiv>
                </pc:Word>
                <pc:TextEquiv conf="0.805614910125732">
                    <pc:Unicode>ro Ludi dicta ſint. Nam non auſim puta⸗</pc:Unicode>
                </pc:TextEquiv>
            </pc:TextLine>
            <pc:TextLine id="region0001_line0008">
                <pc:Coords points="117,1101 937,1101 937,1156 117,1156"/>
                <pc:Word id="region0001_line0008_word0000">
                    <pc:Coords points="117,1120 157,1120 157,1148 117,1148"/>
                    <pc:TextEquiv conf="0.930001754760742">
                        <pc:Unicode>re</pc:Unicode>
                    </pc:TextEquiv>
                </pc:Word>
                <pc:Word id="region0001_line0008_word0001">
                    <pc:Coords points="162,1106 251,1106 251,1148 162,1148"/>
                    <pc:TextEquiv conf="0.928810806274414">
                        <pc:Unicode>illos</pc:Unicode>
                    </pc:TextEquiv>
                </pc:Word>
                <pc:Word id="region0001_line0008_word0002">
                    <pc:Coords points="263,1106 399,1106 399,1143 263,1143"/>
                    <pc:TextEquiv conf="0.923368225097656">
                        <pc:Unicode>artium</pc:Unicode>
                    </pc:TextEquiv>
                </pc:Word>
                <pc:Word id="region0001_line0008_word0003">
                    <pc:Coords points="417,1105 684,1105 684,1156 417,1156"/>
                    <pc:TextEquiv conf="0.895903778076172">
                        <pc:Unicode>ingenuarum.</pc:Unicode>
                    </pc:TextEquiv>
                </pc:Word>
                <pc:Word id="region0001_line0008_word0004">
                    <pc:Coords points="698,1116 739,1116 739,1143 698,1143"/>
                    <pc:TextEquiv conf="0.884322662353516">
                        <pc:Unicode>ac</pc:Unicode>
                    </pc:TextEquiv>
                </pc:Word>
                <pc:Word id="region0001_line0008_word0005">
                    <pc:Coords points="759,1101 937,1101 937,1142 759,1142"/>
                    <pc:TextEquiv conf="0.50957389831543">
                        <pc:Unicode>Philoſoꝰ</pc:Unicode>
                    </pc:TextEquiv>
                </pc:Word>
                <pc:TextEquiv conf="0.845330187479655">
                    <pc:Unicode>re illos artium ingenuarum. ac Philoſoꝰ</pc:Unicode>
                </pc:TextEquiv>
            </pc:TextLine>
            <pc:TextLine id="region0001_line0009">
                <pc:Coords points="116,1154 939,1154 939,1215 116,1215"/>
                <pc:Word id="region0001_line0009_word0000">
                    <pc:Coords points="116,1162 217,1162 217,1215 116,1215"/>
                    <pc:TextEquiv conf="0.918499374389648">
                        <pc:Unicode>phiæ</pc:Unicode>
                    </pc:TextEquiv>
                </pc:Word>
                <pc:Word id="region0001_line0009_word0001">
                    <pc:Coords points="233,1155 363,1155 363,1206 233,1206"/>
                    <pc:TextEquiv conf="0.923568572998047">
                        <pc:Unicode>ſtudia,</pc:Unicode>
                    </pc:TextEquiv>
                </pc:Word>
                <pc:Word id="region0001_line0009_word0002">
                    <pc:Coords points="379,1160 429,1160 429,1198 379,1198"/>
                    <pc:TextEquiv conf="0.930981979370117">
                        <pc:Unicode>ita</pc:Unicode>
                    </pc:TextEquiv>
                </pc:Word>
                <pc:Word id="region0001_line0009_word0003">
                    <pc:Coords points="441,1156 529,1156 529,1197 441,1197"/>
                    <pc:TextEquiv conf="0.576379737854004">
                        <pc:Unicode>uilia</pc:Unicode>
                    </pc:TextEquiv>
                </pc:Word>
                <pc:Word id="region0001_line0009_word0004">
                    <pc:Coords points="542,1171 582,1171 582,1197 542,1197"/>
                    <pc:TextEquiv conf="0.932173843383789">
                        <pc:Unicode>ac</pc:Unicode>
                    </pc:TextEquiv>
                </pc:Word>
                <pc:Word id="region0001_line0009_word0005">
                    <pc:Coords points="594,1158 689,1158 689,1199 594,1199"/>
                    <pc:TextEquiv conf="0.922048187255859">
                        <pc:Unicode>leuia</pc:Unicode>
                    </pc:TextEquiv>
                </pc:Word>
                <pc:Word id="region0001_line0009_word0006">
                    <pc:Coords points="701,1154 883,1154 883,1206 701,1206"/>
                    <pc:TextEquiv conf="0.926943206787109">
                        <pc:Unicode>habuiſſe,</pc:Unicode>
                    </pc:TextEquiv>
                </pc:Word>
                <pc:Word id="region0001_line0009_word0007">
                    <pc:Coords points="896,1166 939,1166 939,1197 896,1197"/>
                    <pc:TextEquiv conf="0.931310729980469">
                        <pc:Unicode>ut</pc:Unicode>
                    </pc:TextEquiv>
                </pc:Word>
                <pc:TextEquiv conf="0.88273820400238">
                    <pc:Unicode>phiæ ſtudia, ita uilia ac leuia habuiſſe, ut</pc:Unicode>
                </pc:TextEquiv>
            </pc:TextLine>
            <pc:TextLine id="region0001_line0010">
                <pc:Coords points="118,1210 938,1210 938,1265 118,1265"/>
                <pc:Word id="region0001_line0010_word0000">
                    <pc:Coords points="118,1217 226,1217 226,1255 118,1255"/>
                    <pc:TextEquiv conf="0.579838256835937">
                        <pc:Unicode>ea</pc:Unicode>
                    </pc:TextEquiv>
                </pc:Word>
                <pc:Word id="region0001_line0010_word0001">
                    <pc:Coords points="210,1210 174,1210 174,1265 210,1265"/>
                    <pc:TextEquiv conf="0.579838256835937">
                        <pc:Unicode>nõ</pc:Unicode>
                    </pc:TextEquiv>
                </pc:Word>
                <pc:Word id="region0001_line0010_word0002">
                    <pc:Coords points="238,1210 304,1210 304,1253 238,1253"/>
                    <pc:TextEquiv conf="0.914424743652344">
                        <pc:Unicode>niſi</pc:Unicode>
                    </pc:TextEquiv>
                </pc:Word>
                <pc:Word id="region0001_line0010_word0003">
                    <pc:Coords points="316,1224 382,1224 382,1263 316,1263"/>
                    <pc:TextEquiv conf="0.928695449829102">
                        <pc:Unicode>per</pc:Unicode>
                    </pc:TextEquiv>
                </pc:Word>
                <pc:Word id="region0001_line0010_word0004">
                    <pc:Coords points="393,1211 573,1211 573,1260 393,1260"/>
                    <pc:TextEquiv conf="0.766779403686523">
                        <pc:Unicode>otium,</pc:Unicode>
                    </pc:TextEquiv>
                </pc:Word>
                <pc:Word id="region0001_line0010_word0005">
                    <pc:Coords points="566,1210 546,1210 546,1265 566,1265"/>
                    <pc:TextEquiv conf="0.802300796508789">
                        <pc:Unicode>&amp;</pc:Unicode>
                    </pc:TextEquiv>
                </pc:Word>
                <pc:Word id="region0001_line0010_word0006">
                    <pc:Coords points="583,1213 687,1213 687,1265 583,1265"/>
                    <pc:TextEquiv conf="0.234289245605469">
                        <pc:Unicode>tancq;</pc:Unicode>
                    </pc:TextEquiv>
                </pc:Word>
                <pc:Word id="region0001_line0010_word0007">
                    <pc:Coords points="705,1224 763,1224 763,1257 705,1257"/>
                    <pc:TextEquiv conf="0.916013870239258">
                        <pc:Unicode>res</pc:Unicode>
                    </pc:TextEquiv>
                </pc:Word>
                <pc:Word id="region0001_line0010_word0008">
                    <pc:Coords points="773,1211 938,1211 938,1254 773,1254"/>
                    <pc:TextEquiv conf="0.918605499267578">
                        <pc:Unicode>ludicras</pc:Unicode>
                    </pc:TextEquiv>
                </pc:Word>
                <pc:TextEquiv conf="0.737865058051215">
                    <pc:Unicode>ea nõ niſi per otium, &amp; tancq; res ludicras</pc:Unicode>
                </pc:TextEquiv>
            </pc:TextLine>
            <pc:TextLine id="region0001_line0011">
                <pc:Coords points="119,1263 942,1263 942,1318 119,1318"/>
                <pc:Word id="region0001_line0011_word0000">
                    <pc:Coords points="119,1267 301,1267 301,1308 119,1308"/>
                    <pc:TextEquiv conf="0.9083447265625">
                        <pc:Unicode>ſectanda</pc:Unicode>
                    </pc:TextEquiv>
                </pc:Word>
                <pc:Word id="region0001_line0011_word0001">
                    <pc:Coords points="314,1265 385,1265 385,1306 314,1306"/>
                    <pc:TextEquiv conf="0.904356536865234">
                        <pc:Unicode>eſſe</pc:Unicode>
                    </pc:TextEquiv>
                </pc:Word>
                <pc:Word id="region0001_line0011_word0002">
                    <pc:Coords points="603,1263 415,1263 415,1318 603,1318"/>
                    <pc:TextEquiv conf="0.400160293579102">
                        <pc:Unicode>cenſerent.</pc:Unicode>
                    </pc:TextEquiv>
                </pc:Word>
                <pc:Word id="region0001_line0011_word0003">
                    <pc:Coords points="823,1263 627,1263 627,1318 823,1318"/>
                    <pc:TextEquiv conf="0.400160293579102">
                        <pc:Unicode>Pręſertim</pc:Unicode>
                    </pc:TextEquiv>
                </pc:Word>
                <pc:Word id="region0001_line0011_word0004">
                    <pc:Coords points="819,1276 942,1276 942,1316 819,1316"/>
                    <pc:TextEquiv conf="0.911816864013672">
                        <pc:Unicode>quum</pc:Unicode>
                    </pc:TextEquiv>
                </pc:Word>
                <pc:TextEquiv conf="0.704967742919922">
                    <pc:Unicode>ſectanda eſſe cenſerent. Pręſertim quum</pc:Unicode>
                </pc:TextEquiv>
            </pc:TextLine>
            <pc:TextLine id="region0001_line0012">
                <pc:Coords points="122,1319 939,1319 939,1371 122,1371"/>
                <pc:Word id="region0001_line0012_word0000">
                    <pc:Coords points="122,1323 176,1323 176,1363 122,1363"/>
                    <pc:TextEquiv conf="0.921801147460938">
                        <pc:Unicode>ob</pc:Unicode>
                    </pc:TextEquiv>
                </pc:Word>
                <pc:Word id="region0001_line0012_word0001">
                    <pc:Coords points="192,1334 225,1334 225,1361 192,1361"/>
                    <pc:TextEquiv conf="0.337882461547852">
                        <pc:Unicode>ea</pc:Unicode>
                    </pc:TextEquiv>
                </pc:Word>
                <pc:Word id="region0001_line0012_word0002">
                    <pc:Coords points="238,1319 318,1319 318,1371 238,1371"/>
                    <pc:TextEquiv conf="0.337882461547852">
                        <pc:Unicode>ipſa</pc:Unicode>
                    </pc:TextEquiv>
                </pc:Word>
                <pc:Word id="region0001_line0012_word0003">
                    <pc:Coords points="465,1319 339,1319 339,1371 465,1371"/>
                    <pc:TextEquiv conf="0.886924362182617">
                        <pc:Unicode>ſtudia,</pc:Unicode>
                    </pc:TextEquiv>
                </pc:Word>
                <pc:Word id="region0001_line0012_word0004">
                    <pc:Coords points="637,1319 491,1319 491,1371 637,1371"/>
                    <pc:TextEquiv conf="0.914476089477539">
                        <pc:Unicode>cæteras</pc:Unicode>
                    </pc:TextEquiv>
                </pc:Word>
                <pc:Word id="region0001_line0012_word0005">
                    <pc:Coords points="633,1330 771,1330 771,1358 633,1358"/>
                    <pc:TextEquiv conf="0.915431823730469">
                        <pc:Unicode>omnes</pc:Unicode>
                    </pc:TextEquiv>
                </pc:Word>
                <pc:Word id="region0001_line0012_word0006">
                    <pc:Coords points="785,1328 939,1328 939,1371 785,1371"/>
                    <pc:TextEquiv conf="0.381026763916016">
                        <pc:Unicode>gentes.</pc:Unicode>
                    </pc:TextEquiv>
                </pc:Word>
                <pc:TextEquiv conf="0.670775015694755">
                    <pc:Unicode>ob ea ipſa ſtudia, cæteras omnes gentes.</pc:Unicode>
                </pc:TextEquiv>
            </pc:TextLine>
            <pc:TextLine id="region0001_line0013">
                <pc:Coords points="119,1370 947,1370 947,1426 119,1426"/>
                <pc:Word id="region0001_line0013_word0000">
                    <pc:Coords points="119,1375 299,1375 299,1417 119,1417"/>
                    <pc:TextEquiv conf="0.906156921386719">
                        <pc:Unicode>barbaras</pc:Unicode>
                    </pc:TextEquiv>
                </pc:Word>
                <pc:Word id="region0001_line0013_word0001">
                    <pc:Coords points="312,1385 377,1385 377,1426 312,1426"/>
                    <pc:TextEquiv conf="0.870205154418945">
                        <pc:Unicode>prę</pc:Unicode>
                    </pc:TextEquiv>
                </pc:Word>
                <pc:Word id="region0001_line0013_word0002">
                    <pc:Coords points="388,1372 421,1372 421,1412 388,1412"/>
                    <pc:TextEquiv conf="0.918049545288086">
                        <pc:Unicode>ſe</pc:Unicode>
                    </pc:TextEquiv>
                </pc:Word>
                <pc:Word id="region0001_line0013_word0003">
                    <pc:Coords points="434,1382 623,1382 623,1421 434,1421"/>
                    <pc:TextEquiv conf="0.903527145385742">
                        <pc:Unicode>uocarent,</pc:Unicode>
                    </pc:TextEquiv>
                </pc:Word>
                <pc:Word id="region0001_line0013_word0004">
                    <pc:Coords points="638,1384 680,1384 680,1411 638,1411"/>
                    <pc:TextEquiv conf="0.907823181152344">
                        <pc:Unicode>ac</pc:Unicode>
                    </pc:TextEquiv>
                </pc:Word>
                <pc:Word id="region0001_line0013_word0005">
                    <pc:Coords points="691,1370 794,1370 794,1424 691,1424"/>
                    <pc:TextEquiv conf="0.313312301635742">
                        <pc:Unicode>tanq;</pc:Unicode>
                    </pc:TextEquiv>
                </pc:Word>
                <pc:Word id="region0001_line0013_word0006">
                    <pc:Coords points="804,1373 947,1373 947,1415 804,1415"/>
                    <pc:TextEquiv conf="0.894341430664062">
                        <pc:Unicode>omnis</pc:Unicode>
                    </pc:TextEquiv>
                </pc:Word>
                <pc:TextEquiv conf="0.816202239990234">
                    <pc:Unicode>barbaras prę ſe uocarent, ac tanq; omnis</pc:Unicode>
                </pc:TextEquiv>
            </pc:TextLine>
            <pc:TextLine id="region0001_line0014">
                <pc:Coords points="120,1423 947,1423 947,1477 120,1477"/>
                <pc:Word id="region0001_line0014_word0000">
                    <pc:Coords points="120,1430 367,1430 367,1468 120,1468"/>
                    <pc:TextEquiv conf="0.915501937866211">
                        <pc:Unicode>humanitatis</pc:Unicode>
                    </pc:TextEquiv>
                </pc:Word>
                <pc:Word id="region0001_line0014_word0001">
                    <pc:Coords points="384,1435 558,1435 558,1476 384,1476"/>
                    <pc:TextEquiv conf="0.909660491943359">
                        <pc:Unicode>expertes</pc:Unicode>
                    </pc:TextEquiv>
                </pc:Word>
                <pc:Word id="region0001_line0014_word0002">
                    <pc:Coords points="582,1423 833,1423 833,1477 582,1477"/>
                    <pc:TextEquiv conf="0.897017974853516">
                        <pc:Unicode>deſpicerent.</pc:Unicode>
                    </pc:TextEquiv>
                </pc:Word>
                <pc:Word id="region0001_line0014_word0003">
                    <pc:Coords points="857,1424 947,1424 947,1464 857,1464"/>
                    <pc:TextEquiv conf="0.914702606201172">
                        <pc:Unicode>Cu⸗</pc:Unicode>
                    </pc:TextEquiv>
                </pc:Word>
                <pc:TextEquiv conf="0.909220752716065">
                    <pc:Unicode>humanitatis expertes deſpicerent. Cu⸗</pc:Unicode>
                </pc:TextEquiv>
            </pc:TextLine>
            <pc:TextLine id="region0001_line0015">
                <pc:Coords points="128,1475 942,1475 942,1530 128,1530"/>
                <pc:Word id="region0001_line0015_word0000">
                    <pc:Coords points="128,1485 190,1485 190,1526 128,1526"/>
                    <pc:TextEquiv conf="0.911295394897461">
                        <pc:Unicode>ius</pc:Unicode>
                    </pc:TextEquiv>
                </pc:Word>
                <pc:Word id="region0001_line0015_word0001">
                    <pc:Coords points="209,1479 383,1479 383,1524 209,1524"/>
                    <pc:TextEquiv conf="0.921885299682617">
                        <pc:Unicode>elationis</pc:Unicode>
                    </pc:TextEquiv>
                </pc:Word>
                <pc:Word id="region0001_line0015_word0002">
                    <pc:Coords points="415,1477 539,1477 539,1527 415,1527"/>
                    <pc:TextEquiv conf="0.910926513671875">
                        <pc:Unicode>cauſas</pc:Unicode>
                    </pc:TextEquiv>
                </pc:Word>
                <pc:Word id="region0001_line0015_word0003">
                    <pc:Coords points="564,1489 664,1489 664,1520 564,1520"/>
                    <pc:TextEquiv conf="0.928517227172852">
                        <pc:Unicode>certe</pc:Unicode>
                    </pc:TextEquiv>
                </pc:Word>
                <pc:Word id="region0001_line0015_word0004">
                    <pc:Coords points="680,1490 774,1490 774,1524 680,1524"/>
                    <pc:TextEquiv conf="0.893768157958984">
                        <pc:Unicode>non</pc:Unicode>
                    </pc:TextEquiv>
                </pc:Word>
                <pc:Word id="region0001_line0015_word0005">
                    <pc:Coords points="790,1475 942,1475 942,1530 790,1530"/>
                    <pc:TextEquiv conf="0.844519805908203">
                        <pc:Unicode>otioſas,</pc:Unicode>
                    </pc:TextEquiv>
                </pc:Word>
                <pc:TextEquiv conf="0.901818733215332">
                    <pc:Unicode>ius elationis cauſas certe non otioſas,</pc:Unicode>
                </pc:TextEquiv>
            </pc:TextLine>
            <pc:TextLine id="region0001_line0016">
                <pc:Coords points="203,1529 945,1529 945,1574 203,1574"/>
                <pc:Word id="region0001_line0016_word0000">
                    <pc:Coords points="203,1536 319,1536 319,1562 203,1562"/>
                    <pc:TextEquiv conf="0.691682281494141">
                        <pc:Unicode>—</pc:Unicode>
                    </pc:TextEquiv>
                </pc:Word>
                <pc:Word id="region0001_line0016_word0001">
                    <pc:Coords points="555,1530 678,1530 678,1572 555,1572"/>
                    <pc:TextEquiv conf="0.212747497558594">
                        <pc:Unicode>——</pc:Unicode>
                    </pc:TextEquiv>
                </pc:Word>
                <pc:Word id="region0001_line0016_word0002">
                    <pc:Coords points="815,1529 945,1529 945,1574 815,1574"/>
                    <pc:TextEquiv conf="0.891485748291016">
                        <pc:Unicode>multo</pc:Unicode>
                    </pc:TextEquiv>
                </pc:Word>
                <pc:TextEquiv conf="0.598638509114583">
                    <pc:Unicode>— —— multo</pc:Unicode>
                </pc:TextEquiv>
            </pc:TextLine>
            <pc:TextEquiv conf="0.741777087097631">
                <pc:Unicode>FVoties de noſtrarum
cholarum diſciplina
M cogito, Viri Clariſsi-
m nonnihil admirari
ſGleo cur ſtudij literarij
loca olim Græcis ab o⸗
tio Scholæ: Latinis ue⸗
ro Ludi dicta ſint. Nam non auſim puta⸗
re illos artium ingenuarum. ac Philoſoꝰ
phiæ ſtudia, ita uilia ac leuia habuiſſe, ut
ea nõ niſi per otium, &amp; tancq; res ludicras
ſectanda eſſe cenſerent. Pręſertim quum
ob ea ipſa ſtudia, cæteras omnes gentes.
barbaras prę ſe uocarent, ac tanq; omnis
humanitatis expertes deſpicerent. Cu⸗
ius elationis cauſas certe non otioſas,
— —— multo</pc:Unicode>
            </pc:TextEquiv>
        </pc:TextRegion>
        <pc:ImageRegion id="region0002" orientation="0.795127454242902">
            <pc:Coords points="113,683 451,683 451,974 113,974"/>
        </pc:ImageRegion>
        <pc:ImageRegion id="region0005" orientation="0.795127454242902">
            <pc:Coords points="1102,0 1189,0 1189,1928 1102,1928"/>
        </pc:ImageRegion>
        <pc:SeparatorRegion id="region0003">
            <pc:Coords points="307,1007 447,1007 447,1016 307,1016"/>
        </pc:SeparatorRegion>
        <pc:SeparatorRegion id="region0004">
            <pc:Coords points="650,1866 1111,1866 1111,1884 650,1884"/>
        </pc:SeparatorRegion>
    </pc:Page>
</pc:PcGts>
