<?xml version="1.0" encoding="UTF-8"?>
<pc:PcGts xmlns:pc="http://schema.primaresearch.org/PAGE/gts/pagecontent/2019-07-15" xmlns:xsi="http://www.w3.org/2001/XMLSchema-instance" xsi:schemaLocation="http://schema.primaresearch.org/PAGE/gts/pagecontent/2019-07-15 http://schema.primaresearch.org/PAGE/gts/pagecontent/2019-07-15/pagecontent.xsd" pcGtsId="OCR-D-OCR_0013">
    <pc:Metadata>
        <pc:Creator>OCR-D/core 2.30.0</pc:Creator>
        <pc:Created>2022-11-21T12:02:16.309286</pc:Created>
        <pc:LastChange>2022-11-21T12:02:16.309286</pc:LastChange>
        <pc:MetadataItem type="processingStep" name="layout/segmentation/region" value="ocrd-tesserocr-recognize">
            <pc:Labels externalModel="ocrd-tool" externalId="parameters">
                <pc:Label value="region" type="segmentation_level"/>
                <pc:Label value="word" type="textequiv_level"/>
                <pc:Label value="True" type="find_tables"/>
                <pc:Label value="Fraktur_GT4HistOCR" type="model"/>
                <pc:Label value="0" type="dpi"/>
                <pc:Label value="0" type="padding"/>
                <pc:Label value="False" type="overwrite_segments"/>
                <pc:Label value="True" type="overwrite_text"/>
                <pc:Label value="False" type="shrink_polygons"/>
                <pc:Label value="False" type="block_polygons"/>
                <pc:Label value="False" type="find_staves"/>
                <pc:Label value="False" type="sparse_text"/>
                <pc:Label value="False" type="raw_lines"/>
                <pc:Label value="" type="char_whitelist"/>
                <pc:Label value="" type="char_blacklist"/>
                <pc:Label value="" type="char_unblacklist"/>
                <pc:Label value="{}" type="tesseract_parameters"/>
                <pc:Label value="{}" type="xpath_parameters"/>
                <pc:Label value="{}" type="xpath_model"/>
                <pc:Label value="False" type="auto_model"/>
                <pc:Label value="DEFAULT" type="oem"/>
            </pc:Labels>
            <pc:Labels externalModel="ocrd-tool" externalId="version">
                <pc:Label value="0.13.6 (tesseract 5.0.1)" type="ocrd-tesserocr-recognize"/>
                <pc:Label value="2.30.0" type="ocrd/core"/>
            </pc:Labels>
        </pc:MetadataItem>
    </pc:Metadata>
    <pc:Page imageFilename="OCR-D-IMG/OCR-D-IMG_0013.tif" imageWidth="1207" imageHeight="1928">
        <pc:AlternativeImage filename="OCR-D-OCR/OCR-D-OCR_0013.IMG-BIN.png" comments=",binarized,clipped"/>
        <pc:ReadingOrder>
            <pc:OrderedGroup id="reading-order">
                <pc:RegionRefIndexed index="0" regionRef="region0000"/>
                <pc:RegionRefIndexed index="1" regionRef="region0001"/>
                <pc:RegionRefIndexed index="2" regionRef="region0002"/>
                <pc:RegionRefIndexed index="3" regionRef="region0003"/>
                <pc:RegionRefIndexed index="4" regionRef="region0004"/>
                <pc:RegionRefIndexed index="5" regionRef="region0005"/>
                <pc:RegionRefIndexed index="6" regionRef="region0006"/>
            </pc:OrderedGroup>
        </pc:ReadingOrder>
        <pc:TextRegion id="region0000" orientation="-0.376857848569983" readingDirection="left-to-right" textLineOrder="top-to-bottom">
            <pc:Coords points="30,145 907,145 907,1282 30,1282"/>
            <pc:TextLine id="region0000_line0000">
                <pc:Coords points="86,145 907,145 907,272 86,272"/>
                <pc:Word id="region0000_line0000_word0000">
                    <pc:Coords points="86,145 86,272 907,272 907,145"/>
                    <pc:TextEquiv conf="0.">
                        <pc:Unicode>DADON</pc:Unicode>
                    </pc:TextEquiv>
                </pc:Word>
                <pc:TextEquiv conf="1.">
                    <pc:Unicode>DADON</pc:Unicode>
                </pc:TextEquiv>
            </pc:TextLine>
            <pc:TextLine id="region0000_line0001">
                <pc:Coords points="86,259 902,259 902,349 86,349"/>
                <pc:Word id="region0000_line0001_word0000">
                    <pc:Coords points="86,259 239,259 239,316 86,316"/>
                    <pc:TextEquiv conf="0.815716323852539">
                        <pc:Unicode>MIA</pc:Unicode>
                    </pc:TextEquiv>
                </pc:Word>
                <pc:Word id="region0000_line0001_word0001">
                    <pc:Coords points="313,266 902,266 902,349 313,349"/>
                    <pc:TextEquiv conf="0.302633514404297">
                        <pc:Unicode>SCHOLASTIOSA</pc:Unicode>
                    </pc:TextEquiv>
                </pc:Word>
                <pc:TextEquiv conf="0.559174919128418">
                    <pc:Unicode>MIA SCHOLASTIOSA</pc:Unicode>
                </pc:TextEquiv>
            </pc:TextLine>
            <pc:TextLine id="region0000_line0002">
                <pc:Coords points="112,332 888,332 888,405 112,405"/>
                <pc:Word id="region0000_line0002_word0000">
                    <pc:Coords points="112,332 426,332 426,398 112,398"/>
                    <pc:TextEquiv conf="0.439098434448242">
                        <pc:Unicode>pietatis:ſtucij</pc:Unicode>
                    </pc:TextEquiv>
                </pc:Word>
                <pc:Word id="region0000_line0002_word0001">
                    <pc:Coords points="441,340 621,340 621,405 441,405"/>
                    <pc:TextEquiv conf="0.593697395324707">
                        <pc:Unicode>literarij:</pc:Unicode>
                    </pc:TextEquiv>
                </pc:Word>
                <pc:Word id="region0000_line0002_word0002">
                    <pc:Coords points="711,332 664,332 664,405 711,405"/>
                    <pc:TextEquiv conf="0.775776062011719">
                        <pc:Unicode>ac</pc:Unicode>
                    </pc:TextEquiv>
                </pc:Word>
                <pc:Word id="region0000_line0002_word0003">
                    <pc:Coords points="694,362 888,362 888,402 694,402"/>
                    <pc:TextEquiv conf="0.787004852294922">
                        <pc:Unicode>morum</pc:Unicode>
                    </pc:TextEquiv>
                </pc:Word>
                <pc:TextEquiv conf="0.648894186019897">
                    <pc:Unicode>pietatis:ſtucij literarij: ac morum</pc:Unicode>
                </pc:TextEquiv>
            </pc:TextLine>
            <pc:TextLine id="region0000_line0003">
                <pc:Coords points="84,394 886,394 886,475 84,475"/>
                <pc:Word id="region0000_line0003_word0000">
                    <pc:Coords points="84,394 362,394 362,453 84,453"/>
                    <pc:TextEquiv conf="0.603477401733398">
                        <pc:Unicode>boseſtatis</pc:Unicode>
                    </pc:TextEquiv>
                </pc:Word>
                <pc:Word id="region0000_line0003_word0001">
                    <pc:Coords points="372,416 585,416 585,470 372,470"/>
                    <pc:TextEquiv conf="0.879915084838867">
                        <pc:Unicode>præcepta</pc:Unicode>
                    </pc:TextEquiv>
                </pc:Word>
                <pc:Word id="region0000_line0003_word0002">
                    <pc:Coords points="610,416 886,416 886,475 610,475"/>
                    <pc:TextEquiv conf="0.303849868774414">
                        <pc:Unicode>continens.</pc:Unicode>
                    </pc:TextEquiv>
                </pc:Word>
                <pc:TextEquiv conf="0.595747451782227">
                    <pc:Unicode>boseſtatis præcepta continens.</pc:Unicode>
                </pc:TextEquiv>
            </pc:TextLine>
            <pc:TextLine id="region0000_line0004">
                <pc:Coords points="230,543 903,543 903,610 230,610"/>
                <pc:Word id="region0000_line0004_word0000">
                    <pc:Coords points="230,543 484,543 484,602 230,602"/>
                    <pc:TextEquiv conf="0.541178703308105">
                        <pc:Unicode>Aiſquis</pc:Unicode>
                    </pc:TextEquiv>
                </pc:Word>
                <pc:Word id="region0000_line0004_word0001">
                    <pc:Coords points="494,564 555,564 555,594 494,594"/>
                    <pc:TextEquiv conf="0.915334167480469">
                        <pc:Unicode>res</pc:Unicode>
                    </pc:TextEquiv>
                </pc:Word>
                <pc:Word id="region0000_line0004_word0002">
                    <pc:Coords points="595,607 748,607 748,543 595,543"/>
                    <pc:TextEquiv conf="0.842040176391602">
                        <pc:Unicode>humanas,</pc:Unicode>
                    </pc:TextEquiv>
                </pc:Word>
                <pc:Word id="region0000_line0004_word0003">
                    <pc:Coords points="770,607 840,607 840,543 770,543"/>
                    <pc:TextEquiv conf="0.789535217285156">
                        <pc:Unicode>ſiue</pc:Unicode>
                    </pc:TextEquiv>
                </pc:Word>
                <pc:Word id="region0000_line0004_word0004">
                    <pc:Coords points="848,569 903,569 903,610 848,610"/>
                    <pc:TextEquiv conf="0.930084457397461">
                        <pc:Unicode>pu</pc:Unicode>
                    </pc:TextEquiv>
                </pc:Word>
                <pc:TextEquiv conf="0.803634544372559">
                    <pc:Unicode>Aiſquis res humanas, ſiue pu</pc:Unicode>
                </pc:TextEquiv>
            </pc:TextLine>
            <pc:TextLine id="region0000_line0005">
                <pc:Coords points="264,598 900,598 900,660 264,660"/>
                <pc:Word id="region0000_line0005_word0000">
                    <pc:Coords points="264,598 443,598 443,654 264,654"/>
                    <pc:TextEquiv conf="0.881275329589844">
                        <pc:Unicode>blicas</pc:Unicode>
                    </pc:TextEquiv>
                </pc:Word>
                <pc:Word id="region0000_line0005_word0001">
                    <pc:Coords points="463,604 539,604 539,646 463,646"/>
                    <pc:TextEquiv conf="0.922410354614258">
                        <pc:Unicode>ſiue</pc:Unicode>
                    </pc:TextEquiv>
                </pc:Word>
                <pc:Word id="region0000_line0005_word0002">
                    <pc:Coords points="564,611 747,611 747,660 564,660"/>
                    <pc:TextEquiv conf="0.880457611083984">
                        <pc:Unicode>priuatas,</pc:Unicode>
                    </pc:TextEquiv>
                </pc:Word>
                <pc:Word id="region0000_line0005_word0003">
                    <pc:Coords points="757,606 900,606 900,654 757,654"/>
                    <pc:TextEquiv conf="0.708256225585937">
                        <pc:Unicode>ſœlices</pc:Unicode>
                    </pc:TextEquiv>
                </pc:Word>
                <pc:TextEquiv conf="0.848099880218506">
                    <pc:Unicode>blicas ſiue priuatas, ſœlices</pc:Unicode>
                </pc:TextEquiv>
            </pc:TextLine>
            <pc:TextLine id="region0000_line0006">
                <pc:Coords points="299,655 902,655 902,716 299,716"/>
                <pc:Word id="region0000_line0006_word0000">
                    <pc:Coords points="299,669 440,669 440,673 299,673"/>
                    <pc:TextEquiv conf="0.918755035400391">
                        <pc:Unicode>uolet,</pc:Unicode>
                    </pc:TextEquiv>
                </pc:Word>
                <pc:Word id="region0000_line0006_word0001">
                    <pc:Coords points="528,655 463,655 463,716 528,716"/>
                    <pc:TextEquiv conf="0.911292343139648">
                        <pc:Unicode>eum</pc:Unicode>
                    </pc:TextEquiv>
                </pc:Word>
                <pc:Word id="region0000_line0006_word0002">
                    <pc:Coords points="542,673 629,673 629,700 542,700"/>
                    <pc:TextEquiv conf="0.919125671386719">
                        <pc:Unicode>ante</pc:Unicode>
                    </pc:TextEquiv>
                </pc:Word>
                <pc:Word id="region0000_line0006_word0003">
                    <pc:Coords points="637,668 770,668 770,705 637,705"/>
                    <pc:TextEquiv conf="0.830898818969727">
                        <pc:Unicode>omnia</pc:Unicode>
                    </pc:TextEquiv>
                </pc:Word>
                <pc:Word id="region0000_line0006_word0004">
                    <pc:Coords points="776,670 902,670 902,716 776,716"/>
                    <pc:TextEquiv conf="0.482341766357422">
                        <pc:Unicode>pueri-⸗</pc:Unicode>
                    </pc:TextEquiv>
                </pc:Word>
                <pc:TextEquiv conf="0.812482727050781">
                    <pc:Unicode>uolet, eum ante omnia pueri-⸗</pc:Unicode>
                </pc:TextEquiv>
            </pc:TextLine>
            <pc:TextLine id="region0000_line0007">
                <pc:Coords points="271,708 902,708 902,766 271,766"/>
                <pc:Word id="region0000_line0007_word0000">
                    <pc:Coords points="271,710 387,710 387,762 271,762"/>
                    <pc:TextEquiv conf="0.630942268371582">
                        <pc:Unicode>tiæ</pc:Unicode>
                    </pc:TextEquiv>
                </pc:Word>
                <pc:Word id="region0000_line0007_word0001">
                    <pc:Coords points="397,708 503,708 503,752 397,752"/>
                    <pc:TextEquiv conf="0.90622932434082">
                        <pc:Unicode>ſuam</pc:Unicode>
                    </pc:TextEquiv>
                </pc:Word>
                <pc:Word id="region0000_line0007_word0002">
                    <pc:Coords points="524,711 759,711 759,766 524,766"/>
                    <pc:TextEquiv conf="0.918820724487305">
                        <pc:Unicode>diſciplinam</pc:Unicode>
                    </pc:TextEquiv>
                </pc:Word>
                <pc:Word id="region0000_line0007_word0003">
                    <pc:Coords points="784,732 827,732 827,760 784,760"/>
                    <pc:TextEquiv conf="0.925423126220703">
                        <pc:Unicode>ac</pc:Unicode>
                    </pc:TextEquiv>
                </pc:Word>
                <pc:Word id="region0000_line0007_word0004">
                    <pc:Coords points="837,722 902,722 902,760 837,760"/>
                    <pc:TextEquiv conf="0.906973495483398">
                        <pc:Unicode>in⸗</pc:Unicode>
                    </pc:TextEquiv>
                </pc:Word>
                <pc:TextEquiv conf="0.857677787780762">
                    <pc:Unicode>tiæ ſuam diſciplinam ac in⸗</pc:Unicode>
                </pc:TextEquiv>
            </pc:TextLine>
            <pc:TextLine id="region0000_line0008">
                <pc:Coords points="78,759 903,759 903,833 78,833"/>
                <pc:Word id="region0000_line0008_word0000">
                    <pc:Coords points="78,759 553,759 553,816 78,816"/>
                    <pc:TextEquiv conf="0.">
                        <pc:Unicode>lhitutionem</pc:Unicode>
                    </pc:TextEquiv>
                </pc:Word>
                <pc:Word id="region0000_line0008_word0001">
                    <pc:Coords points="564,767 681,767 681,824 564,824"/>
                    <pc:TextEquiv conf="0.361718444824219">
                        <pc:Unicode>quam</pc:Unicode>
                    </pc:TextEquiv>
                </pc:Word>
                <pc:Word id="region0000_line0008_word0002">
                    <pc:Coords points="694,772 903,772 903,833 694,833"/>
                    <pc:TextEquiv conf="0.746502990722656">
                        <pc:Unicode>rectiſsime</pc:Unicode>
                    </pc:TextEquiv>
                </pc:Word>
                <pc:TextEquiv conf="0.702740478515625">
                    <pc:Unicode>lhitutionem quam rectiſsime</pc:Unicode>
                </pc:TextEquiv>
            </pc:TextLine>
            <pc:TextLine id="region0000_line0009">
                <pc:Coords points="82,812 482,812 482,876 82,876"/>
                <pc:Word id="region0000_line0009_word0000">
                    <pc:Coords points="82,812 82,860 306,860 306,812"/>
                    <pc:TextEquiv conf="0.840433120727539">
                        <pc:Unicode>conſtituere</pc:Unicode>
                    </pc:TextEquiv>
                </pc:Word>
                <pc:Word id="region0000_line0009_word0001">
                    <pc:Coords points="316,818 482,818 482,876 316,876"/>
                    <pc:TextEquiv conf="0.88603889465332">
                        <pc:Unicode>oportet.</pc:Unicode>
                    </pc:TextEquiv>
                </pc:Word>
                <pc:TextEquiv conf="0.86323600769043">
                    <pc:Unicode>conſtituere oportet.</pc:Unicode>
                </pc:TextEquiv>
            </pc:TextLine>
            <pc:TextLine id="region0000_line0010">
                <pc:Coords points="34,875 903,875 903,946 34,946"/>
                <pc:Word id="region0000_line0010_word0000">
                    <pc:Coords points="34,875 120,875 120,932 34,932"/>
                    <pc:TextEquiv conf="0.121493606567383">
                        <pc:Unicode>2.</pc:Unicode>
                    </pc:TextEquiv>
                </pc:Word>
                <pc:Word id="region0000_line0010_word0001">
                    <pc:Coords points="149,937 303,937 303,875 149,875"/>
                    <pc:TextEquiv conf="0.225831146240234">
                        <pc:Unicode>Docet</pc:Unicode>
                    </pc:TextEquiv>
                </pc:Word>
                <pc:Word id="region0000_line0010_word0002">
                    <pc:Coords points="322,891 420,891 420,928 322,928"/>
                    <pc:TextEquiv conf="0.685132522583008">
                        <pc:Unicode>enim</pc:Unicode>
                    </pc:TextEquiv>
                </pc:Word>
                <pc:Word id="region0000_line0010_word0003">
                    <pc:Coords points="439,893 686,893 686,946 439,946"/>
                    <pc:TextEquiv conf="0.901258697509766">
                        <pc:Unicode>experientia,</pc:Unicode>
                    </pc:TextEquiv>
                </pc:Word>
                <pc:Word id="region0000_line0010_word0004">
                    <pc:Coords points="713,895 826,895 826,939 713,939"/>
                    <pc:TextEquiv conf="0.850958099365234">
                        <pc:Unicode>Nihil</pc:Unicode>
                    </pc:TextEquiv>
                </pc:Word>
                <pc:Word id="region0000_line0010_word0005">
                    <pc:Coords points="846,898 903,898 903,940 846,940"/>
                    <pc:TextEquiv conf="0.850958099365234">
                        <pc:Unicode>ibi</pc:Unicode>
                    </pc:TextEquiv>
                </pc:Word>
                <pc:TextEquiv conf="0.60593869527181">
                    <pc:Unicode>2. Docet enim experientia, Nihil ibi</pc:Unicode>
                </pc:TextEquiv>
            </pc:TextLine>
            <pc:TextLine id="region0000_line0011">
                <pc:Coords points="31,930 901,930 901,1003 31,1003"/>
                <pc:Word id="region0000_line0011_word0000">
                    <pc:Coords points="31,930 254,930 254,979 31,979"/>
                    <pc:TextEquiv conf="0.">
                        <pc:Unicode>cclicirer</pc:Unicode>
                    </pc:TextEquiv>
                </pc:Word>
                <pc:Word id="region0000_line0011_word0001">
                    <pc:Coords points="262,936 342,936 342,978 262,978"/>
                    <pc:TextEquiv conf="0.871297607421875">
                        <pc:Unicode>fieri</pc:Unicode>
                    </pc:TextEquiv>
                </pc:Word>
                <pc:Word id="region0000_line0011_word0002">
                    <pc:Coords points="352,943 539,943 539,994 352,994"/>
                    <pc:TextEquiv conf="0.809519195556641">
                        <pc:Unicode>poſſe</pc:Unicode>
                    </pc:TextEquiv>
                </pc:Word>
                <pc:Word id="region0000_line0011_word0003">
                    <pc:Coords points="495,998 558,998 558,930 495,930"/>
                    <pc:TextEquiv conf="0.">
                        <pc:Unicode>uübr</pc:Unicode>
                    </pc:TextEquiv>
                </pc:Word>
                <pc:Word id="region0000_line0011_word0004">
                    <pc:Coords points="548,950 650,950 650,991 548,991"/>
                    <pc:TextEquiv conf="0.">
                        <pc:Unicode>n</pc:Unicode>
                    </pc:TextEquiv>
                </pc:Word>
                <pc:Word id="region0000_line0011_word0005">
                    <pc:Coords points="657,956 828,956 828,1003 657,1003"/>
                    <pc:TextEquiv conf="0.39109302520752">
                        <pc:Unicode>hpueritiæ</pc:Unicode>
                    </pc:TextEquiv>
                </pc:Word>
                <pc:Word id="region0000_line0011_word0006">
                    <pc:Coords points="839,955 901,955 901,995 839,995"/>
                    <pc:TextEquiv conf="0.918336639404297">
                        <pc:Unicode>di⸗</pc:Unicode>
                    </pc:TextEquiv>
                </pc:Word>
                <pc:TextEquiv conf="0.855749495370047">
                    <pc:Unicode>cclicirer fieri poſſe uübr n hpueritiæ di⸗</pc:Unicode>
                </pc:TextEquiv>
            </pc:TextLine>
            <pc:TextLine id="region0000_line0012">
                <pc:Coords points="80,984 898,984 898,1067 80,1067"/>
                <pc:Word id="region0000_line0012_word0000">
                    <pc:Coords points="256,1049 256,984 80,984 80,1049"/>
                    <pc:TextEquiv conf="0.855200729370117">
                        <pc:Unicode>ſciplina:</pc:Unicode>
                    </pc:TextEquiv>
                </pc:Word>
                <pc:Word id="region0000_line0012_word0001">
                    <pc:Coords points="287,1049 421,1049 421,984 287,984"/>
                    <pc:TextEquiv conf="0.494778823852539">
                        <pc:Unicode>nullum</pc:Unicode>
                    </pc:TextEquiv>
                </pc:Word>
                <pc:Word id="region0000_line0012_word0002">
                    <pc:Coords points="429,999 641,999 641,1045 429,1045"/>
                    <pc:TextEquiv conf="0.">
                        <pc:Unicode>honeſati⸗</pc:Unicode>
                    </pc:TextEquiv>
                </pc:Word>
                <pc:Word id="region0000_line0012_word0003">
                    <pc:Coords points="661,1003 839,1003 839,1067 661,1067"/>
                    <pc:TextEquiv conf="0.657827758789063">
                        <pc:Unicode>ſtudium:</pc:Unicode>
                    </pc:TextEquiv>
                </pc:Word>
                <pc:Word id="region0000_line0012_word0004">
                    <pc:Coords points="854,1007 898,1007 898,1052 854,1052"/>
                    <pc:TextEquiv conf="0.657827758789063">
                        <pc:Unicode>&amp;</pc:Unicode>
                    </pc:TextEquiv>
                </pc:Word>
                <pc:TextEquiv conf="0.733127014160156">
                    <pc:Unicode>ſciplina: nullum honeſati⸗ ſtudium: &amp;</pc:Unicode>
                </pc:TextEquiv>
            </pc:TextLine>
            <pc:TextLine id="region0000_line0013">
                <pc:Coords points="30,1042 613,1042 613,1126 30,1126"/>
                <pc:Word id="region0000_line0013_word0000">
                    <pc:Coords points="30,1042 50,1042 50,1126 30,1126"/>
                    <pc:TextEquiv conf="0.616363677978516">
                        <pc:Unicode>—</pc:Unicode>
                    </pc:TextEquiv>
                </pc:Word>
                <pc:Word id="region0000_line0013_word0001">
                    <pc:Coords points="80,1043 201,1043 201,1086 80,1086"/>
                    <pc:TextEquiv conf="0.925386505126953">
                        <pc:Unicode>nullus</pc:Unicode>
                    </pc:TextEquiv>
                </pc:Word>
                <pc:Word id="region0000_line0013_word0002">
                    <pc:Coords points="212,1050 359,1050 359,1099 212,1099"/>
                    <pc:TextEquiv conf="0.928561019897461">
                        <pc:Unicode>pietatis</pc:Unicode>
                    </pc:TextEquiv>
                </pc:Word>
                <pc:Word id="region0000_line0013_word0003">
                    <pc:Coords points="370,1049 455,1049 455,1094 370,1094"/>
                    <pc:TextEquiv conf="0.921559295654297">
                        <pc:Unicode>uſus</pc:Unicode>
                    </pc:TextEquiv>
                </pc:Word>
                <pc:Word id="region0000_line0013_word0004">
                    <pc:Coords points="474,1056 613,1056 613,1099 474,1099"/>
                    <pc:TextEquiv conf="0.53315803527832">
                        <pc:Unicode>exiſtit</pc:Unicode>
                    </pc:TextEquiv>
                </pc:Word>
                <pc:TextEquiv conf="0.785005706787109">
                    <pc:Unicode>— nullus pietatis uſus exiſtit</pc:Unicode>
                </pc:TextEquiv>
            </pc:TextLine>
            <pc:TextLine id="region0000_line0014">
                <pc:Coords points="31,1262 36,1262 36,1282 31,1282"/>
                <pc:Word id="region0000_line0014_word0000">
                    <pc:Coords points="31,1262 36,1262 36,1282 31,1282"/>
                    <pc:TextEquiv conf="0.455696487426758">
                        <pc:Unicode>J</pc:Unicode>
                    </pc:TextEquiv>
                </pc:Word>
                <pc:TextEquiv conf="0.455696487426758">
                    <pc:Unicode>J</pc:Unicode>
                </pc:TextEquiv>
            </pc:TextLine>
            <pc:TextEquiv conf="0.741813692105006">
                <pc:Unicode>DADON
MIA SCHOLASTIOSA
pietatis:ſtucij literarij: ac morum
boseſtatis præcepta continens.
Aiſquis res humanas, ſiue pu
blicas ſiue priuatas, ſœlices
uolet, eum ante omnia pueri-⸗
tiæ ſuam diſciplinam ac in⸗
lhitutionem quam rectiſsime
conſtituere oportet.
2. Docet enim experientia, Nihil ibi
cclicirer fieri poſſe uübr n hpueritiæ di⸗
ſciplina: nullum honeſati⸗ ſtudium: &amp;
— nullus pietatis uſus exiſtit
J</pc:Unicode>
            </pc:TextEquiv>
        </pc:TextRegion>
        <pc:TextRegion id="region0002" orientation="-0.376857848569983" readingDirection="left-to-right" textLineOrder="top-to-bottom">
            <pc:Coords points="30,1110 897,1110 897,1344 30,1344"/>
            <pc:TextLine id="region0002_line0000">
                <pc:Coords points="32,1110 897,1110 897,1187 32,1187"/>
                <pc:Word id="region0002_line0000_word0000">
                    <pc:Coords points="32,1110 223,1110 223,1164 32,1164"/>
                    <pc:TextEquiv conf="0.555486450195313">
                        <pc:Unicode>Et</pc:Unicode>
                    </pc:TextEquiv>
                </pc:Word>
                <pc:Word id="region0002_line0000_word0001">
                    <pc:Coords points="232,1119 298,1119 298,1158 232,1158"/>
                    <pc:TextEquiv conf="0.890783538818359">
                        <pc:Unicode>uix</pc:Unicode>
                    </pc:TextEquiv>
                </pc:Word>
                <pc:Word id="region0002_line0000_word0002">
                    <pc:Coords points="309,1129 477,1129 477,1175 309,1175"/>
                    <pc:TextEquiv conf="0.925753555297852">
                        <pc:Unicode>unquam</pc:Unicode>
                    </pc:TextEquiv>
                </pc:Word>
                <pc:Word id="region0002_line0000_word0003">
                    <pc:Coords points="485,1125 683,1125 683,1182 485,1182"/>
                    <pc:TextEquiv conf="0.918684310913086">
                        <pc:Unicode>quiſquam</pc:Unicode>
                    </pc:TextEquiv>
                </pc:Word>
                <pc:Word id="region0002_line0000_word0004">
                    <pc:Coords points="692,1133 734,1133 734,1173 692,1173"/>
                    <pc:TextEquiv conf="0.931008453369141">
                        <pc:Unicode>in</pc:Unicode>
                    </pc:TextEquiv>
                </pc:Word>
                <pc:Word id="region0002_line0000_word0005">
                    <pc:Coords points="740,1131 897,1131 897,1187 740,1187"/>
                    <pc:TextEquiv conf="0.922575454711914">
                        <pc:Unicode>bonum</pc:Unicode>
                    </pc:TextEquiv>
                </pc:Word>
                <pc:TextEquiv conf="0.857381960550944">
                    <pc:Unicode>Et uix unquam quiſquam in bonum</pc:Unicode>
                </pc:TextEquiv>
            </pc:TextLine>
            <pc:TextLine id="region0002_line0001">
                <pc:Coords points="64,1164 893,1164 893,1239 64,1239"/>
                <pc:Word id="region0002_line0001_word0000">
                    <pc:Coords points="122,1212 122,1164 64,1164 64,1212"/>
                    <pc:TextEquiv conf="0.228887786865234">
                        <pc:Unicode>ec</pc:Unicode>
                    </pc:TextEquiv>
                </pc:Word>
                <pc:Word id="region0002_line0001_word0001">
                    <pc:Coords points="129,1164 339,1164 339,1228 129,1228"/>
                    <pc:TextEquiv conf="0.408381652832031">
                        <pc:Unicode>ſapientem</pc:Unicode>
                    </pc:TextEquiv>
                </pc:Word>
                <pc:Word id="region0002_line0001_word0002">
                    <pc:Coords points="351,1180 473,1180 473,1221 351,1221"/>
                    <pc:TextEquiv conf="0.378739700317383">
                        <pc:Unicode>urum</pc:Unicode>
                    </pc:TextEquiv>
                </pc:Word>
                <pc:Word id="region0002_line0001_word0003">
                    <pc:Coords points="483,1180 611,1180 611,1234 483,1234"/>
                    <pc:TextEquiv conf="0.082925262451172">
                        <pc:Unicode>eua</pc:Unicode>
                    </pc:TextEquiv>
                </pc:Word>
                <pc:Word id="region0002_line0001_word0004">
                    <pc:Coords points="625,1189 690,1189 690,1239 625,1239"/>
                    <pc:TextEquiv conf="0.926494827270508">
                        <pc:Unicode>qui</pc:Unicode>
                    </pc:TextEquiv>
                </pc:Word>
                <pc:Word id="region0002_line0001_word0005">
                    <pc:Coords points="707,1199 789,1199 789,1232 707,1232"/>
                    <pc:TextEquiv conf="0.904582214355469">
                        <pc:Unicode>non</pc:Unicode>
                    </pc:TextEquiv>
                </pc:Word>
                <pc:Word id="region0002_line0001_word0006">
                    <pc:Coords points="800,1191 821,1191 821,1233 800,1233"/>
                    <pc:TextEquiv conf="0.782744827270508">
                        <pc:Unicode>ã</pc:Unicode>
                    </pc:TextEquiv>
                </pc:Word>
                <pc:Word id="region0002_line0001_word0007">
                    <pc:Coords points="832,1201 893,1201 893,1233 832,1233"/>
                    <pc:TextEquiv conf="0.790366821289063">
                        <pc:Unicode>te⸗</pc:Unicode>
                    </pc:TextEquiv>
                </pc:Word>
                <pc:TextEquiv conf="0.562890386581421">
                    <pc:Unicode>ec ſapientem urum eua qui non ã te⸗</pc:Unicode>
                </pc:TextEquiv>
            </pc:TextLine>
            <pc:TextLine id="region0002_line0002">
                <pc:Coords points="30,1227 894,1227 894,1291 30,1291"/>
                <pc:Word id="region0002_line0002_word0000">
                    <pc:Coords points="30,1227 181,1227 181,1264 30,1264"/>
                    <pc:TextEquiv conf="0.561414756774902">
                        <pc:Unicode>eris</pc:Unicode>
                    </pc:TextEquiv>
                </pc:Word>
                <pc:Word id="region0002_line0002_word0001">
                    <pc:Coords points="194,1231 307,1231 307,1269 194,1269"/>
                    <pc:TextEquiv conf="0.922851791381836">
                        <pc:Unicode>annis</pc:Unicode>
                    </pc:TextEquiv>
                </pc:Word>
                <pc:Word id="region0002_line0002_word0002">
                    <pc:Coords points="319,1228 369,1228 369,1270 319,1270"/>
                    <pc:TextEquiv conf="0.92080078125">
                        <pc:Unicode>ad</pc:Unicode>
                    </pc:TextEquiv>
                </pc:Word>
                <pc:Word id="region0002_line0002_word0003">
                    <pc:Coords points="381,1235 526,1235 526,1276 381,1276"/>
                    <pc:TextEquiv conf="0.916112823486328">
                        <pc:Unicode>uirtutis</pc:Unicode>
                    </pc:TextEquiv>
                </pc:Word>
                <pc:Word id="region0002_line0002_word0004">
                    <pc:Coords points="545,1250 588,1250 588,1277 545,1277"/>
                    <pc:TextEquiv conf="0.925082015991211">
                        <pc:Unicode>ac</pc:Unicode>
                    </pc:TextEquiv>
                </pc:Word>
                <pc:Word id="region0002_line0002_word0005">
                    <pc:Coords points="597,1243 747,1243 747,1291 597,1291"/>
                    <pc:TextEquiv conf="0.712694778442383">
                        <pc:Unicode>pietatis</pc:Unicode>
                    </pc:TextEquiv>
                </pc:Word>
                <pc:Word id="region0002_line0002_word0006">
                    <pc:Coords points="766,1244 894,1244 894,1289 766,1289"/>
                    <pc:TextEquiv conf="0.320605316162109">
                        <pc:Unicode>Ruda</pc:Unicode>
                    </pc:TextEquiv>
                </pc:Word>
                <pc:TextEquiv conf="0.754223180498396">
                    <pc:Unicode>eris annis ad uirtutis ac pietatis Ruda</pc:Unicode>
                </pc:TextEquiv>
            </pc:TextLine>
            <pc:TextLine id="region0002_line0003">
                <pc:Coords points="31,1276 840,1276 840,1344 31,1344"/>
                <pc:Word id="region0002_line0003_word0000">
                    <pc:Coords points="31,1281 145,1281 145,1329 31,1329"/>
                    <pc:TextEquiv conf="0.717644424438477">
                        <pc:Unicode>her</pc:Unicode>
                    </pc:TextEquiv>
                </pc:Word>
                <pc:Word id="region0002_line0003_word0001">
                    <pc:Coords points="153,1276 320,1276 320,1322 153,1322"/>
                    <pc:TextEquiv conf="0.929077377319336">
                        <pc:Unicode>ſedulam</pc:Unicode>
                    </pc:TextEquiv>
                </pc:Word>
                <pc:Word id="region0002_line0003_word0002">
                    <pc:Coords points="341,1283 571,1283 571,1341 341,1341"/>
                    <pc:TextEquiv conf="0.916437911987305">
                        <pc:Unicode>diſciplinam</pc:Unicode>
                    </pc:TextEquiv>
                </pc:Word>
                <pc:Word id="region0002_line0003_word0003">
                    <pc:Coords points="593,1293 840,1293 840,1344 593,1344"/>
                    <pc:TextEquiv conf="0.760490188598633">
                        <pc:Unicode>aſſueuerat,</pc:Unicode>
                    </pc:TextEquiv>
                </pc:Word>
                <pc:TextEquiv conf="0.830912475585937">
                    <pc:Unicode>her ſedulam diſciplinam aſſueuerat,</pc:Unicode>
                </pc:TextEquiv>
            </pc:TextLine>
            <pc:TextEquiv conf="0.751352000804174">
                <pc:Unicode>Et uix unquam quiſquam in bonum
ec ſapientem urum eua qui non ã te⸗
eris annis ad uirtutis ac pietatis Ruda
her ſedulam diſciplinam aſſueuerat,</pc:Unicode>
            </pc:TextEquiv>
        </pc:TextRegion>
        <pc:TextRegion id="region0003" orientation="-0.376857848569983" readingDirection="left-to-right" textLineOrder="top-to-bottom">
            <pc:Coords points="32,1347 890,1347 890,1520 32,1520"/>
            <pc:TextLine id="region0003_line0000">
                <pc:Coords points="78,1347 890,1347 890,1413 78,1413"/>
                <pc:Word id="region0003_line0000_word0000">
                    <pc:Coords points="190,1347 391,1347 391,1394 190,1394"/>
                    <pc:TextEquiv conf="0.855500793457031">
                        <pc:Unicode>Nimirum</pc:Unicode>
                    </pc:TextEquiv>
                </pc:Word>
                <pc:Word id="region0003_line0000_word0001">
                    <pc:Coords points="412,1351 528,1351 528,1408 412,1408"/>
                    <pc:TextEquiv conf="0.921745071411133">
                        <pc:Unicode>quod,</pc:Unicode>
                    </pc:TextEquiv>
                </pc:Word>
                <pc:Word id="region0003_line0000_word0002">
                    <pc:Coords points="541,1360 641,1360 641,1403 541,1403"/>
                    <pc:TextEquiv conf="0.925348587036133">
                        <pc:Unicode>uelut</pc:Unicode>
                    </pc:TextEquiv>
                </pc:Word>
                <pc:Word id="region0003_line0000_word0003">
                    <pc:Coords points="654,1361 764,1361 764,1412 654,1412"/>
                    <pc:TextEquiv conf="0.916111297607422">
                        <pc:Unicode>radix</pc:Unicode>
                    </pc:TextEquiv>
                </pc:Word>
                <pc:Word id="region0003_line0000_word0004">
                    <pc:Coords points="773,1371 890,1371 890,1413 773,1413"/>
                    <pc:TextEquiv conf="0.902590408325195">
                        <pc:Unicode>indo⸗</pc:Unicode>
                    </pc:TextEquiv>
                </pc:Word>
                <pc:TextEquiv conf="0.904259231567383">
                    <pc:Unicode>Nimirum quod, uelut radix indo⸗</pc:Unicode>
                </pc:TextEquiv>
            </pc:TextLine>
            <pc:TextLine id="region0003_line0001">
                <pc:Coords points="76,1393 887,1393 887,1485 76,1485"/>
                <pc:Word id="region0003_line0001_word0000">
                    <pc:Coords points="76,1393 153,1393 153,1439 76,1439"/>
                    <pc:TextEquiv conf="0.927948303222656">
                        <pc:Unicode>lem</pc:Unicode>
                    </pc:TextEquiv>
                </pc:Word>
                <pc:Word id="region0003_line0001_word0001">
                    <pc:Coords points="162,1401 400,1401 400,1461 162,1461"/>
                    <pc:TextEquiv conf="0.470374603271484">
                        <pc:Unicode>ingeniumq;</pc:Unicode>
                    </pc:TextEquiv>
                </pc:Word>
                <pc:Word id="region0003_line0001_word0002">
                    <pc:Coords points="427,1423 448,1423 448,1450 427,1450"/>
                    <pc:TextEquiv conf="0.312220153808594">
                        <pc:Unicode>a</pc:Unicode>
                    </pc:TextEquiv>
                </pc:Word>
                <pc:Word id="region0003_line0001_word0003">
                    <pc:Coords points="450,1410 568,1410 568,1458 450,1458"/>
                    <pc:TextEquiv conf="0.">
                        <pc:Unicode>hori</pc:Unicode>
                    </pc:TextEquiv>
                </pc:Word>
                <pc:Word id="region0003_line0001_word0004">
                    <pc:Coords points="587,1419 638,1419 638,1455 587,1455"/>
                    <pc:TextEquiv conf="0.">
                        <pc:Unicode>na</pc:Unicode>
                    </pc:TextEquiv>
                </pc:Word>
                <pc:Word id="region0003_line0001_word0005">
                    <pc:Coords points="788,1419 887,1419 887,1485 788,1485"/>
                    <pc:TextEquiv conf="0.324960250854492">
                        <pc:Unicode>bene</pc:Unicode>
                    </pc:TextEquiv>
                </pc:Word>
                <pc:TextEquiv conf="0.672583885192871">
                    <pc:Unicode>lem ingeniumq; a hori na bene</pc:Unicode>
                </pc:TextEquiv>
            </pc:TextLine>
            <pc:TextLine id="region0003_line0002">
                <pc:Coords points="32,1459 887,1459 887,1520 32,1520"/>
                <pc:Word id="region0003_line0002_word0000">
                    <pc:Coords points="32,1459 267,1459 267,1509 32,1509"/>
                    <pc:TextEquiv conf="0.139354019165039">
                        <pc:Unicode>Mmoratam</pc:Unicode>
                    </pc:TextEquiv>
                </pc:Word>
                <pc:Word id="region0003_line0002_word0001">
                    <pc:Coords points="276,1473 317,1473 317,1502 276,1502"/>
                    <pc:TextEquiv conf="0.899932098388672">
                        <pc:Unicode>ac</pc:Unicode>
                    </pc:TextEquiv>
                </pc:Word>
                <pc:Word id="region0003_line0002_word0002">
                    <pc:Coords points="327,1462 576,1462 576,1518 327,1518"/>
                    <pc:TextEquiv conf="0.899021224975586">
                        <pc:Unicode>compoſitam</pc:Unicode>
                    </pc:TextEquiv>
                </pc:Word>
                <pc:Word id="region0003_line0002_word0003">
                    <pc:Coords points="597,1469 887,1469 887,1520 597,1520"/>
                    <pc:TextEquiv conf="0.">
                        <pc:Unicode>adoleſeenu·</pc:Unicode>
                    </pc:TextEquiv>
                </pc:Word>
                <pc:TextEquiv conf="0.734576835632324">
                    <pc:Unicode>Mmoratam ac compoſitam adoleſeenu·</pc:Unicode>
                </pc:TextEquiv>
            </pc:TextLine>
            <pc:TextEquiv conf="0.770473317464193">
                <pc:Unicode>Nimirum quod, uelut radix indo⸗
lem ingeniumq; a hori na bene
Mmoratam ac compoſitam adoleſeenu·</pc:Unicode>
            </pc:TextEquiv>
        </pc:TextRegion>
        <pc:TextRegion id="region0004" orientation="-0.376857848569983" readingDirection="left-to-right" textLineOrder="top-to-bottom">
            <pc:Coords points="515,1518 886,1518 886,1580 515,1580"/>
            <pc:TextLine id="region0004_line0000">
                <pc:Coords points="515,1518 886,1518 886,1580 515,1580"/>
                <pc:Word id="region0004_line0000_word0000">
                    <pc:Coords points="515,1518 559,1518 559,1564 515,1564"/>
                    <pc:TextEquiv conf="0.779255828857422">
                        <pc:Unicode>A</pc:Unicode>
                    </pc:TextEquiv>
                </pc:Word>
                <pc:Word id="region0004_line0000_word0001">
                    <pc:Coords points="588,1524 886,1524 886,1580 588,1580"/>
                    <pc:TextEquiv conf="0.300088424682617">
                        <pc:Unicode>5ece</pc:Unicode>
                    </pc:TextEquiv>
                </pc:Word>
                <pc:TextEquiv conf="0.53967212677002">
                    <pc:Unicode>A 5ece</pc:Unicode>
                </pc:TextEquiv>
            </pc:TextLine>
            <pc:TextEquiv conf="0.53967212677002">
                <pc:Unicode>A 5ece</pc:Unicode>
            </pc:TextEquiv>
        </pc:TextRegion>
        <pc:ImageRegion id="region0001" orientation="-0.376857848569983">
            <pc:Coords points="29,559 309,559 309,813 29,813"/>
        </pc:ImageRegion>
        <pc:ImageRegion id="region0005" orientation="-0.376857848569983">
            <pc:Coords points="0,1501 76,1501 76,1664 0,1664"/>
        </pc:ImageRegion>
        <pc:ImageRegion id="region0006" orientation="-0.376857848569983">
            <pc:Coords points="1119,0 1207,0 1207,1928 1119,1928"/>
        </pc:ImageRegion>
    </pc:Page>
</pc:PcGts>
