<mets:mets xmlns:mets="http://www.loc.gov/METS/" xmlns:xlink="http://www.w3.org/1999/xlink" xmlns:xsi="http://www.w3.org/2001/XMLSchema-instance" xsi:schemaLocation="info:lc/xmlns/premis-v2 http://www.loc.gov/standards/premis/v2/premis-v2-0.xsd http://www.loc.gov/mods/v3 http://www.loc.gov/standards/mods/v3/mods-3-6.xsd http://www.loc.gov/METS/ http://www.loc.gov/standards/mets/version17/mets.v1-7.xsd http://www.loc.gov/mix/v10 http://www.loc.gov/standards/mix/mix10/mix10.xsd">
  <mets:metsHdr CREATEDATE="2019-11-25T16:37:07.230817">
    <mets:agent TYPE="OTHER" OTHERTYPE="SOFTWARE" ROLE="CREATOR">
      <mets:name>ocrd/core v2.0.0</mets:name>
    </mets:agent>
    <mets:agent TYPE="OTHER" OTHERTYPE="SOFTWARE" ROLE="OTHER" OTHERROLE="layout/segmentation/region">
      <mets:name>ocrd-tesserocr-recognize v0.13.6 (tesseract 5.0.1)</mets:name>
      <mets:note xmlns:ocrd="https://ocr-d.de" ocrd:option="input-file-grp">OCR-D-IMG</mets:note>
      <mets:note xmlns:ocrd="https://ocr-d.de" ocrd:option="output-file-grp">OCR-D-OCR</mets:note>
      <mets:note xmlns:ocrd="https://ocr-d.de" ocrd:option="parameter">{"segmentation_level": "region", "textequiv_level": "word", "find_tables": true, "model": "Fraktur_GT4HistOCR", "dpi": 0, "padding": 0, "overwrite_segments": false, "overwrite_text": true, "shrink_polygons": false, "block_polygons": false, "find_staves": false, "sparse_text": false, "raw_lines": false, "char_whitelist": "", "char_blacklist": "", "char_unblacklist": "", "tesseract_parameters": {}, "xpath_parameters": {}, "xpath_model": {}, "auto_model": false, "oem": "DEFAULT"}</mets:note>
      <mets:note xmlns:ocrd="https://ocr-d.de" ocrd:option="page-id"/>
    </mets:agent>
  </mets:metsHdr>
  <mets:dmdSec ID="DMDLOG_0001">
    <mets:mdWrap MDTYPE="MODS">
      <mets:xmlData>
        <mods:mods xmlns:mods="http://www.loc.gov/mods/v3">
          <mods:identifier type="purl">heyden_paedono_1548</mods:identifier>
        </mods:mods>
      </mets:xmlData>
    </mets:mdWrap>
  </mets:dmdSec>
  <mets:amdSec ID="AMD">
    </mets:amdSec>
  <mets:fileSec>
    <mets:fileGrp USE="OCR-D-IMG">
      <mets:file MIMETYPE="image/tiff" ID="OCR-D-IMG_0013">
        <mets:FLocat LOCTYPE="OTHER" OTHERLOCTYPE="FILE" xlink:href="OCR-D-IMG/OCR-D-IMG_0013.tif"/>
      </mets:file>
      <mets:file MIMETYPE="image/tiff" ID="OCR-D-IMG_0007">
        <mets:FLocat LOCTYPE="OTHER" OTHERLOCTYPE="FILE" xlink:href="OCR-D-IMG/OCR-D-IMG_0007.tif"/>
      </mets:file>
      <mets:file MIMETYPE="image/tiff" ID="OCR-D-IMG_0014">
        <mets:FLocat LOCTYPE="OTHER" OTHERLOCTYPE="FILE" xlink:href="OCR-D-IMG/OCR-D-IMG_0014.tif"/>
      </mets:file>
    </mets:fileGrp>
    <mets:fileGrp USE="OCR-D-GT-SEG-PAGE">
      <mets:file MIMETYPE="application/vnd.prima.page+xml" ID="OCR-D-GT-SEG-PAGE_0013">
        <mets:FLocat LOCTYPE="OTHER" OTHERLOCTYPE="FILE" xlink:href="OCR-D-GT-SEG-PAGE/OCR-D-GT-SEG-PAGE_0013.xml"/>
      </mets:file>
      <mets:file MIMETYPE="application/vnd.prima.page+xml" ID="OCR-D-GT-SEG-PAGE_0007">
        <mets:FLocat LOCTYPE="OTHER" OTHERLOCTYPE="FILE" xlink:href="OCR-D-GT-SEG-PAGE/OCR-D-GT-SEG-PAGE_0007.xml"/>
      </mets:file>
      <mets:file MIMETYPE="application/vnd.prima.page+xml" ID="OCR-D-GT-SEG-PAGE_0014">
        <mets:FLocat LOCTYPE="OTHER" OTHERLOCTYPE="FILE" xlink:href="OCR-D-GT-SEG-PAGE/OCR-D-GT-SEG-PAGE_0014.xml"/>
      </mets:file>
    </mets:fileGrp>
    <mets:fileGrp USE="OCR-D-GT-SEG-BLOCK">
      <mets:file MIMETYPE="application/vnd.prima.page+xml" ID="OCR-D-GT-SEG-BLOCK_0013">
        <mets:FLocat LOCTYPE="OTHER" OTHERLOCTYPE="FILE" xlink:href="OCR-D-GT-SEG-BLOCK/OCR-D-GT-SEG-BLOCK_0013.xml"/>
      </mets:file>
      <mets:file MIMETYPE="application/vnd.prima.page+xml" ID="OCR-D-GT-SEG-BLOCK_0007">
        <mets:FLocat LOCTYPE="OTHER" OTHERLOCTYPE="FILE" xlink:href="OCR-D-GT-SEG-BLOCK/OCR-D-GT-SEG-BLOCK_0007.xml"/>
      </mets:file>
      <mets:file MIMETYPE="application/vnd.prima.page+xml" ID="OCR-D-GT-SEG-BLOCK_0014">
        <mets:FLocat LOCTYPE="OTHER" OTHERLOCTYPE="FILE" xlink:href="OCR-D-GT-SEG-BLOCK/OCR-D-GT-SEG-BLOCK_0014.xml"/>
      </mets:file>
    </mets:fileGrp>
    <mets:fileGrp USE="OCR-D-GT-SEG-LINE">
      <mets:file MIMETYPE="application/vnd.prima.page+xml" ID="OCR-D-GT-SEG-LINE_0013">
        <mets:FLocat LOCTYPE="OTHER" OTHERLOCTYPE="FILE" xlink:href="OCR-D-GT-SEG-LINE/OCR-D-GT-SEG-LINE_0013.xml"/>
      </mets:file>
      <mets:file MIMETYPE="application/vnd.prima.page+xml" ID="OCR-D-GT-SEG-LINE_0007">
        <mets:FLocat LOCTYPE="OTHER" OTHERLOCTYPE="FILE" xlink:href="OCR-D-GT-SEG-LINE/OCR-D-GT-SEG-LINE_0007.xml"/>
      </mets:file>
      <mets:file MIMETYPE="application/vnd.prima.page+xml" ID="OCR-D-GT-SEG-LINE_0014">
        <mets:FLocat LOCTYPE="OTHER" OTHERLOCTYPE="FILE" xlink:href="OCR-D-GT-SEG-LINE/OCR-D-GT-SEG-LINE_0014.xml"/>
      </mets:file>
    </mets:fileGrp>
    <mets:fileGrp USE="OCR-D-OCR">
      <mets:file ID="OCR-D-OCR_0013.IMG-BIN" MIMETYPE="image/png">
        <mets:FLocat LOCTYPE="OTHER" OTHERLOCTYPE="FILE" xlink:href="OCR-D-OCR/OCR-D-OCR_0013.IMG-BIN.png"/>
      </mets:file>
      <mets:file ID="OCR-D-OCR_0013" MIMETYPE="application/vnd.prima.page+xml">
        <mets:FLocat LOCTYPE="OTHER" OTHERLOCTYPE="FILE" xlink:href="OCR-D-OCR/OCR-D-OCR_0013.xml"/>
      </mets:file>
      <mets:file ID="OCR-D-OCR_0007.IMG-BIN" MIMETYPE="image/png">
        <mets:FLocat LOCTYPE="OTHER" OTHERLOCTYPE="FILE" xlink:href="OCR-D-OCR/OCR-D-OCR_0007.IMG-BIN.png"/>
      </mets:file>
      <mets:file ID="OCR-D-OCR_0007" MIMETYPE="application/vnd.prima.page+xml">
        <mets:FLocat LOCTYPE="OTHER" OTHERLOCTYPE="FILE" xlink:href="OCR-D-OCR/OCR-D-OCR_0007.xml"/>
      </mets:file>
      <mets:file ID="OCR-D-OCR_0014.IMG-BIN" MIMETYPE="image/png">
        <mets:FLocat LOCTYPE="OTHER" OTHERLOCTYPE="FILE" xlink:href="OCR-D-OCR/OCR-D-OCR_0014.IMG-BIN.png"/>
      </mets:file>
      <mets:file ID="OCR-D-OCR_0014" MIMETYPE="application/vnd.prima.page+xml">
        <mets:FLocat LOCTYPE="OTHER" OTHERLOCTYPE="FILE" xlink:href="OCR-D-OCR/OCR-D-OCR_0014.xml"/>
      </mets:file>
    </mets:fileGrp>
  </mets:fileSec>
  <mets:structMap TYPE="PHYSICAL">
    <mets:div TYPE="physSequence">
      <mets:div TYPE="page" ID="phys_0013">
        <mets:fptr FILEID="OCR-D-IMG_0013"/>
        <mets:fptr FILEID="OCR-D-GT-SEG-PAGE_0013"/>
        <mets:fptr FILEID="OCR-D-GT-SEG-BLOCK_0013"/>
        <mets:fptr FILEID="OCR-D-GT-SEG-LINE_0013"/>
        <mets:fptr FILEID="OCR-D-OCR_0013.IMG-BIN"/>
        <mets:fptr FILEID="OCR-D-OCR_0013"/>
      </mets:div>
      <mets:div TYPE="page" ID="phys_0007">
        <mets:fptr FILEID="OCR-D-IMG_0007"/>
        <mets:fptr FILEID="OCR-D-GT-SEG-PAGE_0007"/>
        <mets:fptr FILEID="OCR-D-GT-SEG-BLOCK_0007"/>
        <mets:fptr FILEID="OCR-D-GT-SEG-LINE_0007"/>
        <mets:fptr FILEID="OCR-D-OCR_0007.IMG-BIN"/>
        <mets:fptr FILEID="OCR-D-OCR_0007"/>
      </mets:div>
      <mets:div TYPE="page" ID="phys_0014">
        <mets:fptr FILEID="OCR-D-IMG_0014"/>
        <mets:fptr FILEID="OCR-D-GT-SEG-PAGE_0014"/>
        <mets:fptr FILEID="OCR-D-GT-SEG-BLOCK_0014"/>
        <mets:fptr FILEID="OCR-D-GT-SEG-LINE_0014"/>
        <mets:fptr FILEID="OCR-D-OCR_0014.IMG-BIN"/>
        <mets:fptr FILEID="OCR-D-OCR_0014"/>
      </mets:div>
    </mets:div>
  </mets:structMap>
</mets:mets>
