<?xml version="1.0" encoding="UTF-8"?>
<pc:PcGts xmlns:pc="http://schema.primaresearch.org/PAGE/gts/pagecontent/2019-07-15" xmlns:xsi="http://www.w3.org/2001/XMLSchema-instance" xsi:schemaLocation="http://schema.primaresearch.org/PAGE/gts/pagecontent/2019-07-15 http://schema.primaresearch.org/PAGE/gts/pagecontent/2019-07-15/pagecontent.xsd" pcGtsId="OCR-D-OCR_0001">
    <pc:Metadata>
        <pc:Creator>OCR-D/core 2.30.0</pc:Creator>
        <pc:Created>2022-11-17T11:49:50.114260</pc:Created>
        <pc:LastChange>2022-11-17T11:49:50.114260</pc:LastChange>
        <pc:MetadataItem type="processingStep" name="layout/segmentation/region" value="ocrd-tesserocr-recognize">
            <pc:Labels externalModel="ocrd-tool" externalId="parameters">
                <pc:Label value="region" type="segmentation_level"/>
                <pc:Label value="word" type="textequiv_level"/>
                <pc:Label value="True" type="find_tables"/>
                <pc:Label value="Fraktur_GT4HistOCR" type="model"/>
                <pc:Label value="0" type="dpi"/>
                <pc:Label value="0" type="padding"/>
                <pc:Label value="False" type="overwrite_segments"/>
                <pc:Label value="True" type="overwrite_text"/>
                <pc:Label value="False" type="shrink_polygons"/>
                <pc:Label value="False" type="block_polygons"/>
                <pc:Label value="False" type="find_staves"/>
                <pc:Label value="False" type="sparse_text"/>
                <pc:Label value="False" type="raw_lines"/>
                <pc:Label value="" type="char_whitelist"/>
                <pc:Label value="" type="char_blacklist"/>
                <pc:Label value="" type="char_unblacklist"/>
                <pc:Label value="{}" type="tesseract_parameters"/>
                <pc:Label value="{}" type="xpath_parameters"/>
                <pc:Label value="{}" type="xpath_model"/>
                <pc:Label value="False" type="auto_model"/>
                <pc:Label value="DEFAULT" type="oem"/>
            </pc:Labels>
            <pc:Labels externalModel="ocrd-tool" externalId="version">
                <pc:Label value="0.13.6 (tesseract 5.0.1)" type="ocrd-tesserocr-recognize"/>
                <pc:Label value="2.30.0" type="ocrd/core"/>
            </pc:Labels>
        </pc:MetadataItem>
    </pc:Metadata>
    <pc:Page imageFilename="OCR-D-IMG/OCR-D-IMG_0001.tif" imageWidth="1675" imageHeight="2286">
        <pc:AlternativeImage filename="OCR-D-OCR/OCR-D-OCR_0001.IMG-BIN.png" comments=",binarized,clipped"/>
        <pc:ReadingOrder>
            <pc:OrderedGroup id="reading-order">
                <pc:RegionRefIndexed index="1" regionRef="region0001"/>
                <pc:RegionRefIndexed index="2" regionRef="region0002"/>
                <pc:RegionRefIndexed index="3" regionRef="region0003"/>
                <pc:RegionRefIndexed index="4" regionRef="region0004"/>
                <pc:RegionRefIndexed index="5" regionRef="region0005"/>
                <pc:RegionRefIndexed index="6" regionRef="region0006"/>
            </pc:OrderedGroup>
        </pc:ReadingOrder>
        <pc:TextRegion id="region0001" orientation="0.536914980795757" readingDirection="left-to-right" textLineOrder="top-to-bottom">
            <pc:Coords points="645,320 689,320 689,356 645,356"/>
            <pc:TextLine id="region0001_line0000">
                <pc:Coords points="645,320 689,320 689,356 645,356"/>
                <pc:Word id="region0001_line0000_word0000">
                    <pc:Coords points="645,320 689,320 689,356 645,356"/>
                    <pc:TextEquiv conf="0.918890686035156">
                        <pc:Unicode>19</pc:Unicode>
                    </pc:TextEquiv>
                </pc:Word>
                <pc:TextEquiv conf="0.918890686035156">
                    <pc:Unicode>19</pc:Unicode>
                </pc:TextEquiv>
            </pc:TextLine>
            <pc:TextEquiv conf="0.918890686035156">
                <pc:Unicode>19</pc:Unicode>
            </pc:TextEquiv>
        </pc:TextRegion>
        <pc:TextRegion id="region0002" orientation="0.536914980795757" readingDirection="left-to-right" textLineOrder="top-to-bottom">
            <pc:Coords points="226,414 1115,414 1115,1252 226,1252"/>
            <pc:TextLine id="region0002_line0000">
                <pc:Coords points="226,414 1105,414 1105,453 226,453"/>
                <pc:Word id="region0002_line0000_word0000">
                    <pc:Coords points="226,427 285,427 285,446 226,446"/>
                    <pc:TextEquiv conf="0.924654312133789">
                        <pc:Unicode>nem</pc:Unicode>
                    </pc:TextEquiv>
                </pc:Word>
                <pc:Word id="region0002_line0000_word0001">
                    <pc:Coords points="306,418 380,418 380,453 306,453"/>
                    <pc:TextEquiv conf="0.921828842163086">
                        <pc:Unicode>Geiſt</pc:Unicode>
                    </pc:TextEquiv>
                </pc:Word>
                <pc:Word id="region0002_line0000_word0002">
                    <pc:Coords points="401,417 510,417 510,452 401,452"/>
                    <pc:TextEquiv conf="0.897081451416016">
                        <pc:Unicode>duften,</pc:Unicode>
                    </pc:TextEquiv>
                </pc:Word>
                <pc:Word id="region0002_line0000_word0003">
                    <pc:Coords points="541,417 592,417 592,443 541,443"/>
                    <pc:TextEquiv conf="0.927954559326172">
                        <pc:Unicode>wie</pc:Unicode>
                    </pc:TextEquiv>
                </pc:Word>
                <pc:Word id="region0002_line0000_word0004">
                    <pc:Coords points="613,417 679,417 679,452 613,452"/>
                    <pc:TextEquiv conf="0.926544418334961">
                        <pc:Unicode>dieſe</pc:Unicode>
                    </pc:TextEquiv>
                </pc:Word>
                <pc:Word id="region0002_line0000_word0005">
                    <pc:Coords points="696,415 827,415 827,446 696,446"/>
                    <pc:TextEquiv conf="0.929593505859375">
                        <pc:Unicode>Kräuter,</pc:Unicode>
                    </pc:TextEquiv>
                </pc:Word>
                <pc:Word id="region0002_line0000_word0006">
                    <pc:Coords points="854,417 908,417 908,443 854,443"/>
                    <pc:TextEquiv conf="0.930545349121094">
                        <pc:Unicode>dem</pc:Unicode>
                    </pc:TextEquiv>
                </pc:Word>
                <pc:Word id="region0002_line0000_word0007">
                    <pc:Coords points="935,414 1009,414 1009,449 935,449"/>
                    <pc:TextEquiv conf="0.930212326049805">
                        <pc:Unicode>Geiſt</pc:Unicode>
                    </pc:TextEquiv>
                </pc:Word>
                <pc:Word id="region0002_line0000_word0008">
                    <pc:Coords points="1035,416 1105,416 1105,449 1035,449"/>
                    <pc:TextEquiv conf="0.729766082763672">
                        <pc:Unicode>jener</pc:Unicode>
                    </pc:TextEquiv>
                </pc:Word>
                <pc:TextEquiv conf="0.902020094129774">
                    <pc:Unicode>nem Geiſt duften, wie dieſe Kräuter, dem Geiſt jener</pc:Unicode>
                </pc:TextEquiv>
            </pc:TextLine>
            <pc:TextLine id="region0002_line0001">
                <pc:Coords points="227,478 1106,478 1106,516 227,516"/>
                <pc:Word id="region0002_line0001_word0000">
                    <pc:Coords points="227,481 334,481 334,516 227,516"/>
                    <pc:TextEquiv conf="0.926091613769531">
                        <pc:Unicode>ſchönen</pc:Unicode>
                    </pc:TextEquiv>
                </pc:Word>
                <pc:Word id="region0002_line0001_word0001">
                    <pc:Coords points="348,480 481,480 481,508 348,508"/>
                    <pc:TextEquiv conf="0.926455917358398">
                        <pc:Unicode>Vorwelt,</pc:Unicode>
                    </pc:TextEquiv>
                </pc:Word>
                <pc:Word id="region0002_line0001_word0002">
                    <pc:Coords points="502,478 528,478 528,504 502,504"/>
                    <pc:TextEquiv conf="0.92352165222168">
                        <pc:Unicode>in</pc:Unicode>
                    </pc:TextEquiv>
                </pc:Word>
                <pc:Word id="region0002_line0001_word0003">
                    <pc:Coords points="550,479 626,479 626,506 550,506"/>
                    <pc:TextEquiv conf="0.92352165222168">
                        <pc:Unicode>deren</pc:Unicode>
                    </pc:TextEquiv>
                </pc:Word>
                <pc:Word id="region0002_line0001_word0004">
                    <pc:Coords points="640,478 719,478 719,506 640,506"/>
                    <pc:TextEquiv conf="0.926952133178711">
                        <pc:Unicode>Sinn</pc:Unicode>
                    </pc:TextEquiv>
                </pc:Word>
                <pc:Word id="region0002_line0001_word0005">
                    <pc:Coords points="742,482 784,482 784,507 742,507"/>
                    <pc:TextEquiv conf="0.923695526123047">
                        <pc:Unicode>der</pc:Unicode>
                    </pc:TextEquiv>
                </pc:Word>
                <pc:Word id="region0002_line0001_word0006">
                    <pc:Coords points="797,478 908,478 908,515 797,515"/>
                    <pc:TextEquiv conf="0.923695526123047">
                        <pc:Unicode>Tempel</pc:Unicode>
                    </pc:TextEquiv>
                </pc:Word>
                <pc:Word id="region0002_line0001_word0007">
                    <pc:Coords points="929,479 983,479 983,514 929,514"/>
                    <pc:TextEquiv conf="0.929127502441406">
                        <pc:Unicode>hier</pc:Unicode>
                    </pc:TextEquiv>
                </pc:Word>
                <pc:Word id="region0002_line0001_word0008">
                    <pc:Coords points="1003,478 1106,478 1106,513 1003,513"/>
                    <pc:TextEquiv conf="0.915792617797852">
                        <pc:Unicode>gebaut</pc:Unicode>
                    </pc:TextEquiv>
                </pc:Word>
                <pc:TextEquiv conf="0.924317126803928">
                    <pc:Unicode>ſchönen Vorwelt, in deren Sinn der Tempel hier gebaut</pc:Unicode>
                </pc:TextEquiv>
            </pc:TextLine>
            <pc:TextLine id="region0002_line0002">
                <pc:Coords points="227,539 1102,539 1102,577 227,577"/>
                <pc:Word id="region0002_line0002_word0000">
                    <pc:Coords points="227,543 265,543 265,576 227,576"/>
                    <pc:TextEquiv conf="0.807715301513672">
                        <pc:Unicode>iſt.</pc:Unicode>
                    </pc:TextEquiv>
                </pc:Word>
                <pc:Word id="region0002_line0002_word0001">
                    <pc:Coords points="286,558 319,558 319,563 286,563"/>
                    <pc:TextEquiv conf="0.807715301513672">
                        <pc:Unicode>—</pc:Unicode>
                    </pc:TextEquiv>
                </pc:Word>
                <pc:Word id="region0002_line0002_word0002">
                    <pc:Coords points="343,542 417,542 417,569 343,569"/>
                    <pc:TextEquiv conf="0.913765106201172">
                        <pc:Unicode>Dein</pc:Unicode>
                    </pc:TextEquiv>
                </pc:Word>
                <pc:Word id="region0002_line0002_word0003">
                    <pc:Coords points="437,539 511,539 511,575 437,575"/>
                    <pc:TextEquiv conf="0.920985794067383">
                        <pc:Unicode>Geiſt</pc:Unicode>
                    </pc:TextEquiv>
                </pc:Word>
                <pc:Word id="region0002_line0002_word0004">
                    <pc:Coords points="537,540 630,540 630,575 537,575"/>
                    <pc:TextEquiv conf="0.928568572998047">
                        <pc:Unicode>ſpricht</pc:Unicode>
                    </pc:TextEquiv>
                </pc:Word>
                <pc:Word id="region0002_line0002_word0005">
                    <pc:Coords points="653,540 681,540 681,574 653,574"/>
                    <pc:TextEquiv conf="0.911624984741211">
                        <pc:Unicode>ja</pc:Unicode>
                    </pc:TextEquiv>
                </pc:Word>
                <pc:Word id="region0002_line0002_word0006">
                    <pc:Coords points="707,542 748,542 748,569 707,569"/>
                    <pc:TextEquiv conf="0.931997833251953">
                        <pc:Unicode>die</pc:Unicode>
                    </pc:TextEquiv>
                </pc:Word>
                <pc:Word id="region0002_line0002_word0007">
                    <pc:Coords points="774,543 871,543 871,576 774,576"/>
                    <pc:TextEquiv conf="0.917069625854492">
                        <pc:Unicode>heilige</pc:Unicode>
                    </pc:TextEquiv>
                </pc:Word>
                <pc:Word id="region0002_line0002_word0008">
                    <pc:Coords points="893,541 1030,541 1030,577 893,577"/>
                    <pc:TextEquiv conf="0.912495880126953">
                        <pc:Unicode>Ordnung</pc:Unicode>
                    </pc:TextEquiv>
                </pc:Word>
                <pc:Word id="region0002_line0002_word0009">
                    <pc:Coords points="1059,544 1102,544 1102,569 1059,569"/>
                    <pc:TextEquiv conf="0.921681289672852">
                        <pc:Unicode>der</pc:Unicode>
                    </pc:TextEquiv>
                </pc:Word>
                <pc:TextEquiv conf="0.897361968994141">
                    <pc:Unicode>iſt. — Dein Geiſt ſpricht ja die heilige Ordnung der</pc:Unicode>
                </pc:TextEquiv>
            </pc:TextLine>
            <pc:TextLine id="region0002_line0003">
                <pc:Coords points="226,603 1105,603 1105,639 226,639"/>
                <pc:Word id="region0002_line0003_word0000">
                    <pc:Coords points="226,603 376,603 376,638 226,638"/>
                    <pc:TextEquiv conf="0.92821647644043">
                        <pc:Unicode>Schönheit</pc:Unicode>
                    </pc:TextEquiv>
                </pc:Word>
                <pc:Word id="region0002_line0003_word0001">
                    <pc:Coords points="396,610 449,610 449,630 396,630"/>
                    <pc:TextEquiv conf="0.927981872558594">
                        <pc:Unicode>aus</pc:Unicode>
                    </pc:TextEquiv>
                </pc:Word>
                <pc:Word id="region0002_line0003_word0002">
                    <pc:Coords points="470,604 519,604 519,630 470,630"/>
                    <pc:TextEquiv conf="0.927327041625977">
                        <pc:Unicode>wie</pc:Unicode>
                    </pc:TextEquiv>
                </pc:Word>
                <pc:Word id="region0002_line0003_word0003">
                    <pc:Coords points="539,613 573,613 573,633 539,633"/>
                    <pc:TextEquiv conf="0.931617584228516">
                        <pc:Unicode>er,</pc:Unicode>
                    </pc:TextEquiv>
                </pc:Word>
                <pc:Word id="region0002_line0003_word0004">
                    <pc:Coords points="595,605 649,605 649,630 595,630"/>
                    <pc:TextEquiv conf="0.924958724975586">
                        <pc:Unicode>und</pc:Unicode>
                    </pc:TextEquiv>
                </pc:Word>
                <pc:Word id="region0002_line0003_word0005">
                    <pc:Coords points="671,603 703,603 703,629 671,629"/>
                    <pc:TextEquiv conf="0.930492935180664">
                        <pc:Unicode>ob</pc:Unicode>
                    </pc:TextEquiv>
                </pc:Word>
                <pc:Word id="region0002_line0003_word0006">
                    <pc:Coords points="724,604 759,604 759,637 724,637"/>
                    <pc:TextEquiv conf="0.926747512817383">
                        <pc:Unicode>ich</pc:Unicode>
                    </pc:TextEquiv>
                </pc:Word>
                <pc:Word id="region0002_line0003_word0007">
                    <pc:Coords points="780,603 833,603 833,637 780,637"/>
                    <pc:TextEquiv conf="0.930617141723633">
                        <pc:Unicode>ihm</pc:Unicode>
                    </pc:TextEquiv>
                </pc:Word>
                <pc:Word id="region0002_line0003_word0008">
                    <pc:Coords points="855,610 914,610 914,630 855,630"/>
                    <pc:TextEquiv conf="0.931421966552734">
                        <pc:Unicode>was</pc:Unicode>
                    </pc:TextEquiv>
                </pc:Word>
                <pc:Word id="region0002_line0003_word0009">
                    <pc:Coords points="935,605 994,605 994,633 935,633"/>
                    <pc:TextEquiv conf="0.923353042602539">
                        <pc:Unicode>bin,</pc:Unicode>
                    </pc:TextEquiv>
                </pc:Word>
                <pc:Word id="region0002_line0003_word0010">
                    <pc:Coords points="1015,606 1048,606 1048,631 1015,631"/>
                    <pc:TextEquiv conf="0.926074676513672">
                        <pc:Unicode>ob</pc:Unicode>
                    </pc:TextEquiv>
                </pc:Word>
                <pc:Word id="region0002_line0003_word0011">
                    <pc:Coords points="1069,606 1105,606 1105,639 1069,639"/>
                    <pc:TextEquiv conf="0.924440383911133">
                        <pc:Unicode>ich</pc:Unicode>
                    </pc:TextEquiv>
                </pc:Word>
                <pc:TextEquiv conf="0.927770779927572">
                    <pc:Unicode>Schönheit aus wie er, und ob ich ihm was bin, ob ich</pc:Unicode>
                </pc:TextEquiv>
            </pc:TextLine>
            <pc:TextLine id="region0002_line0004">
                <pc:Coords points="228,665 829,665 829,701 228,701"/>
                <pc:Word id="region0002_line0004_word0000">
                    <pc:Coords points="228,667 281,667 281,701 228,701"/>
                    <pc:TextEquiv conf="0.923162536621094">
                        <pc:Unicode>ihm</pc:Unicode>
                    </pc:TextEquiv>
                </pc:Word>
                <pc:Word id="region0002_line0004_word0001">
                    <pc:Coords points="303,672 362,672 362,694 303,694"/>
                    <pc:TextEquiv conf="0.923162536621094">
                        <pc:Unicode>was</pc:Unicode>
                    </pc:TextEquiv>
                </pc:Word>
                <pc:Word id="region0002_line0004_word0002">
                    <pc:Coords points="384,667 476,667 476,696 384,696"/>
                    <pc:TextEquiv conf="0.919673080444336">
                        <pc:Unicode>bleibe,</pc:Unicode>
                    </pc:TextEquiv>
                </pc:Word>
                <pc:Word id="region0002_line0004_word0003">
                    <pc:Coords points="497,668 548,668 548,694 497,694"/>
                    <pc:TextEquiv conf="0.930741729736328">
                        <pc:Unicode>das</pc:Unicode>
                    </pc:TextEquiv>
                </pc:Word>
                <pc:Word id="region0002_line0004_word0004">
                    <pc:Coords points="569,667 598,667 598,701 569,701"/>
                    <pc:TextEquiv conf="0.923697738647461">
                        <pc:Unicode>iſt</pc:Unicode>
                    </pc:TextEquiv>
                </pc:Word>
                <pc:Word id="region0002_line0004_word0005">
                    <pc:Coords points="620,668 693,668 693,693 620,693"/>
                    <pc:TextEquiv conf="0.922542877197266">
                        <pc:Unicode>dann</pc:Unicode>
                    </pc:TextEquiv>
                </pc:Word>
                <pc:Word id="region0002_line0004_word0006">
                    <pc:Coords points="714,665 829,665 829,693 714,693"/>
                    <pc:TextEquiv conf="0.894693832397461">
                        <pc:Unicode>einerlei.</pc:Unicode>
                    </pc:TextEquiv>
                </pc:Word>
                <pc:TextEquiv conf="0.919667761666434">
                    <pc:Unicode>ihm was bleibe, das iſt dann einerlei.</pc:Unicode>
                </pc:TextEquiv>
            </pc:TextLine>
            <pc:TextLine id="region0002_line0005">
                <pc:Coords points="300,727 1111,727 1111,762 300,762"/>
                <pc:Word id="region0002_line0005_word0000">
                    <pc:Coords points="300,728 341,728 341,762 300,762"/>
                    <pc:TextEquiv conf="0.913191299438477">
                        <pc:Unicode>Ja</pc:Unicode>
                    </pc:TextEquiv>
                </pc:Word>
                <pc:Word id="region0002_line0005_word0001">
                    <pc:Coords points="364,729 438,729 438,762 364,762"/>
                    <pc:TextEquiv conf="0.90572624206543">
                        <pc:Unicode>ſüßer</pc:Unicode>
                    </pc:TextEquiv>
                </pc:Word>
                <pc:Word id="region0002_line0005_word0002">
                    <pc:Coords points="458,727 578,727 578,762 458,762"/>
                    <pc:TextEquiv conf="0.91094856262207">
                        <pc:Unicode>Freund!</pc:Unicode>
                    </pc:TextEquiv>
                </pc:Word>
                <pc:Word id="region0002_line0005_word0003">
                    <pc:Coords points="610,729 642,729 642,755 610,755"/>
                    <pc:TextEquiv conf="0.931859588623047">
                        <pc:Unicode>ob</pc:Unicode>
                    </pc:TextEquiv>
                </pc:Word>
                <pc:Word id="region0002_line0005_word0004">
                    <pc:Coords points="670,730 705,730 705,762 670,762"/>
                    <pc:TextEquiv conf="0.9270947265625">
                        <pc:Unicode>ich</pc:Unicode>
                    </pc:TextEquiv>
                </pc:Word>
                <pc:Word id="region0002_line0005_word0005">
                    <pc:Coords points="724,727 777,727 777,755 724,755"/>
                    <pc:TextEquiv conf="0.927739105224609">
                        <pc:Unicode>Dir</pc:Unicode>
                    </pc:TextEquiv>
                </pc:Word>
                <pc:Word id="region0002_line0005_word0006">
                    <pc:Coords points="804,733 864,733 864,754 804,754"/>
                    <pc:TextEquiv conf="0.928693084716797">
                        <pc:Unicode>was</pc:Unicode>
                    </pc:TextEquiv>
                </pc:Word>
                <pc:Word id="region0002_line0005_word0007">
                    <pc:Coords points="885,728 945,728 945,753 885,753"/>
                    <pc:TextEquiv conf="0.920042419433594">
                        <pc:Unicode>bin:</pc:Unicode>
                    </pc:TextEquiv>
                </pc:Word>
                <pc:Word id="region0002_line0005_word0008">
                    <pc:Coords points="980,732 1040,732 1040,754 980,754"/>
                    <pc:TextEquiv conf="0.925085220336914">
                        <pc:Unicode>was</pc:Unicode>
                    </pc:TextEquiv>
                </pc:Word>
                <pc:Word id="region0002_line0005_word0009">
                    <pc:Coords points="1065,728 1111,728 1111,761 1065,761"/>
                    <pc:TextEquiv conf="0.925085220336914">
                        <pc:Unicode>ſoll</pc:Unicode>
                    </pc:TextEquiv>
                </pc:Word>
                <pc:TextEquiv conf="0.921546546936035">
                    <pc:Unicode>Ja ſüßer Freund! ob ich Dir was bin: was ſoll</pc:Unicode>
                </pc:TextEquiv>
            </pc:TextLine>
            <pc:TextLine id="region0002_line0006">
                <pc:Coords points="229,789 1112,789 1112,824 229,824"/>
                <pc:Word id="region0002_line0006_word0000">
                    <pc:Coords points="229,791 267,791 267,823 229,823"/>
                    <pc:TextEquiv conf="0.924783401489258">
                        <pc:Unicode>ich</pc:Unicode>
                    </pc:TextEquiv>
                </pc:Word>
                <pc:Word id="region0002_line0006_word0001">
                    <pc:Coords points="295,792 398,792 398,824 295,824"/>
                    <pc:TextEquiv conf="0.915855026245117">
                        <pc:Unicode>danach</pc:Unicode>
                    </pc:TextEquiv>
                </pc:Word>
                <pc:Word id="region0002_line0006_word0002">
                    <pc:Coords points="425,791 541,791 541,824 425,824"/>
                    <pc:TextEquiv conf="0.922030868530273">
                        <pc:Unicode>fragen?</pc:Unicode>
                    </pc:TextEquiv>
                </pc:Word>
                <pc:Word id="region0002_line0006_word0003">
                    <pc:Coords points="562,805 596,805 596,810 562,810"/>
                    <pc:TextEquiv conf="0.926313629150391">
                        <pc:Unicode>—</pc:Unicode>
                    </pc:TextEquiv>
                </pc:Word>
                <pc:Word id="region0002_line0006_word0004">
                    <pc:Coords points="623,791 692,791 692,823 623,823"/>
                    <pc:TextEquiv conf="0.926915740966797">
                        <pc:Unicode>weiß</pc:Unicode>
                    </pc:TextEquiv>
                </pc:Word>
                <pc:Word id="region0002_line0006_word0005">
                    <pc:Coords points="718,791 753,791 753,824 718,824"/>
                    <pc:TextEquiv conf="0.923700714111328">
                        <pc:Unicode>ich</pc:Unicode>
                    </pc:TextEquiv>
                </pc:Word>
                <pc:Word id="region0002_line0006_word0006">
                    <pc:Coords points="775,791 851,791 851,824 775,824"/>
                    <pc:TextEquiv conf="0.888815994262695">
                        <pc:Unicode>doch,</pc:Unicode>
                    </pc:TextEquiv>
                </pc:Word>
                <pc:Word id="region0002_line0006_word0007">
                    <pc:Coords points="882,790 935,790 935,823 882,823"/>
                    <pc:TextEquiv conf="0.920562744140625">
                        <pc:Unicode>daß</pc:Unicode>
                    </pc:TextEquiv>
                </pc:Word>
                <pc:Word id="region0002_line0006_word0008">
                    <pc:Coords points="961,791 1001,791 1001,817 961,817"/>
                    <pc:TextEquiv conf="0.931753616333008">
                        <pc:Unicode>die</pc:Unicode>
                    </pc:TextEquiv>
                </pc:Word>
                <pc:Word id="region0002_line0006_word0009">
                    <pc:Coords points="1026,789 1112,789 1112,822 1026,822"/>
                    <pc:TextEquiv conf="0.927731628417969">
                        <pc:Unicode>Lerche</pc:Unicode>
                    </pc:TextEquiv>
                </pc:Word>
                <pc:TextEquiv conf="0.920846336364746">
                    <pc:Unicode>ich danach fragen? — weiß ich doch, daß die Lerche</pc:Unicode>
                </pc:TextEquiv>
            </pc:TextLine>
            <pc:TextLine id="region0002_line0007">
                <pc:Coords points="228,850 1112,850 1112,886 228,886"/>
                <pc:Word id="region0002_line0007_word0000">
                    <pc:Coords points="228,852 298,852 298,885 228,885"/>
                    <pc:TextEquiv conf="0.906215209960938">
                        <pc:Unicode>nicht</pc:Unicode>
                    </pc:TextEquiv>
                </pc:Word>
                <pc:Word id="region0002_line0007_word0001">
                    <pc:Coords points="318,850 434,850 434,884 318,884"/>
                    <pc:TextEquiv conf="0.920047302246094">
                        <pc:Unicode>umſonſt</pc:Unicode>
                    </pc:TextEquiv>
                </pc:Word>
                <pc:Word id="region0002_line0007_word0002">
                    <pc:Coords points="459,852 569,852 569,884 459,884"/>
                    <pc:TextEquiv conf="0.921785278320313">
                        <pc:Unicode>jubelnd</pc:Unicode>
                    </pc:TextEquiv>
                </pc:Word>
                <pc:Word id="region0002_line0007_word0003">
                    <pc:Coords points="597,852 737,852 737,886 597,886"/>
                    <pc:TextEquiv conf="0.912302856445313">
                        <pc:Unicode>aufſteigt,</pc:Unicode>
                    </pc:TextEquiv>
                </pc:Word>
                <pc:Word id="region0002_line0007_word0004">
                    <pc:Coords points="764,852 817,852 817,884 764,884"/>
                    <pc:TextEquiv conf="0.923610534667969">
                        <pc:Unicode>daß</pc:Unicode>
                    </pc:TextEquiv>
                </pc:Word>
                <pc:Word id="region0002_line0007_word0005">
                    <pc:Coords points="843,853 886,853 886,877 843,877"/>
                    <pc:TextEquiv conf="0.925342636108398">
                        <pc:Unicode>der</pc:Unicode>
                    </pc:TextEquiv>
                </pc:Word>
                <pc:Word id="region0002_line0007_word0006">
                    <pc:Coords points="910,850 1112,850 1112,884 910,884"/>
                    <pc:TextEquiv conf="0.915254821777344">
                        <pc:Unicode>Morgenwind</pc:Unicode>
                    </pc:TextEquiv>
                </pc:Word>
                <pc:TextEquiv conf="0.91779409136091">
                    <pc:Unicode>nicht umſonſt jubelnd aufſteigt, daß der Morgenwind</pc:Unicode>
                </pc:TextEquiv>
            </pc:TextLine>
            <pc:TextLine id="region0002_line0008">
                <pc:Coords points="230,910 1113,910 1113,944 230,944"/>
                <pc:Word id="region0002_line0008_word0000">
                    <pc:Coords points="230,912 299,912 299,943 230,943"/>
                    <pc:TextEquiv conf="0.923339996337891">
                        <pc:Unicode>nicht</pc:Unicode>
                    </pc:TextEquiv>
                </pc:Word>
                <pc:Word id="region0002_line0008_word0001">
                    <pc:Coords points="320,910 464,910 464,943 320,943"/>
                    <pc:TextEquiv conf="0.927153930664062">
                        <pc:Unicode>ungefühlt</pc:Unicode>
                    </pc:TextEquiv>
                </pc:Word>
                <pc:Word id="region0002_line0008_word0002">
                    <pc:Coords points="479,911 505,911 505,935 479,935"/>
                    <pc:TextEquiv conf="0.932840881347656">
                        <pc:Unicode>in</pc:Unicode>
                    </pc:TextEquiv>
                </pc:Word>
                <pc:Word id="region0002_line0008_word0003">
                    <pc:Coords points="527,911 575,911 575,936 527,936"/>
                    <pc:TextEquiv conf="0.930271148681641">
                        <pc:Unicode>den</pc:Unicode>
                    </pc:TextEquiv>
                </pc:Word>
                <pc:Word id="region0002_line0008_word0004">
                    <pc:Coords points="588,910 714,910 714,942 588,942"/>
                    <pc:TextEquiv conf="0.930271148681641">
                        <pc:Unicode>Zweigen</pc:Unicode>
                    </pc:TextEquiv>
                </pc:Word>
                <pc:Word id="region0002_line0008_word0005">
                    <pc:Coords points="736,911 831,911 831,943 736,943"/>
                    <pc:TextEquiv conf="0.915740127563477">
                        <pc:Unicode>liſpelt,</pc:Unicode>
                    </pc:TextEquiv>
                </pc:Word>
                <pc:Word id="region0002_line0008_word0006">
                    <pc:Coords points="851,911 878,911 878,943 851,943"/>
                    <pc:TextEquiv conf="0.932235488891602">
                        <pc:Unicode>ja</pc:Unicode>
                    </pc:TextEquiv>
                </pc:Word>
                <pc:Word id="region0002_line0008_word0007">
                    <pc:Coords points="900,911 953,911 953,942 900,942"/>
                    <pc:TextEquiv conf="0.931438903808594">
                        <pc:Unicode>daß</pc:Unicode>
                    </pc:TextEquiv>
                </pc:Word>
                <pc:Word id="region0002_line0008_word0008">
                    <pc:Coords points="968,912 1008,912 1008,936 968,936"/>
                    <pc:TextEquiv conf="0.932012710571289">
                        <pc:Unicode>die</pc:Unicode>
                    </pc:TextEquiv>
                </pc:Word>
                <pc:Word id="region0002_line0008_word0009">
                    <pc:Coords points="1028,919 1113,919 1113,944 1028,944"/>
                    <pc:TextEquiv conf="0.910002136230469">
                        <pc:Unicode>ganze</pc:Unicode>
                    </pc:TextEquiv>
                </pc:Word>
                <pc:TextEquiv conf="0.926530647277832">
                    <pc:Unicode>nicht ungefühlt in den Zweigen liſpelt, ja daß die ganze</pc:Unicode>
                </pc:TextEquiv>
            </pc:TextLine>
            <pc:TextLine id="region0002_line0009">
                <pc:Coords points="229,969 1113,969 1113,1008 229,1008"/>
                <pc:Word id="region0002_line0009_word0000">
                    <pc:Coords points="229,971 327,971 327,999 229,999"/>
                    <pc:TextEquiv conf="0.922971954345703">
                        <pc:Unicode>Natur</pc:Unicode>
                    </pc:TextEquiv>
                </pc:Word>
                <pc:Word id="region0002_line0009_word0001">
                    <pc:Coords points="348,972 416,972 416,1007 348,1007"/>
                    <pc:TextEquiv conf="0.929412536621094">
                        <pc:Unicode>nicht</pc:Unicode>
                    </pc:TextEquiv>
                </pc:Word>
                <pc:Word id="region0002_line0009_word0002">
                    <pc:Coords points="437,971 603,971 603,1008 437,1008"/>
                    <pc:TextEquiv conf="0.922925109863281">
                        <pc:Unicode>unbegriffen</pc:Unicode>
                    </pc:TextEquiv>
                </pc:Word>
                <pc:Word id="region0002_line0009_word0003">
                    <pc:Coords points="625,971 651,971 651,998 625,998"/>
                    <pc:TextEquiv conf="0.931345596313477">
                        <pc:Unicode>in</pc:Unicode>
                    </pc:TextEquiv>
                </pc:Word>
                <pc:Word id="region0002_line0009_word0004">
                    <pc:Coords points="674,971 714,971 714,1006 674,1006"/>
                    <pc:TextEquiv conf="0.922620697021484">
                        <pc:Unicode>ihr</pc:Unicode>
                    </pc:TextEquiv>
                </pc:Word>
                <pc:Word id="region0002_line0009_word0005">
                    <pc:Coords points="728,969 889,969 889,1006 728,1006"/>
                    <pc:TextEquiv conf="0.927733688354492">
                        <pc:Unicode>Schweigen</pc:Unicode>
                    </pc:TextEquiv>
                </pc:Word>
                <pc:Word id="region0002_line0009_word0006">
                    <pc:Coords points="905,969 1046,969 1046,1005 905,1005"/>
                    <pc:TextEquiv conf="0.918151321411133">
                        <pc:Unicode>verſunken</pc:Unicode>
                    </pc:TextEquiv>
                </pc:Word>
                <pc:Word id="region0002_line0009_word0007">
                    <pc:Coords points="1067,970 1113,970 1113,1004 1067,1004"/>
                    <pc:TextEquiv conf="0.918151321411133">
                        <pc:Unicode>iſt;</pc:Unicode>
                    </pc:TextEquiv>
                </pc:Word>
                <pc:TextEquiv conf="0.924164028167725">
                    <pc:Unicode>Natur nicht unbegriffen in ihr Schweigen verſunken iſt;</pc:Unicode>
                </pc:TextEquiv>
            </pc:TextLine>
            <pc:TextLine id="region0002_line0010">
                <pc:Coords points="231,1033 1113,1033 1113,1072 231,1072"/>
                <pc:Word id="region0002_line0010_word0000">
                    <pc:Coords points="231,1042 292,1042 292,1061 231,1061"/>
                    <pc:TextEquiv conf="0.911850509643555">
                        <pc:Unicode>was</pc:Unicode>
                    </pc:TextEquiv>
                </pc:Word>
                <pc:Word id="region0002_line0010_word0001">
                    <pc:Coords points="314,1035 379,1035 379,1069 314,1069"/>
                    <pc:TextEquiv conf="0.91007942199707">
                        <pc:Unicode>ſollt'</pc:Unicode>
                    </pc:TextEquiv>
                </pc:Word>
                <pc:Word id="region0002_line0010_word0002">
                    <pc:Coords points="401,1036 436,1036 436,1070 401,1070"/>
                    <pc:TextEquiv conf="0.926314468383789">
                        <pc:Unicode>ich</pc:Unicode>
                    </pc:TextEquiv>
                </pc:Word>
                <pc:Word id="region0002_line0010_word0003">
                    <pc:Coords points="457,1044 552,1044 552,1072 457,1072"/>
                    <pc:TextEquiv conf="0.928690338134766">
                        <pc:Unicode>zagen,</pc:Unicode>
                    </pc:TextEquiv>
                </pc:Word>
                <pc:Word id="region0002_line0010_word0004">
                    <pc:Coords points="573,1042 627,1042 627,1061 573,1061"/>
                    <pc:TextEquiv conf="0.926377105712891">
                        <pc:Unicode>von</pc:Unicode>
                    </pc:TextEquiv>
                </pc:Word>
                <pc:Word id="region0002_line0010_word0005">
                    <pc:Coords points="642,1033 695,1033 695,1062 642,1062"/>
                    <pc:TextEquiv conf="0.929844970703125">
                        <pc:Unicode>Dir</pc:Unicode>
                    </pc:TextEquiv>
                </pc:Word>
                <pc:Word id="region0002_line0010_word0006">
                    <pc:Coords points="716,1035 784,1035 784,1069 716,1069"/>
                    <pc:TextEquiv conf="0.927368698120117">
                        <pc:Unicode>nicht</pc:Unicode>
                    </pc:TextEquiv>
                </pc:Word>
                <pc:Word id="region0002_line0010_word0007">
                    <pc:Coords points="803,1034 959,1034 959,1068 803,1068"/>
                    <pc:TextEquiv conf="0.926606750488281">
                        <pc:Unicode>verſtanden</pc:Unicode>
                    </pc:TextEquiv>
                </pc:Word>
                <pc:Word id="region0002_line0010_word0008">
                    <pc:Coords points="982,1036 1050,1036 1050,1069 982,1069"/>
                    <pc:TextEquiv conf="0.926063613891602">
                        <pc:Unicode>nicht</pc:Unicode>
                    </pc:TextEquiv>
                </pc:Word>
                <pc:Word id="region0002_line0010_word0009">
                    <pc:Coords points="1072,1044 1113,1044 1113,1069 1072,1069"/>
                    <pc:TextEquiv conf="0.813637390136719">
                        <pc:Unicode>ge—</pc:Unicode>
                    </pc:TextEquiv>
                </pc:Word>
                <pc:TextEquiv conf="0.912683326721191">
                    <pc:Unicode>was ſollt' ich zagen, von Dir nicht verſtanden nicht ge—</pc:Unicode>
                </pc:TextEquiv>
            </pc:TextLine>
            <pc:TextLine id="region0002_line0011">
                <pc:Coords points="231,1096 1115,1096 1115,1133 231,1133"/>
                <pc:Word id="region0002_line0011_word0000">
                    <pc:Coords points="231,1096 305,1096 305,1131 231,1131"/>
                    <pc:TextEquiv conf="0.929129333496094">
                        <pc:Unicode>fühlt</pc:Unicode>
                    </pc:TextEquiv>
                </pc:Word>
                <pc:Word id="region0002_line0011_word0001">
                    <pc:Coords points="325,1106 357,1106 357,1133 325,1133"/>
                    <pc:TextEquiv conf="0.924504928588867">
                        <pc:Unicode>zu</pc:Unicode>
                    </pc:TextEquiv>
                </pc:Word>
                <pc:Word id="region0002_line0011_word0002">
                    <pc:Coords points="379,1097 453,1097 453,1131 379,1131"/>
                    <pc:TextEquiv conf="0.910170288085937">
                        <pc:Unicode>ſein?</pc:Unicode>
                    </pc:TextEquiv>
                </pc:Word>
                <pc:Word id="region0002_line0011_word0003">
                    <pc:Coords points="472,1112 508,1112 508,1118 472,1118"/>
                    <pc:TextEquiv conf="0.925353240966797">
                        <pc:Unicode>—</pc:Unicode>
                    </pc:TextEquiv>
                </pc:Word>
                <pc:Word id="region0002_line0011_word0004">
                    <pc:Coords points="526,1096 616,1096 616,1124 526,1124"/>
                    <pc:TextEquiv conf="0.925222473144531">
                        <pc:Unicode>Drum</pc:Unicode>
                    </pc:TextEquiv>
                </pc:Word>
                <pc:Word id="region0002_line0011_word0005">
                    <pc:Coords points="637,1097 693,1097 693,1122 637,1122"/>
                    <pc:TextEquiv conf="0.93221435546875">
                        <pc:Unicode>will</pc:Unicode>
                    </pc:TextEquiv>
                </pc:Word>
                <pc:Word id="region0002_line0011_word0006">
                    <pc:Coords points="713,1097 750,1097 750,1129 713,1129"/>
                    <pc:TextEquiv conf="0.928933715820312">
                        <pc:Unicode>ich</pc:Unicode>
                    </pc:TextEquiv>
                </pc:Word>
                <pc:Word id="region0002_line0011_word0007">
                    <pc:Coords points="770,1098 838,1098 838,1130 770,1130"/>
                    <pc:TextEquiv conf="0.924132919311523">
                        <pc:Unicode>nicht</pc:Unicode>
                    </pc:TextEquiv>
                </pc:Word>
                <pc:Word id="region0002_line0011_word0008">
                    <pc:Coords points="859,1097 986,1097 986,1131 859,1131"/>
                    <pc:TextEquiv conf="0.920903472900391">
                        <pc:Unicode>ſchwören</pc:Unicode>
                    </pc:TextEquiv>
                </pc:Word>
                <pc:Word id="region0002_line0011_word0009">
                    <pc:Coords points="1006,1096 1060,1096 1060,1124 1006,1124"/>
                    <pc:TextEquiv conf="0.91320686340332">
                        <pc:Unicode>Dir</pc:Unicode>
                    </pc:TextEquiv>
                </pc:Word>
                <pc:Word id="region0002_line0011_word0010">
                    <pc:Coords points="1080,1103 1115,1103 1115,1123 1080,1123"/>
                    <pc:TextEquiv conf="0.898541488647461">
                        <pc:Unicode>et—</pc:Unicode>
                    </pc:TextEquiv>
                </pc:Word>
                <pc:TextEquiv conf="0.921119370893999">
                    <pc:Unicode>fühlt zu ſein? — Drum will ich nicht ſchwören Dir et—</pc:Unicode>
                </pc:TextEquiv>
            </pc:TextLine>
            <pc:TextLine id="region0002_line0012">
                <pc:Coords points="232,1156 1114,1156 1114,1193 232,1193"/>
                <pc:Word id="region0002_line0012_word0000">
                    <pc:Coords points="232,1163 294,1163 294,1185 232,1185"/>
                    <pc:TextEquiv conf="0.928210601806641">
                        <pc:Unicode>was</pc:Unicode>
                    </pc:TextEquiv>
                </pc:Word>
                <pc:Word id="region0002_line0012_word0001">
                    <pc:Coords points="314,1167 347,1167 347,1193 314,1193"/>
                    <pc:TextEquiv conf="0.928786697387695">
                        <pc:Unicode>zu</pc:Unicode>
                    </pc:TextEquiv>
                </pc:Word>
                <pc:Word id="region0002_line0012_word0002">
                    <pc:Coords points="369,1158 438,1158 438,1192 369,1192"/>
                    <pc:TextEquiv conf="0.715575790405273">
                        <pc:Unicode>ſein;</pc:Unicode>
                    </pc:TextEquiv>
                </pc:Word>
                <pc:Word id="region0002_line0012_word0003">
                    <pc:Coords points="466,1162 494,1162 494,1184 466,1184"/>
                    <pc:TextEquiv conf="0.931976089477539">
                        <pc:Unicode>es</pc:Unicode>
                    </pc:TextEquiv>
                </pc:Word>
                <pc:Word id="region0002_line0012_word0004">
                    <pc:Coords points="513,1157 544,1157 544,1191 513,1191"/>
                    <pc:TextEquiv conf="0.919946594238281">
                        <pc:Unicode>iſt</pc:Unicode>
                    </pc:TextEquiv>
                </pc:Word>
                <pc:Word id="region0002_line0012_word0005">
                    <pc:Coords points="565,1157 615,1157 615,1182 565,1182"/>
                    <pc:TextEquiv conf="0.930679321289062">
                        <pc:Unicode>mir</pc:Unicode>
                    </pc:TextEquiv>
                </pc:Word>
                <pc:Word id="region0002_line0012_word0006">
                    <pc:Coords points="634,1157 736,1157 736,1189 634,1189"/>
                    <pc:TextEquiv conf="0.924978713989258">
                        <pc:Unicode>gewiß,</pc:Unicode>
                    </pc:TextEquiv>
                </pc:Word>
                <pc:Word id="region0002_line0012_word0007">
                    <pc:Coords points="762,1156 816,1156 816,1189 762,1189"/>
                    <pc:TextEquiv conf="0.927033462524414">
                        <pc:Unicode>daß</pc:Unicode>
                    </pc:TextEquiv>
                </pc:Word>
                <pc:Word id="region0002_line0012_word0008">
                    <pc:Coords points="842,1157 877,1157 877,1189 842,1189"/>
                    <pc:TextEquiv conf="0.932764663696289">
                        <pc:Unicode>ich</pc:Unicode>
                    </pc:TextEquiv>
                </pc:Word>
                <pc:Word id="region0002_line0012_word0009">
                    <pc:Coords points="896,1156 950,1156 950,1183 896,1183"/>
                    <pc:TextEquiv conf="0.925337524414062">
                        <pc:Unicode>Dir</pc:Unicode>
                    </pc:TextEquiv>
                </pc:Word>
                <pc:Word id="region0002_line0012_word0010">
                    <pc:Coords points="971,1157 1029,1157 1029,1184 971,1184"/>
                    <pc:TextEquiv conf="0.923331298828125">
                        <pc:Unicode>bin,</pc:Unicode>
                    </pc:TextEquiv>
                </pc:Word>
                <pc:Word id="region0002_line0012_word0011">
                    <pc:Coords points="1054,1162 1114,1162 1114,1183 1054,1183"/>
                    <pc:TextEquiv conf="0.926652526855469">
                        <pc:Unicode>was</pc:Unicode>
                    </pc:TextEquiv>
                </pc:Word>
                <pc:TextEquiv conf="0.909606107076009">
                    <pc:Unicode>was zu ſein; es iſt mir gewiß, daß ich Dir bin, was</pc:Unicode>
                </pc:TextEquiv>
            </pc:TextLine>
            <pc:TextLine id="region0002_line0013">
                <pc:Coords points="233,1215 1115,1215 1115,1252 233,1252"/>
                <pc:Word id="region0002_line0013_word0000">
                    <pc:Coords points="233,1220 260,1220 260,1245 233,1245"/>
                    <pc:TextEquiv conf="0.928095550537109">
                        <pc:Unicode>in</pc:Unicode>
                    </pc:TextEquiv>
                </pc:Word>
                <pc:Word id="region0002_line0013_word0001">
                    <pc:Coords points="287,1218 496,1218 496,1251 287,1251"/>
                    <pc:TextEquiv conf="0.918939208984375">
                        <pc:Unicode>einſtimmender</pc:Unicode>
                    </pc:TextEquiv>
                </pc:Word>
                <pc:Word id="region0002_line0013_word0002">
                    <pc:Coords points="520,1216 671,1216 671,1252 520,1252"/>
                    <pc:TextEquiv conf="0.929663314819336">
                        <pc:Unicode>Schönheit</pc:Unicode>
                    </pc:TextEquiv>
                </pc:Word>
                <pc:Word id="region0002_line0013_word0003">
                    <pc:Coords points="695,1218 737,1218 737,1244 695,1244"/>
                    <pc:TextEquiv conf="0.929276885986328">
                        <pc:Unicode>ein</pc:Unicode>
                    </pc:TextEquiv>
                </pc:Word>
                <pc:Word id="region0002_line0013_word0004">
                    <pc:Coords points="762,1215 823,1215 823,1245 762,1245"/>
                    <pc:TextEquiv conf="0.925979309082031">
                        <pc:Unicode>Ton</pc:Unicode>
                    </pc:TextEquiv>
                </pc:Word>
                <pc:Word id="region0002_line0013_word0005">
                    <pc:Coords points="850,1217 893,1217 893,1244 850,1244"/>
                    <pc:TextEquiv conf="0.923417892456055">
                        <pc:Unicode>der</pc:Unicode>
                    </pc:TextEquiv>
                </pc:Word>
                <pc:Word id="region0002_line0013_word0006">
                    <pc:Coords points="917,1216 1027,1216 1027,1246 917,1246"/>
                    <pc:TextEquiv conf="0.913324890136719">
                        <pc:Unicode>Natur,</pc:Unicode>
                    </pc:TextEquiv>
                </pc:Word>
                <pc:Word id="region0002_line0013_word0007">
                    <pc:Coords points="1059,1218 1115,1218 1115,1245 1059,1245"/>
                    <pc:TextEquiv conf="0.916363372802734">
                        <pc:Unicode>eine</pc:Unicode>
                    </pc:TextEquiv>
                </pc:Word>
                <pc:TextEquiv conf="0.923132553100586">
                    <pc:Unicode>in einſtimmender Schönheit ein Ton der Natur, eine</pc:Unicode>
                </pc:TextEquiv>
            </pc:TextLine>
            <pc:TextEquiv conf="0.917754338530063">
                <pc:Unicode>nem Geiſt duften, wie dieſe Kräuter, dem Geiſt jener
ſchönen Vorwelt, in deren Sinn der Tempel hier gebaut
iſt. — Dein Geiſt ſpricht ja die heilige Ordnung der
Schönheit aus wie er, und ob ich ihm was bin, ob ich
ihm was bleibe, das iſt dann einerlei.
Ja ſüßer Freund! ob ich Dir was bin: was ſoll
ich danach fragen? — weiß ich doch, daß die Lerche
nicht umſonſt jubelnd aufſteigt, daß der Morgenwind
nicht ungefühlt in den Zweigen liſpelt, ja daß die ganze
Natur nicht unbegriffen in ihr Schweigen verſunken iſt;
was ſollt' ich zagen, von Dir nicht verſtanden nicht ge—
fühlt zu ſein? — Drum will ich nicht ſchwören Dir et—
was zu ſein; es iſt mir gewiß, daß ich Dir bin, was
in einſtimmender Schönheit ein Ton der Natur, eine</pc:Unicode>
            </pc:TextEquiv>
        </pc:TextRegion>
        <pc:TextRegion id="region0003" orientation="0.536914980795757" readingDirection="left-to-right" textLineOrder="top-to-bottom">
            <pc:Coords points="234,1278 1097,1278 1097,1317 234,1317"/>
            <pc:TextLine id="region0003_line0000">
                <pc:Coords points="234,1278 1097,1278 1097,1317 234,1317"/>
                <pc:Word id="region0003_line0000_word0000">
                    <pc:Coords points="234,1279 339,1279 339,1316 234,1316"/>
                    <pc:TextEquiv conf="0.927175903320313">
                        <pc:Unicode>geiſtige</pc:Unicode>
                    </pc:TextEquiv>
                </pc:Word>
                <pc:Word id="region0003_line0000_word0001">
                    <pc:Coords points="353,1278 519,1278 519,1316 353,1316"/>
                    <pc:TextEquiv conf="0.929499816894531">
                        <pc:Unicode>Berührung</pc:Unicode>
                    </pc:TextEquiv>
                </pc:Word>
                <pc:Word id="region0003_line0000_word0002">
                    <pc:Coords points="536,1281 615,1281 615,1315 536,1315"/>
                    <pc:TextEquiv conf="0.930995635986328">
                        <pc:Unicode>dieſer</pc:Unicode>
                    </pc:TextEquiv>
                </pc:Word>
                <pc:Word id="region0003_line0000_word0003">
                    <pc:Coords points="630,1281 770,1281 770,1317 630,1317"/>
                    <pc:TextEquiv conf="0.926487808227539">
                        <pc:Unicode>ſinnlichen</pc:Unicode>
                    </pc:TextEquiv>
                </pc:Word>
                <pc:Word id="region0003_line0000_word0004">
                    <pc:Coords points="786,1279 863,1279 863,1309 786,1309"/>
                    <pc:TextEquiv conf="0.919250411987305">
                        <pc:Unicode>Welt</pc:Unicode>
                    </pc:TextEquiv>
                </pc:Word>
                <pc:Word id="region0003_line0000_word0005">
                    <pc:Coords points="877,1280 930,1280 930,1309 877,1309"/>
                    <pc:TextEquiv conf="0.927032089233398">
                        <pc:Unicode>Dir</pc:Unicode>
                    </pc:TextEquiv>
                </pc:Word>
                <pc:Word id="region0003_line0000_word0006">
                    <pc:Coords points="948,1281 1000,1281 1000,1316 948,1316"/>
                    <pc:TextEquiv conf="0.925518569946289">
                        <pc:Unicode>ſein</pc:Unicode>
                    </pc:TextEquiv>
                </pc:Word>
                <pc:Word id="region0003_line0000_word0007">
                    <pc:Coords points="1017,1280 1097,1280 1097,1310 1017,1310"/>
                    <pc:TextEquiv conf="0.875469665527344">
                        <pc:Unicode>kann.</pc:Unicode>
                    </pc:TextEquiv>
                </pc:Word>
                <pc:TextEquiv conf="0.920178737640381">
                    <pc:Unicode>geiſtige Berührung dieſer ſinnlichen Welt Dir ſein kann.</pc:Unicode>
                </pc:TextEquiv>
            </pc:TextLine>
            <pc:TextEquiv conf="0.920178737640381">
                <pc:Unicode>geiſtige Berührung dieſer ſinnlichen Welt Dir ſein kann.</pc:Unicode>
            </pc:TextEquiv>
        </pc:TextRegion>
        <pc:TextRegion id="region0004" orientation="0.536914980795757" readingDirection="left-to-right" textLineOrder="top-to-bottom">
            <pc:Coords points="237,1526 1119,1526 1119,1810 237,1810"/>
            <pc:TextLine id="region0004_line0000">
                <pc:Coords points="834,1526 961,1526 961,1552 834,1552"/>
                <pc:Word id="region0004_line0000_word0000">
                    <pc:Coords points="834,1526 879,1526 879,1552 834,1552"/>
                    <pc:TextEquiv conf="0.913566665649414">
                        <pc:Unicode>Im</pc:Unicode>
                    </pc:TextEquiv>
                </pc:Word>
                <pc:Word id="region0004_line0000_word0001">
                    <pc:Coords points="895,1526 961,1526 961,1552 895,1552"/>
                    <pc:TextEquiv conf="0.810046844482422">
                        <pc:Unicode>Juli.</pc:Unicode>
                    </pc:TextEquiv>
                </pc:Word>
                <pc:TextEquiv conf="0.861806755065918">
                    <pc:Unicode>Im Juli.</pc:Unicode>
                </pc:TextEquiv>
            </pc:TextLine>
            <pc:TextLine id="region0004_line0001">
                <pc:Coords points="307,1584 1117,1584 1117,1624 307,1624"/>
                <pc:Word id="region0004_line0001_word0000">
                    <pc:Coords points="307,1588 386,1588 386,1624 307,1624"/>
                    <pc:TextEquiv conf="0.927460174560547">
                        <pc:Unicode>Dieſe</pc:Unicode>
                    </pc:TextEquiv>
                </pc:Word>
                <pc:Word id="region0004_line0001_word0001">
                    <pc:Coords points="405,1586 496,1586 496,1622 405,1622"/>
                    <pc:TextEquiv conf="0.927993774414062">
                        <pc:Unicode>Tage,</pc:Unicode>
                    </pc:TextEquiv>
                </pc:Word>
                <pc:Word id="region0004_line0001_word0002">
                    <pc:Coords points="522,1586 588,1586 588,1621 522,1621"/>
                    <pc:TextEquiv conf="0.925397491455078">
                        <pc:Unicode>dieſe</pc:Unicode>
                    </pc:TextEquiv>
                </pc:Word>
                <pc:Word id="region0004_line0001_word0003">
                    <pc:Coords points="607,1584 753,1584 753,1619 607,1619"/>
                    <pc:TextEquiv conf="0.924038925170898">
                        <pc:Unicode>Gegenden</pc:Unicode>
                    </pc:TextEquiv>
                </pc:Word>
                <pc:Word id="region0004_line0001_word0004">
                    <pc:Coords points="780,1585 813,1585 813,1620 780,1620"/>
                    <pc:TextEquiv conf="0.929532928466797">
                        <pc:Unicode>ſie</pc:Unicode>
                    </pc:TextEquiv>
                </pc:Word>
                <pc:Word id="region0004_line0001_word0005">
                    <pc:Coords points="833,1590 927,1590 927,1620 833,1620"/>
                    <pc:TextEquiv conf="0.925559997558594">
                        <pc:Unicode>tragen</pc:Unicode>
                    </pc:TextEquiv>
                </pc:Word>
                <pc:Word id="region0004_line0001_word0006">
                    <pc:Coords points="950,1588 1001,1588 1001,1612 950,1612"/>
                    <pc:TextEquiv conf="0.928271636962891">
                        <pc:Unicode>das</pc:Unicode>
                    </pc:TextEquiv>
                </pc:Word>
                <pc:Word id="region0004_line0001_word0007">
                    <pc:Coords points="1021,1585 1117,1585 1117,1622 1021,1622"/>
                    <pc:TextEquiv conf="0.928271636962891">
                        <pc:Unicode>Antlitz</pc:Unicode>
                    </pc:TextEquiv>
                </pc:Word>
                <pc:TextEquiv conf="0.92706582069397">
                    <pc:Unicode>Dieſe Tage, dieſe Gegenden ſie tragen das Antlitz</pc:Unicode>
                </pc:TextEquiv>
            </pc:TextLine>
            <pc:TextLine id="region0004_line0002">
                <pc:Coords points="237,1647 1118,1647 1118,1686 237,1686"/>
                <pc:Word id="region0004_line0002_word0000">
                    <pc:Coords points="237,1652 281,1652 281,1677 237,1677"/>
                    <pc:TextEquiv conf="0.927854766845703">
                        <pc:Unicode>des</pc:Unicode>
                    </pc:TextEquiv>
                </pc:Word>
                <pc:Word id="region0004_line0002_word0001">
                    <pc:Coords points="300,1651 470,1651 470,1686 300,1686"/>
                    <pc:TextEquiv conf="0.925933532714844">
                        <pc:Unicode>Paradieſes.</pc:Unicode>
                    </pc:TextEquiv>
                </pc:Word>
                <pc:Word id="region0004_line0002_word0002">
                    <pc:Coords points="507,1648 562,1648 562,1676 507,1676"/>
                    <pc:TextEquiv conf="0.918796997070312">
                        <pc:Unicode>Die</pc:Unicode>
                    </pc:TextEquiv>
                </pc:Word>
                <pc:Word id="region0004_line0002_word0003">
                    <pc:Coords points="580,1647 657,1647 657,1682 580,1682"/>
                    <pc:TextEquiv conf="0.929350814819336">
                        <pc:Unicode>Fülle</pc:Unicode>
                    </pc:TextEquiv>
                </pc:Word>
                <pc:Word id="region0004_line0002_word0004">
                    <pc:Coords points="679,1649 747,1649 747,1682 679,1682"/>
                    <pc:TextEquiv conf="0.927312622070313">
                        <pc:Unicode>lacht</pc:Unicode>
                    </pc:TextEquiv>
                </pc:Word>
                <pc:Word id="region0004_line0002_word0005">
                    <pc:Coords points="767,1649 831,1649 831,1682 767,1682"/>
                    <pc:TextEquiv conf="0.927479095458984">
                        <pc:Unicode>mich</pc:Unicode>
                    </pc:TextEquiv>
                </pc:Word>
                <pc:Word id="region0004_line0002_word0006">
                    <pc:Coords points="853,1658 888,1658 888,1675 853,1675"/>
                    <pc:TextEquiv conf="0.915461883544922">
                        <pc:Unicode>an</pc:Unicode>
                    </pc:TextEquiv>
                </pc:Word>
                <pc:Word id="region0004_line0002_word0007">
                    <pc:Coords points="911,1650 937,1650 937,1677 911,1677"/>
                    <pc:TextEquiv conf="0.915461883544922">
                        <pc:Unicode>in</pc:Unicode>
                    </pc:TextEquiv>
                </pc:Word>
                <pc:Word id="region0004_line0002_word0008">
                    <pc:Coords points="959,1651 1003,1651 1003,1678 959,1678"/>
                    <pc:TextEquiv conf="0.923503646850586">
                        <pc:Unicode>der</pc:Unicode>
                    </pc:TextEquiv>
                </pc:Word>
                <pc:Word id="region0004_line0002_word0009">
                    <pc:Coords points="1023,1651 1118,1651 1118,1685 1023,1685"/>
                    <pc:TextEquiv conf="0.800529479980469">
                        <pc:Unicode>reifen⸗</pc:Unicode>
                    </pc:TextEquiv>
                </pc:Word>
                <pc:TextEquiv conf="0.911168472290039">
                    <pc:Unicode>des Paradieſes. Die Fülle lacht mich an in der reifen⸗</pc:Unicode>
                </pc:TextEquiv>
            </pc:TextLine>
            <pc:TextLine id="region0004_line0003">
                <pc:Coords points="237,1711 1117,1711 1117,1748 237,1748"/>
                <pc:Word id="region0004_line0003_word0000">
                    <pc:Coords points="237,1713 285,1713 285,1739 237,1739"/>
                    <pc:TextEquiv conf="0.922520217895508">
                        <pc:Unicode>den</pc:Unicode>
                    </pc:TextEquiv>
                </pc:Word>
                <pc:Word id="region0004_line0003_word0001">
                    <pc:Coords points="306,1712 415,1712 415,1748 306,1748"/>
                    <pc:TextEquiv conf="0.916757888793945">
                        <pc:Unicode>Frucht,</pc:Unicode>
                    </pc:TextEquiv>
                </pc:Word>
                <pc:Word id="region0004_line0003_word0002">
                    <pc:Coords points="437,1715 488,1715 488,1740 437,1740"/>
                    <pc:TextEquiv conf="0.924801406860352">
                        <pc:Unicode>das</pc:Unicode>
                    </pc:TextEquiv>
                </pc:Word>
                <pc:Word id="region0004_line0003_word0003">
                    <pc:Coords points="507,1711 589,1711 589,1739 507,1739"/>
                    <pc:TextEquiv conf="0.919930877685547">
                        <pc:Unicode>Leben</pc:Unicode>
                    </pc:TextEquiv>
                </pc:Word>
                <pc:Word id="region0004_line0003_word0004">
                    <pc:Coords points="609,1711 712,1711 712,1745 609,1745"/>
                    <pc:TextEquiv conf="0.929505462646484">
                        <pc:Unicode>jauchzt</pc:Unicode>
                    </pc:TextEquiv>
                </pc:Word>
                <pc:Word id="region0004_line0003_word0005">
                    <pc:Coords points="733,1712 760,1712 760,1737 733,1737"/>
                    <pc:TextEquiv conf="0.932123947143555">
                        <pc:Unicode>in</pc:Unicode>
                    </pc:TextEquiv>
                </pc:Word>
                <pc:Word id="region0004_line0003_word0006">
                    <pc:Coords points="781,1713 847,1713 847,1742 781,1742"/>
                    <pc:TextEquiv conf="0.918994140625">
                        <pc:Unicode>mir,</pc:Unicode>
                    </pc:TextEquiv>
                </pc:Word>
                <pc:Word id="region0004_line0003_word0007">
                    <pc:Coords points="875,1715 929,1715 929,1740 875,1740"/>
                    <pc:TextEquiv conf="0.927965698242188">
                        <pc:Unicode>und</pc:Unicode>
                    </pc:TextEquiv>
                </pc:Word>
                <pc:Word id="region0004_line0003_word0008">
                    <pc:Coords points="951,1714 1049,1714 1049,1748 951,1748"/>
                    <pc:TextEquiv conf="0.919038925170898">
                        <pc:Unicode>einſam</pc:Unicode>
                    </pc:TextEquiv>
                </pc:Word>
                <pc:Word id="region0004_line0003_word0009">
                    <pc:Coords points="1072,1714 1117,1714 1117,1739 1072,1739"/>
                    <pc:TextEquiv conf="0.920653228759766">
                        <pc:Unicode>bin</pc:Unicode>
                    </pc:TextEquiv>
                </pc:Word>
                <pc:TextEquiv conf="0.923229179382324">
                    <pc:Unicode>den Frucht, das Leben jauchzt in mir, und einſam bin</pc:Unicode>
                </pc:TextEquiv>
            </pc:TextLine>
            <pc:TextLine id="region0004_line0004">
                <pc:Coords points="238,1773 1119,1773 1119,1810 238,1810"/>
                <pc:Word id="region0004_line0004_word0000">
                    <pc:Coords points="238,1773 273,1773 273,1805 238,1805"/>
                    <pc:TextEquiv conf="0.928580856323242">
                        <pc:Unicode>ich</pc:Unicode>
                    </pc:TextEquiv>
                </pc:Word>
                <pc:Word id="region0004_line0004_word0001">
                    <pc:Coords points="294,1776 344,1776 344,1802 294,1802"/>
                    <pc:TextEquiv conf="0.928580856323242">
                        <pc:Unicode>wie</pc:Unicode>
                    </pc:TextEquiv>
                </pc:Word>
                <pc:Word id="region0004_line0004_word0002">
                    <pc:Coords points="365,1778 408,1778 408,1803 365,1803"/>
                    <pc:TextEquiv conf="0.927172470092773">
                        <pc:Unicode>der</pc:Unicode>
                    </pc:TextEquiv>
                </pc:Word>
                <pc:Word id="region0004_line0004_word0003">
                    <pc:Coords points="427,1776 489,1776 489,1810 427,1810"/>
                    <pc:TextEquiv conf="0.921591186523438">
                        <pc:Unicode>erſte</pc:Unicode>
                    </pc:TextEquiv>
                </pc:Word>
                <pc:Word id="region0004_line0004_word0004">
                    <pc:Coords points="507,1774 638,1774 638,1809 507,1809"/>
                    <pc:TextEquiv conf="0.918396377563477">
                        <pc:Unicode>Menſch;</pc:Unicode>
                    </pc:TextEquiv>
                </pc:Word>
                <pc:Word id="region0004_line0004_word0005">
                    <pc:Coords points="659,1774 714,1774 714,1800 659,1800"/>
                    <pc:TextEquiv conf="0.930899429321289">
                        <pc:Unicode>und</pc:Unicode>
                    </pc:TextEquiv>
                </pc:Word>
                <pc:Word id="region0004_line0004_word0006">
                    <pc:Coords points="735,1774 770,1774 770,1808 735,1808"/>
                    <pc:TextEquiv conf="0.92610107421875">
                        <pc:Unicode>ich</pc:Unicode>
                    </pc:TextEquiv>
                </pc:Word>
                <pc:Word id="region0004_line0004_word0007">
                    <pc:Coords points="792,1776 863,1776 863,1803 792,1803"/>
                    <pc:TextEquiv conf="0.92610107421875">
                        <pc:Unicode>lerne</pc:Unicode>
                    </pc:TextEquiv>
                </pc:Word>
                <pc:Word id="region0004_line0004_word0008">
                    <pc:Coords points="883,1777 931,1777 931,1803 883,1803"/>
                    <pc:TextEquiv conf="0.918709030151367">
                        <pc:Unicode>wie</pc:Unicode>
                    </pc:TextEquiv>
                </pc:Word>
                <pc:Word id="region0004_line0004_word0009">
                    <pc:Coords points="952,1776 1032,1776 1032,1808 952,1808"/>
                    <pc:TextEquiv conf="0.930659408569336">
                        <pc:Unicode>dieſer</pc:Unicode>
                    </pc:TextEquiv>
                </pc:Word>
                <pc:Word id="region0004_line0004_word0010">
                    <pc:Coords points="1051,1776 1119,1776 1119,1808 1051,1808"/>
                    <pc:TextEquiv conf="0.498768005371094">
                        <pc:Unicode>herr⸗</pc:Unicode>
                    </pc:TextEquiv>
                </pc:Word>
                <pc:TextEquiv conf="0.886869069879705">
                    <pc:Unicode>ich wie der erſte Menſch; und ich lerne wie dieſer herr⸗</pc:Unicode>
                </pc:TextEquiv>
            </pc:TextLine>
            <pc:TextEquiv conf="0.902027859462391">
                <pc:Unicode>Im Juli.
Dieſe Tage, dieſe Gegenden ſie tragen das Antlitz
des Paradieſes. Die Fülle lacht mich an in der reifen⸗
den Frucht, das Leben jauchzt in mir, und einſam bin
ich wie der erſte Menſch; und ich lerne wie dieſer herr⸗</pc:Unicode>
            </pc:TextEquiv>
        </pc:TextRegion>
        <pc:TextRegion id="region0005" orientation="0.536914980795757" readingDirection="left-to-right" textLineOrder="top-to-bottom">
            <pc:Coords points="238,1834 1117,1834 1117,1875 238,1875"/>
            <pc:TextLine id="region0005_line0000">
                <pc:Coords points="238,1834 1117,1834 1117,1875 238,1875"/>
                <pc:Word id="region0005_line0000_word0000">
                    <pc:Coords points="238,1834 309,1834 309,1870 238,1870"/>
                    <pc:TextEquiv conf="0.919731216430664">
                        <pc:Unicode>ſchen</pc:Unicode>
                    </pc:TextEquiv>
                </pc:Word>
                <pc:Word id="region0005_line0000_word0001">
                    <pc:Coords points="341,1839 395,1839 395,1865 341,1865"/>
                    <pc:TextEquiv conf="0.923697814941406">
                        <pc:Unicode>und</pc:Unicode>
                    </pc:TextEquiv>
                </pc:Word>
                <pc:Word id="region0005_line0000_word0002">
                    <pc:Coords points="431,1840 549,1840 549,1875 431,1875"/>
                    <pc:TextEquiv conf="0.923697814941406">
                        <pc:Unicode>gebieten</pc:Unicode>
                    </pc:TextEquiv>
                </pc:Word>
                <pc:Word id="region0005_line0000_word0003">
                    <pc:Coords points="581,1839 638,1839 638,1866 581,1866"/>
                    <pc:TextEquiv conf="0.892445678710937">
                        <pc:Unicode>dem</pc:Unicode>
                    </pc:TextEquiv>
                </pc:Word>
                <pc:Word id="region0005_line0000_word0004">
                    <pc:Coords points="670,1834 769,1834 769,1866 670,1866"/>
                    <pc:TextEquiv conf="0.754110488891602">
                        <pc:Unicode>Glück:</pc:Unicode>
                    </pc:TextEquiv>
                </pc:Word>
                <pc:Word id="region0005_line0000_word0005">
                    <pc:Coords points="807,1839 861,1839 861,1875 807,1875"/>
                    <pc:TextEquiv conf="0.930795440673828">
                        <pc:Unicode>daß</pc:Unicode>
                    </pc:TextEquiv>
                </pc:Word>
                <pc:Word id="region0005_line0000_word0006">
                    <pc:Coords points="891,1839 932,1839 932,1866 891,1866"/>
                    <pc:TextEquiv conf="0.926164093017578">
                        <pc:Unicode>die</pc:Unicode>
                    </pc:TextEquiv>
                </pc:Word>
                <pc:Word id="region0005_line0000_word0007">
                    <pc:Coords points="962,1835 1040,1835 1040,1864 962,1864"/>
                    <pc:TextEquiv conf="0.922504730224609">
                        <pc:Unicode>Welt</pc:Unicode>
                    </pc:TextEquiv>
                </pc:Word>
                <pc:Word id="region0005_line0000_word0008">
                    <pc:Coords points="1070,1835 1117,1835 1117,1869 1070,1869"/>
                    <pc:TextEquiv conf="0.887058181762695">
                        <pc:Unicode>ſoll</pc:Unicode>
                    </pc:TextEquiv>
                </pc:Word>
                <pc:TextEquiv conf="0.897800606621636">
                    <pc:Unicode>ſchen und gebieten dem Glück: daß die Welt ſoll</pc:Unicode>
                </pc:TextEquiv>
            </pc:TextLine>
            <pc:TextEquiv conf="0.897800606621636">
                <pc:Unicode>ſchen und gebieten dem Glück: daß die Welt ſoll</pc:Unicode>
            </pc:TextEquiv>
        </pc:TextRegion>
        <pc:ImageRegion id="region0006" orientation="0.536914980795757">
            <pc:Coords points="1228,0 1675,0 1675,2286 1228,2286"/>
        </pc:ImageRegion>
        <pc:SeparatorRegion id="region0000">
            <pc:Coords points="165,178 614,178 614,187 165,187"/>
        </pc:SeparatorRegion>
    </pc:Page>
</pc:PcGts>
