<?xml version="1.0" encoding="UTF-8"?>
<pc:PcGts xmlns:pc="http://schema.primaresearch.org/PAGE/gts/pagecontent/2019-07-15" xmlns:xsi="http://www.w3.org/2001/XMLSchema-instance" xsi:schemaLocation="http://schema.primaresearch.org/PAGE/gts/pagecontent/2019-07-15 http://schema.primaresearch.org/PAGE/gts/pagecontent/2019-07-15/pagecontent.xsd">
    <pc:Metadata>
        <pc:Creator>OCR-D</pc:Creator>
        <pc:Created>2016-09-20T13:43:05</pc:Created>
        <pc:LastChange>2019-11-13T14:01:58</pc:LastChange>
    </pc:Metadata>
    <pc:Page imageFilename="OCR-D-IMG/OCR-D-IMG_0003.tif" imageWidth="1000" imageHeight="1588" imageXResolution="136." imageYResolution="136." type="content">
        <pc:Border>
            <pc:Coords points="147,118 896,118 896,1443 147,1443"/>
        </pc:Border>
        <pc:ReadingOrder>
            <pc:OrderedGroup id="ro357564684568544579089" caption="Regions reading order">
                <pc:RegionRefIndexed index="0" regionRef="TextRegion_1479490051716_82"/>
                <pc:RegionRefIndexed index="1" regionRef="TextRegion_1479490051715_81"/>
                <pc:RegionRefIndexed index="2" regionRef="r_3_2"/>
                <pc:RegionRefIndexed index="3" regionRef="r_5_1"/>
                <pc:RegionRefIndexed index="4" regionRef="r_5_2"/>
                <pc:RegionRefIndexed index="5" regionRef="region_1479490068106_85"/>
                <pc:RegionRefIndexed index="6" regionRef="TextRegion_1479490075810_86"/>
                <pc:RegionRefIndexed index="7" regionRef="r_5_5"/>
            </pc:OrderedGroup>
        </pc:ReadingOrder>
        <pc:Relations>
            <pc:Relation id="rel1" type="join">
                <pc:SourceRegionRef regionRef="region_1479490068106_85"/>
                <pc:TargetRegionRef regionRef="TextRegion_1479490075810_86"/>
            </pc:Relation>
        </pc:Relations>
        <pc:TextRegion id="TextRegion_1479490051716_82" type="page-number" primaryLanguage="German" secondaryLanguage="Latin">
            <pc:Coords points="223,177 190,177 190,133 223,133"/>
            <pc:TextLine id="line_1479490051775_84" primaryLanguage="German">
                <pc:Coords points="223,176 191,176 191,134 223,134"/>
                <pc:Baseline points="191,168 223,168"/>
                <pc:Word id="w_w1aab1b5b2b1b1ab1" language="German">
                    <pc:Coords points="191,143 208,143 208,172 191,172"/>
                    <pc:TextEquiv>
                        <pc:Unicode>8</pc:Unicode>
                    </pc:TextEquiv>
                </pc:Word>
                <pc:TextEquiv>
                    <pc:Unicode>8</pc:Unicode>
                </pc:TextEquiv>
            </pc:TextLine>
            <pc:TextEquiv>
                <pc:Unicode>8</pc:Unicode>
            </pc:TextEquiv>
        </pc:TextRegion>
        <pc:TextRegion id="TextRegion_1479490051715_81" type="header" primaryLanguage="German" secondaryLanguage="Latin">
            <pc:Coords points="669,177 335,177 335,133 669,133"/>
            <pc:TextLine id="line_1479490051772_83" primaryLanguage="German">
                <pc:Coords points="668,176 342,176 342,134 668,134"/>
                <pc:Baseline points="223,168 668,168"/>
                <pc:Word id="word_1479490162532_90" language="German">
                    <pc:Coords points="601,176 349,176 349,134 601,134"/>
                    <pc:TextEquiv>
                        <pc:Unicode>Beutelſchneider/</pc:Unicode>
                    </pc:TextEquiv>
                </pc:Word>
                <pc:Word id="word_1479490162530_89" language="German">
                    <pc:Coords points="668,176 601,176 601,134 668,134"/>
                    <pc:TextEquiv>
                        <pc:Unicode>oder</pc:Unicode>
                    </pc:TextEquiv>
                </pc:Word>
                <pc:TextEquiv>
                    <pc:Unicode>Beutelſchneider/ oder</pc:Unicode>
                </pc:TextEquiv>
            </pc:TextLine>
            <pc:TextEquiv>
                <pc:Unicode>Beutelſchneider/ oder</pc:Unicode>
            </pc:TextEquiv>
        </pc:TextRegion>
        <pc:TextRegion id="r_3_2" type="paragraph" primaryLanguage="German" secondaryLanguage="Latin">
            <pc:Coords points="187,182 859,182 859,773 187,773"/>
            <pc:TextLine id="tl_3" primaryLanguage="German">
                <pc:Coords points="188,183 844,183 844,225 188,225"/>
                <pc:Baseline points="188,217 844,217"/>
                <pc:Word id="w_w1aab1b5b2b3b1ab1" language="German">
                    <pc:Coords points="188,195 218,195 218,224 188,224"/>
                    <pc:TextEquiv>
                        <pc:Unicode>iſt</pc:Unicode>
                    </pc:TextEquiv>
                </pc:Word>
                <pc:Word id="w_w1aab1b5b2b3b1ab9" language="German">
                    <pc:Coords points="227,191 249,191 249,224 227,224"/>
                    <pc:TextEquiv>
                        <pc:Unicode>ſo</pc:Unicode>
                    </pc:TextEquiv>
                </pc:Word>
                <pc:Word id="word_1479490249421_92" language="German">
                    <pc:Coords points="331,225 258,225 258,189 331,189"/>
                    <pc:TextEquiv>
                        <pc:Unicode>groß/</pc:Unicode>
                    </pc:TextEquiv>
                </pc:Word>
                <pc:Word id="word_1479490249420_91" language="German">
                    <pc:Coords points="380,225 331,225 331,189 380,189"/>
                    <pc:TextEquiv>
                        <pc:Unicode>daß</pc:Unicode>
                    </pc:TextEquiv>
                </pc:Word>
                <pc:Word id="w_w1aab1b5b2b3b1ac35" language="German">
                    <pc:Coords points="389,188 550,188 550,220 389,220"/>
                    <pc:TextEquiv>
                        <pc:Unicode>manchmals</pc:Unicode>
                    </pc:TextEquiv>
                </pc:Word>
                <pc:Word id="w_w1aab1b5b2b3b1ac55" language="German">
                    <pc:Coords points="558,191 595,191 595,218 558,218"/>
                    <pc:TextEquiv>
                        <pc:Unicode>die</pc:Unicode>
                    </pc:TextEquiv>
                </pc:Word>
                <pc:Word id="word_1479490260873_94" language="German">
                    <pc:Coords points="695,222 604,222 604,183 695,183"/>
                    <pc:TextEquiv>
                        <pc:Unicode>jenige/</pc:Unicode>
                    </pc:TextEquiv>
                </pc:Word>
                <pc:Word id="word_1479490260871_93" language="German">
                    <pc:Coords points="769,222 695,222 695,183 769,183"/>
                    <pc:TextEquiv>
                        <pc:Unicode>welch</pc:Unicode>
                    </pc:TextEquiv>
                </pc:Word>
                <pc:Word id="w_w1aab1b5b2b3b1ac89" language="German">
                    <pc:Coords points="778,190 844,190 844,215 778,215"/>
                    <pc:TextEquiv>
                        <pc:Unicode>man</pc:Unicode>
                    </pc:TextEquiv>
                </pc:Word>
                <pc:TextEquiv>
                    <pc:Unicode>iſt ſo groß/ daß manchmals die jenige/ welch man</pc:Unicode>
                </pc:TextEquiv>
            </pc:TextLine>
            <pc:TextLine id="tl_4" primaryLanguage="German">
                <pc:Coords points="191,223 845,223 845,267 191,267"/>
                <pc:Baseline points="191,255 845,255"/>
                <pc:Word id="w_w1aab1b5b2b3b3ab1" language="German">
                    <pc:Coords points="191,234 244,234 244,267 191,267"/>
                    <pc:TextEquiv>
                        <pc:Unicode>haͤlt</pc:Unicode>
                    </pc:TextEquiv>
                </pc:Word>
                <pc:Word id="w_w1aab1b5b2b3b3ac11" language="German">
                    <pc:Coords points="252,230 294,230 294,262 252,262"/>
                    <pc:TextEquiv>
                        <pc:Unicode>fuͤr</pc:Unicode>
                    </pc:TextEquiv>
                </pc:Word>
                <pc:Word id="w_w1aab1b5b2b3b3ac21" language="German">
                    <pc:Coords points="307,233 342,233 342,257 307,257"/>
                    <pc:TextEquiv>
                        <pc:Unicode>die</pc:Unicode>
                    </pc:TextEquiv>
                </pc:Word>
                <pc:Word id="word_1479490296613_96" language="German">
                    <pc:Coords points="424,263 350,263 350,229 424,229"/>
                    <pc:TextEquiv>
                        <pc:Unicode>beſte/</pc:Unicode>
                    </pc:TextEquiv>
                </pc:Word>
                <pc:Word id="word_1479490296611_95" language="German">
                    <pc:Coords points="507,263 424,263 424,229 507,229"/>
                    <pc:TextEquiv>
                        <pc:Unicode>edleſte</pc:Unicode>
                    </pc:TextEquiv>
                </pc:Word>
                <pc:Word id="w_w1aab1b5b2b3b3ac57" language="German">
                    <pc:Coords points="519,231 571,231 571,258 519,258"/>
                    <pc:TextEquiv>
                        <pc:Unicode>vnd</pc:Unicode>
                    </pc:TextEquiv>
                </pc:Word>
                <pc:Word id="w_w1aab1b5b2b3b3ac65" language="German">
                    <pc:Coords points="583,223 763,223 763,262 583,262"/>
                    <pc:TextEquiv>
                        <pc:Unicode>fuͤrtrefflichſte</pc:Unicode>
                    </pc:TextEquiv>
                </pc:Word>
                <pc:Word id="w_w1aab1b5b2b3b3ac95" language="German">
                    <pc:Coords points="769,231 778,231 778,254 769,254"/>
                    <pc:TextEquiv>
                        <pc:Unicode>/</pc:Unicode>
                    </pc:TextEquiv>
                </pc:Word>
                <pc:Word id="w_w1aab1b5b2b3b3ac99" language="German">
                    <pc:Coords points="785,224 845,224 845,258 785,258"/>
                    <pc:TextEquiv>
                        <pc:Unicode>ſeyn</pc:Unicode>
                    </pc:TextEquiv>
                </pc:Word>
                <pc:TextEquiv>
                    <pc:Unicode>haͤlt fuͤr die beſte/ edleſte vnd fuͤrtrefflichſte / ſeyn</pc:Unicode>
                </pc:TextEquiv>
            </pc:TextLine>
            <pc:TextLine id="tl_5" primaryLanguage="German">
                <pc:Coords points="192,262 845,262 845,302 192,302"/>
                <pc:Baseline points="192,294 845,294"/>
                <pc:Word id="w_w1aab1b5b2b3b5ab1" language="German">
                    <pc:Coords points="192,273 229,273 229,300 192,300"/>
                    <pc:TextEquiv>
                        <pc:Unicode>die</pc:Unicode>
                    </pc:TextEquiv>
                </pc:Word>
                <pc:Word id="w_w1aab1b5b2b3b5ab9" language="German">
                    <pc:Coords points="245,271 323,271 323,302 245,302"/>
                    <pc:TextEquiv>
                        <pc:Unicode>jenige</pc:Unicode>
                    </pc:TextEquiv>
                </pc:Word>
                <pc:Word id="word_1479490319107_98" language="German">
                    <pc:Coords points="354,299 338,299 338,266 354,266"/>
                    <pc:TextEquiv>
                        <pc:Unicode>/</pc:Unicode>
                    </pc:TextEquiv>
                </pc:Word>
                <pc:Word id="word_1479490319106_97" language="German">
                    <pc:Coords points="445,299 354,299 354,266 445,266"/>
                    <pc:TextEquiv>
                        <pc:Unicode>welche</pc:Unicode>
                    </pc:TextEquiv>
                </pc:Word>
                <pc:Word id="w_w1aab1b5b2b3b5b2b3" language="German">
                    <pc:Coords points="460,274 503,274 503,296 460,296"/>
                    <pc:TextEquiv>
                        <pc:Unicode>am</pc:Unicode>
                    </pc:TextEquiv>
                </pc:Word>
                <pc:Word id="w_w1aab1b5b2b3b5b2b9" language="German">
                    <pc:Coords points="516,266 675,266 675,299 516,299"/>
                    <pc:TextEquiv>
                        <pc:Unicode>allermeiſten</pc:Unicode>
                    </pc:TextEquiv>
                </pc:Word>
                <pc:Word id="w_w1aab1b5b2b3b5b2c35" language="German">
                    <pc:Coords points="689,265 734,265 734,292 689,292"/>
                    <pc:TextEquiv>
                        <pc:Unicode>den</pc:Unicode>
                    </pc:TextEquiv>
                </pc:Word>
                <pc:Word id="w_w1aab1b5b2b3b5b2c43" language="German">
                    <pc:Coords points="749,262 845,262 845,296 749,296"/>
                    <pc:TextEquiv>
                        <pc:Unicode>Lastern</pc:Unicode>
                    </pc:TextEquiv>
                </pc:Word>
                <pc:TextEquiv>
                    <pc:Unicode>die jenige / welche am allermeiſten den Lastern</pc:Unicode>
                </pc:TextEquiv>
            </pc:TextLine>
            <pc:TextLine id="tl_6" primaryLanguage="German">
                <pc:Coords points="193,300 846,300 846,345 193,345"/>
                <pc:Baseline points="193,333 846,333"/>
                <pc:Word id="w_w1aab1b5b2b3b7ab1" language="German">
                    <pc:Coords points="193,310 246,310 246,345 193,345"/>
                    <pc:TextEquiv>
                        <pc:Unicode>ſeyn</pc:Unicode>
                    </pc:TextEquiv>
                </pc:Word>
                <pc:Word id="w_w1aab1b5b2b3b7ac11" language="German">
                    <pc:Coords points="255,308 361,308 361,341 255,341"/>
                    <pc:TextEquiv>
                        <pc:Unicode>ergeben.</pc:Unicode>
                    </pc:TextEquiv>
                </pc:Word>
                <pc:Word id="word_1479490338211_100" language="German">
                    <pc:Coords points="522,338 383,338 383,305 522,305"/>
                    <pc:TextEquiv>
                        <pc:Unicode>Mancher/</pc:Unicode>
                    </pc:TextEquiv>
                </pc:Word>
                <pc:Word id="word_1479490338210_99" language="German">
                    <pc:Coords points="564,338 522,338 522,305 564,305"/>
                    <pc:TextEquiv>
                        <pc:Unicode>der</pc:Unicode>
                    </pc:TextEquiv>
                </pc:Word>
                <pc:Word id="w_w1aab1b5b2b3b7ac53" language="German">
                    <pc:Coords points="572,304 618,304 618,338 572,338"/>
                    <pc:TextEquiv>
                        <pc:Unicode>ſich</pc:Unicode>
                    </pc:TextEquiv>
                </pc:Word>
                <pc:Word id="w_w1aab1b5b2b3b7ac63" language="German">
                    <pc:Coords points="625,307 662,307 662,331 625,331"/>
                    <pc:TextEquiv>
                        <pc:Unicode>im</pc:Unicode>
                    </pc:TextEquiv>
                </pc:Word>
                <pc:Word id="w_w1aab1b5b2b3b7ac69" language="German">
                    <pc:Coords points="673,300 846,300 846,337 673,337"/>
                    <pc:TextEquiv>
                        <pc:Unicode>Kriegsweſen</pc:Unicode>
                    </pc:TextEquiv>
                </pc:Word>
                <pc:TextEquiv>
                    <pc:Unicode>ſeyn ergeben. Mancher/ der ſich im Kriegsweſen</pc:Unicode>
                </pc:TextEquiv>
            </pc:TextLine>
            <pc:TextLine id="tl_7" primaryLanguage="German">
                <pc:Coords points="196,338 848,338 848,379 196,379"/>
                <pc:Baseline points="196,372 848,372"/>
                <pc:Word id="w_w1aab1b5b2b3b9ab1" language="German">
                    <pc:Coords points="196,352 237,352 237,378 196,378"/>
                    <pc:TextEquiv>
                        <pc:Unicode>als</pc:Unicode>
                    </pc:TextEquiv>
                </pc:Word>
                <pc:Word id="w_w1aab1b5b2b3b9ab9" language="German">
                    <pc:Coords points="250,353 291,353 291,375 250,375"/>
                    <pc:TextEquiv>
                        <pc:Unicode>ein</pc:Unicode>
                    </pc:TextEquiv>
                </pc:Word>
                <pc:Word id="w_w1aab1b5b2b3b9ac17" language="German">
                    <pc:Coords points="310,342 429,342 429,379 310,379"/>
                    <pc:TextEquiv>
                        <pc:Unicode>dapfferer</pc:Unicode>
                    </pc:TextEquiv>
                </pc:Word>
                <pc:Word id="w_w1aab1b5b2b3b9ac37" language="German">
                    <pc:Coords points="441,349 492,349 492,375 441,375"/>
                    <pc:TextEquiv>
                        <pc:Unicode>vnd</pc:Unicode>
                    </pc:TextEquiv>
                </pc:Word>
                <pc:Word id="w_w1aab1b5b2b3b9ac45" language="German">
                    <pc:Coords points="505,344 640,344 640,379 505,379"/>
                    <pc:TextEquiv>
                        <pc:Unicode>ſtreitbarer</pc:Unicode>
                    </pc:TextEquiv>
                </pc:Word>
                <pc:Word id="w_w1aab1b5b2b3b9ac69" language="German">
                    <pc:Coords points="661,338 761,338 761,376 661,376"/>
                    <pc:TextEquiv>
                        <pc:Unicode>Scipio</pc:Unicode>
                    </pc:TextEquiv>
                </pc:Word>
                <pc:Word id="w_w1aab1b5b2b3b9ac83" language="German">
                    <pc:Coords points="775,344 848,344 848,370 775,370"/>
                    <pc:TextEquiv>
                        <pc:Unicode>vnnd</pc:Unicode>
                    </pc:TextEquiv>
                </pc:Word>
                <pc:TextEquiv>
                    <pc:Unicode>als ein dapfferer vnd ſtreitbarer Scipio vnnd</pc:Unicode>
                </pc:TextEquiv>
            </pc:TextLine>
            <pc:TextLine id="tl_8" primaryLanguage="German">
                <pc:Coords points="198,378 849,378 849,422 198,422"/>
                <pc:Baseline points="198,410 849,410"/>
                <pc:Word id="word_1479490356636_102" language="German">
                    <pc:Coords points="337,422 198,422 198,385 337,385"/>
                    <pc:TextEquiv>
                        <pc:Unicode>Hannibal</pc:Unicode>
                    </pc:TextEquiv>
                </pc:Word>
                <pc:Word id="word_1479490356634_101" language="German">
                    <pc:Coords points="384,422 337,422 337,385 384,385"/>
                    <pc:TextEquiv>
                        <pc:Unicode>hat</pc:Unicode>
                    </pc:TextEquiv>
                </pc:Word>
                <pc:Word id="word_1479490365885_104" language="German">
                    <pc:Coords points="508,419 398,419 398,385 508,385"/>
                    <pc:TextEquiv>
                        <pc:Unicode>erzeiget/</pc:Unicode>
                    </pc:TextEquiv>
                </pc:Word>
                <pc:Word id="word_1479490365883_103" language="German">
                    <pc:Coords points="576,419 508,419 508,385 576,385"/>
                    <pc:TextEquiv>
                        <pc:Unicode>wird</pc:Unicode>
                    </pc:TextEquiv>
                </pc:Word>
                <pc:Word id="w_w1aab1b5b2b3c11ac53" language="German">
                    <pc:Coords points="589,379 718,379 718,413 589,413"/>
                    <pc:TextEquiv>
                        <pc:Unicode>hernacher</pc:Unicode>
                    </pc:TextEquiv>
                </pc:Word>
                <pc:Word id="w_w1aab1b5b2b3c11ac73" language="German">
                    <pc:Coords points="731,378 849,378 849,414 731,414"/>
                    <pc:TextEquiv>
                        <pc:Unicode>offtmals</pc:Unicode>
                    </pc:TextEquiv>
                </pc:Word>
                <pc:TextEquiv>
                    <pc:Unicode>Hannibal hat erzeiget/ wird hernacher offtmals</pc:Unicode>
                </pc:TextEquiv>
            </pc:TextLine>
            <pc:TextLine id="tl_9" primaryLanguage="German">
                <pc:Coords points="198,417 850,417 850,460 198,460"/>
                <pc:Baseline points="198,450 850,450"/>
                <pc:Word id="w_w1aab1b5b2b3c13ab1" language="German">
                    <pc:Coords points="198,430 227,430 227,456 198,456"/>
                    <pc:TextEquiv>
                        <pc:Unicode>in</pc:Unicode>
                    </pc:TextEquiv>
                </pc:Word>
                <pc:Word id="word_1479490925710_107" language="German">
                    <pc:Coords points="266,460 234,460 234,424 266,424 441,426 441,457"/>
                    <pc:TextEquiv>
                        <pc:Unicode>Friedenszeiten/</pc:Unicode>
                    </pc:TextEquiv>
                </pc:Word>
                <pc:Word id="word_1479490925707_106" language="German">
                    <pc:Coords points="441,457 441,426 489,427 489,457"/>
                    <pc:TextEquiv>
                        <pc:Unicode>viel</pc:Unicode>
                    </pc:TextEquiv>
                </pc:Word>
                <pc:Word id="w_w1aab1b5b2b3c13ac49" language="German">
                    <pc:Coords points="497,420 571,420 571,456 497,456"/>
                    <pc:TextEquiv>
                        <pc:Unicode>laſſer/</pc:Unicode>
                    </pc:TextEquiv>
                </pc:Word>
                <pc:Word id="w_w1aab1b5b2b3c13ac65" language="German">
                    <pc:Coords points="579,417 661,417 661,453 579,453"/>
                    <pc:TextEquiv>
                        <pc:Unicode>faͤuler</pc:Unicode>
                    </pc:TextEquiv>
                </pc:Word>
                <pc:Word id="w_w1aab1b5b2b3c13ac79" language="German">
                    <pc:Coords points="669,421 721,421 721,447 669,447"/>
                    <pc:TextEquiv>
                        <pc:Unicode>vnd</pc:Unicode>
                    </pc:TextEquiv>
                </pc:Word>
                <pc:Word id="w_w1aab1b5b2b3c13ac87" language="German">
                    <pc:Coords points="728,424 850,424 850,454 728,454"/>
                    <pc:TextEquiv>
                        <pc:Unicode>verzagter</pc:Unicode>
                    </pc:TextEquiv>
                </pc:Word>
                <pc:TextEquiv>
                    <pc:Unicode>in Friedenszeiten/ viel laſſer/ faͤuler vnd verzagter</pc:Unicode>
                </pc:TextEquiv>
            </pc:TextLine>
            <pc:TextLine id="tl_10" primaryLanguage="German">
                <pc:Coords points="196,456 851,456 851,497 196,497"/>
                <pc:Baseline points="196,488 851,488"/>
                <pc:Word id="w_w1aab1b5b2b3c15ab1" language="German">
                    <pc:Coords points="196,458 240,458 240,495 196,495"/>
                    <pc:TextEquiv>
                        <pc:Unicode>als</pc:Unicode>
                    </pc:TextEquiv>
                </pc:Word>
                <pc:Word id="w_w1aab1b5b2b3c15ac11" language="German">
                    <pc:Coords points="250,467 301,467 301,493 250,493"/>
                    <pc:TextEquiv>
                        <pc:Unicode>eine</pc:Unicode>
                    </pc:TextEquiv>
                </pc:Word>
                <pc:Word id="w_w1aab1b5b2b3c15ac21" language="German">
                    <pc:Coords points="310,461 373,461 373,497 310,497"/>
                    <pc:TextEquiv>
                        <pc:Unicode>naſſe</pc:Unicode>
                    </pc:TextEquiv>
                </pc:Word>
                <pc:Word id="word_1479490946852_109" language="German">
                    <pc:Coords points="501,497 382,497 382,459 501,459"/>
                    <pc:TextEquiv>
                        <pc:Unicode>Hennen.</pc:Unicode>
                    </pc:TextEquiv>
                </pc:Word>
                <pc:Word id="word_1479490946850_108" language="German">
                    <pc:Coords points="544,497 501,497 501,459 544,459"/>
                    <pc:TextEquiv>
                        <pc:Unicode>Ja</pc:Unicode>
                    </pc:TextEquiv>
                </pc:Word>
                <pc:Word id="w_w1aab1b5b2b3c15ac53" language="German">
                    <pc:Coords points="551,463 582,463 582,487 551,487"/>
                    <pc:TextEquiv>
                        <pc:Unicode>da</pc:Unicode>
                    </pc:TextEquiv>
                </pc:Word>
                <pc:Word id="w_w1aab1b5b2b3c15ac59" language="German">
                    <pc:Coords points="591,457 638,457 638,491 591,491"/>
                    <pc:TextEquiv>
                        <pc:Unicode>leßt</pc:Unicode>
                    </pc:TextEquiv>
                </pc:Word>
                <pc:Word id="w_w1aab1b5b2b3c15ac69" language="German">
                    <pc:Coords points="647,456 761,456 761,490 647,490"/>
                    <pc:TextEquiv>
                        <pc:Unicode>mancher</pc:Unicode>
                    </pc:TextEquiv>
                </pc:Word>
                <pc:Word id="w_w1aab1b5b2b3c15ac85" language="German">
                    <pc:Coords points="768,459 851,459 851,493 768,493"/>
                    <pc:TextEquiv>
                        <pc:Unicode>ſeinen</pc:Unicode>
                    </pc:TextEquiv>
                </pc:Word>
                <pc:TextEquiv>
                    <pc:Unicode>als eine naſſe Hennen. Ja da leßt mancher ſeinen</pc:Unicode>
                </pc:TextEquiv>
            </pc:TextLine>
            <pc:TextLine id="tl_11" primaryLanguage="German">
                <pc:Coords points="201,496 853,496 853,537 201,537"/>
                <pc:Baseline points="201,527 853,527"/>
                <pc:Word id="w_w1aab1b5b2b3c17ab1" language="German">
                    <pc:Coords points="201,504 374,504 374,537 201,537"/>
                    <pc:TextEquiv>
                        <pc:Unicode>Heldenmuht</pc:Unicode>
                    </pc:TextEquiv>
                </pc:Word>
                <pc:Word id="word_1479490971667_117" language="German">
                    <pc:Coords points="439,536 383,536 383,496 439,496"/>
                    <pc:TextEquiv>
                        <pc:Unicode>vnd</pc:Unicode>
                    </pc:TextEquiv>
                </pc:Word>
                <pc:Word id="word_1479490971666_116" language="German">
                    <pc:Coords points="659,536 439,536 439,496 659,496"/>
                    <pc:TextEquiv>
                        <pc:Unicode>Hertzhafftigkeit/</pc:Unicode>
                    </pc:TextEquiv>
                </pc:Word>
                <pc:Word id="word_1479490969258_114" language="German">
                    <pc:Coords points="758,536 659,536 659,496 758,496"/>
                    <pc:TextEquiv>
                        <pc:Unicode>darmit</pc:Unicode>
                    </pc:TextEquiv>
                </pc:Word>
                <pc:Word id="word_1479490966674_112" language="German">
                    <pc:Coords points="810,536 758,536 758,496 810,496"/>
                    <pc:TextEquiv>
                        <pc:Unicode>jhn</pc:Unicode>
                    </pc:TextEquiv>
                </pc:Word>
                <pc:Word id="word_1479490964890_110" language="German">
                    <pc:Coords points="853,536 810,536 810,496 853,496"/>
                    <pc:TextEquiv>
                        <pc:Unicode>die</pc:Unicode>
                    </pc:TextEquiv>
                </pc:Word>
                <pc:TextEquiv>
                    <pc:Unicode>Heldenmuht vnd Hertzhafftigkeit/ darmit jhn die</pc:Unicode>
                </pc:TextEquiv>
            </pc:TextLine>
            <pc:TextLine id="tl_12" primaryLanguage="German">
                <pc:Coords points="202,535 854,535 854,576 202,576"/>
                <pc:Baseline points="202,566 854,566"/>
                <pc:Word id="w_w1aab1b5b2b3c19ab1" language="German">
                    <pc:Coords points="202,543 295,543 295,573 202,573"/>
                    <pc:TextEquiv>
                        <pc:Unicode>Natur</pc:Unicode>
                    </pc:TextEquiv>
                </pc:Word>
                <pc:Word id="w_w1aab1b5b2b3c19ac13" language="German">
                    <pc:Coords points="309,543 404,543 404,576 309,576"/>
                    <pc:TextEquiv>
                        <pc:Unicode>begabet</pc:Unicode>
                    </pc:TextEquiv>
                </pc:Word>
                <pc:Word id="w_w1aab1b5b2b3c19ac29" language="German">
                    <pc:Coords points="413,544 464,544 464,571 413,571"/>
                    <pc:TextEquiv>
                        <pc:Unicode>vnd</pc:Unicode>
                    </pc:TextEquiv>
                </pc:Word>
                <pc:Word id="word_1479491007141_121" language="German">
                    <pc:Coords points="578,573 473,573 473,535 578,535"/>
                    <pc:TextEquiv>
                        <pc:Unicode>gezieret/</pc:Unicode>
                    </pc:TextEquiv>
                </pc:Word>
                <pc:Word id="word_1479491007138_120" language="German">
                    <pc:Coords points="665,573 578,573 578,535 665,535"/>
                    <pc:TextEquiv>
                        <pc:Unicode>fallen/</pc:Unicode>
                    </pc:TextEquiv>
                </pc:Word>
                <pc:Word id="word_1479491004330_118" language="German">
                    <pc:Coords points="719,573 665,573 665,535 719,535"/>
                    <pc:TextEquiv>
                        <pc:Unicode>vnd</pc:Unicode>
                    </pc:TextEquiv>
                </pc:Word>
                <pc:Word id="w_w1aab1b5b2b3c19ac77" language="German">
                    <pc:Coords points="732,536 854,536 854,571 732,571"/>
                    <pc:TextEquiv>
                        <pc:Unicode>beſchleuſt</pc:Unicode>
                    </pc:TextEquiv>
                </pc:Word>
                <pc:TextEquiv>
                    <pc:Unicode>Natur begabet vnd gezieret/ fallen/ vnd beſchleuſt</pc:Unicode>
                </pc:TextEquiv>
            </pc:TextLine>
            <pc:TextLine id="tl_13" primaryLanguage="German">
                <pc:Coords points="203,570 854,570 854,617 203,617"/>
                <pc:Baseline points="203,605 854,605"/>
                <pc:Word id="w_w1aab1b5b2b3c21ab1" language="German">
                    <pc:Coords points="203,584 264,584 264,617 203,617"/>
                    <pc:TextEquiv>
                        <pc:Unicode>ſeine</pc:Unicode>
                    </pc:TextEquiv>
                </pc:Word>
                <pc:Word id="w_w1aab1b5b2b3c21ac13" language="German">
                    <pc:Coords points="273,580 457,580 457,615 273,615"/>
                    <pc:TextEquiv>
                        <pc:Unicode>Heldenthaten</pc:Unicode>
                    </pc:TextEquiv>
                </pc:Word>
                <pc:Word id="w_w1aab1b5b2b3c21ac37" language="German">
                    <pc:Coords points="470,581 516,581 516,607 470,607"/>
                    <pc:TextEquiv>
                        <pc:Unicode>mit</pc:Unicode>
                    </pc:TextEquiv>
                </pc:Word>
                <pc:Word id="w_w1aab1b5b2b3c21ac45" language="German">
                    <pc:Coords points="525,578 589,578 589,605 525,605"/>
                    <pc:TextEquiv>
                        <pc:Unicode>einer</pc:Unicode>
                    </pc:TextEquiv>
                </pc:Word>
                <pc:Word id="w_w1aab1b5b2b3c21ac57" language="German">
                    <pc:Coords points="601,570 782,570 782,606 601,606"/>
                    <pc:TextEquiv>
                        <pc:Unicode>verzweiffelten</pc:Unicode>
                    </pc:TextEquiv>
                </pc:Word>
                <pc:Word id="w_w1aab1b5b2b3c21ac87" language="German">
                    <pc:Coords points="793,574 854,574 854,605 793,605"/>
                    <pc:TextEquiv>
                        <pc:Unicode>Vn-</pc:Unicode>
                    </pc:TextEquiv>
                </pc:Word>
                <pc:TextEquiv>
                    <pc:Unicode>ſeine Heldenthaten mit einer verzweiffelten Vn-</pc:Unicode>
                </pc:TextEquiv>
            </pc:TextLine>
            <pc:TextLine id="tl_14" primaryLanguage="German">
                <pc:Coords points="205,609 856,609 856,658 205,658"/>
                <pc:Baseline points="205,645 856,645"/>
                <pc:Word id="w_w1aab1b5b2b3c23ab1" language="German">
                    <pc:Coords points="205,620 343,620 343,658 205,658"/>
                    <pc:TextEquiv>
                        <pc:Unicode>ſinnigkeit:</pc:Unicode>
                    </pc:TextEquiv>
                </pc:Word>
                <pc:Word id="w_w1aab1b5b2b3c23ac25" language="German">
                    <pc:Coords points="383,621 433,621 433,653 383,653"/>
                    <pc:TextEquiv>
                        <pc:Unicode>Laſt</pc:Unicode>
                    </pc:TextEquiv>
                </pc:Word>
                <pc:Word id="w_w1aab1b5b2b3c23ac35" language="German">
                    <pc:Coords points="447,621 499,621 499,647 447,647"/>
                    <pc:TextEquiv>
                        <pc:Unicode>vns</pc:Unicode>
                    </pc:TextEquiv>
                </pc:Word>
                <pc:Word id="w_w1aab1b5b2b3c23ac43" language="German">
                    <pc:Coords points="511,613 586,613 586,648 511,648"/>
                    <pc:TextEquiv>
                        <pc:Unicode>deſſen</pc:Unicode>
                    </pc:TextEquiv>
                </pc:Word>
                <pc:Word id="w_w1aab1b5b2b3c23ac57" language="German">
                    <pc:Coords points="600,614 640,614 640,640 600,640"/>
                    <pc:TextEquiv>
                        <pc:Unicode>ein</pc:Unicode>
                    </pc:TextEquiv>
                </pc:Word>
                <pc:Word id="w_w1aab1b5b2b3c23ac65" language="German">
                    <pc:Coords points="653,609 773,609 773,648 653,648"/>
                    <pc:TextEquiv>
                        <pc:Unicode>Exempel</pc:Unicode>
                    </pc:TextEquiv>
                </pc:Word>
                <pc:Word id="w_w1aab1b5b2b3c23ac81" language="German">
                    <pc:Coords points="786,613 856,613 856,648 786,648"/>
                    <pc:TextEquiv>
                        <pc:Unicode>ſehen</pc:Unicode>
                    </pc:TextEquiv>
                </pc:Word>
                <pc:TextEquiv>
                    <pc:Unicode>ſinnigkeit: Laſt vns deſſen ein Exempel ſehen</pc:Unicode>
                </pc:TextEquiv>
            </pc:TextLine>
            <pc:TextLine id="tl_15" primaryLanguage="German">
                <pc:Coords points="206,651 857,651 857,695 206,695"/>
                <pc:Baseline points="206,684 857,684"/>
                <pc:Word id="w_w1aab1b5b2b3c25ab1" language="German">
                    <pc:Coords points="206,669 240,669 240,690 206,690"/>
                    <pc:TextEquiv>
                        <pc:Unicode>an</pc:Unicode>
                    </pc:TextEquiv>
                </pc:Word>
                <pc:Word id="w_w1aab1b5b2b3c25ab7" language="German">
                    <pc:Coords points="250,664 303,664 303,689 250,689"/>
                    <pc:TextEquiv>
                        <pc:Unicode>dem</pc:Unicode>
                    </pc:TextEquiv>
                </pc:Word>
                <pc:Word id="w_w1aab1b5b2b3c25ac15" language="German">
                    <pc:Coords points="312,658 406,658 406,695 312,695"/>
                    <pc:TextEquiv>
                        <pc:Unicode>Lycaon</pc:Unicode>
                    </pc:TextEquiv>
                </pc:Word>
                <pc:Word id="word_1479491057654_123" language="German">
                    <pc:Coords points="506,691 420,691 420,655 506,655"/>
                    <pc:TextEquiv>
                        <pc:Unicode>ſelber/</pc:Unicode>
                    </pc:TextEquiv>
                </pc:Word>
                <pc:Word id="word_1479491057651_122" language="German">
                    <pc:Coords points="566,691 506,691 506,655 566,655"/>
                    <pc:TextEquiv>
                        <pc:Unicode>weil</pc:Unicode>
                    </pc:TextEquiv>
                </pc:Word>
                <pc:Word id="w_w1aab1b5b2b3c25ac53" language="German">
                    <pc:Coords points="586,654 633,654 633,680 586,680"/>
                    <pc:TextEquiv>
                        <pc:Unicode>wir</pc:Unicode>
                    </pc:TextEquiv>
                </pc:Word>
                <pc:Word id="word_1479491066862_125" language="German">
                    <pc:Coords points="710,684 646,684 646,651 710,651"/>
                    <pc:TextEquiv>
                        <pc:Unicode>ohne</pc:Unicode>
                    </pc:TextEquiv>
                </pc:Word>
                <pc:Word id="word_1479491066859_124" language="German">
                    <pc:Coords points="763,684 710,684 710,651 763,651"/>
                    <pc:TextEquiv>
                        <pc:Unicode>das</pc:Unicode>
                    </pc:TextEquiv>
                </pc:Word>
                <pc:Word id="w_w1aab1b5b2b3c25ac77" language="German">
                    <pc:Coords points="779,651 857,651 857,685 779,685"/>
                    <pc:TextEquiv>
                        <pc:Unicode>ſeines</pc:Unicode>
                    </pc:TextEquiv>
                </pc:Word>
                <pc:TextEquiv>
                    <pc:Unicode>an dem Lycaon ſelber/ weil wir ohne das ſeines</pc:Unicode>
                </pc:TextEquiv>
            </pc:TextLine>
            <pc:TextLine id="tl_16" primaryLanguage="German">
                <pc:Coords points="207,689 858,689 858,733 207,733"/>
                <pc:Baseline points="207,723 858,723"/>
                <pc:Word id="w_w1aab1b5b2b3c27ab1" language="German">
                    <pc:Coords points="207,700 294,700 294,729 207,729"/>
                    <pc:TextEquiv>
                        <pc:Unicode>Lebens</pc:Unicode>
                    </pc:TextEquiv>
                </pc:Word>
                <pc:Word id="w_w1aab1b5b2b3c27ac15" language="German">
                    <pc:Coords points="302,703 353,703 353,729 302,729"/>
                    <pc:TextEquiv>
                        <pc:Unicode>vnd</pc:Unicode>
                    </pc:TextEquiv>
                </pc:Word>
                <pc:Word id="w_w1aab1b5b2b3c27ac23" language="German">
                    <pc:Coords points="361,697 545,697 545,733 361,733"/>
                    <pc:TextEquiv>
                        <pc:Unicode>Herkommens</pc:Unicode>
                    </pc:TextEquiv>
                </pc:Word>
                <pc:Word id="w_w1aab1b5b2b3c27ac45" language="German">
                    <pc:Coords points="552,689 651,689 651,725 552,725"/>
                    <pc:TextEquiv>
                        <pc:Unicode>anfang</pc:Unicode>
                    </pc:TextEquiv>
                </pc:Word>
                <pc:Word id="w_w1aab1b5b2b3c27ac59" language="German">
                    <pc:Coords points="658,690 729,690 729,725 658,725"/>
                    <pc:TextEquiv>
                        <pc:Unicode>ſchon</pc:Unicode>
                    </pc:TextEquiv>
                </pc:Word>
                <pc:Word id="w_w1aab1b5b2b3c27b1b1" language="German">
                    <pc:Coords points="742,697 858,697 858,722 742,722"/>
                    <pc:TextEquiv>
                        <pc:Unicode>vernom-</pc:Unicode>
                    </pc:TextEquiv>
                </pc:Word>
                <pc:TextEquiv>
                    <pc:Unicode>Lebens vnd Herkommens anfang ſchon vernom-</pc:Unicode>
                </pc:TextEquiv>
            </pc:TextLine>
            <pc:TextLine id="tl_17" primaryLanguage="German">
                <pc:Coords points="207,740 362,740 362,772 207,772"/>
                <pc:Baseline points="207,767 362,767"/>
                <pc:Word id="w_w1aab1b5b2b3c29ab1" language="German">
                    <pc:Coords points="207,747 265,747 265,770 207,770"/>
                    <pc:TextEquiv>
                        <pc:Unicode>men</pc:Unicode>
                    </pc:TextEquiv>
                </pc:Word>
                <pc:Word id="w_w1aab1b5b2b3c29ab9" language="German">
                    <pc:Coords points="274,740 362,740 362,772 274,772"/>
                    <pc:TextEquiv>
                        <pc:Unicode>haben.</pc:Unicode>
                    </pc:TextEquiv>
                </pc:Word>
                <pc:TextEquiv>
                    <pc:Unicode>men haben.</pc:Unicode>
                </pc:TextEquiv>
            </pc:TextLine>
            <pc:TextEquiv>
                <pc:Unicode>iſt ſo groß/ daß manchmals die jenige/ welch man
haͤlt fuͤr die beſte/ edleſte vnd fuͤrtrefflichſte / ſeyn
die jenige / welche am allermeiſten den Lastern
ſeyn ergeben. Mancher/ der ſich im Kriegsweſen
als ein dapfferer vnd ſtreitbarer Scipio vnnd
Hannibal hat erzeiget/ wird hernacher offtmals
in Friedenszeiten/ viel laſſer/ faͤuler vnd verzagter
als eine naſſe Hennen. Ja da leßt mancher ſeinen
Heldenmuht vnd Hertzhafftigkeit/ darmit jhn die
Natur begabet vnd gezieret/ fallen/ vnd beſchleuſt
ſeine Heldenthaten mit einer verzweiffelten Vn-
ſinnigkeit: Laſt vns deſſen ein Exempel ſehen
an dem Lycaon ſelber/ weil wir ohne das ſeines
Lebens vnd Herkommens anfang ſchon vernom-
men haben.</pc:Unicode>
            </pc:TextEquiv>
        </pc:TextRegion>
        <pc:TextRegion id="r_5_1" type="heading" primaryLanguage="German" secondaryLanguage="Latin">
            <pc:Coords points="367,834 716,834 716,887 367,887"/>
            <pc:TextLine id="tl_18" primaryLanguage="German">
                <pc:Coords points="368,835 715,835 715,886 368,886"/>
                <pc:Baseline points="368,880 715,880"/>
                <pc:Word id="w_w1aab1b9b2b1b1ab1" language="German">
                    <pc:Coords points="368,835 468,835 468,882 368,882"/>
                    <pc:TextEquiv>
                        <pc:Unicode>Das</pc:Unicode>
                    </pc:TextEquiv>
                </pc:Word>
                <pc:Word id="w_w1aab1b9b2b1b1ab9" language="German">
                    <pc:Coords points="486,848 552,848 552,883 486,883"/>
                    <pc:TextEquiv>
                        <pc:Unicode>I I.</pc:Unicode>
                    </pc:TextEquiv>
                </pc:Word>
                <pc:Word id="w_w1aab1b9b2b1b1ac17" language="German">
                    <pc:Coords points="565,836 715,836 715,886 565,886"/>
                    <pc:TextEquiv>
                        <pc:Unicode>Capitel.</pc:Unicode>
                    </pc:TextEquiv>
                </pc:Word>
                <pc:TextEquiv>
                    <pc:Unicode>Das I I. Capitel.</pc:Unicode>
                </pc:TextEquiv>
            </pc:TextLine>
            <pc:TextEquiv>
                <pc:Unicode>Das I I. Capitel.</pc:Unicode>
            </pc:TextEquiv>
        </pc:TextRegion>
        <pc:TextRegion id="r_5_2" type="paragraph" primaryLanguage="German" secondaryLanguage="Latin">
            <pc:Coords points="208,896 870,896 870,1220 208,1220"/>
            <pc:TextLine id="tl_19" primaryLanguage="German">
                <pc:Coords points="209,897 865,897 865,949 209,949"/>
                <pc:Baseline points="209,932 865,932"/>
                <pc:Word id="w_w1aab1b9b2b3b1ab1" language="German">
                    <pc:Coords points="209,906 346,906 346,949 209,949"/>
                    <pc:TextEquiv>
                        <pc:Unicode>Ferꝛnere</pc:Unicode>
                    </pc:TextEquiv>
                </pc:Word>
                <pc:Word id="w_w1aab1b9b2b3b1ac19" language="German">
                    <pc:Coords points="360,900 587,900 587,943 360,943"/>
                    <pc:TextEquiv>
                        <pc:Unicode>Beſchreibung</pc:Unicode>
                    </pc:TextEquiv>
                </pc:Word>
                <pc:Word id="w_w1aab1b9b2b3b1ac45" language="German">
                    <pc:Coords points="603,897 660,897 660,941 603,941"/>
                    <pc:TextEquiv>
                        <pc:Unicode>deß</pc:Unicode>
                    </pc:TextEquiv>
                </pc:Word>
                <pc:Word id="w_w1aab1b9b2b3b1ac53" language="German">
                    <pc:Coords points="671,897 790,897 790,930 671,930"/>
                    <pc:TextEquiv>
                        <pc:Unicode>Lebens</pc:Unicode>
                    </pc:TextEquiv>
                </pc:Word>
                <pc:Word id="w_w1aab1b9b2b3b1ac67" language="German">
                    <pc:Coords points="807,897 865,897 865,942 807,942"/>
                    <pc:TextEquiv>
                        <pc:Unicode>deß</pc:Unicode>
                    </pc:TextEquiv>
                </pc:Word>
                <pc:TextEquiv>
                    <pc:Unicode>Ferꝛnere Beſchreibung deß Lebens deß</pc:Unicode>
                </pc:TextEquiv>
            </pc:TextLine>
            <pc:TextLine id="tl_20" primaryLanguage="German">
                <pc:Coords points="255,939 865,939 865,989 255,989"/>
                <pc:Baseline points="255,976 865,976"/>
                <pc:Word id="word_1479491163411_129" language="German">
                    <pc:Coords points="479,989 255,989 255,944 479,944"/>
                    <pc:TextEquiv>
                        <pc:Unicode>Hauptmanns</pc:Unicode>
                    </pc:TextEquiv>
                </pc:Word>
                <pc:Word id="word_1479491163410_128" language="German">
                    <pc:Coords points="615,989 479,989 479,944 615,944"/>
                    <pc:TextEquiv>
                        <pc:Unicode>Lycaon/</pc:Unicode>
                    </pc:TextEquiv>
                </pc:Word>
                <pc:Word id="word_1479491161810_126" language="German">
                    <pc:Coords points="674,989 615,989 615,944 674,944"/>
                    <pc:TextEquiv>
                        <pc:Unicode>ſein</pc:Unicode>
                    </pc:TextEquiv>
                </pc:Word>
                <pc:Word id="w_w1aab1b9b2b3b3ac47" language="German">
                    <pc:Coords points="685,939 769,939 769,986 685,986"/>
                    <pc:TextEquiv>
                        <pc:Unicode>boͤſes</pc:Unicode>
                    </pc:TextEquiv>
                </pc:Word>
                <pc:Word id="w_w1aab1b9b2b3b3ac59" language="German">
                    <pc:Coords points="780,945 865,945 865,977 780,977"/>
                    <pc:TextEquiv>
                        <pc:Unicode>Vor-</pc:Unicode>
                    </pc:TextEquiv>
                </pc:Word>
                <pc:TextEquiv>
                    <pc:Unicode>Hauptmanns Lycaon/ ſein boͤſes Vor-</pc:Unicode>
                </pc:TextEquiv>
            </pc:TextLine>
            <pc:TextLine id="tl_21" primaryLanguage="German">
                <pc:Coords points="255,984 869,984 869,1033 255,1033"/>
                <pc:Baseline points="255,1022 869,1022"/>
                <pc:Word id="word_1479491183212_135" language="German">
                    <pc:Coords points="371,1033 255,1033 255,984 371,984"/>
                    <pc:TextEquiv>
                        <pc:Unicode>nemen/</pc:Unicode>
                    </pc:TextEquiv>
                </pc:Word>
                <pc:Word id="word_1479491183210_134" language="German">
                    <pc:Coords points="445,1033 371,1033 371,984 445,984"/>
                    <pc:TextEquiv>
                        <pc:Unicode>ſeine</pc:Unicode>
                    </pc:TextEquiv>
                </pc:Word>
                <pc:Word id="word_1479491181298_132" language="German">
                    <pc:Coords points="654,1033 445,1033 445,984 654,984"/>
                    <pc:TextEquiv>
                        <pc:Unicode>Argliſtigkeit/</pc:Unicode>
                    </pc:TextEquiv>
                </pc:Word>
                <pc:Word id="word_1479491179650_130" language="German">
                    <pc:Coords points="869,1033 654,1033 654,984 869,984"/>
                    <pc:TextEquiv>
                        <pc:Unicode>Verſchlagen-</pc:Unicode>
                    </pc:TextEquiv>
                </pc:Word>
                <pc:TextEquiv>
                    <pc:Unicode>nemen/ ſeine Argliſtigkeit/ Verſchlagen-</pc:Unicode>
                </pc:TextEquiv>
            </pc:TextLine>
            <pc:TextLine id="tl_22" primaryLanguage="German">
                <pc:Coords points="256,1035 865,1035 865,1080 256,1080"/>
                <pc:Baseline points="256,1067 865,1067"/>
                <pc:Word id="w_w1aab1b9b2b3b7ab1" language="German">
                    <pc:Coords points="256,1040 320,1040 320,1080 256,1080"/>
                    <pc:TextEquiv>
                        <pc:Unicode>heit</pc:Unicode>
                    </pc:TextEquiv>
                </pc:Word>
                <pc:Word id="w_w1aab1b9b2b3b7ac11" language="German">
                    <pc:Coords points="327,1038 388,1038 388,1069 327,1069"/>
                    <pc:TextEquiv>
                        <pc:Unicode>vnd</pc:Unicode>
                    </pc:TextEquiv>
                </pc:Word>
                <pc:Word id="word_1479491210572_138" language="German">
                    <pc:Coords points="563,1077 396,1077 396,1035 597,1035 597,1075"/>
                    <pc:TextEquiv>
                        <pc:Unicode>Kriegsliſte/</pc:Unicode>
                    </pc:TextEquiv>
                </pc:Word>
                <pc:Word id="word_1479491210570_137" language="German">
                    <pc:Coords points="597,1075 597,1035 665,1037 665,1072"/>
                    <pc:TextEquiv>
                        <pc:Unicode>vnd</pc:Unicode>
                    </pc:TextEquiv>
                </pc:Word>
                <pc:Word id="w_w1aab1b9b2b3b7ac53" language="German">
                    <pc:Coords points="676,1045 749,1045 749,1067 676,1067"/>
                    <pc:TextEquiv>
                        <pc:Unicode>was</pc:Unicode>
                    </pc:TextEquiv>
                </pc:Word>
                <pc:Word id="w_w1aab1b9b2b3b7ac61" language="German">
                    <pc:Coords points="760,1045 789,1045 789,1065 760,1065"/>
                    <pc:TextEquiv>
                        <pc:Unicode>er</pc:Unicode>
                    </pc:TextEquiv>
                </pc:Word>
                <pc:Word id="w_w1aab1b9b2b3b7ac67" language="German">
                    <pc:Coords points="801,1040 865,1040 865,1075 801,1075"/>
                    <pc:TextEquiv>
                        <pc:Unicode>ſon-</pc:Unicode>
                    </pc:TextEquiv>
                </pc:Word>
                <pc:TextEquiv>
                    <pc:Unicode>heit vnd Kriegsliſte/ vnd was er ſon-</pc:Unicode>
                </pc:TextEquiv>
            </pc:TextLine>
            <pc:TextLine id="tl_23" primaryLanguage="German">
                <pc:Coords points="257,1078 866,1078 866,1125 257,1125"/>
                <pc:Baseline points="257,1111 866,1111"/>
                <pc:Word id="w_w1aab1b9b2b3b9ab1" language="German">
                    <pc:Coords points="257,1084 318,1084 318,1125 257,1125"/>
                    <pc:TextEquiv>
                        <pc:Unicode>ſten</pc:Unicode>
                    </pc:TextEquiv>
                </pc:Word>
                <pc:Word id="w_w1aab1b9b2b3b9ac11" language="German">
                    <pc:Coords points="328,1089 386,1089 386,1113 328,1113"/>
                    <pc:TextEquiv>
                        <pc:Unicode>vor</pc:Unicode>
                    </pc:TextEquiv>
                </pc:Word>
                <pc:Word id="w_w1aab1b9b2b3b9ac19" language="German">
                    <pc:Coords points="396,1080 581,1080 581,1121 396,1121"/>
                    <pc:TextEquiv>
                        <pc:Unicode>ſchreckliche</pc:Unicode>
                    </pc:TextEquiv>
                </pc:Word>
                <pc:Word id="w_w1aab1b9b2b3b9ac45" language="German">
                    <pc:Coords points="593,1082 684,1082 684,1121 593,1121"/>
                    <pc:TextEquiv>
                        <pc:Unicode>dinge</pc:Unicode>
                    </pc:TextEquiv>
                </pc:Word>
                <pc:Word id="w_w1aab1b9b2b3b9ac57" language="German">
                    <pc:Coords points="694,1078 866,1078 866,1120 694,1120"/>
                    <pc:TextEquiv>
                        <pc:Unicode>begangen/</pc:Unicode>
                    </pc:TextEquiv>
                </pc:Word>
                <pc:TextEquiv>
                    <pc:Unicode>ſten vor ſchreckliche dinge begangen/</pc:Unicode>
                </pc:TextEquiv>
            </pc:TextLine>
            <pc:TextLine id="tl_24" primaryLanguage="German">
                <pc:Coords points="257,1117 868,1117 868,1168 257,1168"/>
                <pc:Baseline points="257,1156 868,1156"/>
                <pc:Word id="w_w1aab1b9b2b3c11ab1" language="German">
                    <pc:Coords points="257,1138 321,1138 321,1161 257,1161"/>
                    <pc:TextEquiv>
                        <pc:Unicode>von</pc:Unicode>
                    </pc:TextEquiv>
                </pc:Word>
                <pc:Word id="word_1479491232460_140" language="German">
                    <pc:Coords points="380,1165 328,1165 328,1129 380,1129"/>
                    <pc:TextEquiv>
                        <pc:Unicode>der</pc:Unicode>
                    </pc:TextEquiv>
                </pc:Word>
                <pc:Word id="word_1479491232458_139" language="German">
                    <pc:Coords points="435,1165 380,1165 380,1129 435,1129"/>
                    <pc:TextEquiv>
                        <pc:Unicode>zeit</pc:Unicode>
                    </pc:TextEquiv>
                </pc:Word>
                <pc:Word id="word_1479491239740_142" language="German">
                    <pc:Coords points="489,1160 442,1160 442,1117 489,1117"/>
                    <pc:TextEquiv>
                        <pc:Unicode>an/</pc:Unicode>
                    </pc:TextEquiv>
                </pc:Word>
                <pc:Word id="word_1479491239739_141" language="German">
                    <pc:Coords points="529,1160 489,1160 489,1117 529,1117"/>
                    <pc:TextEquiv>
                        <pc:Unicode>da</pc:Unicode>
                    </pc:TextEquiv>
                </pc:Word>
                <pc:Word id="w_w1aab1b9b2b3c11ac37" language="German">
                    <pc:Coords points="536,1134 565,1134 565,1155 536,1155"/>
                    <pc:TextEquiv>
                        <pc:Unicode>er</pc:Unicode>
                    </pc:TextEquiv>
                </pc:Word>
                <pc:Word id="w_w1aab1b9b2b3c11ac43" language="German">
                    <pc:Coords points="572,1123 630,1123 630,1163 572,1163"/>
                    <pc:TextEquiv>
                        <pc:Unicode>ſich</pc:Unicode>
                    </pc:TextEquiv>
                </pc:Word>
                <pc:Word id="word_1479491248636_144" language="German">
                    <pc:Coords points="708,1167 638,1167 638,1122 708,1122"/>
                    <pc:TextEquiv>
                        <pc:Unicode>auff</pc:Unicode>
                    </pc:TextEquiv>
                </pc:Word>
                <pc:Word id="word_1479491248634_143" language="German">
                    <pc:Coords points="768,1167 708,1167 708,1122 768,1122"/>
                    <pc:TextEquiv>
                        <pc:Unicode>das</pc:Unicode>
                    </pc:TextEquiv>
                </pc:Word>
                <pc:Word id="w_w1aab1b9b2b3c11ac71" language="German">
                    <pc:Coords points="776,1124 868,1124 868,1168 776,1168"/>
                    <pc:TextEquiv>
                        <pc:Unicode>Straſ-</pc:Unicode>
                    </pc:TextEquiv>
                </pc:Word>
                <pc:TextEquiv>
                    <pc:Unicode>von der zeit an/ da er ſich auff das Straſ-</pc:Unicode>
                </pc:TextEquiv>
            </pc:TextLine>
            <pc:TextLine id="tl_25" primaryLanguage="German">
                <pc:Coords points="259,1168 634,1168 634,1219 259,1219"/>
                <pc:Baseline points="259,1202 634,1202"/>
                <pc:Word id="w_w1aab1b9b2b3c13ab1" language="German">
                    <pc:Coords points="259,1170 418,1170 418,1219 259,1219"/>
                    <pc:TextEquiv>
                        <pc:Unicode>ſenrauben</pc:Unicode>
                    </pc:TextEquiv>
                </pc:Word>
                <pc:Word id="w_w1aab1b9b2b3c13ac21" language="German">
                    <pc:Coords points="427,1169 481,1169 481,1210 427,1210"/>
                    <pc:TextEquiv>
                        <pc:Unicode>hat</pc:Unicode>
                    </pc:TextEquiv>
                </pc:Word>
                <pc:Word id="w_w1aab1b9b2b3c13ac29" language="German">
                    <pc:Coords points="490,1168 634,1168 634,1210 490,1210"/>
                    <pc:TextEquiv>
                        <pc:Unicode>begeben.</pc:Unicode>
                    </pc:TextEquiv>
                </pc:Word>
                <pc:TextEquiv>
                    <pc:Unicode>ſenrauben hat begeben.</pc:Unicode>
                </pc:TextEquiv>
            </pc:TextLine>
            <pc:TextEquiv>
                <pc:Unicode>Ferꝛnere Beſchreibung deß Lebens deß
Hauptmanns Lycaon/ ſein boͤſes Vor-
nemen/ ſeine Argliſtigkeit/ Verſchlagen-
heit vnd Kriegsliſte/ vnd was er ſon-
ſten vor ſchreckliche dinge begangen/
von der zeit an/ da er ſich auff das Straſ-
ſenrauben hat begeben.</pc:Unicode>
            </pc:TextEquiv>
        </pc:TextRegion>
        <pc:TextRegion id="region_1479490068106_85" type="drop-capital" primaryLanguage="German" secondaryLanguage="Latin">
            <pc:Coords points="208,1220 330,1220 330,1347 208,1347"/>
            <pc:TextLine id="line_1479490109306_87">
                <pc:Coords points="205,1221 328,1221 328,1348 205,1348"/>
                <pc:Baseline points="209,1341 326,1343"/>
                <pc:Word id="word_1479490139771_88">
                    <pc:Coords points="216,1219 328,1219 328,1348 216,1348"/>
                    <pc:TextEquiv>
                        <pc:Unicode>E</pc:Unicode>
                    </pc:TextEquiv>
                </pc:Word>
                <pc:TextEquiv>
                    <pc:Unicode>E</pc:Unicode>
                </pc:TextEquiv>
            </pc:TextLine>
            <pc:TextEquiv>
                <pc:Unicode>E</pc:Unicode>
            </pc:TextEquiv>
        </pc:TextRegion>
        <pc:TextRegion id="TextRegion_1479490075810_86" type="paragraph" primaryLanguage="German" secondaryLanguage="Latin">
            <pc:Coords points="331,1225 874,1225 876,1348 876,1393 219,1393 219,1351 333,1351"/>
            <pc:TextLine id="tl_26" primaryLanguage="German">
                <pc:Coords points="334,1226 870,1226 870,1272 334,1272"/>
                <pc:Baseline points="334,1260 870,1260"/>
                <pc:Word id="w_w1aab1b9b2b5b1ab1" language="German">
                    <pc:Coords points="334,1228 373,1228 373,1272 334,1272"/>
                    <pc:TextEquiv>
                        <pc:Unicode>S</pc:Unicode>
                    </pc:TextEquiv>
                </pc:Word>
                <pc:Word id="w_w1aab1b9b2b5b1b1b1" language="German">
                    <pc:Coords points="389,1226 436,1226 436,1272 389,1272"/>
                    <pc:TextEquiv>
                        <pc:Unicode>hat</pc:Unicode>
                    </pc:TextEquiv>
                </pc:Word>
                <pc:Word id="w_w1aab1b9b2b5b1b2b1" language="German">
                    <pc:Coords points="447,1226 594,1226 594,1269 447,1269"/>
                    <pc:TextEquiv>
                        <pc:Unicode>Epictetus</pc:Unicode>
                    </pc:TextEquiv>
                </pc:Word>
                <pc:Word id="w_w1aab1b9b2b5b1b2c21" language="German">
                    <pc:Coords points="606,1226 679,1226 679,1266 606,1266"/>
                    <pc:TextEquiv>
                        <pc:Unicode>recht</pc:Unicode>
                    </pc:TextEquiv>
                </pc:Word>
                <pc:Word id="w_w1aab1b9b2b5b1b2c33" language="German">
                    <pc:Coords points="690,1230 747,1230 747,1260 690,1260"/>
                    <pc:TextEquiv>
                        <pc:Unicode>vnd</pc:Unicode>
                    </pc:TextEquiv>
                </pc:Word>
                <pc:Word id="w_w1aab1b9b2b5b1b2c41" language="German">
                    <pc:Coords points="757,1228 812,1228 812,1262 757,1262"/>
                    <pc:TextEquiv>
                        <pc:Unicode>wol</pc:Unicode>
                    </pc:TextEquiv>
                </pc:Word>
                <pc:Word id="w_w1aab1b9b2b5b1b2c49" language="German">
                    <pc:Coords points="825,1235 870,1235 870,1269 825,1269"/>
                    <pc:TextEquiv>
                        <pc:Unicode>ge-</pc:Unicode>
                    </pc:TextEquiv>
                </pc:Word>
                <pc:TextEquiv>
                    <pc:Unicode>S hat Epictetus recht vnd wol ge-</pc:Unicode>
                </pc:TextEquiv>
            </pc:TextLine>
            <pc:TextLine id="tl_27" primaryLanguage="German">
                <pc:Coords points="334,1270 873,1270 873,1310 334,1310"/>
                <pc:Baseline points="334,1301 873,1301"/>
                <pc:Word id="w_w1aab1b9b2b5b3ab1" language="German">
                    <pc:Coords points="334,1274 397,1274 397,1310 334,1310"/>
                    <pc:TextEquiv>
                        <pc:Unicode>ſagt:</pc:Unicode>
                    </pc:TextEquiv>
                </pc:Word>
                <pc:Word id="w_w1aab1b9b2b5b3ac13" language="German">
                    <pc:Coords points="406,1272 463,1272 463,1304 406,1304"/>
                    <pc:TextEquiv>
                        <pc:Unicode>Der</pc:Unicode>
                    </pc:TextEquiv>
                </pc:Word>
                <pc:Word id="w_w1aab1b9b2b5b3ac21" language="German">
                    <pc:Coords points="470,1271 550,1271 550,1307 470,1307"/>
                    <pc:TextEquiv>
                        <pc:Unicode>Krieg</pc:Unicode>
                    </pc:TextEquiv>
                </pc:Word>
                <pc:Word id="w_w1aab1b9b2b5b3ac33" language="German">
                    <pc:Coords points="558,1271 592,1271 592,1307 558,1307"/>
                    <pc:TextEquiv>
                        <pc:Unicode>ſey</pc:Unicode>
                    </pc:TextEquiv>
                </pc:Word>
                <pc:Word id="w_w1aab1b9b2b5b3ac43" language="German">
                    <pc:Coords points="599,1273 679,1273 679,1301 599,1301"/>
                    <pc:TextEquiv>
                        <pc:Unicode>einem</pc:Unicode>
                    </pc:TextEquiv>
                </pc:Word>
                <pc:Word id="w_w1aab1b9b2b5b3ac55" language="German">
                    <pc:Coords points="687,1270 753,1270 753,1301 687,1301"/>
                    <pc:TextEquiv>
                        <pc:Unicode>Land</pc:Unicode>
                    </pc:TextEquiv>
                </pc:Word>
                <pc:Word id="word_1479491271254_146" language="German">
                    <pc:Coords points="817,1303 761,1303 761,1270 817,1270"/>
                    <pc:TextEquiv>
                        <pc:Unicode>vnd</pc:Unicode>
                    </pc:TextEquiv>
                </pc:Word>
                <pc:Word id="word_1479491271251_145" language="German">
                    <pc:Coords points="873,1303 817,1303 817,1270 873,1270"/>
                    <pc:TextEquiv>
                        <pc:Unicode>Koͤ-</pc:Unicode>
                    </pc:TextEquiv>
                </pc:Word>
                <pc:TextEquiv>
                    <pc:Unicode>ſagt: Der Krieg ſey einem Land vnd Koͤ-</pc:Unicode>
                </pc:TextEquiv>
            </pc:TextLine>
            <pc:TextLine id="tl_28" primaryLanguage="German">
                <pc:Coords points="329,1308 873,1308 873,1349 329,1349"/>
                <pc:Baseline points="335,1341 873,1341"/>
                <pc:Word id="w_w1aab1b9b2b5b5ab5" language="German">
                    <pc:Coords points="336,1312 443,1312 443,1349 336,1349"/>
                    <pc:TextEquiv>
                        <pc:Unicode>nigreich</pc:Unicode>
                    </pc:TextEquiv>
                </pc:Word>
                <pc:Word id="w_w1aab1b9b2b5b5ac23" language="German">
                    <pc:Coords points="456,1312 533,1312 533,1348 456,1348"/>
                    <pc:TextEquiv>
                        <pc:Unicode>gleich</pc:Unicode>
                    </pc:TextEquiv>
                </pc:Word>
                <pc:Word id="w_w1aab1b9b2b5b5ac37" language="German">
                    <pc:Coords points="546,1314 592,1314 592,1341 546,1341"/>
                    <pc:TextEquiv>
                        <pc:Unicode>wie</pc:Unicode>
                    </pc:TextEquiv>
                </pc:Word>
                <pc:Word id="w_w1aab1b9b2b5b5ac45" language="German">
                    <pc:Coords points="605,1315 646,1315 646,1341 605,1341"/>
                    <pc:TextEquiv>
                        <pc:Unicode>ein</pc:Unicode>
                    </pc:TextEquiv>
                </pc:Word>
                <pc:Word id="w_w1aab1b9b2b5b5ac53" language="German">
                    <pc:Coords points="657,1308 743,1308 743,1346 657,1346"/>
                    <pc:TextEquiv>
                        <pc:Unicode>Fieber</pc:Unicode>
                    </pc:TextEquiv>
                </pc:Word>
                <pc:Word id="w_w1aab1b9b2b5b5ac67" language="German">
                    <pc:Coords points="751,1320 759,1320 759,1342 751,1342"/>
                    <pc:TextEquiv>
                        <pc:Unicode>/</pc:Unicode>
                    </pc:TextEquiv>
                </pc:Word>
                <pc:Word id="w_w1aab1b9b2b5b5ac71" language="German">
                    <pc:Coords points="770,1313 873,1313 873,1344 770,1344"/>
                    <pc:TextEquiv>
                        <pc:Unicode>welches</pc:Unicode>
                    </pc:TextEquiv>
                </pc:Word>
                <pc:TextEquiv>
                    <pc:Unicode>nigreich gleich wie ein Fieber / welches</pc:Unicode>
                </pc:TextEquiv>
            </pc:TextLine>
            <pc:TextLine id="tl_29" primaryLanguage="German">
                <pc:Coords points="220,1349 875,1349 875,1392 220,1392"/>
                <pc:Baseline points="220,1383 875,1383"/>
                <pc:Word id="w_w1aab1b9b2b7b1ab1" language="German">
                    <pc:Coords points="220,1353 354,1353 354,1392 220,1392"/>
                    <pc:TextEquiv>
                        <pc:Unicode>allgemach</pc:Unicode>
                    </pc:TextEquiv>
                </pc:Word>
                <pc:Word id="word_1479491285452_148" language="German">
                    <pc:Coords points="495,1387 362,1387 362,1354 495,1354"/>
                    <pc:TextEquiv>
                        <pc:Unicode>abmattet</pc:Unicode>
                    </pc:TextEquiv>
                </pc:Word>
                <pc:Word id="word_1479491285450_147" language="German">
                    <pc:Coords points="535,1387 495,1387 495,1354 535,1354"/>
                    <pc:TextEquiv>
                        <pc:Unicode>die</pc:Unicode>
                    </pc:TextEquiv>
                </pc:Word>
                <pc:Word id="word_1479491312534_150" language="German">
                    <pc:Coords points="654,1390 547,1390 547,1349 654,1349"/>
                    <pc:TextEquiv>
                        <pc:Unicode>Kräffte</pc:Unicode>
                    </pc:TextEquiv>
                </pc:Word>
                <pc:Word id="word_1479491312531_149" language="German">
                    <pc:Coords points="784,1390 654,1390 654,1349 784,1349"/>
                    <pc:TextEquiv>
                        <pc:Unicode>ſchwechet</pc:Unicode>
                    </pc:TextEquiv>
                </pc:Word>
                <pc:Word id="w_w1aab1b9b2b7b1ac81" language="German">
                    <pc:Coords points="793,1348 828,1348 828,1382 793,1382"/>
                    <pc:TextEquiv>
                        <pc:Unicode>vñ</pc:Unicode>
                    </pc:TextEquiv>
                </pc:Word>
                <pc:Word id="w_w1aab1b9b2b7b1ac87" language="German">
                    <pc:Coords points="837,1358 875,1358 875,1379 837,1379"/>
                    <pc:TextEquiv>
                        <pc:Unicode>ni-</pc:Unicode>
                    </pc:TextEquiv>
                </pc:Word>
                <pc:TextEquiv>
                    <pc:Unicode>allgemach abmattet die Kräffte ſchwechet vñ ni-</pc:Unicode>
                </pc:TextEquiv>
            </pc:TextLine>
            <pc:TextEquiv>
                <pc:Unicode>S hat Epictetus recht vnd wol ge-
ſagt: Der Krieg ſey einem Land vnd Koͤ-
nigreich gleich wie ein Fieber / welches
allgemach abmattet die Kräffte ſchwechet vñ ni-</pc:Unicode>
            </pc:TextEquiv>
        </pc:TextRegion>
        <pc:TextRegion id="r_5_5" type="catch-word" primaryLanguage="German" secondaryLanguage="Latin">
            <pc:Coords points="825,1393 877,1393 877,1422 825,1422"/>
            <pc:TextLine id="tl_30" primaryLanguage="German">
                <pc:Coords points="826,1394 876,1394 876,1421 826,1421"/>
                <pc:Baseline points="826,1419 876,1419"/>
                <pc:Word id="w_w1aab1b9b2b9b1ab1" language="German">
                    <pc:Coords points="826,1394 876,1394 876,1421 826,1421"/>
                    <pc:TextEquiv>
                        <pc:Unicode>der-</pc:Unicode>
                    </pc:TextEquiv>
                </pc:Word>
                <pc:TextEquiv>
                    <pc:Unicode>der-</pc:Unicode>
                </pc:TextEquiv>
            </pc:TextLine>
            <pc:TextEquiv>
                <pc:Unicode>der-</pc:Unicode>
            </pc:TextEquiv>
        </pc:TextRegion>
        <pc:SeparatorRegion id="r_10">
            <pc:Coords points="206,810 860,810 860,830 206,830"/>
        </pc:SeparatorRegion>
    </pc:Page>
</pc:PcGts>
